time,temperature_2m_mean,precipitation_sum,region
2016-09-01,26.1,0.3,AC
2016-09-02,27.0,2.1,AC
2016-09-03,24.3,15.7,AC
2016-09-04,19.5,1.3,AC
2016-09-05,21.4,0.0,AC
2016-09-06,22.2,0.0,AC
2016-09-07,23.2,0.0,AC
2016-09-08,25.3,0.0,AC
2016-09-09,27.1,0.0,AC
2016-09-10,28.6,0.0,AC
2016-09-11,29.0,0.0,AC
2016-09-12,28.7,0.8,AC
2016-09-13,28.8,1.7,AC
2016-09-14,28.8,1.7,AC
2016-09-15,25.1,11.8,AC
2016-09-16,26.2,0.2,AC
2016-09-17,27.6,0.2,AC
2016-09-18,28.2,0.2,AC
2016-09-19,25.8,30.7,AC
2016-09-20,25.4,3.0,AC
2016-09-21,26.9,0.3,AC
2016-09-22,26.5,3.8,AC
2016-09-23,26.2,16.0,AC
2016-09-24,24.2,13.7,AC
2016-09-25,25.1,2.1,AC
2016-09-26,26.3,0.5,AC
2016-09-27,26.4,3.1,AC
2016-09-28,26.9,1.7,AC
2016-09-29,27.4,5.4,AC
2016-09-30,26.9,13.8,AC
2016-10-01,27.5,8.4,AC
2016-10-02,25.5,12.8,AC
2016-10-03,25.0,9.7,AC
2016-10-04,26.7,0.3,AC
2016-10-05,27.7,1.3,AC
2016-10-06,25.4,16.5,AC
2016-10-07,24.4,5.1,AC
2016-10-08,26.2,4.4,AC
2016-10-09,25.8,2.4,AC
2016-10-10,25.5,9.3,AC
2016-10-11,25.0,5.9,AC
2016-10-12,26.6,0.0,AC
2016-10-13,27.7,0.3,AC
2016-10-14,27.3,1.1,AC
2016-10-15,27.6,2.0,AC
2016-10-16,28.5,0.0,AC
2016-10-17,28.3,0.9,AC
2016-10-18,28.8,0.0,AC
2016-10-19,28.3,3.2,AC
2016-10-20,27.7,13.9,AC
2016-10-21,25.7,18.5,AC
2016-10-22,26.0,3.0,AC
2016-10-23,26.8,3.5,AC
2016-10-24,27.2,6.7,AC
2016-10-25,26.2,11.8,AC
2016-10-26,26.1,4.5,AC
2016-10-27,22.6,14.4,AC
2016-10-28,21.6,6.1,AC
2016-10-29,23.2,1.6,AC
2016-10-30,26.1,0.0,AC
2016-10-31,27.0,1.1,AC
2016-11-01,26.6,4.5,AC
2016-11-02,27.3,3.1,AC
2016-11-03,22.2,30.1,AC
2016-11-04,23.5,1.4,AC
2016-11-05,25.6,3.1,AC
2016-11-06,26.6,5.1,AC
2016-11-07,26.7,8.2,AC
2016-11-08,26.6,7.0,AC
2016-11-09,25.7,31.1,AC
2016-11-10,25.5,12.9,AC
2016-11-11,26.4,6.5,AC
2016-11-12,25.8,9.8,AC
2016-11-13,24.5,12.8,AC
2016-11-14,25.8,4.3,AC
2016-11-15,26.6,2.5,AC
2016-11-16,26.6,2.5,AC
2016-11-17,25.1,18.8,AC
2016-11-18,22.7,15.2,AC
2016-11-19,24.0,0.0,AC
2016-11-20,25.4,0.4,AC
2016-11-21,26.3,1.4,AC
2016-11-22,26.9,4.5,AC
2016-11-23,25.6,0.9,AC
2016-11-24,26.1,0.8,AC
2016-11-25,27.0,5.9,AC
2016-11-26,25.9,8.5,AC
2016-11-27,25.7,1.4,AC
2016-11-28,27.3,0.4,AC
2016-11-29,27.3,6.4,AC
2016-11-30,25.0,15.5,AC
2016-12-01,25.0,11.8,AC
2016-12-02,26.0,1.4,AC
2016-12-03,27.1,0.0,AC
2016-12-04,25.5,7.3,AC
2016-12-05,26.3,6.0,AC
2016-12-06,25.4,8.0,AC
2016-12-07,24.9,2.0,AC
2016-12-08,27.1,0.0,AC
2016-12-09,27.0,2.1,AC
2016-12-10,26.3,3.4,AC
2016-12-11,26.2,10.3,AC
2016-12-12,25.7,2.6,AC
2016-12-13,26.3,4.3,AC
2016-12-14,26.4,6.4,AC
2016-12-15,23.9,24.5,AC
2016-12-16,25.6,3.2,AC
2016-12-17,24.0,28.2,AC
2016-12-18,24.9,13.4,AC
2016-12-19,25.1,21.8,AC
2016-12-20,26.2,1.1,AC
2016-12-21,24.6,18.0,AC
2016-12-22,25.1,8.9,AC
2016-12-23,26.5,0.4,AC
2016-12-24,25.4,7.3,AC
2016-12-25,27.2,0.0,AC
2016-12-26,26.1,7.8,AC
2016-12-27,25.8,8.3,AC
2016-12-28,25.2,8.1,AC
2016-12-29,23.9,10.6,AC
2016-12-30,25.2,8.9,AC
2016-12-31,25.9,12.7,AC
2017-01-01,25.2,9.1,AC
2017-01-02,25.7,3.9,AC
2017-01-03,25.4,7.3,AC
2017-01-04,25.0,19.8,AC
2017-01-05,25.3,31.0,AC
2017-01-06,24.7,15.4,AC
2017-01-07,25.3,11.7,AC
2017-01-08,25.4,5.4,AC
2017-01-09,25.2,3.7,AC
2017-01-10,25.9,5.5,AC
2017-01-11,24.7,15.7,AC
2017-01-12,25.1,9.2,AC
2017-01-13,25.3,3.1,AC
2017-01-14,24.6,8.5,AC
2017-01-15,25.0,16.3,AC
2017-01-16,24.1,25.6,AC
2017-01-17,25.1,2.2,AC
2017-01-18,25.9,1.6,AC
2017-01-19,24.9,17.5,AC
2017-01-20,24.8,4.1,AC
2017-01-21,24.3,16.7,AC
2017-01-22,24.2,6.2,AC
2017-01-23,25.1,10.0,AC
2017-01-24,25.8,5.3,AC
2017-01-25,25.5,5.6,AC
2017-01-26,25.6,4.1,AC
2017-01-27,24.0,26.0,AC
2017-01-28,24.8,1.6,AC
2017-01-29,24.4,14.8,AC
2017-01-30,25.7,1.8,AC
2017-01-31,25.2,5.9,AC
2017-02-01,25.3,11.1,AC
2017-02-02,25.8,1.1,AC
2017-02-03,26.2,1.2,AC
2017-02-04,25.6,4.7,AC
2017-02-05,26.2,0.1,AC
2017-02-06,26.7,2.2,AC
2017-02-07,25.0,17.6,AC
2017-02-08,25.7,3.9,AC
2017-02-09,25.3,2.1,AC
2017-02-10,26.2,7.3,AC
2017-02-11,26.0,4.7,AC
2017-02-12,25.2,17.0,AC
2017-02-13,24.2,13.9,AC
2017-02-14,24.6,7.6,AC
2017-02-15,25.6,2.7,AC
2017-02-16,25.7,0.5,AC
2017-02-17,25.6,0.9,AC
2017-02-18,26.0,7.7,AC
2017-02-19,25.4,10.2,AC
2017-02-20,25.5,17.9,AC
2017-02-21,24.8,3.9,AC
2017-02-22,24.5,5.9,AC
2017-02-23,24.1,12.8,AC
2017-02-24,23.7,30.9,AC
2017-02-25,24.3,8.0,AC
2017-02-26,23.7,19.1,AC
2017-02-27,25.0,6.6,AC
2017-02-28,25.8,7.3,AC
2017-03-01,25.7,11.3,AC
2017-03-02,25.0,6.8,AC
2017-03-03,25.8,0.3,AC
2017-03-04,25.9,4.0,AC
2017-03-05,26.4,2.2,AC
2017-03-06,26.4,5.5,AC
2017-03-07,24.7,15.8,AC
2017-03-08,25.3,1.1,AC
2017-03-09,24.8,16.6,AC
2017-03-10,26.3,0.7,AC
2017-03-11,26.3,4.3,AC
2017-03-12,25.4,0.9,AC
2017-03-13,25.6,2.3,AC
2017-03-14,24.4,7.3,AC
2017-03-15,26.1,1.3,AC
2017-03-16,26.0,9.2,AC
2017-03-17,23.7,25.8,AC
2017-03-18,23.2,6.0,AC
2017-03-19,24.3,0.2,AC
2017-03-20,23.8,26.8,AC
2017-03-21,23.9,28.2,AC
2017-03-22,24.2,14.2,AC
2017-03-23,26.0,3.0,AC
2017-03-24,25.2,17.1,AC
2017-03-25,25.4,1.2,AC
2017-03-26,25.8,6.1,AC
2017-03-27,25.8,14.4,AC
2017-03-28,24.6,6.0,AC
2017-03-29,25.4,2.0,AC
2017-03-30,26.1,1.6,AC
2017-03-31,26.2,0.8,AC
2017-04-01,26.6,0.5,AC
2017-04-02,26.3,1.3,AC
2017-04-03,25.4,3.1,AC
2017-04-04,25.9,8.8,AC
2017-04-05,26.7,1.7,AC
2017-04-06,25.6,8.8,AC
2017-04-07,25.9,1.7,AC
2017-04-08,25.9,10.7,AC
2017-04-09,25.8,5.2,AC
2017-04-10,25.0,10.6,AC
2017-04-11,23.9,9.9,AC
2017-04-12,24.3,1.9,AC
2017-04-13,25.1,0.1,AC
2017-04-14,25.6,0.3,AC
2017-04-15,25.9,2.3,AC
2017-04-16,26.2,6.5,AC
2017-04-17,25.4,6.3,AC
2017-04-18,25.0,8.1,AC
2017-04-19,25.1,13.8,AC
2017-04-20,25.7,5.4,AC
2017-04-21,25.7,2.3,AC
2017-04-22,24.7,9.7,AC
2017-04-23,24.8,3.1,AC
2017-04-24,25.5,0.1,AC
2017-04-25,26.0,7.6,AC
2017-04-26,25.7,7.6,AC
2017-04-27,22.4,19.6,AC
2017-04-28,20.2,7.5,AC
2017-04-29,23.3,0.0,AC
2017-04-30,25.1,0.6,AC
2017-05-01,24.7,12.4,AC
2017-05-02,25.1,4.6,AC
2017-05-03,25.2,3.0,AC
2017-05-04,25.4,6.0,AC
2017-05-05,25.6,5.1,AC
2017-05-06,25.4,3.2,AC
2017-05-07,25.8,3.0,AC
2017-05-08,26.1,1.2,AC
2017-05-09,25.8,1.1,AC
2017-05-10,25.4,8.8,AC
2017-05-11,24.8,13.5,AC
2017-05-12,25.4,1.9,AC
2017-05-13,26.6,0.7,AC
2017-05-14,26.1,6.7,AC
2017-05-15,26.3,0.7,AC
2017-05-16,25.5,9.1,AC
2017-05-17,26.3,0.3,AC
2017-05-18,25.5,5.0,AC
2017-05-19,25.9,2.5,AC
2017-05-20,25.8,6.2,AC
2017-05-21,25.7,11.1,AC
2017-05-22,25.4,3.4,AC
2017-05-23,24.7,9.7,AC
2017-05-24,25.0,9.5,AC
2017-05-25,26.0,0.9,AC
2017-05-26,26.7,0.6,AC
2017-05-27,25.4,9.6,AC
2017-05-28,24.1,20.5,AC
2017-05-29,24.3,0.7,AC
2017-05-30,24.0,0.2,AC
2017-05-31,23.7,1.5,AC
2017-06-01,22.8,0.0,AC
2017-06-02,23.2,0.0,AC
2017-06-03,24.5,1.1,AC
2017-06-04,25.5,0.5,AC
2017-06-05,26.2,0.4,AC
2017-06-06,25.0,17.1,AC
2017-06-07,25.4,0.7,AC
2017-06-08,26.1,2.4,AC
2017-06-09,24.9,12.8,AC
2017-06-10,17.4,15.4,AC
2017-06-11,20.1,0.0,AC
2017-06-12,23.5,0.4,AC
2017-06-13,23.7,0.2,AC
2017-06-14,24.8,0.1,AC
2017-06-15,24.8,0.0,AC
2017-06-16,24.8,0.0,AC
2017-06-17,24.7,0.1,AC
2017-06-18,25.8,0.5,AC
2017-06-19,24.0,10.0,AC
2017-06-20,18.5,0.0,AC
2017-06-21,19.5,0.0,AC
2017-06-22,21.6,0.0,AC
2017-06-23,23.5,0.0,AC
2017-06-24,24.3,0.7,AC
2017-06-25,25.1,0.0,AC
2017-06-26,25.3,0.0,AC
2017-06-27,25.6,0.4,AC
2017-06-28,25.4,0.0,AC
2017-06-29,25.3,0.0,AC
2017-06-30,25.3,0.0,AC
2017-07-01,24.9,0.0,AC
2017-07-02,24.8,0.0,AC
2017-07-03,24.7,0.0,AC
2017-07-04,24.7,0.0,AC
2017-07-05,25.1,0.0,AC
2017-07-06,25.9,0.1,AC
2017-07-07,25.5,0.5,AC
2017-07-08,25.5,0.2,AC
2017-07-09,25.2,0.0,AC
2017-07-10,25.0,0.0,AC
2017-07-11,25.7,0.0,AC
2017-07-12,24.9,0.0,AC
2017-07-13,24.1,0.0,AC
2017-07-14,24.3,0.0,AC
2017-07-15,25.7,0.0,AC
2017-07-16,25.9,0.0,AC
2017-07-17,24.2,3.2,AC
2017-07-18,16.9,0.0,AC
2017-07-19,18.7,0.0,AC
2017-07-20,20.1,0.0,AC
2017-07-21,22.1,0.0,AC
2017-07-22,23.9,0.0,AC
2017-07-23,25.3,0.0,AC
2017-07-24,26.4,0.0,AC
2017-07-25,26.5,0.0,AC
2017-07-26,26.5,0.0,AC
2017-07-27,26.4,0.0,AC
2017-07-28,25.3,0.0,AC
2017-07-29,25.1,0.0,AC
2017-07-30,25.9,0.0,AC
2017-07-31,25.9,0.0,AC
2017-08-01,26.1,0.0,AC
2017-08-02,26.6,0.0,AC
2017-08-03,26.3,0.0,AC
2017-08-04,24.2,0.0,AC
2017-08-05,26.0,0.0,AC
2017-08-06,26.2,0.0,AC
2017-08-07,26.8,0.0,AC
2017-08-08,27.8,0.0,AC
2017-08-09,27.6,1.6,AC
2017-08-10,27.0,2.9,AC
2017-08-11,26.8,0.2,AC
2017-08-12,27.3,0.0,AC
2017-08-13,27.4,0.9,AC
2017-08-14,26.9,5.4,AC
2017-08-15,27.1,2.5,AC
2017-08-16,28.4,0.6,AC
2017-08-17,25.0,9.9,AC
2017-08-18,23.6,5.4,AC
2017-08-19,26.0,0.0,AC
2017-08-20,26.2,1.8,AC
2017-08-21,24.3,0.4,AC
2017-08-22,24.3,0.0,AC
2017-08-23,25.6,0.0,AC
2017-08-24,27.2,0.0,AC
2017-08-25,27.7,0.7,AC
2017-08-26,26.9,1.7,AC
2017-08-27,27.9,0.0,AC
2017-08-28,28.1,0.0,AC
2017-08-29,27.9,0.8,AC
2017-08-30,27.6,1.7,AC
2017-08-31,26.6,2.8,AC
2017-09-01,27.2,0.5,AC
2017-09-02,28.0,0.0,AC
2017-09-03,27.7,0.5,AC
2017-09-04,28.7,0.5,AC
2017-09-05,28.7,0.7,AC
2017-09-06,27.2,4.2,AC
2017-09-07,28.1,0.0,AC
2017-09-08,26.8,4.2,AC
2017-09-09,27.1,0.1,AC
2017-09-10,28.5,0.0,AC
2017-09-11,26.6,1.2,AC
2017-09-12,26.9,1.2,AC
2017-09-13,26.9,0.0,AC
2017-09-14,27.8,3.7,AC
2017-09-15,27.1,3.2,AC
2017-09-16,26.2,6.9,AC
2017-09-17,25.2,0.0,AC
2017-09-18,26.0,0.0,AC
2017-09-19,27.2,0.0,AC
2017-09-20,28.1,0.0,AC
2017-09-21,28.6,0.0,AC
2017-09-22,26.6,6.8,AC
2017-09-23,26.2,2.1,AC
2017-09-24,26.1,2.4,AC
2017-09-25,26.7,0.7,AC
2017-09-26,26.9,1.7,AC
2017-09-27,26.1,12.8,AC
2017-09-28,25.8,4.6,AC
2017-09-29,26.5,12.8,AC
2017-09-30,26.5,4.7,AC
2017-10-01,28.3,0.2,AC
2017-10-02,28.8,1.0,AC
2017-10-03,25.7,17.8,AC
2017-10-04,26.4,3.3,AC
2017-10-05,27.9,0.0,AC
2017-10-06,27.7,3.1,AC
2017-10-07,27.1,1.1,AC
2017-10-08,28.0,0.0,AC
2017-10-09,27.7,1.9,AC
2017-10-10,26.7,7.9,AC
2017-10-11,27.2,1.6,AC
2017-10-12,26.0,9.2,AC
2017-10-13,27.7,4.6,AC
2017-10-14,23.6,20.9,AC
2017-10-15,23.3,0.0,AC
2017-10-16,26.3,0.3,AC
2017-10-17,28.0,3.0,AC
2017-10-18,28.8,0.2,AC
2017-10-19,27.5,4.0,AC
2017-10-20,26.1,13.2,AC
2017-10-21,25.4,6.5,AC
2017-10-22,25.9,0.1,AC
2017-10-23,24.4,15.1,AC
2017-10-24,25.0,0.9,AC
2017-10-25,25.9,4.9,AC
2017-10-26,27.0,0.2,AC
2017-10-27,27.0,2.1,AC
2017-10-28,25.9,5.5,AC
2017-10-29,25.2,8.8,AC
2017-10-30,26.0,8.0,AC
2017-10-31,26.3,3.7,AC
2017-11-01,25.2,5.9,AC
2017-11-02,25.3,7.3,AC
2017-11-03,26.5,4.9,AC
2017-11-04,26.4,3.8,AC
2017-11-05,25.7,10.3,AC
2017-11-06,23.9,7.4,AC
2017-11-07,24.4,4.1,AC
2017-11-08,26.2,6.7,AC
2017-11-09,26.1,3.4,AC
2017-11-10,24.5,13.5,AC
2017-11-11,25.9,5.6,AC
2017-11-12,24.8,33.1,AC
2017-11-13,24.9,19.4,AC
2017-11-14,25.1,3.6,AC
2017-11-15,25.6,2.2,AC
2017-11-16,26.5,0.1,AC
2017-11-17,25.1,0.5,AC
2017-11-18,26.2,9.8,AC
2017-11-19,25.1,22.3,AC
2017-11-20,25.4,10.2,AC
2017-11-21,26.2,1.1,AC
2017-11-22,26.7,3.5,AC
2017-11-23,25.6,16.1,AC
2017-11-24,26.3,0.1,AC
2017-11-25,26.1,5.5,AC
2017-11-26,26.6,1.0,AC
2017-11-27,26.2,2.1,AC
2017-11-28,25.5,6.9,AC
2017-11-29,25.6,2.4,AC
2017-11-30,27.1,0.9,AC
2017-12-01,26.8,9.7,AC
2017-12-02,25.3,10.5,AC
2017-12-03,25.8,4.5,AC
2017-12-04,27.0,0.4,AC
2017-12-05,25.3,9.9,AC
2017-12-06,23.6,16.2,AC
2017-12-07,25.9,0.0,AC
2017-12-08,27.4,3.8,AC
2017-12-09,27.3,4.4,AC
2017-12-10,27.0,27.5,AC
2017-12-11,25.0,41.2,AC
2017-12-12,26.7,1.5,AC
2017-12-13,26.4,3.4,AC
2017-12-14,26.4,3.3,AC
2017-12-15,25.5,10.4,AC
2017-12-16,25.6,6.2,AC
2017-12-17,26.6,0.3,AC
2017-12-18,25.5,21.3,AC
2017-12-19,24.3,21.3,AC
2017-12-20,24.7,8.0,AC
2017-12-21,25.4,1.4,AC
2017-12-22,25.9,0.9,AC
2017-12-23,25.8,3.4,AC
2017-12-24,26.0,7.6,AC
2017-12-25,24.9,13.0,AC
2017-12-26,23.1,13.3,AC
2017-12-27,24.3,2.6,AC
2017-12-28,24.3,10.1,AC
2017-12-29,24.8,7.1,AC
2017-12-30,26.0,4.3,AC
2017-12-31,25.0,14.0,AC
2018-01-01,25.3,5.1,AC
2018-01-02,25.5,3.0,AC
2018-01-03,26.1,0.3,AC
2018-01-04,25.0,9.5,AC
2018-01-05,25.4,6.3,AC
2018-01-06,26.1,3.5,AC
2018-01-07,23.9,4.8,AC
2018-01-08,23.6,7.2,AC
2018-01-09,24.3,15.5,AC
2018-01-10,23.8,17.2,AC
2018-01-11,24.1,12.4,AC
2018-01-12,24.6,1.1,AC
2018-01-13,25.9,5.3,AC
2018-01-14,24.4,4.5,AC
2018-01-15,25.0,24.9,AC
2018-01-16,23.1,45.1,AC
2018-01-17,24.3,5.5,AC
2018-01-18,25.4,2.3,AC
2018-01-19,25.3,5.9,AC
2018-01-20,24.9,18.3,AC
2018-01-21,25.0,16.7,AC
2018-01-22,25.9,3.4,AC
2018-01-23,25.1,8.0,AC
2018-01-24,25.5,10.8,AC
2018-01-25,25.5,4.1,AC
2018-01-26,26.5,0.9,AC
2018-01-27,26.7,3.5,AC
2018-01-28,26.7,6.2,AC
2018-01-29,25.9,5.8,AC
2018-01-30,26.2,0.1,AC
2018-01-31,26.3,7.4,AC
2018-02-01,25.5,10.1,AC
2018-02-02,25.2,3.6,AC
2018-02-03,25.8,7.1,AC
2018-02-04,24.9,18.9,AC
2018-02-05,24.6,36.2,AC
2018-02-06,26.2,1.0,AC
2018-02-07,26.8,1.0,AC
2018-02-08,26.2,3.8,AC
2018-02-09,26.0,5.5,AC
2018-02-10,26.2,14.9,AC
2018-02-11,25.6,6.1,AC
2018-02-12,26.1,0.8,AC
2018-02-13,24.7,28.6,AC
2018-02-14,24.0,11.7,AC
2018-02-15,25.1,14.8,AC
2018-02-16,25.4,0.4,AC
2018-02-17,25.9,0.5,AC
2018-02-18,25.8,2.8,AC
2018-02-19,25.6,1.1,AC
2018-02-20,24.7,5.3,AC
2018-02-21,25.4,6.1,AC
2018-02-22,24.5,21.6,AC
2018-02-23,23.6,8.3,AC
2018-02-24,22.8,42.8,AC
2018-02-25,22.5,27.2,AC
2018-02-26,24.9,0.3,AC
2018-02-27,25.5,0.2,AC
2018-02-28,26.5,0.1,AC
2018-03-01,26.4,0.7,AC
2018-03-02,25.6,2.4,AC
2018-03-03,26.0,0.6,AC
2018-03-04,26.0,3.2,AC
2018-03-05,26.7,0.4,AC
2018-03-06,26.0,5.7,AC
2018-03-07,23.7,10.0,AC
2018-03-08,25.2,0.0,AC
2018-03-09,26.0,5.1,AC
2018-03-10,24.8,23.8,AC
2018-03-11,26.1,3.7,AC
2018-03-12,25.5,13.0,AC
2018-03-13,25.6,16.9,AC
2018-03-14,25.6,12.7,AC
2018-03-15,27.0,0.6,AC
2018-03-16,26.6,0.2,AC
2018-03-17,26.0,1.1,AC
2018-03-18,25.8,12.3,AC
2018-03-19,26.8,0.0,AC
2018-03-20,25.1,16.0,AC
2018-03-21,23.8,5.0,AC
2018-03-22,24.8,1.5,AC
2018-03-23,25.5,1.7,AC
2018-03-24,26.4,0.0,AC
2018-03-25,26.5,1.2,AC
2018-03-26,21.5,16.9,AC
2018-03-27,22.8,0.0,AC
2018-03-28,24.3,0.0,AC
2018-03-29,25.7,0.1,AC
2018-03-30,25.9,1.1,AC
2018-03-31,24.5,17.6,AC
2018-04-01,25.2,1.5,AC
2018-04-02,25.3,4.9,AC
2018-04-03,24.6,10.8,AC
2018-04-04,24.0,5.1,AC
2018-04-05,25.2,3.3,AC
2018-04-06,25.9,4.9,AC
2018-04-07,24.4,20.0,AC
2018-04-08,24.6,2.5,AC
2018-04-09,24.6,14.6,AC
2018-04-10,24.6,18.4,AC
2018-04-11,25.4,3.9,AC
2018-04-12,24.2,24.7,AC
2018-04-13,24.0,9.8,AC
2018-04-14,24.1,24.1,AC
2018-04-15,24.3,5.0,AC
2018-04-16,24.1,3.5,AC
2018-04-17,24.4,1.3,AC
2018-04-18,25.6,0.1,AC
2018-04-19,24.9,2.6,AC
2018-04-20,25.2,3.3,AC
2018-04-21,24.6,3.5,AC
2018-04-22,25.4,10.2,AC
2018-04-23,25.9,1.9,AC
2018-04-24,25.9,4.7,AC
2018-04-25,24.6,9.7,AC
2018-04-26,25.7,1.1,AC
2018-04-27,25.9,0.8,AC
2018-04-28,25.6,10.4,AC
2018-04-29,25.5,2.9,AC
2018-04-30,25.0,15.4,AC
2018-05-01,24.9,8.3,AC
2018-05-02,25.5,0.7,AC
2018-05-03,25.7,0.6,AC
2018-05-04,25.1,8.7,AC
2018-05-05,24.8,9.7,AC
2018-05-06,24.4,27.8,AC
2018-05-07,25.1,3.2,AC
2018-05-08,25.0,0.7,AC
2018-05-09,24.9,13.4,AC
2018-05-10,25.1,1.0,AC
2018-05-11,25.6,1.4,AC
2018-05-12,24.4,2.1,AC
2018-05-13,24.1,0.1,AC
2018-05-14,24.9,0.1,AC
2018-05-15,24.9,11.0,AC
2018-05-16,24.7,11.9,AC
2018-05-17,24.2,18.8,AC
2018-05-18,25.0,0.9,AC
2018-05-19,24.4,21.2,AC
2018-05-20,21.9,4.7,AC
2018-05-21,21.8,0.0,AC
2018-05-22,23.4,0.0,AC
2018-05-23,23.8,0.0,AC
2018-05-24,23.3,0.1,AC
2018-05-25,23.6,0.3,AC
2018-05-26,24.4,0.0,AC
2018-05-27,25.0,0.5,AC
2018-05-28,25.1,1.0,AC
2018-05-29,25.0,2.3,AC
2018-05-30,25.3,1.9,AC
2018-05-31,25.2,11.1,AC
2018-06-01,25.0,7.7,AC
2018-06-02,23.2,22.5,AC
2018-06-03,18.8,0.0,AC
2018-06-04,18.3,0.0,AC
2018-06-05,20.1,0.0,AC
2018-06-06,21.2,0.0,AC
2018-06-07,22.3,0.0,AC
2018-06-08,22.3,0.0,AC
2018-06-09,22.6,1.2,AC
2018-06-10,24.1,0.9,AC
2018-06-11,25.4,0.7,AC
2018-06-12,25.6,0.3,AC
2018-06-13,25.3,0.9,AC
2018-06-14,22.9,3.0,AC
2018-06-15,21.8,0.0,AC
2018-06-16,20.5,0.0,AC
2018-06-17,20.7,0.0,AC
2018-06-18,21.8,0.0,AC
2018-06-19,21.7,0.0,AC
2018-06-20,22.5,0.0,AC
2018-06-21,23.3,0.0,AC
2018-06-22,24.3,0.1,AC
2018-06-23,25.1,0.2,AC
2018-06-24,25.0,1.0,AC
2018-06-25,25.0,0.0,AC
2018-06-26,24.7,0.0,AC
2018-06-27,25.3,0.0,AC
2018-06-28,25.4,0.0,AC
2018-06-29,25.8,0.0,AC
2018-06-30,25.5,0.0,AC
2018-07-01,25.7,0.0,AC
2018-07-02,26.2,0.0,AC
2018-07-03,26.2,0.0,AC
2018-07-04,25.9,0.0,AC
2018-07-05,25.2,0.0,AC
2018-07-06,26.0,0.0,AC
2018-07-07,25.4,0.0,AC
2018-07-08,25.9,0.0,AC
2018-07-09,23.8,0.0,AC
2018-07-10,20.6,0.0,AC
2018-07-11,20.4,0.0,AC
2018-07-12,22.2,0.0,AC
2018-07-13,24.6,0.0,AC
2018-07-14,25.5,0.0,AC
2018-07-15,25.9,0.3,AC
2018-07-16,26.1,1.9,AC
2018-07-17,26.2,0.3,AC
2018-07-18,26.4,0.1,AC
2018-07-19,26.5,0.4,AC
2018-07-20,26.8,0.0,AC
2018-07-21,24.7,1.8,AC
2018-07-22,22.3,0.0,AC
2018-07-23,24.6,0.0,AC
2018-07-24,25.1,0.0,AC
2018-07-25,23.6,0.0,AC
2018-07-26,24.4,0.0,AC
2018-07-27,24.2,0.0,AC
2018-07-28,25.1,0.0,AC
2018-07-29,26.5,0.0,AC
2018-07-30,26.6,0.3,AC
2018-07-31,25.6,5.3,AC
2018-08-01,24.6,0.5,AC
2018-08-02,25.1,0.0,AC
2018-08-03,26.1,0.0,AC
2018-08-04,26.6,1.0,AC
2018-08-05,20.5,24.4,AC
2018-08-06,21.4,0.5,AC
2018-08-07,23.1,0.0,AC
2018-08-08,25.5,2.0,AC
2018-08-09,26.2,2.2,AC
2018-08-10,22.6,0.0,AC
2018-08-11,24.6,0.0,AC
2018-08-12,25.8,0.0,AC
2018-08-13,27.4,0.0,AC
2018-08-14,26.7,3.3,AC
2018-08-15,22.9,24.8,AC
2018-08-16,23.0,0.0,AC
2018-08-17,25.4,0.0,AC
2018-08-18,25.9,0.2,AC
2018-08-19,25.9,1.4,AC
2018-08-20,21.8,19.2,AC
2018-08-21,17.5,0.2,AC
2018-08-22,21.4,0.0,AC
2018-08-23,23.7,0.0,AC
2018-08-24,25.9,0.0,AC
2018-08-25,25.6,18.7,AC
2018-08-26,21.2,0.4,AC
2018-08-27,22.4,0.0,AC
2018-08-28,24.6,0.0,AC
2018-08-29,26.4,0.1,AC
2018-08-30,27.0,0.5,AC
2018-08-31,26.8,3.0,AC
2018-09-01,27.3,0.4,AC
2018-09-02,25.3,12.7,AC
2018-09-03,22.7,0.0,AC
2018-09-04,23.1,0.0,AC
2018-09-05,22.5,0.0,AC
2018-09-06,23.4,0.0,AC
2018-09-07,25.3,0.0,AC
2018-09-08,27.0,0.0,AC
2018-09-09,27.8,0.0,AC
2018-09-10,27.7,0.0,AC
2018-09-11,28.3,0.0,AC
2018-09-12,28.3,0.1,AC
2018-09-13,27.9,0.4,AC
2018-09-14,27.7,0.2,AC
2018-09-15,26.1,10.3,AC
2018-09-16,24.9,5.4,AC
2018-09-17,26.2,0.9,AC
2018-09-18,26.0,6.1,AC
2018-09-19,27.2,0.0,AC
2018-09-20,27.2,6.2,AC
2018-09-21,26.9,1.8,AC
2018-09-22,26.9,1.6,AC
2018-09-23,25.2,0.7,AC
2018-09-24,27.2,1.3,AC
2018-09-25,28.3,0.2,AC
2018-09-26,28.6,1.1,AC
2018-09-27,28.5,4.5,AC
2018-09-28,27.1,2.2,AC
2018-09-29,26.7,2.9,AC
2018-09-30,27.2,5.0,AC
2018-10-01,27.3,3.9,AC
2018-10-02,26.8,0.1,AC
2018-10-03,26.0,8.2,AC
2018-10-04,25.4,26.3,AC
2018-10-05,25.1,1.6,AC
2018-10-06,25.8,0.1,AC
2018-10-07,26.6,3.1,AC
2018-10-08,27.7,1.3,AC
2018-10-09,26.9,6.9,AC
2018-10-10,26.7,1.8,AC
2018-10-11,25.1,1.7,AC
2018-10-12,26.5,1.5,AC
2018-10-13,26.4,1.3,AC
2018-10-14,27.2,0.5,AC
2018-10-15,27.7,0.6,AC
2018-10-16,28.3,0.3,AC
2018-10-17,28.0,0.7,AC
2018-10-18,27.4,4.3,AC
2018-10-19,28.5,0.0,AC
2018-10-20,24.7,16.7,AC
2018-10-21,25.7,1.5,AC
2018-10-22,26.6,1.1,AC
2018-10-23,25.3,23.5,AC
2018-10-24,24.5,29.5,AC
2018-10-25,26.6,3.2,AC
2018-10-26,25.2,5.8,AC
2018-10-27,26.7,0.0,AC
2018-10-28,27.7,0.2,AC
2018-10-29,26.6,10.0,AC
2018-10-30,27.1,0.7,AC
2018-10-31,26.7,6.0,AC
2016-09-01,24.4,1.9,AL
2016-09-02,23.8,4.0,AL
2016-09-03,23.8,4.9,AL
2016-09-04,23.8,3.9,AL
2016-09-05,23.7,4.0,AL
2016-09-06,24.0,0.5,AL
2016-09-07,23.8,1.6,AL
2016-09-08,24.4,0.5,AL
2016-09-09,24.0,3.0,AL
2016-09-10,24.6,1.8,AL
2016-09-11,24.4,1.4,AL
2016-09-12,24.3,0.8,AL
2016-09-13,24.2,2.6,AL
2016-09-14,24.5,1.3,AL
2016-09-15,24.8,0.1,AL
2016-09-16,24.8,2.4,AL
2016-09-17,24.4,3.0,AL
2016-09-18,24.2,0.6,AL
2016-09-19,24.7,0.0,AL
2016-09-20,25.0,0.6,AL
2016-09-21,25.6,0.0,AL
2016-09-22,25.5,0.7,AL
2016-09-23,25.2,1.2,AL
2016-09-24,25.2,0.4,AL
2016-09-25,25.0,0.0,AL
2016-09-26,25.4,0.0,AL
2016-09-27,25.6,0.0,AL
2016-09-28,25.4,0.6,AL
2016-09-29,25.0,0.0,AL
2016-09-30,25.5,2.4,AL
2016-10-01,25.3,1.1,AL
2016-10-02,25.2,0.5,AL
2016-10-03,25.3,0.5,AL
2016-10-04,25.1,0.0,AL
2016-10-05,25.7,0.0,AL
2016-10-06,26.3,0.0,AL
2016-10-07,26.7,0.0,AL
2016-10-08,26.5,0.0,AL
2016-10-09,26.0,0.0,AL
2016-10-10,25.6,0.5,AL
2016-10-11,25.3,1.7,AL
2016-10-12,25.3,1.0,AL
2016-10-13,24.3,7.1,AL
2016-10-14,25.1,1.9,AL
2016-10-15,25.3,0.6,AL
2016-10-16,25.3,0.8,AL
2016-10-17,25.2,1.4,AL
2016-10-18,25.1,1.6,AL
2016-10-19,25.4,0.1,AL
2016-10-20,25.5,1.0,AL
2016-10-21,25.7,1.4,AL
2016-10-22,25.4,2.0,AL
2016-10-23,25.2,3.7,AL
2016-10-24,25.2,2.2,AL
2016-10-25,25.3,1.0,AL
2016-10-26,25.6,0.2,AL
2016-10-27,25.6,0.6,AL
2016-10-28,25.8,0.0,AL
2016-10-29,26.0,0.0,AL
2016-10-30,25.9,1.1,AL
2016-10-31,25.5,3.9,AL
2016-11-01,25.5,1.6,AL
2016-11-02,25.5,2.2,AL
2016-11-03,25.4,2.4,AL
2016-11-04,25.3,1.9,AL
2016-11-05,25.0,1.8,AL
2016-11-06,25.3,1.2,AL
2016-11-07,25.5,0.5,AL
2016-11-08,25.6,1.1,AL
2016-11-09,25.7,0.2,AL
2016-11-10,25.8,1.1,AL
2016-11-11,26.0,0.5,AL
2016-11-12,25.8,0.7,AL
2016-11-13,25.7,0.1,AL
2016-11-14,25.7,0.2,AL
2016-11-15,26.0,1.5,AL
2016-11-16,26.2,0.1,AL
2016-11-17,26.2,0.4,AL
2016-11-18,26.3,0.3,AL
2016-11-19,26.6,0.0,AL
2016-11-20,26.6,0.0,AL
2016-11-21,26.1,0.0,AL
2016-11-22,26.0,0.0,AL
2016-11-23,26.0,0.3,AL
2016-11-24,26.5,0.0,AL
2016-11-25,26.3,0.0,AL
2016-11-26,25.8,1.3,AL
2016-11-27,26.2,2.3,AL
2016-11-28,26.3,0.1,AL
2016-11-29,26.3,0.1,AL
2016-11-30,26.7,0.1,AL
2016-12-01,26.7,0.3,AL
2016-12-02,26.8,0.0,AL
2016-12-03,26.6,0.7,AL
2016-12-04,26.7,0.1,AL
2016-12-05,27.2,0.0,AL
2016-12-06,27.2,0.0,AL
2016-12-07,27.1,0.0,AL
2016-12-08,27.0,0.0,AL
2016-12-09,26.9,0.0,AL
2016-12-10,26.8,0.0,AL
2016-12-11,27.0,0.2,AL
2016-12-12,27.3,0.0,AL
2016-12-13,26.8,0.0,AL
2016-12-14,26.7,0.5,AL
2016-12-15,26.1,2.5,AL
2016-12-16,26.2,1.0,AL
2016-12-17,26.0,1.2,AL
2016-12-18,26.1,1.5,AL
2016-12-19,25.8,2.0,AL
2016-12-20,25.7,2.9,AL
2016-12-21,26.3,1.1,AL
2016-12-22,26.4,1.8,AL
2016-12-23,26.4,0.0,AL
2016-12-24,26.3,0.3,AL
2016-12-25,26.2,1.6,AL
2016-12-26,26.5,1.5,AL
2016-12-27,26.7,0.0,AL
2016-12-28,26.6,0.3,AL
2016-12-29,26.3,1.3,AL
2016-12-30,26.2,0.0,AL
2016-12-31,26.6,0.3,AL
2017-01-01,26.3,2.8,AL
2017-01-02,26.6,0.7,AL
2017-01-03,26.4,0.1,AL
2017-01-04,26.6,2.1,AL
2017-01-05,26.7,0.5,AL
2017-01-06,26.2,2.2,AL
2017-01-07,25.4,2.7,AL
2017-01-08,25.9,0.9,AL
2017-01-09,26.1,6.5,AL
2017-01-10,26.4,1.7,AL
2017-01-11,26.6,0.3,AL
2017-01-12,26.9,0.0,AL
2017-01-13,26.4,1.9,AL
2017-01-14,26.6,0.9,AL
2017-01-15,26.6,2.2,AL
2017-01-16,26.6,0.3,AL
2017-01-17,26.5,1.8,AL
2017-01-18,26.6,1.3,AL
2017-01-19,26.7,1.6,AL
2017-01-20,26.3,0.9,AL
2017-01-21,26.7,0.4,AL
2017-01-22,27.2,1.2,AL
2017-01-23,26.7,2.6,AL
2017-01-24,26.8,4.4,AL
2017-01-25,26.7,1.1,AL
2017-01-26,27.1,0.2,AL
2017-01-27,26.6,2.1,AL
2017-01-28,26.0,8.5,AL
2017-01-29,26.5,3.6,AL
2017-01-30,26.6,3.0,AL
2017-01-31,27.0,0.2,AL
2017-02-01,27.0,2.4,AL
2017-02-02,26.8,1.5,AL
2017-02-03,26.9,2.0,AL
2017-02-04,27.0,0.2,AL
2017-02-05,26.9,1.0,AL
2017-02-06,27.2,0.6,AL
2017-02-07,27.3,0.0,AL
2017-02-08,26.9,1.0,AL
2017-02-09,26.8,3.6,AL
2017-02-10,26.2,3.8,AL
2017-02-11,26.7,0.7,AL
2017-02-12,26.4,2.0,AL
2017-02-13,26.3,2.4,AL
2017-02-14,27.1,1.2,AL
2017-02-15,26.9,1.1,AL
2017-02-16,27.0,0.8,AL
2017-02-17,26.7,1.5,AL
2017-02-18,26.9,1.2,AL
2017-02-19,26.6,12.8,AL
2017-02-20,25.8,6.3,AL
2017-02-21,26.3,4.6,AL
2017-02-22,26.5,3.6,AL
2017-02-23,26.9,1.5,AL
2017-02-24,27.0,2.9,AL
2017-02-25,27.0,0.2,AL
2017-02-26,27.0,0.5,AL
2017-02-27,27.4,1.2,AL
2017-02-28,27.2,1.7,AL
2017-03-01,27.1,2.9,AL
2017-03-02,27.1,0.5,AL
2017-03-03,27.2,0.0,AL
2017-03-04,27.1,0.8,AL
2017-03-05,26.7,1.5,AL
2017-03-06,27.3,1.7,AL
2017-03-07,27.6,0.5,AL
2017-03-08,27.1,4.9,AL
2017-03-09,26.3,8.1,AL
2017-03-10,27.0,0.2,AL
2017-03-11,25.5,8.0,AL
2017-03-12,25.9,9.2,AL
2017-03-13,26.5,5.7,AL
2017-03-14,26.6,2.1,AL
2017-03-15,26.6,3.8,AL
2017-03-16,26.4,11.1,AL
2017-03-17,26.2,10.2,AL
2017-03-18,27.0,0.4,AL
2017-03-19,27.1,0.9,AL
2017-03-20,27.1,0.9,AL
2017-03-21,26.8,2.2,AL
2017-03-22,26.7,5.0,AL
2017-03-23,26.8,2.6,AL
2017-03-24,26.5,2.4,AL
2017-03-25,27.0,0.8,AL
2017-03-26,27.1,1.2,AL
2017-03-27,27.5,0.3,AL
2017-03-28,27.7,0.2,AL
2017-03-29,27.8,0.0,AL
2017-03-30,27.6,2.5,AL
2017-03-31,27.5,1.8,AL
2017-04-01,27.8,1.8,AL
2017-04-02,27.1,3.8,AL
2017-04-03,27.5,1.4,AL
2017-04-04,27.2,1.7,AL
2017-04-05,26.8,4.1,AL
2017-04-06,27.3,0.8,AL
2017-04-07,26.9,1.8,AL
2017-04-08,26.3,3.2,AL
2017-04-09,26.4,3.1,AL
2017-04-10,26.9,2.3,AL
2017-04-11,25.6,13.9,AL
2017-04-12,25.9,15.8,AL
2017-04-13,26.7,5.9,AL
2017-04-14,25.6,15.1,AL
2017-04-15,26.4,5.3,AL
2017-04-16,26.3,6.3,AL
2017-04-17,25.5,5.3,AL
2017-04-18,25.9,1.7,AL
2017-04-19,26.6,1.2,AL
2017-04-20,26.2,0.2,AL
2017-04-21,26.1,0.5,AL
2017-04-22,26.6,2.7,AL
2017-04-23,26.6,0.9,AL
2017-04-24,26.8,2.0,AL
2017-04-25,26.4,8.8,AL
2017-04-26,26.0,3.6,AL
2017-04-27,25.8,2.3,AL
2017-04-28,26.3,3.1,AL
2017-04-29,25.2,13.7,AL
2017-04-30,26.3,5.8,AL
2017-05-01,26.4,1.7,AL
2017-05-02,25.8,3.7,AL
2017-05-03,26.2,8.1,AL
2017-05-04,26.0,4.7,AL
2017-05-05,26.2,4.8,AL
2017-05-06,25.0,6.5,AL
2017-05-07,25.7,3.8,AL
2017-05-08,25.2,4.8,AL
2017-05-09,25.2,11.4,AL
2017-05-10,25.9,3.4,AL
2017-05-11,26.1,1.9,AL
2017-05-12,25.9,1.2,AL
2017-05-13,25.8,2.4,AL
2017-05-14,26.0,0.6,AL
2017-05-15,26.4,0.0,AL
2017-05-16,26.9,0.0,AL
2017-05-17,26.8,0.3,AL
2017-05-18,25.7,6.5,AL
2017-05-19,25.0,7.5,AL
2017-05-20,25.1,7.4,AL
2017-05-21,24.8,34.1,AL
2017-05-22,25.0,30.9,AL
2017-05-23,25.0,28.7,AL
2017-05-24,24.6,19.8,AL
2017-05-25,24.7,30.9,AL
2017-05-26,24.2,60.4,AL
2017-05-27,24.3,71.2,AL
2017-05-28,24.4,34.0,AL
2017-05-29,25.2,4.5,AL
2017-05-30,24.7,1.9,AL
2017-05-31,24.7,39.2,AL
2017-06-01,25.1,11.4,AL
2017-06-02,25.1,3.9,AL
2017-06-03,25.7,4.3,AL
2017-06-04,25.6,2.7,AL
2017-06-05,25.3,2.1,AL
2017-06-06,25.2,3.3,AL
2017-06-07,25.8,2.2,AL
2017-06-08,24.9,4.3,AL
2017-06-09,25.3,2.9,AL
2017-06-10,24.8,2.4,AL
2017-06-11,24.7,3.9,AL
2017-06-12,25.2,2.0,AL
2017-06-13,25.2,6.2,AL
2017-06-14,25.4,0.8,AL
2017-06-15,24.4,21.9,AL
2017-06-16,24.1,9.7,AL
2017-06-17,24.9,5.5,AL
2017-06-18,24.2,20.2,AL
2017-06-19,24.8,9.3,AL
2017-06-20,23.7,21.3,AL
2017-06-21,23.9,22.6,AL
2017-06-22,24.3,11.0,AL
2017-06-23,24.3,15.5,AL
2017-06-24,24.4,7.1,AL
2017-06-25,25.1,2.8,AL
2017-06-26,24.8,2.6,AL
2017-06-27,24.8,3.0,AL
2017-06-28,23.9,21.9,AL
2017-06-29,23.6,43.2,AL
2017-06-30,23.7,32.8,AL
2017-07-01,23.5,30.6,AL
2017-07-02,23.9,7.1,AL
2017-07-03,23.9,6.5,AL
2017-07-04,23.1,11.8,AL
2017-07-05,23.3,15.5,AL
2017-07-06,23.8,6.8,AL
2017-07-07,23.6,15.0,AL
2017-07-08,23.5,5.2,AL
2017-07-09,24.3,1.2,AL
2017-07-10,24.7,1.2,AL
2017-07-11,23.5,12.8,AL
2017-07-12,24.1,2.5,AL
2017-07-13,23.4,9.3,AL
2017-07-14,23.9,0.8,AL
2017-07-15,24.0,1.5,AL
2017-07-16,24.3,0.1,AL
2017-07-17,23.7,3.6,AL
2017-07-18,23.6,1.8,AL
2017-07-19,23.3,4.7,AL
2017-07-20,23.0,51.9,AL
2017-07-21,23.5,12.8,AL
2017-07-22,23.8,4.4,AL
2017-07-23,23.1,26.7,AL
2017-07-24,23.5,3.9,AL
2017-07-25,23.7,15.2,AL
2017-07-26,23.9,6.2,AL
2017-07-27,23.4,11.3,AL
2017-07-28,23.4,10.1,AL
2017-07-29,23.7,5.1,AL
2017-07-30,23.5,2.8,AL
2017-07-31,23.2,4.3,AL
2017-08-01,22.9,13.8,AL
2017-08-02,23.9,3.1,AL
2017-08-03,23.6,1.8,AL
2017-08-04,23.6,0.6,AL
2017-08-05,23.8,0.5,AL
2017-08-06,23.5,8.9,AL
2017-08-07,23.9,2.2,AL
2017-08-08,23.9,2.6,AL
2017-08-09,23.8,1.9,AL
2017-08-10,23.7,1.4,AL
2017-08-11,23.5,1.4,AL
2017-08-12,23.2,3.9,AL
2017-08-13,23.5,3.5,AL
2017-08-14,23.1,1.1,AL
2017-08-15,22.6,2.1,AL
2017-08-16,23.0,4.6,AL
2017-08-17,23.7,4.8,AL
2017-08-18,23.3,13.5,AL
2017-08-19,23.2,22.2,AL
2017-08-20,23.7,6.0,AL
2017-08-21,24.0,0.7,AL
2017-08-22,23.7,4.8,AL
2017-08-23,23.4,7.5,AL
2017-08-24,23.9,4.1,AL
2017-08-25,23.2,10.1,AL
2017-08-26,23.6,4.8,AL
2017-08-27,23.1,4.9,AL
2017-08-28,23.3,5.2,AL
2017-08-29,23.0,4.7,AL
2017-08-30,23.7,2.6,AL
2017-08-31,23.9,2.1,AL
2017-09-01,24.0,1.7,AL
2017-09-02,23.3,3.8,AL
2017-09-03,23.8,3.4,AL
2017-09-04,23.0,5.4,AL
2017-09-05,23.9,5.8,AL
2017-09-06,24.2,5.0,AL
2017-09-07,23.6,4.4,AL
2017-09-08,23.9,2.8,AL
2017-09-09,23.9,4.3,AL
2017-09-10,24.3,1.9,AL
2017-09-11,23.9,3.5,AL
2017-09-12,23.4,8.3,AL
2017-09-13,23.5,5.7,AL
2017-09-14,23.8,3.4,AL
2017-09-15,23.6,11.0,AL
2017-09-16,23.7,3.2,AL
2017-09-17,24.0,2.1,AL
2017-09-18,23.8,6.5,AL
2017-09-19,23.8,3.8,AL
2017-09-20,23.9,4.1,AL
2017-09-21,23.8,4.9,AL
2017-09-22,23.1,8.4,AL
2017-09-23,23.8,3.0,AL
2017-09-24,23.3,4.2,AL
2017-09-25,24.1,2.3,AL
2017-09-26,24.4,2.3,AL
2017-09-27,24.6,3.5,AL
2017-09-28,24.5,2.9,AL
2017-09-29,24.5,1.6,AL
2017-09-30,24.4,1.4,AL
2017-10-01,24.5,1.4,AL
2017-10-02,24.9,1.4,AL
2017-10-03,24.9,2.8,AL
2017-10-04,24.8,2.4,AL
2017-10-05,24.7,2.3,AL
2017-10-06,24.3,2.1,AL
2017-10-07,23.9,4.5,AL
2017-10-08,24.3,4.1,AL
2017-10-09,24.2,1.5,AL
2017-10-10,23.7,3.6,AL
2017-10-11,24.2,2.2,AL
2017-10-12,24.4,0.6,AL
2017-10-13,24.8,1.5,AL
2017-10-14,25.0,0.2,AL
2017-10-15,25.0,1.9,AL
2017-10-16,24.1,4.1,AL
2017-10-17,24.3,4.2,AL
2017-10-18,24.1,8.9,AL
2017-10-19,25.1,0.6,AL
2017-10-20,25.3,7.2,AL
2017-10-21,25.3,1.4,AL
2017-10-22,25.0,1.1,AL
2017-10-23,24.6,2.8,AL
2017-10-24,24.8,5.0,AL
2017-10-25,25.1,1.3,AL
2017-10-26,25.2,4.3,AL
2017-10-27,25.3,1.4,AL
2017-10-28,25.5,0.1,AL
2017-10-29,25.5,0.0,AL
2017-10-30,25.6,0.2,AL
2017-10-31,25.7,1.2,AL
2017-11-01,25.8,0.0,AL
2017-11-02,25.8,1.1,AL
2017-11-03,25.5,2.9,AL
2017-11-04,24.9,3.4,AL
2017-11-05,25.3,0.2,AL
2017-11-06,25.0,0.2,AL
2017-11-07,25.4,0.8,AL
2017-11-08,25.1,3.5,AL
2017-11-09,24.6,2.1,AL
2017-11-10,25.5,0.2,AL
2017-11-11,25.5,0.0,AL
2017-11-12,26.2,0.0,AL
2017-11-13,26.5,0.0,AL
2017-11-14,26.1,0.1,AL
2017-11-15,25.6,3.1,AL
2017-11-16,25.6,0.5,AL
2017-11-17,25.3,0.3,AL
2017-11-18,25.3,1.4,AL
2017-11-19,25.6,0.7,AL
2017-11-20,25.5,0.1,AL
2017-11-21,25.4,1.2,AL
2017-11-22,25.8,0.6,AL
2017-11-23,26.1,1.0,AL
2017-11-24,25.9,3.7,AL
2017-11-25,25.4,3.3,AL
2017-11-26,25.7,0.0,AL
2017-11-27,25.7,0.0,AL
2017-11-28,25.6,1.0,AL
2017-11-29,26.0,0.4,AL
2017-11-30,26.1,0.1,AL
2017-12-01,26.0,0.3,AL
2017-12-02,25.9,0.3,AL
2017-12-03,25.9,1.2,AL
2017-12-04,26.1,1.1,AL
2017-12-05,26.4,0.2,AL
2017-12-06,26.5,0.0,AL
2017-12-07,26.2,0.6,AL
2017-12-08,26.9,0.3,AL
2017-12-09,27.6,0.2,AL
2017-12-10,27.3,2.7,AL
2017-12-11,27.1,0.8,AL
2017-12-12,26.9,0.0,AL
2017-12-13,26.6,0.3,AL
2017-12-14,26.1,0.0,AL
2017-12-15,26.2,0.8,AL
2017-12-16,26.0,3.3,AL
2017-12-17,25.7,6.3,AL
2017-12-18,25.9,2.2,AL
2017-12-19,25.8,2.1,AL
2017-12-20,26.0,2.3,AL
2017-12-21,25.8,1.5,AL
2017-12-22,26.3,1.8,AL
2017-12-23,24.9,11.3,AL
2017-12-24,24.7,6.5,AL
2017-12-25,25.9,0.9,AL
2017-12-26,26.1,0.6,AL
2017-12-27,26.3,2.9,AL
2017-12-28,26.2,0.2,AL
2017-12-29,26.4,0.1,AL
2017-12-30,26.2,0.0,AL
2017-12-31,26.8,0.1,AL
2018-01-01,26.7,0.5,AL
2018-01-02,26.6,0.0,AL
2018-01-03,26.8,0.0,AL
2018-01-04,27.1,0.0,AL
2018-01-05,26.3,1.6,AL
2018-01-06,25.9,5.6,AL
2018-01-07,25.5,3.5,AL
2018-01-08,26.2,0.7,AL
2018-01-09,26.2,1.4,AL
2018-01-10,26.2,3.8,AL
2018-01-11,25.4,4.3,AL
2018-01-12,25.4,3.7,AL
2018-01-13,26.5,1.8,AL
2018-01-14,25.4,7.6,AL
2018-01-15,25.9,4.4,AL
2018-01-16,25.9,2.5,AL
2018-01-17,26.5,1.9,AL
2018-01-18,26.3,2.8,AL
2018-01-19,25.6,4.1,AL
2018-01-20,26.6,0.3,AL
2018-01-21,26.2,1.6,AL
2018-01-22,26.3,1.0,AL
2018-01-23,24.8,15.0,AL
2018-01-24,25.5,10.7,AL
2018-01-25,25.7,1.6,AL
2018-01-26,26.0,0.3,AL
2018-01-27,26.2,1.2,AL
2018-01-28,25.6,5.1,AL
2018-01-29,26.0,3.8,AL
2018-01-30,26.3,1.6,AL
2018-01-31,26.9,0.1,AL
2018-02-01,26.8,0.2,AL
2018-02-02,26.8,0.3,AL
2018-02-03,26.6,0.0,AL
2018-02-04,26.7,0.4,AL
2018-02-05,26.7,2.3,AL
2018-02-06,27.1,2.3,AL
2018-02-07,27.3,1.0,AL
2018-02-08,27.1,2.2,AL
2018-02-09,26.1,5.3,AL
2018-02-10,26.1,2.3,AL
2018-02-11,26.1,2.2,AL
2018-02-12,25.8,7.7,AL
2018-02-13,25.5,4.1,AL
2018-02-14,26.5,1.9,AL
2018-02-15,25.9,7.1,AL
2018-02-16,25.7,8.7,AL
2018-02-17,25.2,18.3,AL
2018-02-18,25.4,7.9,AL
2018-02-19,25.6,9.1,AL
2018-02-20,25.6,4.2,AL
2018-02-21,26.0,0.5,AL
2018-02-22,26.7,0.0,AL
2018-02-23,26.4,0.5,AL
2018-02-24,26.5,0.8,AL
2018-02-25,25.9,3.0,AL
2018-02-26,26.2,1.1,AL
2018-02-27,26.1,1.1,AL
2018-02-28,24.9,22.0,AL
2018-03-01,24.9,6.0,AL
2018-03-02,25.2,4.7,AL
2018-03-03,25.6,4.6,AL
2018-03-04,26.0,5.9,AL
2018-03-05,26.6,0.1,AL
2018-03-06,26.9,1.4,AL
2018-03-07,27.3,0.0,AL
2018-03-08,26.9,0.6,AL
2018-03-09,26.6,0.4,AL
2018-03-10,26.6,0.2,AL
2018-03-11,26.7,0.1,AL
2018-03-12,27.3,2.8,AL
2018-03-13,27.4,0.0,AL
2018-03-14,27.1,0.3,AL
2018-03-15,26.2,1.2,AL
2018-03-16,25.7,2.1,AL
2018-03-17,26.0,0.6,AL
2018-03-18,26.3,0.9,AL
2018-03-19,26.3,1.3,AL
2018-03-20,26.7,0.6,AL
2018-03-21,26.6,0.8,AL
2018-03-22,26.7,1.2,AL
2018-03-23,26.8,1.0,AL
2018-03-24,24.9,22.8,AL
2018-03-25,25.6,6.2,AL
2018-03-26,25.7,3.3,AL
2018-03-27,25.9,4.1,AL
2018-03-28,25.9,6.7,AL
2018-03-29,26.1,4.2,AL
2018-03-30,25.4,9.3,AL
2018-03-31,25.4,7.4,AL
2018-04-01,25.6,9.1,AL
2018-04-02,26.0,1.2,AL
2018-04-03,26.2,3.8,AL
2018-04-04,26.1,3.7,AL
2018-04-05,25.7,2.3,AL
2018-04-06,25.4,5.8,AL
2018-04-07,25.2,5.9,AL
2018-04-08,25.4,9.7,AL
2018-04-09,26.0,5.7,AL
2018-04-10,26.0,1.2,AL
2018-04-11,25.5,4.9,AL
2018-04-12,25.2,8.6,AL
2018-04-13,25.0,8.5,AL
2018-04-14,25.0,11.4,AL
2018-04-15,24.7,12.7,AL
2018-04-16,26.0,1.7,AL
2018-04-17,25.8,2.5,AL
2018-04-18,25.7,3.1,AL
2018-04-19,25.8,1.8,AL
2018-04-20,25.5,1.7,AL
2018-04-21,24.8,9.4,AL
2018-04-22,24.8,26.1,AL
2018-04-23,25.9,3.1,AL
2018-04-24,25.6,8.1,AL
2018-04-25,26.0,1.7,AL
2018-04-26,25.8,0.3,AL
2018-04-27,25.8,1.5,AL
2018-04-28,25.0,8.2,AL
2018-04-29,24.7,20.0,AL
2018-04-30,24.5,29.0,AL
2018-05-01,24.9,8.2,AL
2018-05-02,25.4,5.6,AL
2018-05-03,25.6,4.7,AL
2018-05-04,25.8,3.0,AL
2018-05-05,25.9,2.1,AL
2018-05-06,25.9,0.9,AL
2018-05-07,25.4,1.6,AL
2018-05-08,24.8,13.2,AL
2018-05-09,24.4,14.7,AL
2018-05-10,24.8,5.1,AL
2018-05-11,25.8,4.2,AL
2018-05-12,25.4,3.4,AL
2018-05-13,25.4,1.7,AL
2018-05-14,25.8,2.4,AL
2018-05-15,24.4,15.8,AL
2018-05-16,25.7,4.2,AL
2018-05-17,24.7,7.1,AL
2018-05-18,24.8,7.8,AL
2018-05-19,25.3,0.2,AL
2018-05-20,24.8,0.0,AL
2018-05-21,25.3,1.9,AL
2018-05-22,25.6,3.9,AL
2018-05-23,25.0,2.0,AL
2018-05-24,24.5,5.2,AL
2018-05-25,24.2,11.3,AL
2018-05-26,24.5,3.1,AL
2018-05-27,24.7,2.2,AL
2018-05-28,24.5,9.8,AL
2018-05-29,25.3,1.1,AL
2018-05-30,24.7,6.8,AL
2018-05-31,25.0,1.7,AL
2018-06-01,24.5,2.4,AL
2018-06-02,24.6,5.1,AL
2018-06-03,25.2,2.5,AL
2018-06-04,25.0,3.2,AL
2018-06-05,24.9,2.0,AL
2018-06-06,24.0,5.0,AL
2018-06-07,24.5,2.9,AL
2018-06-08,25.1,3.4,AL
2018-06-09,24.8,2.0,AL
2018-06-10,24.6,3.0,AL
2018-06-11,24.4,7.4,AL
2018-06-12,25.1,1.4,AL
2018-06-13,24.8,2.9,AL
2018-06-14,25.1,2.0,AL
2018-06-15,24.3,5.1,AL
2018-06-16,24.8,1.9,AL
2018-06-17,23.5,8.2,AL
2018-06-18,23.6,5.9,AL
2018-06-19,24.8,3.1,AL
2018-06-20,24.8,0.7,AL
2018-06-21,24.7,2.2,AL
2018-06-22,25.0,0.6,AL
2018-06-23,25.0,0.5,AL
2018-06-24,25.0,1.7,AL
2018-06-25,24.3,3.3,AL
2018-06-26,23.5,2.0,AL
2018-06-27,23.7,2.8,AL
2018-06-28,23.9,2.5,AL
2018-06-29,23.9,3.3,AL
2018-06-30,23.3,3.5,AL
2018-07-01,23.0,5.7,AL
2018-07-02,23.9,18.9,AL
2018-07-03,24.4,3.3,AL
2018-07-04,24.1,2.7,AL
2018-07-05,23.3,7.0,AL
2018-07-06,24.0,9.7,AL
2018-07-07,23.3,11.2,AL
2018-07-08,23.6,3.2,AL
2018-07-09,23.3,3.1,AL
2018-07-10,23.8,1.3,AL
2018-07-11,24.3,2.4,AL
2018-07-12,24.9,0.9,AL
2018-07-13,23.9,2.8,AL
2018-07-14,23.9,0.4,AL
2018-07-15,23.9,0.6,AL
2018-07-16,23.8,2.3,AL
2018-07-17,24.1,3.8,AL
2018-07-18,24.1,4.5,AL
2018-07-19,24.2,0.9,AL
2018-07-20,24.1,1.0,AL
2018-07-21,24.1,4.0,AL
2018-07-22,24.2,1.5,AL
2018-07-23,24.2,2.1,AL
2018-07-24,23.7,1.9,AL
2018-07-25,23.7,4.0,AL
2018-07-26,23.9,3.6,AL
2018-07-27,23.2,7.7,AL
2018-07-28,24.1,2.1,AL
2018-07-29,23.9,1.1,AL
2018-07-30,23.1,6.4,AL
2018-07-31,22.9,16.3,AL
2018-08-01,23.9,10.3,AL
2018-08-02,24.1,2.9,AL
2018-08-03,23.6,0.9,AL
2018-08-04,24.0,0.0,AL
2018-08-05,23.9,2.7,AL
2018-08-06,24.2,0.8,AL
2018-08-07,24.1,2.3,AL
2018-08-08,23.8,1.8,AL
2018-08-09,24.0,2.9,AL
2018-08-10,24.3,0.8,AL
2018-08-11,24.0,0.1,AL
2018-08-12,24.4,0.0,AL
2018-08-13,24.4,1.2,AL
2018-08-14,24.4,0.0,AL
2018-08-15,24.6,0.0,AL
2018-08-16,24.6,1.7,AL
2018-08-17,24.5,2.0,AL
2018-08-18,24.2,2.0,AL
2018-08-19,24.6,1.5,AL
2018-08-20,24.7,0.0,AL
2018-08-21,24.4,3.4,AL
2018-08-22,23.6,4.9,AL
2018-08-23,24.0,5.7,AL
2018-08-24,24.0,3.6,AL
2018-08-25,24.3,3.2,AL
2018-08-26,24.3,0.3,AL
2018-08-27,24.2,0.5,AL
2018-08-28,24.1,2.1,AL
2018-08-29,23.7,4.6,AL
2018-08-30,23.6,3.3,AL
2018-08-31,23.1,2.5,AL
2018-09-01,23.0,7.7,AL
2018-09-02,23.6,6.3,AL
2018-09-03,23.7,2.8,AL
2018-09-04,23.9,0.1,AL
2018-09-05,23.9,0.0,AL
2018-09-06,24.3,2.3,AL
2018-09-07,24.2,3.1,AL
2018-09-08,24.1,1.0,AL
2018-09-09,23.2,10.4,AL
2018-09-10,23.8,3.4,AL
2018-09-11,24.3,0.3,AL
2018-09-12,24.0,0.0,AL
2018-09-13,23.9,1.7,AL
2018-09-14,24.0,1.0,AL
2018-09-15,24.3,2.0,AL
2018-09-16,24.8,2.1,AL
2018-09-17,24.9,1.2,AL
2018-09-18,24.8,2.0,AL
2018-09-19,24.8,2.0,AL
2018-09-20,24.9,1.3,AL
2018-09-21,24.7,0.4,AL
2018-09-22,24.4,0.6,AL
2018-09-23,24.4,3.8,AL
2018-09-24,24.4,3.1,AL
2018-09-25,24.8,1.2,AL
2018-09-26,24.8,2.4,AL
2018-09-27,24.8,1.9,AL
2018-09-28,24.6,1.4,AL
2018-09-29,25.0,0.9,AL
2018-09-30,25.3,0.1,AL
2018-10-01,24.8,0.9,AL
2018-10-02,24.6,0.9,AL
2018-10-03,24.8,2.3,AL
2018-10-04,25.1,2.3,AL
2018-10-05,25.0,1.0,AL
2018-10-06,25.2,0.0,AL
2018-10-07,25.1,0.7,AL
2018-10-08,24.9,2.0,AL
2018-10-09,25.2,0.5,AL
2018-10-10,25.0,2.2,AL
2018-10-11,24.8,6.4,AL
2018-10-12,25.1,1.8,AL
2018-10-13,24.6,2.5,AL
2018-10-14,25.1,1.0,AL
2018-10-15,25.2,0.8,AL
2018-10-16,25.2,1.0,AL
2018-10-17,24.7,2.7,AL
2018-10-18,25.4,1.2,AL
2018-10-19,25.5,0.6,AL
2018-10-20,26.0,0.0,AL
2018-10-21,25.5,0.1,AL
2018-10-22,25.4,0.3,AL
2018-10-23,25.8,0.1,AL
2018-10-24,25.6,0.1,AL
2018-10-25,25.9,0.3,AL
2018-10-26,26.3,0.0,AL
2018-10-27,26.3,0.0,AL
2018-10-28,26.2,0.0,AL
2018-10-29,26.4,0.0,AL
2018-10-30,26.1,1.7,AL
2018-10-31,25.9,1.0,AL
2016-09-01,27.2,3.6,AP
2016-09-02,27.7,0.6,AP
2016-09-03,27.6,1.1,AP
2016-09-04,28.1,0.0,AP
2016-09-05,28.1,0.2,AP
2016-09-06,28.1,0.5,AP
2016-09-07,28.4,0.2,AP
2016-09-08,27.5,4.7,AP
2016-09-09,27.8,3.6,AP
2016-09-10,27.7,3.4,AP
2016-09-11,26.9,5.6,AP
2016-09-12,27.4,2.0,AP
2016-09-13,27.9,0.0,AP
2016-09-14,27.9,0.5,AP
2016-09-15,27.6,1.9,AP
2016-09-16,27.6,1.1,AP
2016-09-17,27.8,0.1,AP
2016-09-18,27.6,0.0,AP
2016-09-19,28.0,0.0,AP
2016-09-20,28.1,0.0,AP
2016-09-21,28.1,0.0,AP
2016-09-22,28.1,0.0,AP
2016-09-23,28.0,0.0,AP
2016-09-24,27.8,0.1,AP
2016-09-25,28.0,0.0,AP
2016-09-26,28.3,0.2,AP
2016-09-27,28.4,0.0,AP
2016-09-28,28.7,0.0,AP
2016-09-29,28.3,0.0,AP
2016-09-30,28.4,0.0,AP
2016-10-01,28.3,0.0,AP
2016-10-02,28.2,0.0,AP
2016-10-03,28.2,0.1,AP
2016-10-04,28.4,0.1,AP
2016-10-05,28.6,0.1,AP
2016-10-06,28.7,0.1,AP
2016-10-07,28.9,0.0,AP
2016-10-08,28.3,0.6,AP
2016-10-09,28.7,0.0,AP
2016-10-10,28.6,0.0,AP
2016-10-11,28.5,0.0,AP
2016-10-12,28.4,0.0,AP
2016-10-13,28.4,0.0,AP
2016-10-14,28.4,0.0,AP
2016-10-15,28.4,0.0,AP
2016-10-16,28.3,0.0,AP
2016-10-17,28.4,0.0,AP
2016-10-18,28.5,0.0,AP
2016-10-19,28.7,0.2,AP
2016-10-20,28.9,0.1,AP
2016-10-21,29.0,0.0,AP
2016-10-22,28.7,0.7,AP
2016-10-23,29.0,0.0,AP
2016-10-24,28.5,0.5,AP
2016-10-25,28.5,0.1,AP
2016-10-26,28.5,0.0,AP
2016-10-27,28.4,0.2,AP
2016-10-28,28.2,0.7,AP
2016-10-29,27.9,4.1,AP
2016-10-30,28.1,0.1,AP
2016-10-31,28.0,0.0,AP
2016-11-01,28.1,0.6,AP
2016-11-02,28.3,0.3,AP
2016-11-03,28.4,0.0,AP
2016-11-04,28.5,0.0,AP
2016-11-05,28.4,0.8,AP
2016-11-06,28.7,0.4,AP
2016-11-07,28.6,0.0,AP
2016-11-08,28.5,0.3,AP
2016-11-09,28.7,0.0,AP
2016-11-10,28.4,0.2,AP
2016-11-11,28.6,0.0,AP
2016-11-12,28.5,0.1,AP
2016-11-13,27.9,1.2,AP
2016-11-14,28.2,2.2,AP
2016-11-15,28.7,0.4,AP
2016-11-16,28.7,0.0,AP
2016-11-17,28.7,0.5,AP
2016-11-18,28.7,0.2,AP
2016-11-19,28.9,0.0,AP
2016-11-20,28.7,0.0,AP
2016-11-21,28.9,0.6,AP
2016-11-22,28.4,1.5,AP
2016-11-23,28.6,0.0,AP
2016-11-24,28.4,0.0,AP
2016-11-25,28.5,0.0,AP
2016-11-26,28.4,0.1,AP
2016-11-27,28.3,0.5,AP
2016-11-28,28.4,0.0,AP
2016-11-29,28.6,0.1,AP
2016-11-30,28.8,0.0,AP
2016-12-01,28.9,0.0,AP
2016-12-02,28.6,0.0,AP
2016-12-03,28.6,0.3,AP
2016-12-04,28.4,0.3,AP
2016-12-05,28.5,0.3,AP
2016-12-06,28.4,0.1,AP
2016-12-07,28.5,1.3,AP
2016-12-08,28.6,0.9,AP
2016-12-09,27.8,3.0,AP
2016-12-10,27.6,2.2,AP
2016-12-11,28.1,2.8,AP
2016-12-12,28.3,1.4,AP
2016-12-13,27.6,1.8,AP
2016-12-14,26.8,3.7,AP
2016-12-15,25.9,12.3,AP
2016-12-16,25.6,6.4,AP
2016-12-17,26.4,7.8,AP
2016-12-18,25.6,5.8,AP
2016-12-19,24.0,34.9,AP
2016-12-20,24.6,8.1,AP
2016-12-21,25.7,11.1,AP
2016-12-22,26.3,6.7,AP
2016-12-23,25.7,21.9,AP
2016-12-24,25.8,15.5,AP
2016-12-25,26.5,2.9,AP
2016-12-26,26.6,3.3,AP
2016-12-27,26.6,4.4,AP
2016-12-28,26.2,4.7,AP
2016-12-29,25.9,9.4,AP
2016-12-30,25.6,17.3,AP
2016-12-31,25.3,12.4,AP
2017-01-01,25.3,11.4,AP
2017-01-02,24.6,11.0,AP
2017-01-03,24.8,16.7,AP
2017-01-04,26.1,3.3,AP
2017-01-05,26.2,9.1,AP
2017-01-06,26.0,20.1,AP
2017-01-07,25.5,31.2,AP
2017-01-08,25.3,29.2,AP
2017-01-09,25.7,1.8,AP
2017-01-10,25.7,5.9,AP
2017-01-11,25.4,12.6,AP
2017-01-12,25.3,5.5,AP
2017-01-13,25.5,17.1,AP
2017-01-14,26.0,1.8,AP
2017-01-15,25.5,10.6,AP
2017-01-16,24.8,1.6,AP
2017-01-17,25.2,12.5,AP
2017-01-18,24.1,13.9,AP
2017-01-19,25.5,5.2,AP
2017-01-20,26.5,2.1,AP
2017-01-21,26.4,5.1,AP
2017-01-22,26.0,5.3,AP
2017-01-23,25.0,21.2,AP
2017-01-24,24.6,10.4,AP
2017-01-25,24.3,15.9,AP
2017-01-26,24.8,15.5,AP
2017-01-27,25.5,2.8,AP
2017-01-28,25.3,7.8,AP
2017-01-29,25.3,15.7,AP
2017-01-30,25.1,15.0,AP
2017-01-31,24.3,10.9,AP
2017-02-01,23.9,19.7,AP
2017-02-02,24.7,18.8,AP
2017-02-03,24.9,18.3,AP
2017-02-04,26.1,2.2,AP
2017-02-05,26.1,10.1,AP
2017-02-06,26.0,6.9,AP
2017-02-07,25.5,14.5,AP
2017-02-08,25.5,13.7,AP
2017-02-09,25.5,2.5,AP
2017-02-10,24.8,9.7,AP
2017-02-11,25.2,8.7,AP
2017-02-12,25.9,0.6,AP
2017-02-13,25.8,0.7,AP
2017-02-14,25.0,8.5,AP
2017-02-15,25.7,13.5,AP
2017-02-16,24.6,22.2,AP
2017-02-17,24.3,31.9,AP
2017-02-18,24.3,24.6,AP
2017-02-19,25.1,10.7,AP
2017-02-20,25.0,9.1,AP
2017-02-21,24.9,12.1,AP
2017-02-22,25.3,8.9,AP
2017-02-23,25.3,11.2,AP
2017-02-24,25.6,9.7,AP
2017-02-25,25.3,10.9,AP
2017-02-26,24.9,18.5,AP
2017-02-27,25.8,2.0,AP
2017-02-28,24.6,8.1,AP
2017-03-01,24.0,23.4,AP
2017-03-02,25.0,6.5,AP
2017-03-03,25.1,15.7,AP
2017-03-04,25.1,26.4,AP
2017-03-05,25.5,1.6,AP
2017-03-06,25.6,8.3,AP
2017-03-07,25.5,11.7,AP
2017-03-08,25.1,19.4,AP
2017-03-09,25.4,13.1,AP
2017-03-10,24.2,36.6,AP
2017-03-11,24.2,19.7,AP
2017-03-12,26.0,3.6,AP
2017-03-13,25.4,25.5,AP
2017-03-14,25.6,32.9,AP
2017-03-15,25.0,26.1,AP
2017-03-16,23.9,96.2,AP
2017-03-17,25.0,16.3,AP
2017-03-18,24.4,34.6,AP
2017-03-19,25.2,21.2,AP
2017-03-20,24.8,34.1,AP
2017-03-21,23.5,126.3,AP
2017-03-22,24.9,7.0,AP
2017-03-23,26.0,3.6,AP
2017-03-24,25.4,7.5,AP
2017-03-25,25.3,33.5,AP
2017-03-26,24.5,20.1,AP
2017-03-27,26.0,5.0,AP
2017-03-28,26.1,1.9,AP
2017-03-29,26.1,3.7,AP
2017-03-30,26.2,3.0,AP
2017-03-31,26.0,7.8,AP
2017-04-01,26.8,2.0,AP
2017-04-02,26.0,3.7,AP
2017-04-03,26.8,0.3,AP
2017-04-04,25.2,36.4,AP
2017-04-05,25.1,25.3,AP
2017-04-06,25.4,15.9,AP
2017-04-07,26.1,2.3,AP
2017-04-08,26.5,0.3,AP
2017-04-09,25.9,7.5,AP
2017-04-10,26.1,1.3,AP
2017-04-11,26.4,5.4,AP
2017-04-12,25.3,13.9,AP
2017-04-13,26.4,4.9,AP
2017-04-14,25.9,9.2,AP
2017-04-15,25.3,18.2,AP
2017-04-16,25.4,14.1,AP
2017-04-17,25.7,5.1,AP
2017-04-18,25.8,8.5,AP
2017-04-19,26.3,1.8,AP
2017-04-20,26.2,0.8,AP
2017-04-21,26.0,3.0,AP
2017-04-22,25.0,16.9,AP
2017-04-23,26.1,3.6,AP
2017-04-24,25.8,7.3,AP
2017-04-25,26.2,4.7,AP
2017-04-26,25.7,4.5,AP
2017-04-27,26.1,6.2,AP
2017-04-28,25.9,18.8,AP
2017-04-29,25.6,14.5,AP
2017-04-30,25.3,10.8,AP
2017-05-01,26.9,1.5,AP
2017-05-02,24.6,40.9,AP
2017-05-03,25.9,17.2,AP
2017-05-04,25.9,19.7,AP
2017-05-05,26.4,16.1,AP
2017-05-06,26.4,10.9,AP
2017-05-07,26.2,11.5,AP
2017-05-08,26.4,12.0,AP
2017-05-09,25.6,24.4,AP
2017-05-10,24.9,16.8,AP
2017-05-11,25.4,18.0,AP
2017-05-12,25.9,20.4,AP
2017-05-13,26.8,4.3,AP
2017-05-14,26.7,1.2,AP
2017-05-15,27.0,2.6,AP
2017-05-16,26.7,1.4,AP
2017-05-17,26.6,7.8,AP
2017-05-18,26.7,2.3,AP
2017-05-19,26.2,2.1,AP
2017-05-20,26.6,6.0,AP
2017-05-21,27.8,1.9,AP
2017-05-22,27.0,4.8,AP
2017-05-23,26.2,17.8,AP
2017-05-24,27.0,0.2,AP
2017-05-25,27.1,0.2,AP
2017-05-26,27.2,0.0,AP
2017-05-27,26.0,4.9,AP
2017-05-28,26.9,0.6,AP
2017-05-29,26.9,3.3,AP
2017-05-30,26.4,6.8,AP
2017-05-31,26.1,16.6,AP
2017-06-01,26.3,9.5,AP
2017-06-02,26.8,6.6,AP
2017-06-03,27.6,0.8,AP
2017-06-04,27.1,1.2,AP
2017-06-05,26.8,8.5,AP
2017-06-06,26.2,15.7,AP
2017-06-07,26.5,3.2,AP
2017-06-08,27.0,8.2,AP
2017-06-09,25.4,12.6,AP
2017-06-10,25.9,9.4,AP
2017-06-11,25.5,15.0,AP
2017-06-12,27.1,1.9,AP
2017-06-13,26.5,5.5,AP
2017-06-14,26.7,6.7,AP
2017-06-15,25.7,8.3,AP
2017-06-16,25.9,5.2,AP
2017-06-17,26.3,3.8,AP
2017-06-18,26.1,3.0,AP
2017-06-19,27.0,1.1,AP
2017-06-20,26.6,6.2,AP
2017-06-21,25.9,20.5,AP
2017-06-22,26.3,11.9,AP
2017-06-23,26.7,12.0,AP
2017-06-24,26.7,4.1,AP
2017-06-25,25.8,4.6,AP
2017-06-26,26.3,3.3,AP
2017-06-27,26.9,9.6,AP
2017-06-28,25.2,9.0,AP
2017-06-29,25.3,11.5,AP
2017-06-30,25.7,30.1,AP
2017-07-01,26.3,5.1,AP
2017-07-02,26.5,0.0,AP
2017-07-03,26.0,9.3,AP
2017-07-04,26.0,17.4,AP
2017-07-05,26.5,9.6,AP
2017-07-06,27.2,0.3,AP
2017-07-07,26.1,19.0,AP
2017-07-08,25.8,17.5,AP
2017-07-09,26.4,2.7,AP
2017-07-10,27.1,1.0,AP
2017-07-11,26.7,0.7,AP
2017-07-12,25.6,21.0,AP
2017-07-13,25.3,11.7,AP
2017-07-14,26.0,3.2,AP
2017-07-15,25.8,2.6,AP
2017-07-16,26.4,0.4,AP
2017-07-17,26.3,7.2,AP
2017-07-18,26.3,1.8,AP
2017-07-19,26.3,1.7,AP
2017-07-20,26.8,2.7,AP
2017-07-21,26.6,1.9,AP
2017-07-22,25.7,17.5,AP
2017-07-23,26.3,9.7,AP
2017-07-24,27.1,1.4,AP
2017-07-25,27.3,0.6,AP
2017-07-26,26.7,3.0,AP
2017-07-27,27.2,0.5,AP
2017-07-28,26.5,1.5,AP
2017-07-29,27.0,1.2,AP
2017-07-30,26.4,2.2,AP
2017-07-31,26.3,0.9,AP
2017-08-01,26.8,0.4,AP
2017-08-02,26.7,11.2,AP
2017-08-03,26.8,2.8,AP
2017-08-04,27.1,0.7,AP
2017-08-05,27.3,1.3,AP
2017-08-06,27.2,0.0,AP
2017-08-07,27.3,0.6,AP
2017-08-08,26.9,6.1,AP
2017-08-09,27.1,3.7,AP
2017-08-10,27.3,0.0,AP
2017-08-11,27.1,0.0,AP
2017-08-12,27.5,1.0,AP
2017-08-13,27.8,0.0,AP
2017-08-14,27.8,0.1,AP
2017-08-15,27.8,0.1,AP
2017-08-16,27.7,0.5,AP
2017-08-17,27.9,0.4,AP
2017-08-18,28.0,0.3,AP
2017-08-19,28.0,0.1,AP
2017-08-20,28.1,0.9,AP
2017-08-21,27.5,5.1,AP
2017-08-22,27.7,0.1,AP
2017-08-23,28.1,0.0,AP
2017-08-24,27.8,1.2,AP
2017-08-25,27.8,1.6,AP
2017-08-26,28.2,0.0,AP
2017-08-27,27.6,2.1,AP
2017-08-28,28.2,0.2,AP
2017-08-29,28.0,0.3,AP
2017-08-30,28.1,0.9,AP
2017-08-31,28.3,0.0,AP
2017-09-01,28.5,0.1,AP
2017-09-02,28.5,0.2,AP
2017-09-03,27.4,1.7,AP
2017-09-04,28.0,0.4,AP
2017-09-05,28.5,0.0,AP
2017-09-06,27.9,1.4,AP
2017-09-07,27.9,2.1,AP
2017-09-08,28.4,0.0,AP
2017-09-09,28.3,0.1,AP
2017-09-10,28.2,0.3,AP
2017-09-11,28.1,0.1,AP
2017-09-12,28.4,0.6,AP
2017-09-13,28.7,0.6,AP
2017-09-14,28.7,0.1,AP
2017-09-15,28.6,0.0,AP
2017-09-16,27.1,2.1,AP
2017-09-17,27.6,8.0,AP
2017-09-18,28.5,0.3,AP
2017-09-19,28.5,0.0,AP
2017-09-20,28.2,1.2,AP
2017-09-21,28.1,0.8,AP
2017-09-22,28.5,0.4,AP
2017-09-23,28.7,0.0,AP
2017-09-24,28.5,0.1,AP
2017-09-25,28.5,0.1,AP
2017-09-26,28.4,0.5,AP
2017-09-27,28.5,0.5,AP
2017-09-28,28.3,0.2,AP
2017-09-29,28.4,0.4,AP
2017-09-30,28.3,0.6,AP
2017-10-01,28.3,0.1,AP
2017-10-02,28.5,0.2,AP
2017-10-03,28.5,0.8,AP
2017-10-04,28.2,0.6,AP
2017-10-05,28.5,0.3,AP
2017-10-06,28.5,0.1,AP
2017-10-07,28.6,0.2,AP
2017-10-08,28.3,1.9,AP
2017-10-09,28.3,0.6,AP
2017-10-10,28.5,0.2,AP
2017-10-11,27.6,3.5,AP
2017-10-12,28.3,2.5,AP
2017-10-13,28.4,0.3,AP
2017-10-14,28.2,1.5,AP
2017-10-15,28.6,0.2,AP
2017-10-16,28.4,0.4,AP
2017-10-17,28.4,0.0,AP
2017-10-18,27.8,3.1,AP
2017-10-19,28.2,1.5,AP
2017-10-20,28.1,0.7,AP
2017-10-21,28.3,0.6,AP
2017-10-22,28.1,0.4,AP
2017-10-23,28.3,0.0,AP
2017-10-24,28.9,0.1,AP
2017-10-25,28.6,0.4,AP
2017-10-26,28.2,0.9,AP
2017-10-27,28.2,0.8,AP
2017-10-28,28.5,0.6,AP
2017-10-29,28.3,0.7,AP
2017-10-30,28.4,0.0,AP
2017-10-31,28.5,0.4,AP
2017-11-01,28.0,2.8,AP
2017-11-02,28.5,0.1,AP
2017-11-03,28.7,0.5,AP
2017-11-04,28.4,0.2,AP
2017-11-05,28.5,0.1,AP
2017-11-06,28.4,0.2,AP
2017-11-07,28.3,0.7,AP
2017-11-08,28.4,0.0,AP
2017-11-09,28.6,0.8,AP
2017-11-10,28.5,1.8,AP
2017-11-11,28.4,0.9,AP
2017-11-12,28.5,0.0,AP
2017-11-13,28.5,0.0,AP
2017-11-14,28.4,0.4,AP
2017-11-15,28.7,0.4,AP
2017-11-16,28.6,1.4,AP
2017-11-17,28.4,0.1,AP
2017-11-18,28.3,0.0,AP
2017-11-19,28.1,0.0,AP
2017-11-20,28.3,0.0,AP
2017-11-21,28.2,0.0,AP
2017-11-22,28.1,0.8,AP
2017-11-23,28.0,3.4,AP
2017-11-24,28.5,0.9,AP
2017-11-25,28.0,0.7,AP
2017-11-26,28.0,1.4,AP
2017-11-27,28.2,1.3,AP
2017-11-28,28.2,0.9,AP
2017-11-29,28.4,0.1,AP
2017-11-30,28.5,0.0,AP
2017-12-01,28.4,0.7,AP
2017-12-02,28.6,1.3,AP
2017-12-03,28.3,0.6,AP
2017-12-04,28.5,0.2,AP
2017-12-05,28.4,0.2,AP
2017-12-06,28.5,0.3,AP
2017-12-07,28.0,1.6,AP
2017-12-08,28.2,0.5,AP
2017-12-09,27.8,1.2,AP
2017-12-10,27.7,1.0,AP
2017-12-11,27.9,0.8,AP
2017-12-12,27.9,0.1,AP
2017-12-13,26.9,3.5,AP
2017-12-14,26.0,6.3,AP
2017-12-15,25.3,6.6,AP
2017-12-16,25.2,17.4,AP
2017-12-17,25.6,3.9,AP
2017-12-18,26.0,5.6,AP
2017-12-19,25.7,3.6,AP
2017-12-20,26.9,2.6,AP
2017-12-21,26.6,2.3,AP
2017-12-22,26.6,1.9,AP
2017-12-23,26.4,1.0,AP
2017-12-24,25.3,12.4,AP
2017-12-25,24.9,3.6,AP
2017-12-26,25.4,7.3,AP
2017-12-27,25.6,7.5,AP
2017-12-28,25.7,12.4,AP
2017-12-29,26.0,9.2,AP
2017-12-30,25.8,6.2,AP
2017-12-31,26.8,1.0,AP
2018-01-01,26.2,3.1,AP
2018-01-02,26.6,1.0,AP
2018-01-03,26.2,10.5,AP
2018-01-04,26.7,1.1,AP
2018-01-05,26.6,1.7,AP
2018-01-06,25.7,3.1,AP
2018-01-07,24.0,26.0,AP
2018-01-08,24.3,25.4,AP
2018-01-09,24.3,21.1,AP
2018-01-10,25.3,8.6,AP
2018-01-11,25.5,4.4,AP
2018-01-12,25.2,5.3,AP
2018-01-13,25.0,0.6,AP
2018-01-14,25.7,5.0,AP
2018-01-15,25.2,15.1,AP
2018-01-16,25.7,4.3,AP
2018-01-17,26.5,4.0,AP
2018-01-18,25.7,11.0,AP
2018-01-19,25.2,8.5,AP
2018-01-20,25.1,15.6,AP
2018-01-21,25.7,2.9,AP
2018-01-22,25.3,6.4,AP
2018-01-23,25.5,6.8,AP
2018-01-24,25.2,10.6,AP
2018-01-25,24.3,10.6,AP
2018-01-26,24.6,4.1,AP
2018-01-27,25.1,15.8,AP
2018-01-28,25.0,6.4,AP
2018-01-29,25.2,10.9,AP
2018-01-30,25.4,14.1,AP
2018-01-31,25.8,31.3,AP
2018-02-01,25.6,16.1,AP
2018-02-02,24.4,40.2,AP
2018-02-03,24.9,11.4,AP
2018-02-04,26.0,2.0,AP
2018-02-05,26.5,0.0,AP
2018-02-06,26.6,0.2,AP
2018-02-07,25.5,4.6,AP
2018-02-08,24.2,25.6,AP
2018-02-09,24.2,36.2,AP
2018-02-10,25.1,5.0,AP
2018-02-11,25.2,6.1,AP
2018-02-12,24.7,10.2,AP
2018-02-13,24.6,19.1,AP
2018-02-14,24.6,10.7,AP
2018-02-15,25.9,0.5,AP
2018-02-16,26.0,2.3,AP
2018-02-17,25.9,2.8,AP
2018-02-18,24.4,20.2,AP
2018-02-19,24.7,13.0,AP
2018-02-20,24.4,46.5,AP
2018-02-21,23.2,46.4,AP
2018-02-22,23.4,21.4,AP
2018-02-23,23.7,11.4,AP
2018-02-24,24.0,33.7,AP
2018-02-25,24.4,21.8,AP
2018-02-26,25.5,5.2,AP
2018-02-27,25.3,9.3,AP
2018-02-28,25.4,7.9,AP
2018-03-01,26.1,0.9,AP
2018-03-02,26.5,3.6,AP
2018-03-03,25.7,3.2,AP
2018-03-04,25.5,15.4,AP
2018-03-05,26.3,2.1,AP
2018-03-06,26.6,10.3,AP
2018-03-07,26.9,2.2,AP
2018-03-08,25.7,4.7,AP
2018-03-09,25.6,4.4,AP
2018-03-10,25.9,5.1,AP
2018-03-11,25.5,11.2,AP
2018-03-12,25.8,6.8,AP
2018-03-13,26.0,4.2,AP
2018-03-14,25.9,9.1,AP
2018-03-15,24.6,10.4,AP
2018-03-16,26.0,3.6,AP
2018-03-17,25.9,21.2,AP
2018-03-18,26.2,1.5,AP
2018-03-19,26.4,1.3,AP
2018-03-20,27.1,0.3,AP
2018-03-21,25.6,12.9,AP
2018-03-22,25.5,8.3,AP
2018-03-23,25.4,10.0,AP
2018-03-24,24.9,22.2,AP
2018-03-25,23.9,27.1,AP
2018-03-26,25.4,1.9,AP
2018-03-27,25.5,4.4,AP
2018-03-28,24.5,52.6,AP
2018-03-29,24.9,13.6,AP
2018-03-30,25.0,17.6,AP
2018-03-31,24.9,12.8,AP
2018-04-01,25.7,10.6,AP
2018-04-02,25.2,20.7,AP
2018-04-03,24.4,14.1,AP
2018-04-04,24.7,8.0,AP
2018-04-05,24.6,18.3,AP
2018-04-06,24.2,40.7,AP
2018-04-07,23.6,55.5,AP
2018-04-08,25.1,5.1,AP
2018-04-09,24.8,15.5,AP
2018-04-10,23.2,53.4,AP
2018-04-11,24.5,10.8,AP
2018-04-12,24.3,8.3,AP
2018-04-13,25.0,7.6,AP
2018-04-14,25.6,6.1,AP
2018-04-15,25.4,7.8,AP
2018-04-16,25.1,9.6,AP
2018-04-17,25.0,15.4,AP
2018-04-18,25.1,30.2,AP
2018-04-19,25.9,2.6,AP
2018-04-20,26.0,3.4,AP
2018-04-21,26.3,1.7,AP
2018-04-22,25.0,28.1,AP
2018-04-23,25.2,18.4,AP
2018-04-24,24.1,40.3,AP
2018-04-25,25.5,16.5,AP
2018-04-26,26.1,10.3,AP
2018-04-27,26.0,2.1,AP
2018-04-28,25.4,14.1,AP
2018-04-29,24.7,29.0,AP
2018-04-30,24.7,17.2,AP
2018-05-01,24.9,9.5,AP
2018-05-02,24.6,13.1,AP
2018-05-03,24.6,20.7,AP
2018-05-04,25.0,18.9,AP
2018-05-05,24.8,17.9,AP
2018-05-06,25.3,18.9,AP
2018-05-07,24.6,16.8,AP
2018-05-08,24.8,38.7,AP
2018-05-09,24.2,25.9,AP
2018-05-10,24.9,22.4,AP
2018-05-11,25.2,10.7,AP
2018-05-12,24.9,22.6,AP
2018-05-13,25.5,17.1,AP
2018-05-14,25.0,35.0,AP
2018-05-15,25.0,23.4,AP
2018-05-16,25.5,5.5,AP
2018-05-17,26.3,2.3,AP
2018-05-18,26.2,4.8,AP
2018-05-19,25.8,7.2,AP
2018-05-20,25.8,4.6,AP
2018-05-21,25.5,3.5,AP
2018-05-22,24.9,37.2,AP
2018-05-23,25.0,15.5,AP
2018-05-24,25.8,3.5,AP
2018-05-25,26.6,3.5,AP
2018-05-26,25.3,14.7,AP
2018-05-27,25.4,4.9,AP
2018-05-28,24.4,32.3,AP
2018-05-29,24.8,42.2,AP
2018-05-30,25.1,5.0,AP
2018-05-31,26.2,3.0,AP
2018-06-01,26.4,7.1,AP
2018-06-02,26.0,22.7,AP
2018-06-03,26.2,9.7,AP
2018-06-04,27.2,1.3,AP
2018-06-05,26.0,8.7,AP
2018-06-06,25.4,9.4,AP
2018-06-07,26.1,4.2,AP
2018-06-08,26.0,13.2,AP
2018-06-09,26.7,5.2,AP
2018-06-10,26.8,1.7,AP
2018-06-11,27.1,2.1,AP
2018-06-12,27.4,1.7,AP
2018-06-13,26.2,4.4,AP
2018-06-14,25.8,3.8,AP
2018-06-15,25.9,6.1,AP
2018-06-16,25.9,8.1,AP
2018-06-17,25.7,20.0,AP
2018-06-18,26.2,5.9,AP
2018-06-19,25.9,2.7,AP
2018-06-20,25.8,5.2,AP
2018-06-21,25.9,8.4,AP
2018-06-22,25.8,3.7,AP
2018-06-23,25.4,9.9,AP
2018-06-24,25.1,18.7,AP
2018-06-25,25.7,5.3,AP
2018-06-26,25.7,0.9,AP
2018-06-27,26.2,1.4,AP
2018-06-28,25.8,4.8,AP
2018-06-29,25.5,7.9,AP
2018-06-30,24.8,21.2,AP
2018-07-01,25.4,5.5,AP
2018-07-02,25.4,1.6,AP
2018-07-03,25.6,2.7,AP
2018-07-04,24.8,8.4,AP
2018-07-05,25.6,4.8,AP
2018-07-06,25.5,12.5,AP
2018-07-07,26.3,1.6,AP
2018-07-08,26.9,0.5,AP
2018-07-09,26.1,1.3,AP
2018-07-10,25.7,11.0,AP
2018-07-11,25.8,7.6,AP
2018-07-12,26.7,0.9,AP
2018-07-13,26.4,3.5,AP
2018-07-14,25.4,14.9,AP
2018-07-15,25.7,13.2,AP
2018-07-16,26.4,1.1,AP
2018-07-17,26.7,2.1,AP
2018-07-18,26.2,9.9,AP
2018-07-19,26.9,0.1,AP
2018-07-20,27.0,0.9,AP
2018-07-21,27.2,1.1,AP
2018-07-22,27.0,0.9,AP
2018-07-23,26.8,6.0,AP
2018-07-24,25.2,19.6,AP
2018-07-25,25.9,9.7,AP
2018-07-26,26.3,7.6,AP
2018-07-27,26.2,9.2,AP
2018-07-28,26.4,2.1,AP
2018-07-29,26.3,8.7,AP
2018-07-30,25.9,11.1,AP
2018-07-31,27.1,1.1,AP
2018-08-01,26.8,0.6,AP
2018-08-02,26.2,2.5,AP
2018-08-03,26.0,4.7,AP
2018-08-04,26.2,1.6,AP
2018-08-05,26.1,1.2,AP
2018-08-06,26.0,0.1,AP
2018-08-07,25.9,2.6,AP
2018-08-08,26.1,1.9,AP
2018-08-09,26.9,0.1,AP
2018-08-10,27.1,0.0,AP
2018-08-11,27.2,0.1,AP
2018-08-12,27.0,1.2,AP
2018-08-13,26.8,0.2,AP
2018-08-14,26.4,0.0,AP
2018-08-15,26.4,0.0,AP
2018-08-16,26.9,1.2,AP
2018-08-17,27.0,0.5,AP
2018-08-18,26.3,4.0,AP
2018-08-19,26.9,1.0,AP
2018-08-20,27.2,0.4,AP
2018-08-21,27.0,1.4,AP
2018-08-22,27.6,0.1,AP
2018-08-23,27.2,0.0,AP
2018-08-24,27.3,0.2,AP
2018-08-25,27.5,0.4,AP
2018-08-26,27.6,0.3,AP
2018-08-27,27.6,0.0,AP
2018-08-28,27.1,5.8,AP
2018-08-29,27.4,1.4,AP
2018-08-30,27.6,0.2,AP
2018-08-31,27.7,2.0,AP
2018-09-01,27.4,8.8,AP
2018-09-02,27.8,0.5,AP
2018-09-03,28.1,0.3,AP
2018-09-04,27.9,0.0,AP
2018-09-05,28.0,0.3,AP
2018-09-06,28.1,0.3,AP
2018-09-07,27.8,0.3,AP
2018-09-08,26.8,2.1,AP
2018-09-09,26.8,3.2,AP
2018-09-10,27.8,1.4,AP
2018-09-11,28.2,0.5,AP
2018-09-12,27.5,7.8,AP
2018-09-13,28.0,0.8,AP
2018-09-14,28.0,0.5,AP
2018-09-15,27.8,0.0,AP
2018-09-16,27.9,0.4,AP
2018-09-17,27.9,0.0,AP
2018-09-18,27.9,0.0,AP
2018-09-19,27.9,0.2,AP
2018-09-20,28.3,0.2,AP
2018-09-21,28.1,0.9,AP
2018-09-22,27.9,1.5,AP
2018-09-23,28.3,0.3,AP
2018-09-24,28.3,0.3,AP
2018-09-25,28.1,0.0,AP
2018-09-26,28.2,0.7,AP
2018-09-27,28.4,1.0,AP
2018-09-28,28.1,0.6,AP
2018-09-29,28.1,0.0,AP
2018-09-30,28.1,0.0,AP
2018-10-01,28.2,0.3,AP
2018-10-02,28.3,0.0,AP
2018-10-03,28.1,0.7,AP
2018-10-04,28.6,0.0,AP
2018-10-05,28.3,0.1,AP
2018-10-06,28.2,0.1,AP
2018-10-07,27.9,0.3,AP
2018-10-08,28.1,0.6,AP
2018-10-09,28.2,0.0,AP
2018-10-10,28.2,0.0,AP
2018-10-11,28.1,0.2,AP
2018-10-12,28.2,0.2,AP
2018-10-13,28.3,0.0,AP
2018-10-14,28.3,0.0,AP
2018-10-15,28.3,0.1,AP
2018-10-16,28.5,0.2,AP
2018-10-17,28.2,1.7,AP
2018-10-18,27.8,2.6,AP
2018-10-19,28.6,0.0,AP
2018-10-20,28.5,0.1,AP
2018-10-21,28.5,0.0,AP
2018-10-22,28.6,0.0,AP
2018-10-23,28.4,0.6,AP
2018-10-24,28.5,0.5,AP
2018-10-25,28.6,0.4,AP
2018-10-26,28.8,0.0,AP
2018-10-27,28.8,0.3,AP
2018-10-28,28.8,0.1,AP
2018-10-29,28.9,0.5,AP
2018-10-30,29.0,0.1,AP
2018-10-31,28.5,1.0,AP
2016-09-01,27.4,1.0,AM
2016-09-02,26.0,7.1,AM
2016-09-03,24.7,12.9,AM
2016-09-04,25.9,9.6,AM
2016-09-05,26.6,0.7,AM
2016-09-06,24.9,37.0,AM
2016-09-07,26.0,4.4,AM
2016-09-08,26.9,0.0,AM
2016-09-09,26.7,4.1,AM
2016-09-10,27.2,1.2,AM
2016-09-11,27.4,1.4,AM
2016-09-12,26.7,9.5,AM
2016-09-13,27.2,5.4,AM
2016-09-14,28.7,0.1,AM
2016-09-15,27.3,3.6,AM
2016-09-16,25.9,8.9,AM
2016-09-17,26.5,2.2,AM
2016-09-18,26.1,12.0,AM
2016-09-19,27.1,0.7,AM
2016-09-20,26.6,2.8,AM
2016-09-21,27.5,0.2,AM
2016-09-22,27.5,2.5,AM
2016-09-23,27.1,1.9,AM
2016-09-24,27.4,1.9,AM
2016-09-25,27.4,6.9,AM
2016-09-26,27.7,5.8,AM
2016-09-27,26.4,4.2,AM
2016-09-28,28.2,0.2,AM
2016-09-29,26.5,17.2,AM
2016-09-30,27.2,1.8,AM
2016-10-01,26.8,6.9,AM
2016-10-02,27.8,0.0,AM
2016-10-03,28.5,0.1,AM
2016-10-04,28.2,1.7,AM
2016-10-05,28.2,1.2,AM
2016-10-06,27.9,6.1,AM
2016-10-07,28.1,0.3,AM
2016-10-08,27.9,14.4,AM
2016-10-09,26.2,22.1,AM
2016-10-10,28.0,0.8,AM
2016-10-11,28.6,1.3,AM
2016-10-12,28.5,0.0,AM
2016-10-13,28.0,2.5,AM
2016-10-14,28.8,0.5,AM
2016-10-15,29.3,0.1,AM
2016-10-16,29.4,0.0,AM
2016-10-17,29.5,0.1,AM
2016-10-18,29.1,1.1,AM
2016-10-19,29.0,0.2,AM
2016-10-20,29.7,0.0,AM
2016-10-21,29.7,1.8,AM
2016-10-22,27.1,11.2,AM
2016-10-23,26.8,8.5,AM
2016-10-24,27.3,0.1,AM
2016-10-25,27.9,0.3,AM
2016-10-26,28.6,3.2,AM
2016-10-27,27.8,4.6,AM
2016-10-28,25.8,22.4,AM
2016-10-29,26.6,5.8,AM
2016-10-30,26.1,19.4,AM
2016-10-31,25.8,7.7,AM
2016-11-01,27.1,0.4,AM
2016-11-02,28.4,0.1,AM
2016-11-03,27.3,9.1,AM
2016-11-04,26.9,1.8,AM
2016-11-05,26.0,12.3,AM
2016-11-06,26.5,4.1,AM
2016-11-07,27.0,1.6,AM
2016-11-08,26.5,14.6,AM
2016-11-09,27.5,1.9,AM
2016-11-10,28.1,0.3,AM
2016-11-11,28.3,1.9,AM
2016-11-12,28.8,0.6,AM
2016-11-13,28.4,0.3,AM
2016-11-14,28.2,2.8,AM
2016-11-15,28.8,2.1,AM
2016-11-16,29.0,0.3,AM
2016-11-17,26.5,14.6,AM
2016-11-18,27.3,0.0,AM
2016-11-19,27.7,0.3,AM
2016-11-20,27.9,4.8,AM
2016-11-21,26.9,6.4,AM
2016-11-22,25.9,10.3,AM
2016-11-23,26.6,12.8,AM
2016-11-24,26.2,10.6,AM
2016-11-25,27.5,3.2,AM
2016-11-26,28.4,0.0,AM
2016-11-27,28.4,0.3,AM
2016-11-28,28.7,0.7,AM
2016-11-29,28.9,0.0,AM
2016-11-30,29.2,0.1,AM
2016-12-01,28.7,0.3,AM
2016-12-02,28.3,3.2,AM
2016-12-03,27.1,9.1,AM
2016-12-04,26.6,11.2,AM
2016-12-05,26.7,4.6,AM
2016-12-06,27.4,1.5,AM
2016-12-07,28.4,2.6,AM
2016-12-08,27.1,5.3,AM
2016-12-09,27.8,5.8,AM
2016-12-10,27.0,9.7,AM
2016-12-11,25.5,22.8,AM
2016-12-12,25.7,7.8,AM
2016-12-13,26.8,6.1,AM
2016-12-14,26.9,5.7,AM
2016-12-15,25.4,12.5,AM
2016-12-16,24.9,54.8,AM
2016-12-17,25.2,31.2,AM
2016-12-18,24.9,17.1,AM
2016-12-19,25.9,8.9,AM
2016-12-20,26.0,12.1,AM
2016-12-21,26.0,22.3,AM
2016-12-22,25.0,18.8,AM
2016-12-23,25.7,6.6,AM
2016-12-24,27.0,5.7,AM
2016-12-25,26.1,14.2,AM
2016-12-26,26.0,14.4,AM
2016-12-27,24.9,26.1,AM
2016-12-28,26.1,4.0,AM
2016-12-29,26.7,10.3,AM
2016-12-30,25.2,13.7,AM
2016-12-31,24.8,20.2,AM
2017-01-01,25.6,4.5,AM
2017-01-02,26.3,5.7,AM
2017-01-03,25.7,23.8,AM
2017-01-04,26.0,11.4,AM
2017-01-05,26.2,8.2,AM
2017-01-06,27.2,6.2,AM
2017-01-07,26.5,22.2,AM
2017-01-08,25.9,23.7,AM
2017-01-09,26.1,11.4,AM
2017-01-10,26.6,3.3,AM
2017-01-11,26.6,7.4,AM
2017-01-12,25.8,25.1,AM
2017-01-13,25.5,11.8,AM
2017-01-14,25.8,4.8,AM
2017-01-15,26.9,1.0,AM
2017-01-16,26.6,3.1,AM
2017-01-17,24.7,29.5,AM
2017-01-18,25.9,1.0,AM
2017-01-19,26.7,0.0,AM
2017-01-20,27.4,0.4,AM
2017-01-21,26.5,8.9,AM
2017-01-22,25.2,44.9,AM
2017-01-23,26.3,5.1,AM
2017-01-24,27.2,0.1,AM
2017-01-25,27.5,0.6,AM
2017-01-26,26.9,2.2,AM
2017-01-27,25.9,36.7,AM
2017-01-28,25.3,33.8,AM
2017-01-29,25.3,13.3,AM
2017-01-30,25.4,13.2,AM
2017-01-31,24.9,22.0,AM
2017-02-01,24.9,13.5,AM
2017-02-02,26.0,2.0,AM
2017-02-03,25.4,19.0,AM
2017-02-04,25.8,6.5,AM
2017-02-05,26.0,6.0,AM
2017-02-06,26.3,5.4,AM
2017-02-07,26.6,6.6,AM
2017-02-08,25.8,9.3,AM
2017-02-09,24.8,22.6,AM
2017-02-10,26.1,2.3,AM
2017-02-11,26.8,5.0,AM
2017-02-12,26.2,4.1,AM
2017-02-13,27.0,2.9,AM
2017-02-14,26.4,3.3,AM
2017-02-15,25.8,16.5,AM
2017-02-16,24.6,43.7,AM
2017-02-17,26.1,0.8,AM
2017-02-18,26.9,1.9,AM
2017-02-19,26.9,6.9,AM
2017-02-20,25.7,16.5,AM
2017-02-21,25.6,10.1,AM
2017-02-22,25.4,36.1,AM
2017-02-23,26.9,0.5,AM
2017-02-24,25.7,24.2,AM
2017-02-25,25.4,11.3,AM
2017-02-26,26.0,6.5,AM
2017-02-27,25.2,27.2,AM
2017-02-28,25.6,5.2,AM
2017-03-01,26.3,0.8,AM
2017-03-02,27.5,0.8,AM
2017-03-03,27.2,2.4,AM
2017-03-04,26.8,4.7,AM
2017-03-05,26.2,15.7,AM
2017-03-06,25.7,13.7,AM
2017-03-07,25.9,11.2,AM
2017-03-08,25.6,22.0,AM
2017-03-09,25.7,14.0,AM
2017-03-10,25.8,5.9,AM
2017-03-11,25.7,10.4,AM
2017-03-12,25.9,10.0,AM
2017-03-13,25.8,10.4,AM
2017-03-14,26.0,0.9,AM
2017-03-15,26.3,2.8,AM
2017-03-16,25.6,3.8,AM
2017-03-17,25.6,11.0,AM
2017-03-18,26.1,37.5,AM
2017-03-19,24.1,61.6,AM
2017-03-20,24.7,8.9,AM
2017-03-21,25.3,10.8,AM
2017-03-22,26.7,0.2,AM
2017-03-23,27.8,6.6,AM
2017-03-24,26.5,19.3,AM
2017-03-25,26.2,11.8,AM
2017-03-26,26.6,1.4,AM
2017-03-27,27.1,1.8,AM
2017-03-28,27.7,1.5,AM
2017-03-29,26.5,3.1,AM
2017-03-30,27.1,4.8,AM
2017-03-31,27.1,2.8,AM
2017-04-01,26.4,26.2,AM
2017-04-02,26.1,11.9,AM
2017-04-03,26.8,3.2,AM
2017-04-04,27.7,0.2,AM
2017-04-05,26.4,4.3,AM
2017-04-06,25.8,6.1,AM
2017-04-07,26.3,0.1,AM
2017-04-08,26.2,1.7,AM
2017-04-09,26.5,0.9,AM
2017-04-10,26.4,6.8,AM
2017-04-11,26.9,2.4,AM
2017-04-12,27.0,2.7,AM
2017-04-13,26.7,5.1,AM
2017-04-14,26.4,1.8,AM
2017-04-15,26.2,9.3,AM
2017-04-16,25.1,26.7,AM
2017-04-17,25.5,10.2,AM
2017-04-18,25.7,9.7,AM
2017-04-19,26.2,1.0,AM
2017-04-20,27.1,0.2,AM
2017-04-21,26.7,11.7,AM
2017-04-22,27.1,3.6,AM
2017-04-23,26.6,5.6,AM
2017-04-24,27.6,0.8,AM
2017-04-25,26.8,9.5,AM
2017-04-26,27.0,1.3,AM
2017-04-27,28.0,0.8,AM
2017-04-28,26.1,17.8,AM
2017-04-29,25.9,20.5,AM
2017-04-30,25.9,8.4,AM
2017-05-01,27.2,1.0,AM
2017-05-02,26.4,17.6,AM
2017-05-03,26.4,7.3,AM
2017-05-04,26.9,14.1,AM
2017-05-05,26.4,1.2,AM
2017-05-06,27.4,1.7,AM
2017-05-07,27.0,3.7,AM
2017-05-08,26.5,10.1,AM
2017-05-09,26.8,0.8,AM
2017-05-10,27.3,0.7,AM
2017-05-11,27.0,2.3,AM
2017-05-12,27.1,1.6,AM
2017-05-13,26.9,7.6,AM
2017-05-14,27.6,2.0,AM
2017-05-15,28.2,0.3,AM
2017-05-16,26.8,9.5,AM
2017-05-17,27.5,3.7,AM
2017-05-18,27.9,1.0,AM
2017-05-19,27.6,0.8,AM
2017-05-20,27.9,5.8,AM
2017-05-21,27.9,3.0,AM
2017-05-22,27.4,3.3,AM
2017-05-23,27.1,3.6,AM
2017-05-24,27.2,1.9,AM
2017-05-25,27.9,0.3,AM
2017-05-26,28.5,0.4,AM
2017-05-27,28.0,0.0,AM
2017-05-28,28.1,0.7,AM
2017-05-29,28.0,2.9,AM
2017-05-30,27.1,6.7,AM
2017-05-31,25.9,9.4,AM
2017-06-01,27.1,4.4,AM
2017-06-02,26.1,24.8,AM
2017-06-03,26.6,2.9,AM
2017-06-04,27.2,0.7,AM
2017-06-05,27.3,1.2,AM
2017-06-06,27.3,0.7,AM
2017-06-07,27.4,7.3,AM
2017-06-08,27.3,3.0,AM
2017-06-09,27.7,0.5,AM
2017-06-10,28.0,0.4,AM
2017-06-11,28.1,0.4,AM
2017-06-12,27.0,4.1,AM
2017-06-13,27.0,11.8,AM
2017-06-14,26.6,4.2,AM
2017-06-15,27.6,0.7,AM
2017-06-16,27.9,0.0,AM
2017-06-17,27.2,1.6,AM
2017-06-18,27.5,0.1,AM
2017-06-19,27.4,1.1,AM
2017-06-20,27.7,0.0,AM
2017-06-21,26.8,1.1,AM
2017-06-22,25.9,3.1,AM
2017-06-23,26.0,0.9,AM
2017-06-24,26.8,1.1,AM
2017-06-25,27.0,0.8,AM
2017-06-26,27.5,0.4,AM
2017-06-27,27.3,0.2,AM
2017-06-28,27.7,0.0,AM
2017-06-29,27.1,0.8,AM
2017-06-30,26.8,1.0,AM
2017-07-01,25.9,1.4,AM
2017-07-02,26.1,2.5,AM
2017-07-03,26.7,1.2,AM
2017-07-04,26.3,1.8,AM
2017-07-05,26.6,0.6,AM
2017-07-06,26.9,0.3,AM
2017-07-07,27.4,0.0,AM
2017-07-08,27.3,0.0,AM
2017-07-09,26.9,0.7,AM
2017-07-10,26.9,0.7,AM
2017-07-11,27.4,0.0,AM
2017-07-12,27.6,0.0,AM
2017-07-13,27.3,0.1,AM
2017-07-14,26.6,3.4,AM
2017-07-15,26.9,0.2,AM
2017-07-16,27.6,0.0,AM
2017-07-17,27.9,0.0,AM
2017-07-18,28.3,0.0,AM
2017-07-19,26.8,0.0,AM
2017-07-20,27.2,0.0,AM
2017-07-21,27.2,0.0,AM
2017-07-22,27.2,0.1,AM
2017-07-23,27.4,1.1,AM
2017-07-24,27.0,5.6,AM
2017-07-25,27.6,0.7,AM
2017-07-26,28.1,0.5,AM
2017-07-27,28.4,0.0,AM
2017-07-28,28.3,0.0,AM
2017-07-29,28.3,0.0,AM
2017-07-30,28.5,0.0,AM
2017-07-31,29.1,0.0,AM
2017-08-01,28.0,0.1,AM
2017-08-02,28.4,0.0,AM
2017-08-03,28.9,0.0,AM
2017-08-04,29.6,0.0,AM
2017-08-05,28.6,0.7,AM
2017-08-06,28.8,1.0,AM
2017-08-07,27.7,0.8,AM
2017-08-08,27.9,0.0,AM
2017-08-09,27.9,0.8,AM
2017-08-10,28.3,0.4,AM
2017-08-11,28.7,0.5,AM
2017-08-12,29.1,1.6,AM
2017-08-13,30.3,0.0,AM
2017-08-14,30.0,0.0,AM
2017-08-15,30.0,0.0,AM
2017-08-16,30.2,0.4,AM
2017-08-17,30.4,0.2,AM
2017-08-18,29.8,0.4,AM
2017-08-19,30.8,0.0,AM
2017-08-20,31.2,0.0,AM
2017-08-21,28.9,1.0,AM
2017-08-22,28.5,0.0,AM
2017-08-23,28.7,0.8,AM
2017-08-24,28.1,0.9,AM
2017-08-25,28.5,0.2,AM
2017-08-26,29.2,0.2,AM
2017-08-27,28.8,0.6,AM
2017-08-28,29.8,0.0,AM
2017-08-29,30.0,1.0,AM
2017-08-30,30.1,0.8,AM
2017-08-31,28.8,4.1,AM
2017-09-01,29.3,0.3,AM
2017-09-02,29.7,0.0,AM
2017-09-03,29.8,0.0,AM
2017-09-04,29.4,1.0,AM
2017-09-05,28.3,0.6,AM
2017-09-06,28.5,0.9,AM
2017-09-07,29.5,0.0,AM
2017-09-08,29.6,0.0,AM
2017-09-09,30.0,0.3,AM
2017-09-10,30.3,0.0,AM
2017-09-11,30.1,0.1,AM
2017-09-12,27.7,4.3,AM
2017-09-13,27.5,2.4,AM
2017-09-14,28.1,1.1,AM
2017-09-15,28.8,0.3,AM
2017-09-16,28.1,3.8,AM
2017-09-17,27.3,9.1,AM
2017-09-18,27.2,1.7,AM
2017-09-19,27.4,1.2,AM
2017-09-20,28.7,0.4,AM
2017-09-21,28.9,0.5,AM
2017-09-22,27.3,6.0,AM
2017-09-23,27.1,3.6,AM
2017-09-24,28.3,0.3,AM
2017-09-25,27.0,5.2,AM
2017-09-26,27.0,3.9,AM
2017-09-27,26.9,1.1,AM
2017-09-28,27.8,0.4,AM
2017-09-29,27.0,15.9,AM
2017-09-30,27.0,3.3,AM
2017-10-01,28.1,1.9,AM
2017-10-02,28.9,0.0,AM
2017-10-03,29.4,0.3,AM
2017-10-04,28.4,0.0,AM
2017-10-05,29.1,0.3,AM
2017-10-06,26.3,4.9,AM
2017-10-07,25.9,19.3,AM
2017-10-08,25.2,4.7,AM
2017-10-09,26.8,0.0,AM
2017-10-10,28.2,0.0,AM
2017-10-11,27.9,0.1,AM
2017-10-12,28.4,1.0,AM
2017-10-13,27.3,1.4,AM
2017-10-14,25.8,16.6,AM
2017-10-15,26.2,7.6,AM
2017-10-16,26.6,2.6,AM
2017-10-17,27.1,0.3,AM
2017-10-18,27.1,3.4,AM
2017-10-19,28.2,0.1,AM
2017-10-20,28.5,0.6,AM
2017-10-21,29.4,0.1,AM
2017-10-22,28.9,0.2,AM
2017-10-23,28.7,2.6,AM
2017-10-24,26.4,2.1,AM
2017-10-25,27.0,1.1,AM
2017-10-26,26.5,5.6,AM
2017-10-27,27.4,0.3,AM
2017-10-28,28.3,0.4,AM
2017-10-29,28.6,11.0,AM
2017-10-30,27.5,1.1,AM
2017-10-31,27.3,0.4,AM
2017-11-01,28.2,0.4,AM
2017-11-02,28.1,1.2,AM
2017-11-03,28.2,2.8,AM
2017-11-04,27.7,5.1,AM
2017-11-05,27.3,5.4,AM
2017-11-06,27.3,5.2,AM
2017-11-07,27.2,0.4,AM
2017-11-08,28.1,0.3,AM
2017-11-09,28.7,1.3,AM
2017-11-10,27.7,5.7,AM
2017-11-11,27.5,5.3,AM
2017-11-12,27.7,6.4,AM
2017-11-13,27.3,2.2,AM
2017-11-14,27.5,0.5,AM
2017-11-15,27.2,5.8,AM
2017-11-16,27.4,0.2,AM
2017-11-17,28.0,0.3,AM
2017-11-18,27.8,0.9,AM
2017-11-19,28.4,0.1,AM
2017-11-20,28.2,2.3,AM
2017-11-21,26.9,1.8,AM
2017-11-22,28.2,2.8,AM
2017-11-23,28.3,3.5,AM
2017-11-24,27.4,1.8,AM
2017-11-25,26.4,15.1,AM
2017-11-26,26.7,1.5,AM
2017-11-27,27.2,1.6,AM
2017-11-28,27.6,1.0,AM
2017-11-29,26.7,15.0,AM
2017-11-30,27.6,3.0,AM
2017-12-01,27.5,2.7,AM
2017-12-02,27.4,1.0,AM
2017-12-03,28.5,0.0,AM
2017-12-04,29.5,0.6,AM
2017-12-05,28.5,3.6,AM
2017-12-06,28.3,10.6,AM
2017-12-07,26.5,15.5,AM
2017-12-08,27.3,0.9,AM
2017-12-09,27.4,5.9,AM
2017-12-10,26.3,15.8,AM
2017-12-11,26.5,12.0,AM
2017-12-12,25.7,18.7,AM
2017-12-13,26.1,5.5,AM
2017-12-14,25.9,22.1,AM
2017-12-15,26.6,0.1,AM
2017-12-16,26.0,15.0,AM
2017-12-17,25.9,14.9,AM
2017-12-18,26.0,5.6,AM
2017-12-19,25.5,16.1,AM
2017-12-20,26.7,6.9,AM
2017-12-21,26.6,1.7,AM
2017-12-22,26.4,19.5,AM
2017-12-23,26.6,8.0,AM
2017-12-24,26.2,12.6,AM
2017-12-25,25.7,6.7,AM
2017-12-26,25.6,9.8,AM
2017-12-27,24.8,25.9,AM
2017-12-28,26.8,1.4,AM
2017-12-29,26.0,15.0,AM
2017-12-30,25.5,24.2,AM
2017-12-31,25.9,4.8,AM
2018-01-01,26.6,1.7,AM
2018-01-02,26.8,0.8,AM
2018-01-03,26.1,1.8,AM
2018-01-04,25.7,5.7,AM
2018-01-05,26.1,4.6,AM
2018-01-06,27.7,0.0,AM
2018-01-07,25.4,67.9,AM
2018-01-08,25.6,0.2,AM
2018-01-09,25.6,0.3,AM
2018-01-10,26.2,0.3,AM
2018-01-11,25.6,12.2,AM
2018-01-12,26.0,5.0,AM
2018-01-13,26.0,6.2,AM
2018-01-14,26.0,7.1,AM
2018-01-15,25.6,1.7,AM
2018-01-16,25.6,8.6,AM
2018-01-17,24.9,25.1,AM
2018-01-18,24.7,17.0,AM
2018-01-19,25.5,4.2,AM
2018-01-20,26.2,1.5,AM
2018-01-21,26.1,3.5,AM
2018-01-22,26.3,5.6,AM
2018-01-23,25.8,11.2,AM
2018-01-24,25.4,6.2,AM
2018-01-25,25.8,4.9,AM
2018-01-26,25.9,4.5,AM
2018-01-27,26.2,11.0,AM
2018-01-28,26.4,18.7,AM
2018-01-29,27.7,0.1,AM
2018-01-30,27.6,0.3,AM
2018-01-31,26.5,7.7,AM
2018-02-01,25.9,19.3,AM
2018-02-02,25.0,16.4,AM
2018-02-03,25.4,5.2,AM
2018-02-04,26.6,0.1,AM
2018-02-05,28.3,0.2,AM
2018-02-06,28.6,0.2,AM
2018-02-07,28.9,1.1,AM
2018-02-08,28.6,0.1,AM
2018-02-09,28.4,0.6,AM
2018-02-10,25.8,21.7,AM
2018-02-11,25.6,8.4,AM
2018-02-12,25.6,5.4,AM
2018-02-13,25.1,4.1,AM
2018-02-14,25.5,9.3,AM
2018-02-15,26.3,9.1,AM
2018-02-16,26.7,3.5,AM
2018-02-17,26.0,1.6,AM
2018-02-18,25.3,7.4,AM
2018-02-19,26.1,0.6,AM
2018-02-20,26.7,1.2,AM
2018-02-21,25.8,9.0,AM
2018-02-22,26.2,3.9,AM
2018-02-23,25.1,6.6,AM
2018-02-24,25.4,3.7,AM
2018-02-25,26.1,0.0,AM
2018-02-26,26.7,1.6,AM
2018-02-27,26.0,1.4,AM
2018-02-28,27.2,1.2,AM
2018-03-01,27.7,0.4,AM
2018-03-02,28.2,0.6,AM
2018-03-03,27.2,4.8,AM
2018-03-04,27.1,4.5,AM
2018-03-05,26.9,1.8,AM
2018-03-06,26.6,17.4,AM
2018-03-07,26.7,5.2,AM
2018-03-08,26.4,6.0,AM
2018-03-09,26.6,3.9,AM
2018-03-10,27.0,3.4,AM
2018-03-11,27.4,0.0,AM
2018-03-12,27.3,0.5,AM
2018-03-13,26.0,13.5,AM
2018-03-14,26.1,7.8,AM
2018-03-15,26.1,14.8,AM
2018-03-16,25.6,22.2,AM
2018-03-17,25.6,27.9,AM
2018-03-18,26.0,3.1,AM
2018-03-19,26.9,1.9,AM
2018-03-20,27.2,0.4,AM
2018-03-21,26.9,2.2,AM
2018-03-22,26.6,11.6,AM
2018-03-23,26.1,16.0,AM
2018-03-24,26.3,6.0,AM
2018-03-25,26.1,1.7,AM
2018-03-26,27.1,0.5,AM
2018-03-27,27.2,4.2,AM
2018-03-28,26.3,7.7,AM
2018-03-29,26.1,3.3,AM
2018-03-30,26.7,9.1,AM
2018-03-31,25.7,15.6,AM
2018-04-01,26.1,7.0,AM
2018-04-02,26.0,3.1,AM
2018-04-03,25.7,6.1,AM
2018-04-04,25.6,12.9,AM
2018-04-05,24.8,30.3,AM
2018-04-06,25.6,0.5,AM
2018-04-07,26.1,1.1,AM
2018-04-08,25.7,13.9,AM
2018-04-09,25.5,10.3,AM
2018-04-10,26.2,5.8,AM
2018-04-11,25.4,19.9,AM
2018-04-12,25.9,4.3,AM
2018-04-13,25.7,17.4,AM
2018-04-14,26.0,24.1,AM
2018-04-15,25.6,23.4,AM
2018-04-16,25.6,8.8,AM
2018-04-17,26.2,10.4,AM
2018-04-18,26.5,2.5,AM
2018-04-19,25.8,13.9,AM
2018-04-20,25.9,12.3,AM
2018-04-21,26.1,2.2,AM
2018-04-22,26.4,3.3,AM
2018-04-23,26.0,14.9,AM
2018-04-24,25.8,12.0,AM
2018-04-25,26.1,8.8,AM
2018-04-26,26.9,2.5,AM
2018-04-27,26.5,2.3,AM
2018-04-28,26.6,17.9,AM
2018-04-29,25.4,13.4,AM
2018-04-30,25.9,2.8,AM
2018-05-01,25.8,11.0,AM
2018-05-02,25.9,9.1,AM
2018-05-03,26.1,9.6,AM
2018-05-04,26.3,5.2,AM
2018-05-05,25.8,21.4,AM
2018-05-06,26.1,15.1,AM
2018-05-07,25.7,10.0,AM
2018-05-08,25.9,8.5,AM
2018-05-09,26.5,11.1,AM
2018-05-10,26.7,1.1,AM
2018-05-11,26.8,0.4,AM
2018-05-12,26.2,6.6,AM
2018-05-13,26.6,0.3,AM
2018-05-14,25.4,18.4,AM
2018-05-15,25.5,4.4,AM
2018-05-16,25.7,2.9,AM
2018-05-17,26.3,1.9,AM
2018-05-18,26.7,1.2,AM
2018-05-19,26.7,1.5,AM
2018-05-20,25.5,15.2,AM
2018-05-21,25.5,6.1,AM
2018-05-22,25.6,8.6,AM
2018-05-23,24.9,10.6,AM
2018-05-24,26.1,4.4,AM
2018-05-25,26.6,10.5,AM
2018-05-26,26.1,7.9,AM
2018-05-27,25.7,11.6,AM
2018-05-28,26.4,1.0,AM
2018-05-29,26.6,0.3,AM
2018-05-30,26.3,2.2,AM
2018-05-31,26.6,2.6,AM
2018-06-01,27.4,0.3,AM
2018-06-02,28.0,0.0,AM
2018-06-03,27.1,2.1,AM
2018-06-04,26.8,3.7,AM
2018-06-05,26.8,2.1,AM
2018-06-06,26.4,3.7,AM
2018-06-07,25.2,12.5,AM
2018-06-08,25.7,4.6,AM
2018-06-09,25.9,2.0,AM
2018-06-10,27.1,0.8,AM
2018-06-11,27.4,0.4,AM
2018-06-12,27.8,0.5,AM
2018-06-13,27.5,1.2,AM
2018-06-14,27.6,0.7,AM
2018-06-15,27.3,0.7,AM
2018-06-16,26.8,2.8,AM
2018-06-17,25.8,11.4,AM
2018-06-18,25.7,12.8,AM
2018-06-19,25.5,5.9,AM
2018-06-20,25.9,4.1,AM
2018-06-21,25.6,3.5,AM
2018-06-22,25.8,8.1,AM
2018-06-23,26.7,0.8,AM
2018-06-24,26.5,2.8,AM
2018-06-25,26.3,2.5,AM
2018-06-26,26.0,2.4,AM
2018-06-27,26.7,0.2,AM
2018-06-28,27.5,0.1,AM
2018-06-29,27.3,0.0,AM
2018-06-30,27.4,0.1,AM
2018-07-01,26.8,0.0,AM
2018-07-02,26.9,0.0,AM
2018-07-03,27.0,0.6,AM
2018-07-04,27.1,0.0,AM
2018-07-05,27.5,0.2,AM
2018-07-06,27.1,5.3,AM
2018-07-07,27.4,0.8,AM
2018-07-08,27.7,0.1,AM
2018-07-09,26.8,7.1,AM
2018-07-10,26.1,8.5,AM
2018-07-11,25.0,11.3,AM
2018-07-12,25.4,4.8,AM
2018-07-13,26.0,0.8,AM
2018-07-14,27.0,1.4,AM
2018-07-15,26.8,2.5,AM
2018-07-16,27.0,0.1,AM
2018-07-17,27.6,0.0,AM
2018-07-18,27.8,0.2,AM
2018-07-19,27.6,0.7,AM
2018-07-20,27.8,0.3,AM
2018-07-21,28.3,0.0,AM
2018-07-22,28.2,0.0,AM
2018-07-23,28.2,0.1,AM
2018-07-24,28.7,0.0,AM
2018-07-25,27.2,1.0,AM
2018-07-26,27.0,0.5,AM
2018-07-27,26.4,1.7,AM
2018-07-28,26.6,3.2,AM
2018-07-29,26.8,2.3,AM
2018-07-30,26.3,8.3,AM
2018-07-31,26.6,1.6,AM
2018-08-01,27.5,1.0,AM
2018-08-02,26.9,2.6,AM
2018-08-03,26.8,0.6,AM
2018-08-04,26.9,1.6,AM
2018-08-05,27.6,0.1,AM
2018-08-06,27.5,2.7,AM
2018-08-07,27.3,0.6,AM
2018-08-08,27.6,1.0,AM
2018-08-09,28.2,0.6,AM
2018-08-10,27.6,1.2,AM
2018-08-11,27.2,8.7,AM
2018-08-12,27.7,0.5,AM
2018-08-13,27.4,2.3,AM
2018-08-14,27.4,0.7,AM
2018-08-15,28.1,0.8,AM
2018-08-16,28.2,0.0,AM
2018-08-17,27.6,2.0,AM
2018-08-18,27.5,3.5,AM
2018-08-19,27.1,5.4,AM
2018-08-20,27.7,2.9,AM
2018-08-21,27.3,1.9,AM
2018-08-22,27.2,1.1,AM
2018-08-23,26.7,3.8,AM
2018-08-24,27.6,0.1,AM
2018-08-25,28.9,0.1,AM
2018-08-26,27.7,1.1,AM
2018-08-27,27.3,2.2,AM
2018-08-28,26.5,1.2,AM
2018-08-29,26.9,0.8,AM
2018-08-30,27.8,1.0,AM
2018-08-31,28.6,0.1,AM
2018-09-01,29.5,0.0,AM
2018-09-02,29.5,0.2,AM
2018-09-03,29.8,0.0,AM
2018-09-04,28.3,1.1,AM
2018-09-05,27.9,0.9,AM
2018-09-06,26.6,6.9,AM
2018-09-07,28.1,0.1,AM
2018-09-08,27.9,2.8,AM
2018-09-09,26.5,14.7,AM
2018-09-10,26.4,1.6,AM
2018-09-11,27.3,1.2,AM
2018-09-12,27.1,2.0,AM
2018-09-13,27.1,3.1,AM
2018-09-14,26.6,1.1,AM
2018-09-15,28.2,1.7,AM
2018-09-16,29.0,0.4,AM
2018-09-17,29.0,0.1,AM
2018-09-18,29.7,0.0,AM
2018-09-19,29.4,0.1,AM
2018-09-20,29.1,0.3,AM
2018-09-21,29.8,0.4,AM
2018-09-22,29.9,0.2,AM
2018-09-23,30.1,0.5,AM
2018-09-24,29.8,1.0,AM
2018-09-25,29.2,0.1,AM
2018-09-26,28.8,0.6,AM
2018-09-27,28.6,1.8,AM
2018-09-28,28.5,2.4,AM
2018-09-29,29.5,0.0,AM
2018-09-30,29.8,0.3,AM
2018-10-01,30.6,0.0,AM
2018-10-02,30.3,0.5,AM
2018-10-03,29.8,0.2,AM
2018-10-04,30.5,0.8,AM
2018-10-05,31.2,0.7,AM
2018-10-06,31.0,0.0,AM
2018-10-07,31.0,0.0,AM
2018-10-08,29.5,6.0,AM
2018-10-09,30.7,7.1,AM
2018-10-10,30.5,0.1,AM
2018-10-11,28.4,3.3,AM
2018-10-12,27.2,1.7,AM
2018-10-13,28.0,1.5,AM
2018-10-14,28.8,0.4,AM
2018-10-15,30.1,0.4,AM
2018-10-16,31.0,0.0,AM
2018-10-17,30.5,0.0,AM
2018-10-18,30.4,2.4,AM
2018-10-19,27.3,27.9,AM
2018-10-20,27.3,2.5,AM
2018-10-21,28.8,0.1,AM
2018-10-22,28.5,3.9,AM
2018-10-23,28.9,1.1,AM
2018-10-24,30.0,0.9,AM
2018-10-25,30.6,0.0,AM
2018-10-26,30.6,0.0,AM
2018-10-27,30.0,0.4,AM
2018-10-28,29.0,0.7,AM
2018-10-29,29.8,0.1,AM
2018-10-30,29.8,0.5,AM
2018-10-31,29.9,1.8,AM
2016-09-01,24.2,0.8,BA
2016-09-02,23.6,3.3,BA
2016-09-03,23.6,2.9,BA
2016-09-04,23.2,4.4,BA
2016-09-05,23.8,2.0,BA
2016-09-06,23.9,0.4,BA
2016-09-07,24.1,1.3,BA
2016-09-08,24.4,0.0,BA
2016-09-09,24.1,0.8,BA
2016-09-10,23.4,6.7,BA
2016-09-11,23.7,5.1,BA
2016-09-12,23.5,1.3,BA
2016-09-13,24.2,0.5,BA
2016-09-14,23.8,2.5,BA
2016-09-15,24.5,0.5,BA
2016-09-16,25.0,1.2,BA
2016-09-17,24.2,1.7,BA
2016-09-18,24.6,0.6,BA
2016-09-19,24.6,0.0,BA
2016-09-20,25.1,0.0,BA
2016-09-21,25.6,0.0,BA
2016-09-22,24.9,0.9,BA
2016-09-23,23.9,14.8,BA
2016-09-24,24.0,4.2,BA
2016-09-25,24.6,1.3,BA
2016-09-26,25.3,0.5,BA
2016-09-27,25.2,0.1,BA
2016-09-28,24.4,1.6,BA
2016-09-29,24.7,3.1,BA
2016-09-30,25.4,0.0,BA
2016-10-01,25.3,1.0,BA
2016-10-02,25.0,0.9,BA
2016-10-03,24.5,4.4,BA
2016-10-04,24.8,1.5,BA
2016-10-05,25.4,0.0,BA
2016-10-06,25.8,0.7,BA
2016-10-07,26.8,0.8,BA
2016-10-08,25.8,1.6,BA
2016-10-09,25.8,0.8,BA
2016-10-10,25.4,1.2,BA
2016-10-11,25.4,0.5,BA
2016-10-12,24.4,4.9,BA
2016-10-13,24.7,2.9,BA
2016-10-14,25.4,1.1,BA
2016-10-15,25.3,0.0,BA
2016-10-16,25.0,3.0,BA
2016-10-17,24.5,2.2,BA
2016-10-18,25.1,0.5,BA
2016-10-19,25.5,0.0,BA
2016-10-20,25.6,0.0,BA
2016-10-21,25.6,0.2,BA
2016-10-22,25.7,0.5,BA
2016-10-23,25.5,0.5,BA
2016-10-24,25.2,1.6,BA
2016-10-25,25.6,0.0,BA
2016-10-26,25.4,0.0,BA
2016-10-27,25.7,0.0,BA
2016-10-28,26.1,0.0,BA
2016-10-29,26.1,0.2,BA
2016-10-30,25.7,1.5,BA
2016-10-31,25.8,0.1,BA
2016-11-01,26.0,0.0,BA
2016-11-02,25.7,1.1,BA
2016-11-03,25.9,0.3,BA
2016-11-04,24.7,3.4,BA
2016-11-05,24.5,4.7,BA
2016-11-06,24.2,4.8,BA
2016-11-07,24.4,3.8,BA
2016-11-08,24.8,1.9,BA
2016-11-09,25.8,0.0,BA
2016-11-10,25.9,0.1,BA
2016-11-11,25.9,0.6,BA
2016-11-12,26.1,2.5,BA
2016-11-13,26.2,0.6,BA
2016-11-14,26.1,1.2,BA
2016-11-15,26.8,0.0,BA
2016-11-16,26.9,0.6,BA
2016-11-17,26.9,0.0,BA
2016-11-18,26.7,0.0,BA
2016-11-19,26.5,4.0,BA
2016-11-20,24.5,28.7,BA
2016-11-21,24.6,11.4,BA
2016-11-22,25.5,0.6,BA
2016-11-23,26.0,0.0,BA
2016-11-24,26.4,0.0,BA
2016-11-25,26.1,0.0,BA
2016-11-26,25.8,0.0,BA
2016-11-27,26.2,0.0,BA
2016-11-28,26.2,0.0,BA
2016-11-29,26.3,0.0,BA
2016-11-30,26.7,0.0,BA
2016-12-01,26.6,0.6,BA
2016-12-02,25.4,10.2,BA
2016-12-03,26.0,3.0,BA
2016-12-04,27.0,0.0,BA
2016-12-05,27.4,0.0,BA
2016-12-06,27.2,0.0,BA
2016-12-07,27.1,0.0,BA
2016-12-08,27.0,0.0,BA
2016-12-09,26.7,0.0,BA
2016-12-10,26.6,0.0,BA
2016-12-11,27.0,0.0,BA
2016-12-12,27.4,0.0,BA
2016-12-13,27.3,0.0,BA
2016-12-14,27.0,0.0,BA
2016-12-15,26.8,0.9,BA
2016-12-16,26.4,0.8,BA
2016-12-17,25.2,4.9,BA
2016-12-18,25.5,2.8,BA
2016-12-19,25.3,4.2,BA
2016-12-20,25.1,9.7,BA
2016-12-21,26.1,3.0,BA
2016-12-22,26.4,0.8,BA
2016-12-23,25.6,6.6,BA
2016-12-24,26.1,1.5,BA
2016-12-25,25.8,0.9,BA
2016-12-26,26.7,0.2,BA
2016-12-27,26.7,0.3,BA
2016-12-28,26.5,0.1,BA
2016-12-29,26.3,0.7,BA
2016-12-30,25.8,1.5,BA
2016-12-31,26.3,0.1,BA
2017-01-01,26.7,0.8,BA
2017-01-02,26.8,0.1,BA
2017-01-03,27.1,0.1,BA
2017-01-04,27.4,1.1,BA
2017-01-05,27.4,0.1,BA
2017-01-06,26.7,0.4,BA
2017-01-07,26.4,2.4,BA
2017-01-08,26.4,0.7,BA
2017-01-09,26.6,0.1,BA
2017-01-10,27.1,1.7,BA
2017-01-11,27.3,1.5,BA
2017-01-12,27.2,0.8,BA
2017-01-13,27.3,0.0,BA
2017-01-14,27.0,0.4,BA
2017-01-15,27.3,0.4,BA
2017-01-16,27.1,0.4,BA
2017-01-17,26.1,1.3,BA
2017-01-18,27.1,0.9,BA
2017-01-19,27.5,0.2,BA
2017-01-20,27.0,1.0,BA
2017-01-21,26.6,1.2,BA
2017-01-22,27.1,1.1,BA
2017-01-23,27.6,0.6,BA
2017-01-24,27.7,1.3,BA
2017-01-25,27.3,0.9,BA
2017-01-26,27.2,0.4,BA
2017-01-27,27.2,1.4,BA
2017-01-28,27.4,1.3,BA
2017-01-29,26.7,3.5,BA
2017-01-30,26.9,2.3,BA
2017-01-31,27.1,0.1,BA
2017-02-01,27.5,0.4,BA
2017-02-02,27.8,0.8,BA
2017-02-03,27.6,0.3,BA
2017-02-04,27.8,0.3,BA
2017-02-05,27.5,0.2,BA
2017-02-06,27.6,0.3,BA
2017-02-07,27.6,0.4,BA
2017-02-08,27.8,0.4,BA
2017-02-09,27.4,1.0,BA
2017-02-10,27.2,1.1,BA
2017-02-11,27.4,0.1,BA
2017-02-12,26.9,3.1,BA
2017-02-13,26.6,2.9,BA
2017-02-14,27.4,0.4,BA
2017-02-15,27.3,0.9,BA
2017-02-16,27.3,0.9,BA
2017-02-17,26.8,1.0,BA
2017-02-18,27.3,0.6,BA
2017-02-19,27.2,0.4,BA
2017-02-20,25.9,9.5,BA
2017-02-21,25.8,7.5,BA
2017-02-22,26.9,1.7,BA
2017-02-23,26.6,1.8,BA
2017-02-24,27.0,0.5,BA
2017-02-25,27.0,0.8,BA
2017-02-26,27.3,0.1,BA
2017-02-27,26.7,2.5,BA
2017-02-28,26.9,2.6,BA
2017-03-01,27.5,0.2,BA
2017-03-02,27.2,0.9,BA
2017-03-03,27.0,1.1,BA
2017-03-04,27.2,0.0,BA
2017-03-05,27.4,0.4,BA
2017-03-06,27.6,0.4,BA
2017-03-07,27.6,1.4,BA
2017-03-08,27.7,0.0,BA
2017-03-09,27.6,0.2,BA
2017-03-10,27.2,1.6,BA
2017-03-11,27.5,1.1,BA
2017-03-12,27.2,2.2,BA
2017-03-13,27.1,1.5,BA
2017-03-14,27.2,1.6,BA
2017-03-15,26.8,6.9,BA
2017-03-16,26.3,9.4,BA
2017-03-17,25.7,11.8,BA
2017-03-18,26.7,1.1,BA
2017-03-19,27.1,1.2,BA
2017-03-20,27.3,1.7,BA
2017-03-21,27.4,0.0,BA
2017-03-22,26.9,3.0,BA
2017-03-23,27.2,2.2,BA
2017-03-24,27.2,0.5,BA
2017-03-25,27.4,0.2,BA
2017-03-26,27.8,1.0,BA
2017-03-27,27.9,0.4,BA
2017-03-28,27.7,0.1,BA
2017-03-29,27.2,0.7,BA
2017-03-30,26.1,12.0,BA
2017-03-31,26.7,3.5,BA
2017-04-01,27.1,3.4,BA
2017-04-02,25.5,19.2,BA
2017-04-03,25.6,7.5,BA
2017-04-04,26.0,3.8,BA
2017-04-05,26.9,1.4,BA
2017-04-06,26.4,1.3,BA
2017-04-07,26.8,0.9,BA
2017-04-08,26.3,2.9,BA
2017-04-09,26.8,2.0,BA
2017-04-10,26.1,3.6,BA
2017-04-11,27.0,3.4,BA
2017-04-12,26.9,0.0,BA
2017-04-13,27.3,0.2,BA
2017-04-14,26.8,3.2,BA
2017-04-15,26.1,10.0,BA
2017-04-16,26.2,6.9,BA
2017-04-17,26.8,1.7,BA
2017-04-18,26.8,0.5,BA
2017-04-19,26.1,2.4,BA
2017-04-20,25.5,8.5,BA
2017-04-21,25.4,24.9,BA
2017-04-22,26.4,1.3,BA
2017-04-23,26.9,0.5,BA
2017-04-24,27.0,1.5,BA
2017-04-25,26.0,3.1,BA
2017-04-26,25.8,4.2,BA
2017-04-27,26.2,1.3,BA
2017-04-28,26.5,1.2,BA
2017-04-29,26.6,1.8,BA
2017-04-30,26.5,2.4,BA
2017-05-01,26.1,2.2,BA
2017-05-02,25.5,15.4,BA
2017-05-03,25.3,57.6,BA
2017-05-04,25.3,14.1,BA
2017-05-05,24.9,6.6,BA
2017-05-06,26.1,2.3,BA
2017-05-07,26.1,0.3,BA
2017-05-08,26.0,0.3,BA
2017-05-09,26.2,0.7,BA
2017-05-10,26.2,0.5,BA
2017-05-11,26.1,0.3,BA
2017-05-12,24.6,5.7,BA
2017-05-13,25.0,7.8,BA
2017-05-14,25.3,1.9,BA
2017-05-15,25.9,0.0,BA
2017-05-16,26.2,0.8,BA
2017-05-17,25.3,16.4,BA
2017-05-18,24.5,97.7,BA
2017-05-19,25.7,1.4,BA
2017-05-20,26.1,1.3,BA
2017-05-21,26.3,0.7,BA
2017-05-22,25.9,5.1,BA
2017-05-23,26.2,0.3,BA
2017-05-24,26.2,1.1,BA
2017-05-25,25.6,3.0,BA
2017-05-26,25.2,2.7,BA
2017-05-27,24.5,6.9,BA
2017-05-28,25.6,0.3,BA
2017-05-29,25.1,1.6,BA
2017-05-30,24.2,2.1,BA
2017-05-31,24.6,3.5,BA
2017-06-01,25.4,0.3,BA
2017-06-02,25.6,1.0,BA
2017-06-03,25.7,1.6,BA
2017-06-04,25.6,3.0,BA
2017-06-05,25.0,6.2,BA
2017-06-06,25.3,3.0,BA
2017-06-07,25.5,2.6,BA
2017-06-08,25.5,1.5,BA
2017-06-09,25.4,1.8,BA
2017-06-10,25.0,1.2,BA
2017-06-11,25.4,1.9,BA
2017-06-12,25.6,0.2,BA
2017-06-13,25.3,2.5,BA
2017-06-14,25.3,1.2,BA
2017-06-15,25.1,1.5,BA
2017-06-16,25.6,0.4,BA
2017-06-17,24.7,8.5,BA
2017-06-18,24.5,4.0,BA
2017-06-19,24.4,2.6,BA
2017-06-20,24.2,4.1,BA
2017-06-21,24.0,4.3,BA
2017-06-22,24.5,5.7,BA
2017-06-23,24.3,4.2,BA
2017-06-24,22.9,11.8,BA
2017-06-25,23.5,14.9,BA
2017-06-26,24.3,4.7,BA
2017-06-27,24.2,3.2,BA
2017-06-28,23.8,7.6,BA
2017-06-29,24.5,2.3,BA
2017-06-30,24.3,4.7,BA
2017-07-01,24.7,1.1,BA
2017-07-02,24.6,2.3,BA
2017-07-03,23.3,6.3,BA
2017-07-04,23.3,2.2,BA
2017-07-05,23.6,0.8,BA
2017-07-06,23.6,1.9,BA
2017-07-07,23.8,2.5,BA
2017-07-08,23.6,4.0,BA
2017-07-09,24.0,2.1,BA
2017-07-10,23.3,8.0,BA
2017-07-11,24.2,1.7,BA
2017-07-12,23.5,3.1,BA
2017-07-13,23.9,2.8,BA
2017-07-14,23.1,4.0,BA
2017-07-15,23.7,2.7,BA
2017-07-16,23.4,3.0,BA
2017-07-17,23.8,1.4,BA
2017-07-18,23.4,2.0,BA
2017-07-19,22.9,2.8,BA
2017-07-20,23.5,4.5,BA
2017-07-21,24.4,0.0,BA
2017-07-22,24.0,0.4,BA
2017-07-23,23.8,2.8,BA
2017-07-24,23.5,5.2,BA
2017-07-25,23.6,1.7,BA
2017-07-26,23.1,3.3,BA
2017-07-27,23.6,4.2,BA
2017-07-28,23.4,1.7,BA
2017-07-29,23.1,4.8,BA
2017-07-30,22.3,5.6,BA
2017-07-31,22.5,3.2,BA
2017-08-01,22.9,1.7,BA
2017-08-02,23.2,2.1,BA
2017-08-03,23.6,0.1,BA
2017-08-04,23.2,0.0,BA
2017-08-05,23.6,3.7,BA
2017-08-06,23.7,3.8,BA
2017-08-07,23.0,1.8,BA
2017-08-08,23.2,1.5,BA
2017-08-09,23.4,0.7,BA
2017-08-10,23.6,0.8,BA
2017-08-11,23.6,2.6,BA
2017-08-12,23.5,3.4,BA
2017-08-13,23.2,2.4,BA
2017-08-14,23.0,1.3,BA
2017-08-15,22.9,0.6,BA
2017-08-16,23.1,0.0,BA
2017-08-17,23.3,1.9,BA
2017-08-18,23.5,2.3,BA
2017-08-19,23.8,0.2,BA
2017-08-20,24.2,0.4,BA
2017-08-21,24.1,0.9,BA
2017-08-22,23.9,4.5,BA
2017-08-23,23.9,2.4,BA
2017-08-24,24.0,0.7,BA
2017-08-25,22.9,4.3,BA
2017-08-26,22.5,5.3,BA
2017-08-27,23.1,2.3,BA
2017-08-28,23.5,0.0,BA
2017-08-29,23.6,0.1,BA
2017-08-30,23.8,1.0,BA
2017-08-31,24.0,0.0,BA
2017-09-01,24.0,2.4,BA
2017-09-02,23.2,4.0,BA
2017-09-03,22.2,13.3,BA
2017-09-04,23.5,2.2,BA
2017-09-05,23.4,3.3,BA
2017-09-06,23.7,2.5,BA
2017-09-07,23.8,2.3,BA
2017-09-08,23.6,2.0,BA
2017-09-09,23.9,0.7,BA
2017-09-10,24.2,0.3,BA
2017-09-11,23.7,3.0,BA
2017-09-12,23.9,2.9,BA
2017-09-13,24.0,1.5,BA
2017-09-14,23.7,3.1,BA
2017-09-15,23.7,2.5,BA
2017-09-16,23.4,3.5,BA
2017-09-17,23.9,3.5,BA
2017-09-18,23.9,4.0,BA
2017-09-19,23.7,4.2,BA
2017-09-20,23.9,1.1,BA
2017-09-21,23.7,4.3,BA
2017-09-22,23.9,2.8,BA
2017-09-23,23.6,2.8,BA
2017-09-24,23.8,1.0,BA
2017-09-25,24.0,1.4,BA
2017-09-26,24.0,2.7,BA
2017-09-27,24.3,2.2,BA
2017-09-28,24.8,0.0,BA
2017-09-29,24.5,5.2,BA
2017-09-30,24.7,0.1,BA
2017-10-01,24.7,0.2,BA
2017-10-02,24.9,0.6,BA
2017-10-03,25.3,0.5,BA
2017-10-04,25.2,0.2,BA
2017-10-05,24.7,3.2,BA
2017-10-06,24.5,2.1,BA
2017-10-07,24.6,0.5,BA
2017-10-08,24.4,2.1,BA
2017-10-09,24.2,2.2,BA
2017-10-10,24.6,1.4,BA
2017-10-11,24.6,0.0,BA
2017-10-12,24.9,1.3,BA
2017-10-13,24.7,2.1,BA
2017-10-14,24.7,1.0,BA
2017-10-15,25.3,0.0,BA
2017-10-16,25.1,1.5,BA
2017-10-17,24.2,3.5,BA
2017-10-18,23.6,9.7,BA
2017-10-19,24.9,1.1,BA
2017-10-20,25.7,0.2,BA
2017-10-21,25.9,0.5,BA
2017-10-22,25.6,0.9,BA
2017-10-23,25.3,1.0,BA
2017-10-24,25.5,1.1,BA
2017-10-25,25.2,2.2,BA
2017-10-26,25.4,1.4,BA
2017-10-27,25.6,1.3,BA
2017-10-28,25.5,1.3,BA
2017-10-29,25.9,0.3,BA
2017-10-30,25.8,0.1,BA
2017-10-31,26.2,0.4,BA
2017-11-01,26.3,0.4,BA
2017-11-02,25.6,7.0,BA
2017-11-03,24.2,30.7,BA
2017-11-04,25.0,1.9,BA
2017-11-05,25.2,0.7,BA
2017-11-06,25.7,1.5,BA
2017-11-07,25.6,0.4,BA
2017-11-08,25.4,1.6,BA
2017-11-09,25.1,1.0,BA
2017-11-10,25.4,1.9,BA
2017-11-11,26.0,1.4,BA
2017-11-12,26.3,1.1,BA
2017-11-13,26.2,4.3,BA
2017-11-14,25.7,19.1,BA
2017-11-15,25.5,3.4,BA
2017-11-16,25.1,2.5,BA
2017-11-17,25.1,2.0,BA
2017-11-18,25.3,3.8,BA
2017-11-19,25.6,1.3,BA
2017-11-20,25.9,0.0,BA
2017-11-21,25.8,2.0,BA
2017-11-22,25.8,0.1,BA
2017-11-23,26.2,0.8,BA
2017-11-24,26.0,1.0,BA
2017-11-25,25.3,3.2,BA
2017-11-26,25.5,1.5,BA
2017-11-27,25.7,1.3,BA
2017-11-28,25.7,0.1,BA
2017-11-29,25.8,0.9,BA
2017-11-30,26.2,0.6,BA
2017-12-01,26.8,0.6,BA
2017-12-02,26.8,0.4,BA
2017-12-03,26.8,0.6,BA
2017-12-04,26.8,0.3,BA
2017-12-05,27.1,0.0,BA
2017-12-06,26.9,0.1,BA
2017-12-07,26.8,0.0,BA
2017-12-08,27.1,0.3,BA
2017-12-09,27.4,9.2,BA
2017-12-10,25.8,24.4,BA
2017-12-11,26.6,4.5,BA
2017-12-12,26.7,1.4,BA
2017-12-13,26.4,0.3,BA
2017-12-14,26.3,0.0,BA
2017-12-15,25.6,1.2,BA
2017-12-16,25.9,4.8,BA
2017-12-17,25.5,5.3,BA
2017-12-18,25.3,6.0,BA
2017-12-19,26.0,4.6,BA
2017-12-20,25.5,2.1,BA
2017-12-21,25.8,1.0,BA
2017-12-22,26.3,0.6,BA
2017-12-23,26.3,0.8,BA
2017-12-24,26.5,0.0,BA
2017-12-25,26.4,0.1,BA
2017-12-26,26.8,0.0,BA
2017-12-27,26.9,0.0,BA
2017-12-28,27.0,0.0,BA
2017-12-29,26.8,1.3,BA
2017-12-30,27.1,0.8,BA
2017-12-31,27.3,0.9,BA
2018-01-01,27.2,0.0,BA
2018-01-02,27.3,0.0,BA
2018-01-03,27.5,0.0,BA
2018-01-04,27.6,0.4,BA
2018-01-05,27.2,1.5,BA
2018-01-06,26.9,2.5,BA
2018-01-07,26.8,1.6,BA
2018-01-08,26.9,1.6,BA
2018-01-09,26.1,3.2,BA
2018-01-10,26.0,6.3,BA
2018-01-11,26.1,1.1,BA
2018-01-12,26.1,2.0,BA
2018-01-13,26.7,2.7,BA
2018-01-14,26.9,0.7,BA
2018-01-15,27.0,0.8,BA
2018-01-16,27.2,0.1,BA
2018-01-17,27.1,1.0,BA
2018-01-18,26.9,2.3,BA
2018-01-19,27.1,2.0,BA
2018-01-20,26.9,1.6,BA
2018-01-21,27.3,0.0,BA
2018-01-22,26.8,2.2,BA
2018-01-23,27.3,1.1,BA
2018-01-24,27.0,1.5,BA
2018-01-25,26.9,0.1,BA
2018-01-26,27.3,0.8,BA
2018-01-27,27.1,3.1,BA
2018-01-28,27.3,1.5,BA
2018-01-29,27.1,0.0,BA
2018-01-30,27.4,2.4,BA
2018-01-31,28.0,1.2,BA
2018-02-01,27.7,0.0,BA
2018-02-02,27.6,1.3,BA
2018-02-03,27.6,0.1,BA
2018-02-04,27.9,0.5,BA
2018-02-05,27.6,2.2,BA
2018-02-06,27.6,1.1,BA
2018-02-07,27.2,1.6,BA
2018-02-08,27.3,0.4,BA
2018-02-09,27.8,0.1,BA
2018-02-10,27.3,1.4,BA
2018-02-11,26.9,0.9,BA
2018-02-12,26.9,0.9,BA
2018-02-13,27.1,2.2,BA
2018-02-14,26.9,2.2,BA
2018-02-15,26.1,6.5,BA
2018-02-16,26.8,0.9,BA
2018-02-17,26.7,1.8,BA
2018-02-18,26.9,0.1,BA
2018-02-19,27.2,0.2,BA
2018-02-20,27.4,0.0,BA
2018-02-21,27.4,0.1,BA
2018-02-22,27.5,1.7,BA
2018-02-23,27.7,0.0,BA
2018-02-24,27.5,1.3,BA
2018-02-25,27.2,2.0,BA
2018-02-26,26.4,0.9,BA
2018-02-27,27.2,1.3,BA
2018-02-28,27.4,1.5,BA
2018-03-01,27.3,1.1,BA
2018-03-02,26.7,1.2,BA
2018-03-03,27.1,1.9,BA
2018-03-04,27.5,0.0,BA
2018-03-05,27.8,0.0,BA
2018-03-06,28.5,0.2,BA
2018-03-07,28.7,1.0,BA
2018-03-08,28.1,1.2,BA
2018-03-09,27.9,0.9,BA
2018-03-10,28.1,0.6,BA
2018-03-11,28.2,0.0,BA
2018-03-12,28.7,4.6,BA
2018-03-13,28.2,1.7,BA
2018-03-14,27.8,0.9,BA
2018-03-15,27.4,0.8,BA
2018-03-16,27.5,0.1,BA
2018-03-17,27.3,2.4,BA
2018-03-18,27.4,1.7,BA
2018-03-19,27.4,0.7,BA
2018-03-20,27.4,0.2,BA
2018-03-21,27.6,0.8,BA
2018-03-22,27.7,0.4,BA
2018-03-23,26.2,8.8,BA
2018-03-24,25.3,17.8,BA
2018-03-25,26.7,5.1,BA
2018-03-26,25.5,5.3,BA
2018-03-27,26.4,2.7,BA
2018-03-28,26.0,8.9,BA
2018-03-29,26.6,2.4,BA
2018-03-30,26.1,1.8,BA
2018-03-31,26.5,1.0,BA
2018-04-01,26.4,1.4,BA
2018-04-02,26.5,0.8,BA
2018-04-03,26.9,0.3,BA
2018-04-04,26.9,0.0,BA
2018-04-05,26.7,2.4,BA
2018-04-06,27.2,0.1,BA
2018-04-07,27.1,0.1,BA
2018-04-08,26.9,2.1,BA
2018-04-09,26.1,3.2,BA
2018-04-10,26.4,2.5,BA
2018-04-11,25.0,10.0,BA
2018-04-12,25.7,11.1,BA
2018-04-13,26.8,1.8,BA
2018-04-14,26.0,2.6,BA
2018-04-15,26.6,1.6,BA
2018-04-16,26.3,3.4,BA
2018-04-17,25.7,3.4,BA
2018-04-18,24.9,19.0,BA
2018-04-19,25.1,32.3,BA
2018-04-20,25.0,24.6,BA
2018-04-21,25.9,3.9,BA
2018-04-22,26.2,0.3,BA
2018-04-23,26.0,2.2,BA
2018-04-24,25.3,6.7,BA
2018-04-25,24.9,8.6,BA
2018-04-26,25.5,4.9,BA
2018-04-27,25.7,4.6,BA
2018-04-28,26.0,1.5,BA
2018-04-29,25.7,4.6,BA
2018-04-30,25.7,4.8,BA
2018-05-01,25.6,3.1,BA
2018-05-02,26.1,6.1,BA
2018-05-03,26.3,2.0,BA
2018-05-04,26.2,3.1,BA
2018-05-05,25.1,10.3,BA
2018-05-06,24.7,9.8,BA
2018-05-07,24.7,8.8,BA
2018-05-08,25.2,3.8,BA
2018-05-09,25.4,2.1,BA
2018-05-10,25.2,3.5,BA
2018-05-11,24.7,3.2,BA
2018-05-12,25.3,1.4,BA
2018-05-13,25.5,1.0,BA
2018-05-14,25.2,3.8,BA
2018-05-15,26.0,3.7,BA
2018-05-16,24.8,9.9,BA
2018-05-17,25.7,0.7,BA
2018-05-18,25.6,1.8,BA
2018-05-19,25.6,0.4,BA
2018-05-20,25.3,0.0,BA
2018-05-21,25.9,0.9,BA
2018-05-22,25.4,4.6,BA
2018-05-23,25.2,3.5,BA
2018-05-24,26.0,1.5,BA
2018-05-25,25.1,4.8,BA
2018-05-26,24.7,29.3,BA
2018-05-27,25.3,3.3,BA
2018-05-28,23.5,23.4,BA
2018-05-29,23.9,13.8,BA
2018-05-30,23.6,11.2,BA
2018-05-31,23.5,7.6,BA
2018-06-01,24.1,7.7,BA
2018-06-02,24.5,13.3,BA
2018-06-03,25.2,8.9,BA
2018-06-04,24.7,7.3,BA
2018-06-05,23.8,14.1,BA
2018-06-06,25.4,0.2,BA
2018-06-07,25.1,0.2,BA
2018-06-08,25.1,0.5,BA
2018-06-09,24.9,2.3,BA
2018-06-10,25.2,1.7,BA
2018-06-11,24.9,2.2,BA
2018-06-12,24.5,3.9,BA
2018-06-13,24.6,2.7,BA
2018-06-14,24.5,1.6,BA
2018-06-15,25.1,0.6,BA
2018-06-16,24.0,3.7,BA
2018-06-17,25.1,2.2,BA
2018-06-18,25.5,0.7,BA
2018-06-19,25.0,2.0,BA
2018-06-20,24.8,0.2,BA
2018-06-21,24.2,3.4,BA
2018-06-22,24.5,1.4,BA
2018-06-23,24.3,2.0,BA
2018-06-24,24.9,0.7,BA
2018-06-25,24.3,3.1,BA
2018-06-26,24.1,1.9,BA
2018-06-27,23.8,1.9,BA
2018-06-28,24.5,2.7,BA
2018-06-29,24.2,2.7,BA
2018-06-30,23.5,2.3,BA
2018-07-01,23.9,2.7,BA
2018-07-02,23.8,3.2,BA
2018-07-03,24.0,1.6,BA
2018-07-04,24.3,1.2,BA
2018-07-05,24.6,2.4,BA
2018-07-06,24.3,3.1,BA
2018-07-07,24.5,0.8,BA
2018-07-08,24.0,1.7,BA
2018-07-09,24.4,0.0,BA
2018-07-10,23.4,2.1,BA
2018-07-11,23.9,0.6,BA
2018-07-12,24.2,2.9,BA
2018-07-13,24.4,2.2,BA
2018-07-14,24.4,0.3,BA
2018-07-15,24.3,0.4,BA
2018-07-16,24.4,2.3,BA
2018-07-17,24.4,2.5,BA
2018-07-18,24.3,1.9,BA
2018-07-19,24.1,2.9,BA
2018-07-20,24.2,1.6,BA
2018-07-21,23.9,3.4,BA
2018-07-22,24.4,0.0,BA
2018-07-23,24.2,2.6,BA
2018-07-24,24.0,2.5,BA
2018-07-25,24.3,1.1,BA
2018-07-26,24.0,0.5,BA
2018-07-27,24.1,0.4,BA
2018-07-28,23.4,2.8,BA
2018-07-29,23.7,0.6,BA
2018-07-30,23.4,1.7,BA
2018-07-31,24.1,2.2,BA
2018-08-01,24.4,0.0,BA
2018-08-02,24.6,0.0,BA
2018-08-03,24.3,0.4,BA
2018-08-04,24.3,2.2,BA
2018-08-05,24.9,0.0,BA
2018-08-06,24.8,2.0,BA
2018-08-07,24.7,1.2,BA
2018-08-08,24.5,4.4,BA
2018-08-09,24.6,0.0,BA
2018-08-10,24.8,0.6,BA
2018-08-11,24.9,0.3,BA
2018-08-12,25.2,0.0,BA
2018-08-13,25.6,0.4,BA
2018-08-14,24.0,4.1,BA
2018-08-15,24.2,4.3,BA
2018-08-16,24.7,2.1,BA
2018-08-17,24.7,3.3,BA
2018-08-18,24.7,0.9,BA
2018-08-19,24.3,6.3,BA
2018-08-20,23.3,8.0,BA
2018-08-21,24.5,4.8,BA
2018-08-22,24.5,1.1,BA
2018-08-23,24.4,0.9,BA
2018-08-24,24.4,2.4,BA
2018-08-25,24.4,2.3,BA
2018-08-26,24.1,1.9,BA
2018-08-27,23.4,6.1,BA
2018-08-28,23.3,6.5,BA
2018-08-29,23.9,1.6,BA
2018-08-30,23.8,1.1,BA
2018-08-31,24.0,1.3,BA
2018-09-01,23.8,0.6,BA
2018-09-02,24.0,1.2,BA
2018-09-03,24.0,0.4,BA
2018-09-04,24.5,2.3,BA
2018-09-05,25.0,0.2,BA
2018-09-06,24.8,2.4,BA
2018-09-07,23.2,6.7,BA
2018-09-08,23.0,7.3,BA
2018-09-09,23.8,1.6,BA
2018-09-10,23.9,2.3,BA
2018-09-11,24.2,1.5,BA
2018-09-12,24.5,0.0,BA
2018-09-13,24.3,0.5,BA
2018-09-14,24.0,1.5,BA
2018-09-15,24.7,1.5,BA
2018-09-16,25.4,0.4,BA
2018-09-17,25.4,1.8,BA
2018-09-18,25.4,0.5,BA
2018-09-19,25.8,0.4,BA
2018-09-20,25.3,2.8,BA
2018-09-21,25.2,1.2,BA
2018-09-22,25.3,0.5,BA
2018-09-23,25.5,2.5,BA
2018-09-24,25.3,1.0,BA
2018-09-25,25.5,0.6,BA
2018-09-26,25.2,1.9,BA
2018-09-27,25.5,0.8,BA
2018-09-28,25.7,0.2,BA
2018-09-29,25.9,0.7,BA
2018-09-30,25.7,1.3,BA
2018-10-01,25.7,1.8,BA
2018-10-02,25.6,1.9,BA
2018-10-03,25.6,0.9,BA
2018-10-04,26.1,0.1,BA
2018-10-05,25.7,0.2,BA
2018-10-06,25.2,2.9,BA
2018-10-07,25.4,2.2,BA
2018-10-08,25.8,1.2,BA
2018-10-09,25.9,0.6,BA
2018-10-10,26.1,0.0,BA
2018-10-11,26.1,0.2,BA
2018-10-12,26.2,0.4,BA
2018-10-13,25.7,0.8,BA
2018-10-14,26.2,1.1,BA
2018-10-15,26.4,0.2,BA
2018-10-16,26.7,0.2,BA
2018-10-17,26.0,1.8,BA
2018-10-18,26.4,0.0,BA
2018-10-19,26.7,0.5,BA
2018-10-20,26.6,0.9,BA
2018-10-21,24.7,20.9,BA
2018-10-22,24.6,2.8,BA
2018-10-23,24.9,7.2,BA
2018-10-24,25.6,1.5,BA
2018-10-25,25.7,0.9,BA
2018-10-26,26.1,1.0,BA
2018-10-27,26.6,0.6,BA
2018-10-28,26.5,0.5,BA
2018-10-29,26.8,0.4,BA
2018-10-30,26.6,0.7,BA
2018-10-31,26.3,1.3,BA
2016-09-01,27.2,0.0,CE
2016-09-02,27.3,0.0,CE
2016-09-03,26.9,0.0,CE
2016-09-04,27.0,0.0,CE
2016-09-05,27.2,0.0,CE
2016-09-06,27.0,0.0,CE
2016-09-07,27.0,0.0,CE
2016-09-08,26.8,0.0,CE
2016-09-09,26.6,0.0,CE
2016-09-10,26.9,0.0,CE
2016-09-11,26.8,0.1,CE
2016-09-12,26.9,0.0,CE
2016-09-13,26.9,0.0,CE
2016-09-14,27.0,0.0,CE
2016-09-15,26.8,0.1,CE
2016-09-16,26.9,0.3,CE
2016-09-17,26.8,0.2,CE
2016-09-18,26.5,0.6,CE
2016-09-19,26.6,0.0,CE
2016-09-20,26.8,0.0,CE
2016-09-21,27.0,0.4,CE
2016-09-22,27.0,0.0,CE
2016-09-23,26.9,0.0,CE
2016-09-24,26.9,0.0,CE
2016-09-25,26.8,0.0,CE
2016-09-26,26.9,0.0,CE
2016-09-27,27.0,0.0,CE
2016-09-28,26.9,0.4,CE
2016-09-29,26.9,0.0,CE
2016-09-30,27.1,0.0,CE
2016-10-01,26.8,2.5,CE
2016-10-02,27.1,0.0,CE
2016-10-03,27.3,0.0,CE
2016-10-04,27.4,0.0,CE
2016-10-05,27.4,0.0,CE
2016-10-06,27.1,0.0,CE
2016-10-07,27.1,0.0,CE
2016-10-08,27.2,0.0,CE
2016-10-09,27.5,0.0,CE
2016-10-10,27.4,0.0,CE
2016-10-11,27.4,0.0,CE
2016-10-12,27.4,0.0,CE
2016-10-13,26.9,0.7,CE
2016-10-14,27.4,0.0,CE
2016-10-15,27.7,0.0,CE
2016-10-16,27.5,0.0,CE
2016-10-17,27.4,0.0,CE
2016-10-18,27.3,0.0,CE
2016-10-19,27.5,0.0,CE
2016-10-20,27.5,0.2,CE
2016-10-21,27.0,1.5,CE
2016-10-22,27.0,0.8,CE
2016-10-23,27.4,0.0,CE
2016-10-24,27.2,0.2,CE
2016-10-25,27.2,0.3,CE
2016-10-26,27.2,0.8,CE
2016-10-27,27.2,0.0,CE
2016-10-28,27.2,0.0,CE
2016-10-29,27.4,0.0,CE
2016-10-30,27.6,0.3,CE
2016-10-31,27.5,0.1,CE
2016-11-01,27.6,0.0,CE
2016-11-02,27.7,0.0,CE
2016-11-03,27.8,0.0,CE
2016-11-04,27.8,0.0,CE
2016-11-05,27.6,0.0,CE
2016-11-06,27.7,0.0,CE
2016-11-07,27.6,0.0,CE
2016-11-08,27.4,0.4,CE
2016-11-09,27.1,0.5,CE
2016-11-10,27.2,0.5,CE
2016-11-11,27.2,0.0,CE
2016-11-12,27.2,0.1,CE
2016-11-13,27.1,0.0,CE
2016-11-14,27.3,0.0,CE
2016-11-15,27.1,1.3,CE
2016-11-16,26.9,0.5,CE
2016-11-17,27.2,0.0,CE
2016-11-18,27.5,0.0,CE
2016-11-19,27.2,0.0,CE
2016-11-20,27.3,0.0,CE
2016-11-21,27.5,0.0,CE
2016-11-22,27.6,0.4,CE
2016-11-23,27.5,0.0,CE
2016-11-24,27.7,0.1,CE
2016-11-25,27.6,0.5,CE
2016-11-26,27.8,0.0,CE
2016-11-27,27.7,0.0,CE
2016-11-28,27.8,0.0,CE
2016-11-29,27.8,0.0,CE
2016-11-30,27.5,0.0,CE
2016-12-01,27.5,0.0,CE
2016-12-02,27.8,0.0,CE
2016-12-03,27.6,0.0,CE
2016-12-04,27.7,0.0,CE
2016-12-05,27.9,0.0,CE
2016-12-06,27.9,0.0,CE
2016-12-07,27.8,0.0,CE
2016-12-08,27.8,0.1,CE
2016-12-09,27.7,0.0,CE
2016-12-10,27.9,0.0,CE
2016-12-11,27.9,0.0,CE
2016-12-12,27.8,0.0,CE
2016-12-13,27.6,1.5,CE
2016-12-14,27.7,0.0,CE
2016-12-15,27.3,0.5,CE
2016-12-16,27.3,2.0,CE
2016-12-17,27.6,1.0,CE
2016-12-18,26.6,4.6,CE
2016-12-19,27.1,1.7,CE
2016-12-20,27.4,0.8,CE
2016-12-21,27.2,0.3,CE
2016-12-22,27.2,7.8,CE
2016-12-23,27.8,0.8,CE
2016-12-24,27.8,0.2,CE
2016-12-25,27.3,0.4,CE
2016-12-26,27.7,0.4,CE
2016-12-27,27.9,0.0,CE
2016-12-28,27.4,1.0,CE
2016-12-29,26.3,4.6,CE
2016-12-30,27.5,0.1,CE
2016-12-31,27.7,0.0,CE
2017-01-01,28.0,0.0,CE
2017-01-02,27.8,0.1,CE
2017-01-03,27.3,2.1,CE
2017-01-04,26.8,1.9,CE
2017-01-05,27.0,2.8,CE
2017-01-06,27.4,1.5,CE
2017-01-07,27.2,0.6,CE
2017-01-08,26.4,2.2,CE
2017-01-09,27.0,2.3,CE
2017-01-10,27.0,2.7,CE
2017-01-11,25.7,15.5,CE
2017-01-12,27.3,1.2,CE
2017-01-13,27.3,0.1,CE
2017-01-14,27.2,0.0,CE
2017-01-15,26.9,0.3,CE
2017-01-16,27.1,0.6,CE
2017-01-17,27.6,0.1,CE
2017-01-18,26.4,5.7,CE
2017-01-19,26.9,4.3,CE
2017-01-20,26.3,8.1,CE
2017-01-21,27.5,0.9,CE
2017-01-22,26.6,4.7,CE
2017-01-23,27.1,3.2,CE
2017-01-24,26.8,3.9,CE
2017-01-25,27.5,0.1,CE
2017-01-26,27.2,1.9,CE
2017-01-27,27.3,2.0,CE
2017-01-28,26.6,9.5,CE
2017-01-29,27.4,2.4,CE
2017-01-30,27.7,0.1,CE
2017-01-31,26.4,11.1,CE
2017-02-01,26.7,3.1,CE
2017-02-02,27.2,1.8,CE
2017-02-03,27.8,0.2,CE
2017-02-04,27.4,1.5,CE
2017-02-05,27.7,0.1,CE
2017-02-06,27.7,0.3,CE
2017-02-07,27.7,0.9,CE
2017-02-08,27.5,4.1,CE
2017-02-09,27.2,2.7,CE
2017-02-10,27.1,6.0,CE
2017-02-11,25.4,24.5,CE
2017-02-12,25.9,23.3,CE
2017-02-13,26.4,13.0,CE
2017-02-14,26.4,10.3,CE
2017-02-15,27.3,3.6,CE
2017-02-16,27.4,0.0,CE
2017-02-17,26.4,11.3,CE
2017-02-18,25.3,14.7,CE
2017-02-19,25.2,18.2,CE
2017-02-20,25.2,13.3,CE
2017-02-21,26.1,4.1,CE
2017-02-22,27.2,0.7,CE
2017-02-23,27.4,1.0,CE
2017-02-24,26.4,5.8,CE
2017-02-25,26.9,2.0,CE
2017-02-26,26.6,7.8,CE
2017-02-27,25.5,12.8,CE
2017-02-28,25.8,10.5,CE
2017-03-01,25.9,12.6,CE
2017-03-02,25.7,17.0,CE
2017-03-03,25.7,22.3,CE
2017-03-04,26.2,3.2,CE
2017-03-05,26.6,8.3,CE
2017-03-06,26.7,2.5,CE
2017-03-07,27.6,1.0,CE
2017-03-08,26.2,16.4,CE
2017-03-09,25.9,17.8,CE
2017-03-10,26.6,14.5,CE
2017-03-11,26.1,9.7,CE
2017-03-12,26.1,18.1,CE
2017-03-13,26.1,3.9,CE
2017-03-14,26.1,8.9,CE
2017-03-15,26.8,4.7,CE
2017-03-16,25.7,8.4,CE
2017-03-17,26.7,2.6,CE
2017-03-18,26.6,2.4,CE
2017-03-19,26.7,1.2,CE
2017-03-20,26.6,4.2,CE
2017-03-21,26.7,11.9,CE
2017-03-22,25.9,23.2,CE
2017-03-23,24.7,62.8,CE
2017-03-24,25.0,66.9,CE
2017-03-25,26.8,2.8,CE
2017-03-26,26.2,13.7,CE
2017-03-27,26.4,11.7,CE
2017-03-28,26.5,8.8,CE
2017-03-29,26.3,8.8,CE
2017-03-30,26.2,10.3,CE
2017-03-31,26.0,10.9,CE
2017-04-01,25.1,53.9,CE
2017-04-02,26.1,10.6,CE
2017-04-03,27.1,9.5,CE
2017-04-04,27.3,5.0,CE
2017-04-05,25.7,32.5,CE
2017-04-06,27.3,0.5,CE
2017-04-07,27.5,0.8,CE
2017-04-08,27.8,1.5,CE
2017-04-09,27.2,6.7,CE
2017-04-10,25.9,15.7,CE
2017-04-11,25.5,29.6,CE
2017-04-12,26.2,2.1,CE
2017-04-13,26.5,13.0,CE
2017-04-14,26.1,16.2,CE
2017-04-15,27.1,6.0,CE
2017-04-16,27.9,0.0,CE
2017-04-17,27.2,1.7,CE
2017-04-18,27.4,1.9,CE
2017-04-19,26.6,6.0,CE
2017-04-20,26.8,5.3,CE
2017-04-21,26.8,4.5,CE
2017-04-22,26.5,17.9,CE
2017-04-23,26.2,3.1,CE
2017-04-24,26.3,10.0,CE
2017-04-25,27.3,2.0,CE
2017-04-26,27.5,0.4,CE
2017-04-27,26.9,22.3,CE
2017-04-28,26.7,3.1,CE
2017-04-29,27.0,3.8,CE
2017-04-30,26.3,5.8,CE
2017-05-01,26.8,7.0,CE
2017-05-02,27.2,4.2,CE
2017-05-03,27.3,5.0,CE
2017-05-04,27.0,4.0,CE
2017-05-05,26.8,10.8,CE
2017-05-06,27.4,0.2,CE
2017-05-07,27.0,3.4,CE
2017-05-08,26.1,17.2,CE
2017-05-09,25.9,23.4,CE
2017-05-10,27.0,4.3,CE
2017-05-11,27.4,2.0,CE
2017-05-12,27.5,3.0,CE
2017-05-13,27.7,0.5,CE
2017-05-14,27.5,0.0,CE
2017-05-15,27.3,2.5,CE
2017-05-16,27.6,1.2,CE
2017-05-17,27.9,1.0,CE
2017-05-18,27.2,3.2,CE
2017-05-19,27.3,2.7,CE
2017-05-20,27.4,0.6,CE
2017-05-21,27.8,0.6,CE
2017-05-22,27.5,0.0,CE
2017-05-23,27.1,0.0,CE
2017-05-24,27.3,0.5,CE
2017-05-25,27.0,1.9,CE
2017-05-26,26.5,3.7,CE
2017-05-27,26.4,4.5,CE
2017-05-28,25.8,15.4,CE
2017-05-29,24.2,46.3,CE
2017-05-30,25.9,0.9,CE
2017-05-31,26.4,1.8,CE
2017-06-01,26.5,3.0,CE
2017-06-02,27.0,0.8,CE
2017-06-03,26.8,0.9,CE
2017-06-04,27.2,2.0,CE
2017-06-05,27.0,0.1,CE
2017-06-06,26.9,0.0,CE
2017-06-07,26.9,0.2,CE
2017-06-08,27.1,0.0,CE
2017-06-09,27.4,0.3,CE
2017-06-10,27.3,0.0,CE
2017-06-11,26.8,2.8,CE
2017-06-12,26.6,1.7,CE
2017-06-13,27.4,0.2,CE
2017-06-14,27.4,0.0,CE
2017-06-15,26.8,0.0,CE
2017-06-16,26.4,0.6,CE
2017-06-17,27.0,0.3,CE
2017-06-18,26.9,8.1,CE
2017-06-19,26.7,3.2,CE
2017-06-20,27.2,0.1,CE
2017-06-21,27.2,4.2,CE
2017-06-22,27.2,0.2,CE
2017-06-23,26.4,13.6,CE
2017-06-24,26.8,1.4,CE
2017-06-25,27.4,0.3,CE
2017-06-26,27.1,0.0,CE
2017-06-27,27.0,0.0,CE
2017-06-28,26.9,0.9,CE
2017-06-29,25.3,9.1,CE
2017-06-30,25.3,3.7,CE
2017-07-01,25.3,4.5,CE
2017-07-02,26.0,1.0,CE
2017-07-03,26.3,1.9,CE
2017-07-04,26.2,0.0,CE
2017-07-05,26.4,0.2,CE
2017-07-06,25.9,1.0,CE
2017-07-07,26.8,0.7,CE
2017-07-08,26.7,0.0,CE
2017-07-09,26.6,0.0,CE
2017-07-10,26.6,1.7,CE
2017-07-11,25.3,3.6,CE
2017-07-12,25.9,0.5,CE
2017-07-13,25.9,0.0,CE
2017-07-14,26.4,0.0,CE
2017-07-15,25.5,0.0,CE
2017-07-16,26.3,0.4,CE
2017-07-17,26.4,0.0,CE
2017-07-18,25.7,0.0,CE
2017-07-19,26.5,0.5,CE
2017-07-20,25.7,3.5,CE
2017-07-21,24.7,4.7,CE
2017-07-22,25.7,0.2,CE
2017-07-23,26.0,1.2,CE
2017-07-24,26.3,0.3,CE
2017-07-25,26.6,0.1,CE
2017-07-26,26.2,0.0,CE
2017-07-27,26.3,0.1,CE
2017-07-28,26.0,8.7,CE
2017-07-29,26.7,0.2,CE
2017-07-30,26.4,0.0,CE
2017-07-31,26.7,0.1,CE
2017-08-01,27.0,0.0,CE
2017-08-02,26.7,0.5,CE
2017-08-03,26.8,0.0,CE
2017-08-04,26.3,0.0,CE
2017-08-05,26.7,0.2,CE
2017-08-06,26.8,0.2,CE
2017-08-07,26.9,0.0,CE
2017-08-08,26.8,0.0,CE
2017-08-09,27.0,0.0,CE
2017-08-10,26.8,0.0,CE
2017-08-11,26.6,0.3,CE
2017-08-12,26.8,0.0,CE
2017-08-13,27.0,0.0,CE
2017-08-14,27.0,0.0,CE
2017-08-15,26.7,0.1,CE
2017-08-16,26.2,1.4,CE
2017-08-17,26.8,0.0,CE
2017-08-18,26.9,0.6,CE
2017-08-19,26.3,1.0,CE
2017-08-20,26.8,0.0,CE
2017-08-21,26.8,0.0,CE
2017-08-22,26.9,0.0,CE
2017-08-23,27.4,0.0,CE
2017-08-24,26.9,0.0,CE
2017-08-25,27.0,0.7,CE
2017-08-26,27.0,0.7,CE
2017-08-27,27.4,0.0,CE
2017-08-28,27.0,0.0,CE
2017-08-29,27.0,0.0,CE
2017-08-30,27.0,0.0,CE
2017-08-31,27.1,0.0,CE
2017-09-01,27.0,0.0,CE
2017-09-02,27.2,0.0,CE
2017-09-03,27.2,0.0,CE
2017-09-04,26.8,0.0,CE
2017-09-05,26.8,0.0,CE
2017-09-06,25.7,10.0,CE
2017-09-07,26.6,1.3,CE
2017-09-08,26.8,0.6,CE
2017-09-09,27.2,0.0,CE
2017-09-10,27.2,0.0,CE
2017-09-11,27.0,0.0,CE
2017-09-12,27.0,0.0,CE
2017-09-13,27.0,0.4,CE
2017-09-14,27.1,0.0,CE
2017-09-15,27.0,0.0,CE
2017-09-16,27.0,0.0,CE
2017-09-17,27.1,0.0,CE
2017-09-18,27.0,0.0,CE
2017-09-19,26.8,0.0,CE
2017-09-20,27.1,0.0,CE
2017-09-21,27.1,0.0,CE
2017-09-22,27.0,0.0,CE
2017-09-23,27.0,1.0,CE
2017-09-24,26.7,0.0,CE
2017-09-25,26.8,0.0,CE
2017-09-26,27.1,0.0,CE
2017-09-27,27.3,0.0,CE
2017-09-28,26.9,0.2,CE
2017-09-29,26.9,0.3,CE
2017-09-30,26.8,0.0,CE
2017-10-01,26.7,0.0,CE
2017-10-02,27.1,0.4,CE
2017-10-03,27.3,0.1,CE
2017-10-04,27.5,0.0,CE
2017-10-05,27.4,0.0,CE
2017-10-06,27.4,0.0,CE
2017-10-07,27.3,0.1,CE
2017-10-08,26.9,0.0,CE
2017-10-09,27.1,0.0,CE
2017-10-10,27.2,0.2,CE
2017-10-11,26.7,1.0,CE
2017-10-12,27.2,0.2,CE
2017-10-13,27.3,0.0,CE
2017-10-14,27.3,0.2,CE
2017-10-15,27.2,0.7,CE
2017-10-16,27.1,1.0,CE
2017-10-17,27.0,1.4,CE
2017-10-18,26.9,1.5,CE
2017-10-19,27.2,0.0,CE
2017-10-20,27.1,0.8,CE
2017-10-21,27.2,1.6,CE
2017-10-22,27.3,0.4,CE
2017-10-23,27.3,0.0,CE
2017-10-24,27.6,0.5,CE
2017-10-25,27.7,0.0,CE
2017-10-26,27.9,0.0,CE
2017-10-27,27.6,0.4,CE
2017-10-28,27.4,0.2,CE
2017-10-29,27.4,1.1,CE
2017-10-30,27.3,0.8,CE
2017-10-31,27.3,0.8,CE
2017-11-01,27.4,0.0,CE
2017-11-02,27.4,1.9,CE
2017-11-03,27.3,1.5,CE
2017-11-04,27.4,0.0,CE
2017-11-05,27.3,0.1,CE
2017-11-06,27.2,0.4,CE
2017-11-07,27.3,0.2,CE
2017-11-08,27.1,0.2,CE
2017-11-09,27.2,0.2,CE
2017-11-10,26.9,0.6,CE
2017-11-11,27.2,0.4,CE
2017-11-12,27.5,0.0,CE
2017-11-13,27.5,0.0,CE
2017-11-14,27.5,0.0,CE
2017-11-15,27.1,2.2,CE
2017-11-16,27.1,0.3,CE
2017-11-17,26.8,1.1,CE
2017-11-18,26.9,1.4,CE
2017-11-19,27.2,0.1,CE
2017-11-20,27.3,1.8,CE
2017-11-21,27.3,0.8,CE
2017-11-22,27.4,0.1,CE
2017-11-23,27.4,0.8,CE
2017-11-24,27.2,1.6,CE
2017-11-25,27.3,1.4,CE
2017-11-26,27.5,0.3,CE
2017-11-27,27.3,2.0,CE
2017-11-28,27.4,0.7,CE
2017-11-29,27.4,0.3,CE
2017-11-30,27.6,2.4,CE
2017-12-01,27.3,2.6,CE
2017-12-02,26.8,1.7,CE
2017-12-03,27.4,0.2,CE
2017-12-04,27.7,0.4,CE
2017-12-05,27.6,0.6,CE
2017-12-06,27.8,0.0,CE
2017-12-07,27.9,0.4,CE
2017-12-08,27.6,1.3,CE
2017-12-09,27.4,1.6,CE
2017-12-10,27.5,1.3,CE
2017-12-11,27.6,1.0,CE
2017-12-12,28.0,0.6,CE
2017-12-13,28.0,1.0,CE
2017-12-14,27.5,2.1,CE
2017-12-15,26.7,6.6,CE
2017-12-16,27.7,0.1,CE
2017-12-17,27.9,1.1,CE
2017-12-18,27.9,0.2,CE
2017-12-19,27.6,1.7,CE
2017-12-20,27.4,1.4,CE
2017-12-21,26.2,7.8,CE
2017-12-22,26.1,9.8,CE
2017-12-23,26.2,7.8,CE
2017-12-24,27.0,2.4,CE
2017-12-25,26.8,2.3,CE
2017-12-26,27.0,2.3,CE
2017-12-27,27.4,2.2,CE
2017-12-28,27.1,1.7,CE
2017-12-29,27.4,1.4,CE
2017-12-30,27.6,0.7,CE
2017-12-31,27.2,1.3,CE
2018-01-01,27.0,4.2,CE
2018-01-02,27.3,0.9,CE
2018-01-03,27.2,0.5,CE
2018-01-04,27.5,0.9,CE
2018-01-05,27.3,1.6,CE
2018-01-06,27.1,2.5,CE
2018-01-07,27.2,0.8,CE
2018-01-08,27.2,0.7,CE
2018-01-09,26.5,9.4,CE
2018-01-10,26.5,1.9,CE
2018-01-11,26.6,0.6,CE
2018-01-12,27.1,1.2,CE
2018-01-13,27.0,2.0,CE
2018-01-14,27.0,4.4,CE
2018-01-15,27.0,1.8,CE
2018-01-16,27.3,2.1,CE
2018-01-17,27.8,0.1,CE
2018-01-18,26.8,4.3,CE
2018-01-19,26.5,2.4,CE
2018-01-20,25.9,3.9,CE
2018-01-21,26.9,3.7,CE
2018-01-22,27.3,1.4,CE
2018-01-23,26.1,8.3,CE
2018-01-24,25.7,11.0,CE
2018-01-25,26.3,3.1,CE
2018-01-26,26.9,2.5,CE
2018-01-27,25.4,19.3,CE
2018-01-28,26.5,5.2,CE
2018-01-29,27.1,3.3,CE
2018-01-30,27.0,2.0,CE
2018-01-31,27.4,2.3,CE
2018-02-01,27.4,2.1,CE
2018-02-02,26.6,9.6,CE
2018-02-03,26.3,16.4,CE
2018-02-04,26.4,5.1,CE
2018-02-05,26.0,11.7,CE
2018-02-06,26.1,7.9,CE
2018-02-07,26.7,6.5,CE
2018-02-08,26.6,7.1,CE
2018-02-09,26.7,3.8,CE
2018-02-10,26.5,2.9,CE
2018-02-11,25.8,8.4,CE
2018-02-12,23.7,88.1,CE
2018-02-13,25.1,8.5,CE
2018-02-14,24.9,20.4,CE
2018-02-15,25.2,2.3,CE
2018-02-16,25.9,3.5,CE
2018-02-17,24.4,53.3,CE
2018-02-18,25.1,12.6,CE
2018-02-19,25.3,16.7,CE
2018-02-20,26.1,1.2,CE
2018-02-21,26.1,2.6,CE
2018-02-22,25.8,9.0,CE
2018-02-23,26.2,7.4,CE
2018-02-24,26.0,12.5,CE
2018-02-25,26.1,8.6,CE
2018-02-26,26.5,1.6,CE
2018-02-27,26.7,2.0,CE
2018-02-28,26.9,5.4,CE
2018-03-01,25.4,27.6,CE
2018-03-02,25.6,24.4,CE
2018-03-03,26.4,2.0,CE
2018-03-04,27.5,2.9,CE
2018-03-05,26.7,7.4,CE
2018-03-06,26.9,3.5,CE
2018-03-07,26.9,2.7,CE
2018-03-08,26.5,3.4,CE
2018-03-09,27.0,2.4,CE
2018-03-10,26.9,3.0,CE
2018-03-11,27.5,2.7,CE
2018-03-12,27.5,1.9,CE
2018-03-13,26.8,5.2,CE
2018-03-14,27.4,5.9,CE
2018-03-15,27.8,1.4,CE
2018-03-16,27.6,0.5,CE
2018-03-17,27.4,0.4,CE
2018-03-18,27.4,1.7,CE
2018-03-19,27.8,2.5,CE
2018-03-20,27.9,0.8,CE
2018-03-21,28.1,0.0,CE
2018-03-22,26.8,8.0,CE
2018-03-23,27.2,5.0,CE
2018-03-24,27.3,1.2,CE
2018-03-25,27.3,0.7,CE
2018-03-26,25.6,12.1,CE
2018-03-27,26.4,4.5,CE
2018-03-28,25.7,12.3,CE
2018-03-29,25.1,27.1,CE
2018-03-30,25.5,6.8,CE
2018-03-31,26.4,5.7,CE
2018-04-01,26.6,12.9,CE
2018-04-02,25.3,26.4,CE
2018-04-03,26.2,10.8,CE
2018-04-04,26.4,19.3,CE
2018-04-05,27.1,1.4,CE
2018-04-06,26.1,5.8,CE
2018-04-07,26.5,8.1,CE
2018-04-08,26.0,6.2,CE
2018-04-09,25.7,12.2,CE
2018-04-10,25.7,10.5,CE
2018-04-11,24.6,30.6,CE
2018-04-12,25.5,11.1,CE
2018-04-13,25.8,2.9,CE
2018-04-14,26.2,1.2,CE
2018-04-15,26.3,9.4,CE
2018-04-16,25.3,16.7,CE
2018-04-17,24.4,30.2,CE
2018-04-18,26.2,2.2,CE
2018-04-19,27.0,0.0,CE
2018-04-20,27.0,1.9,CE
2018-04-21,26.7,1.3,CE
2018-04-22,26.2,6.8,CE
2018-04-23,26.6,5.0,CE
2018-04-24,26.4,1.3,CE
2018-04-25,27.1,0.1,CE
2018-04-26,26.7,1.7,CE
2018-04-27,26.7,5.7,CE
2018-04-28,26.8,4.8,CE
2018-04-29,26.3,15.3,CE
2018-04-30,25.3,27.3,CE
2018-05-01,26.3,2.8,CE
2018-05-02,26.4,2.7,CE
2018-05-03,27.1,0.5,CE
2018-05-04,26.8,5.2,CE
2018-05-05,27.0,1.0,CE
2018-05-06,25.7,15.0,CE
2018-05-07,26.5,2.3,CE
2018-05-08,26.7,4.8,CE
2018-05-09,25.6,16.1,CE
2018-05-10,25.1,9.6,CE
2018-05-11,26.4,9.5,CE
2018-05-12,25.9,19.0,CE
2018-05-13,26.6,2.1,CE
2018-05-14,26.8,6.4,CE
2018-05-15,26.7,2.0,CE
2018-05-16,26.6,3.7,CE
2018-05-17,26.0,7.2,CE
2018-05-18,26.1,1.0,CE
2018-05-19,26.5,2.7,CE
2018-05-20,26.5,0.5,CE
2018-05-21,26.5,22.3,CE
2018-05-22,26.7,6.1,CE
2018-05-23,26.9,0.0,CE
2018-05-24,26.5,9.2,CE
2018-05-25,26.4,2.1,CE
2018-05-26,26.4,1.2,CE
2018-05-27,27.0,0.1,CE
2018-05-28,27.0,0.0,CE
2018-05-29,27.0,0.0,CE
2018-05-30,26.7,0.0,CE
2018-05-31,26.8,0.2,CE
2018-06-01,26.5,0.2,CE
2018-06-02,26.7,3.5,CE
2018-06-03,26.3,8.8,CE
2018-06-04,27.0,1.1,CE
2018-06-05,26.4,0.0,CE
2018-06-06,26.6,0.3,CE
2018-06-07,26.0,9.7,CE
2018-06-08,26.0,10.2,CE
2018-06-09,26.2,1.5,CE
2018-06-10,26.5,0.3,CE
2018-06-11,26.3,0.1,CE
2018-06-12,26.6,0.3,CE
2018-06-13,26.7,0.0,CE
2018-06-14,26.6,0.0,CE
2018-06-15,26.5,2.3,CE
2018-06-16,26.5,2.1,CE
2018-06-17,26.1,2.4,CE
2018-06-18,25.1,12.9,CE
2018-06-19,25.6,10.9,CE
2018-06-20,26.3,0.3,CE
2018-06-21,26.2,0.1,CE
2018-06-22,26.0,0.0,CE
2018-06-23,26.0,0.0,CE
2018-06-24,25.9,0.4,CE
2018-06-25,25.8,1.6,CE
2018-06-26,25.7,0.5,CE
2018-06-27,26.3,2.2,CE
2018-06-28,26.5,0.1,CE
2018-06-29,26.3,0.0,CE
2018-06-30,26.2,0.0,CE
2018-07-01,26.7,0.2,CE
2018-07-02,26.6,1.3,CE
2018-07-03,26.8,1.6,CE
2018-07-04,26.6,0.0,CE
2018-07-05,26.6,0.0,CE
2018-07-06,25.9,10.1,CE
2018-07-07,23.9,44.9,CE
2018-07-08,25.5,3.4,CE
2018-07-09,26.0,2.3,CE
2018-07-10,24.1,18.3,CE
2018-07-11,24.9,1.5,CE
2018-07-12,25.4,5.3,CE
2018-07-13,26.2,0.5,CE
2018-07-14,25.7,0.0,CE
2018-07-15,25.3,0.1,CE
2018-07-16,25.9,0.0,CE
2018-07-17,25.7,0.0,CE
2018-07-18,26.2,0.0,CE
2018-07-19,26.0,0.0,CE
2018-07-20,25.6,0.1,CE
2018-07-21,26.3,0.2,CE
2018-07-22,25.8,7.7,CE
2018-07-23,26.2,0.0,CE
2018-07-24,26.1,0.0,CE
2018-07-25,26.0,0.0,CE
2018-07-26,26.2,0.1,CE
2018-07-27,26.6,0.2,CE
2018-07-28,26.4,0.7,CE
2018-07-29,26.1,0.0,CE
2018-07-30,26.0,1.3,CE
2018-07-31,26.1,0.8,CE
2018-08-01,25.4,4.6,CE
2018-08-02,26.3,0.1,CE
2018-08-03,26.1,0.1,CE
2018-08-04,26.4,0.4,CE
2018-08-05,26.1,3.1,CE
2018-08-06,26.4,0.3,CE
2018-08-07,26.0,2.6,CE
2018-08-08,25.9,1.6,CE
2018-08-09,26.2,0.8,CE
2018-08-10,25.8,2.8,CE
2018-08-11,26.3,1.4,CE
2018-08-12,26.2,1.5,CE
2018-08-13,26.3,0.8,CE
2018-08-14,26.0,1.2,CE
2018-08-15,26.4,1.2,CE
2018-08-16,26.1,7.2,CE
2018-08-17,26.5,0.0,CE
2018-08-18,26.1,0.1,CE
2018-08-19,26.2,0.3,CE
2018-08-20,26.6,0.0,CE
2018-08-21,26.7,0.0,CE
2018-08-22,26.5,0.0,CE
2018-08-23,26.7,0.0,CE
2018-08-24,26.6,0.0,CE
2018-08-25,26.7,0.2,CE
2018-08-26,26.9,0.1,CE
2018-08-27,26.8,0.1,CE
2018-08-28,26.6,0.7,CE
2018-08-29,26.7,0.0,CE
2018-08-30,26.8,0.0,CE
2018-08-31,26.5,0.0,CE
2018-09-01,26.5,0.0,CE
2018-09-02,26.6,0.3,CE
2018-09-03,26.8,0.0,CE
2018-09-04,26.6,0.0,CE
2018-09-05,26.6,1.1,CE
2018-09-06,26.8,0.1,CE
2018-09-07,26.7,0.0,CE
2018-09-08,26.8,0.0,CE
2018-09-09,26.7,0.0,CE
2018-09-10,27.1,0.0,CE
2018-09-11,26.6,1.1,CE
2018-09-12,26.6,0.0,CE
2018-09-13,26.7,0.0,CE
2018-09-14,26.4,0.0,CE
2018-09-15,26.8,0.0,CE
2018-09-16,26.8,0.0,CE
2018-09-17,27.0,0.6,CE
2018-09-18,27.0,0.3,CE
2018-09-19,27.0,0.2,CE
2018-09-20,26.9,0.4,CE
2018-09-21,26.9,0.0,CE
2018-09-22,26.9,0.3,CE
2018-09-23,26.8,0.0,CE
2018-09-24,26.9,0.4,CE
2018-09-25,26.8,1.2,CE
2018-09-26,26.9,0.2,CE
2018-09-27,26.8,1.3,CE
2018-09-28,26.9,0.4,CE
2018-09-29,27.2,0.8,CE
2018-09-30,27.0,0.9,CE
2018-10-01,27.0,0.1,CE
2018-10-02,26.8,0.0,CE
2018-10-03,27.1,0.6,CE
2018-10-04,26.9,0.5,CE
2018-10-05,26.8,0.6,CE
2018-10-06,26.7,2.7,CE
2018-10-07,27.0,1.4,CE
2018-10-08,27.1,0.1,CE
2018-10-09,27.1,0.1,CE
2018-10-10,27.3,0.3,CE
2018-10-11,27.1,0.3,CE
2018-10-12,27.0,0.5,CE
2018-10-13,27.1,0.7,CE
2018-10-14,27.0,0.6,CE
2018-10-15,27.1,2.7,CE
2018-10-16,27.2,0.7,CE
2018-10-17,27.5,0.4,CE
2018-10-18,27.4,0.0,CE
2018-10-19,27.4,0.0,CE
2018-10-20,27.5,0.0,CE
2018-10-21,27.5,0.0,CE
2018-10-22,27.5,1.4,CE
2018-10-23,27.9,0.5,CE
2018-10-24,27.9,0.0,CE
2018-10-25,27.8,0.0,CE
2018-10-26,27.8,0.0,CE
2018-10-27,27.6,0.9,CE
2018-10-28,27.5,0.2,CE
2018-10-29,27.9,0.2,CE
2018-10-30,27.9,1.0,CE
2018-10-31,27.7,0.4,CE
2016-09-01,25.1,0.0,DF
2016-09-02,24.6,0.0,DF
2016-09-03,23.4,0.0,DF
2016-09-04,22.9,0.0,DF
2016-09-05,23.3,0.0,DF
2016-09-06,23.6,0.0,DF
2016-09-07,24.7,0.0,DF
2016-09-08,24.7,0.0,DF
2016-09-09,25.4,0.0,DF
2016-09-10,24.8,0.0,DF
2016-09-11,24.0,0.0,DF
2016-09-12,23.8,0.0,DF
2016-09-13,24.9,0.0,DF
2016-09-14,27.6,0.0,DF
2016-09-15,28.0,0.0,DF
2016-09-16,27.7,0.0,DF
2016-09-17,27.2,0.1,DF
2016-09-18,26.4,0.1,DF
2016-09-19,27.2,0.0,DF
2016-09-20,25.8,0.9,DF
2016-09-21,25.5,2.3,DF
2016-09-22,24.8,4.7,DF
2016-09-23,22.2,15.4,DF
2016-09-24,22.1,5.5,DF
2016-09-25,21.6,14.4,DF
2016-09-26,22.3,2.1,DF
2016-09-27,22.8,0.0,DF
2016-09-28,22.7,0.4,DF
2016-09-29,22.4,4.0,DF
2016-09-30,22.8,6.0,DF
2016-10-01,22.7,3.5,DF
2016-10-02,23.3,1.2,DF
2016-10-03,22.9,4.8,DF
2016-10-04,20.9,12.7,DF
2016-10-05,20.2,11.7,DF
2016-10-06,21.1,1.7,DF
2016-10-07,22.3,0.2,DF
2016-10-08,23.2,0.0,DF
2016-10-09,24.1,0.5,DF
2016-10-10,23.7,0.0,DF
2016-10-11,23.6,0.2,DF
2016-10-12,23.6,0.0,DF
2016-10-13,23.9,0.0,DF
2016-10-14,24.4,0.0,DF
2016-10-15,25.6,0.0,DF
2016-10-16,26.4,0.0,DF
2016-10-17,26.9,0.0,DF
2016-10-18,27.4,0.0,DF
2016-10-19,27.9,0.0,DF
2016-10-20,26.4,1.6,DF
2016-10-21,24.8,10.2,DF
2016-10-22,23.8,8.8,DF
2016-10-23,24.6,3.2,DF
2016-10-24,25.6,0.0,DF
2016-10-25,25.1,0.0,DF
2016-10-26,25.5,0.0,DF
2016-10-27,24.5,0.9,DF
2016-10-28,23.2,7.7,DF
2016-10-29,23.2,11.6,DF
2016-10-30,21.9,9.2,DF
2016-10-31,22.0,7.5,DF
2016-11-01,21.8,1.7,DF
2016-11-02,22.3,0.9,DF
2016-11-03,23.3,2.8,DF
2016-11-04,24.5,0.0,DF
2016-11-05,24.2,0.4,DF
2016-11-06,22.9,4.6,DF
2016-11-07,21.5,1.1,DF
2016-11-08,22.4,1.1,DF
2016-11-09,23.0,0.8,DF
2016-11-10,22.1,12.2,DF
2016-11-11,22.7,10.7,DF
2016-11-12,21.1,14.3,DF
2016-11-13,20.9,18.6,DF
2016-11-14,20.0,16.5,DF
2016-11-15,20.9,1.2,DF
2016-11-16,22.0,2.1,DF
2016-11-17,22.3,2.3,DF
2016-11-18,22.1,14.5,DF
2016-11-19,21.6,12.5,DF
2016-11-20,20.1,36.9,DF
2016-11-21,20.5,15.7,DF
2016-11-22,21.3,11.9,DF
2016-11-23,22.0,7.9,DF
2016-11-24,22.2,8.9,DF
2016-11-25,22.8,9.9,DF
2016-11-26,24.0,2.8,DF
2016-11-27,22.8,15.3,DF
2016-11-28,22.4,12.9,DF
2016-11-29,23.2,12.5,DF
2016-11-30,23.3,14.7,DF
2016-12-01,22.9,9.5,DF
2016-12-02,23.1,3.2,DF
2016-12-03,23.5,3.1,DF
2016-12-04,22.2,4.5,DF
2016-12-05,22.3,1.9,DF
2016-12-06,22.3,10.0,DF
2016-12-07,22.7,7.7,DF
2016-12-08,22.7,6.7,DF
2016-12-09,22.4,4.0,DF
2016-12-10,22.3,6.2,DF
2016-12-11,22.6,7.5,DF
2016-12-12,22.7,31.1,DF
2016-12-13,21.7,12.7,DF
2016-12-14,21.2,15.6,DF
2016-12-15,21.4,12.1,DF
2016-12-16,21.5,5.4,DF
2016-12-17,21.6,0.0,DF
2016-12-18,21.8,0.1,DF
2016-12-19,22.2,0.3,DF
2016-12-20,22.1,4.0,DF
2016-12-21,22.8,1.0,DF
2016-12-22,23.5,0.0,DF
2016-12-23,23.4,0.7,DF
2016-12-24,24.1,0.0,DF
2016-12-25,24.7,0.0,DF
2016-12-26,24.4,1.0,DF
2016-12-27,23.3,10.9,DF
2016-12-28,23.7,10.2,DF
2016-12-29,22.8,3.1,DF
2016-12-30,23.5,0.3,DF
2016-12-31,24.4,0.0,DF
2017-01-01,24.1,0.0,DF
2017-01-02,25.1,0.0,DF
2017-01-03,25.1,0.2,DF
2017-01-04,22.4,16.1,DF
2017-01-05,23.1,2.3,DF
2017-01-06,24.8,0.0,DF
2017-01-07,25.2,0.0,DF
2017-01-08,25.6,0.0,DF
2017-01-09,26.0,0.0,DF
2017-01-10,24.3,0.0,DF
2017-01-11,23.8,0.9,DF
2017-01-12,23.7,8.7,DF
2017-01-13,22.4,6.8,DF
2017-01-14,22.7,0.8,DF
2017-01-15,22.7,1.0,DF
2017-01-16,21.4,10.2,DF
2017-01-17,21.5,12.6,DF
2017-01-18,21.4,11.5,DF
2017-01-19,21.5,10.9,DF
2017-01-20,23.2,0.4,DF
2017-01-21,22.6,0.2,DF
2017-01-22,21.9,4.3,DF
2017-01-23,21.7,9.4,DF
2017-01-24,21.6,1.8,DF
2017-01-25,23.1,2.4,DF
2017-01-26,22.5,8.5,DF
2017-01-27,21.9,11.1,DF
2017-01-28,23.9,0.0,DF
2017-01-29,23.6,0.0,DF
2017-01-30,23.6,0.1,DF
2017-01-31,23.5,0.0,DF
2017-02-01,22.3,3.1,DF
2017-02-02,22.4,9.6,DF
2017-02-03,23.2,0.9,DF
2017-02-04,22.5,7.1,DF
2017-02-05,22.7,11.3,DF
2017-02-06,22.4,9.5,DF
2017-02-07,22.5,7.8,DF
2017-02-08,22.3,22.6,DF
2017-02-09,22.1,15.8,DF
2017-02-10,21.5,5.7,DF
2017-02-11,20.9,21.6,DF
2017-02-12,21.0,8.8,DF
2017-02-13,20.8,1.0,DF
2017-02-14,21.7,1.0,DF
2017-02-15,21.5,0.2,DF
2017-02-16,21.9,1.6,DF
2017-02-17,22.2,0.3,DF
2017-02-18,22.7,0.0,DF
2017-02-19,22.6,0.0,DF
2017-02-20,22.8,0.1,DF
2017-02-21,21.7,0.8,DF
2017-02-22,22.2,0.4,DF
2017-02-23,22.5,1.5,DF
2017-02-24,22.6,1.0,DF
2017-02-25,22.0,9.5,DF
2017-02-26,20.6,3.5,DF
2017-02-27,21.2,4.0,DF
2017-02-28,21.2,8.1,DF
2017-03-01,20.9,14.1,DF
2017-03-02,21.7,0.8,DF
2017-03-03,22.4,1.3,DF
2017-03-04,23.6,0.0,DF
2017-03-05,22.7,0.1,DF
2017-03-06,23.3,0.0,DF
2017-03-07,24.3,0.0,DF
2017-03-08,24.6,0.0,DF
2017-03-09,24.2,0.0,DF
2017-03-10,23.8,0.3,DF
2017-03-11,23.7,0.1,DF
2017-03-12,23.1,0.3,DF
2017-03-13,22.9,0.2,DF
2017-03-14,23.1,0.1,DF
2017-03-15,21.7,8.1,DF
2017-03-16,22.6,0.1,DF
2017-03-17,23.6,2.4,DF
2017-03-18,21.8,11.8,DF
2017-03-19,21.1,12.3,DF
2017-03-20,22.4,6.3,DF
2017-03-21,22.1,0.5,DF
2017-03-22,22.0,3.1,DF
2017-03-23,22.7,2.6,DF
2017-03-24,23.3,0.1,DF
2017-03-25,24.3,0.0,DF
2017-03-26,23.4,0.2,DF
2017-03-27,22.5,11.3,DF
2017-03-28,22.6,8.9,DF
2017-03-29,21.4,14.9,DF
2017-03-30,21.0,36.6,DF
2017-03-31,22.7,0.1,DF
2017-04-01,22.2,0.4,DF
2017-04-02,21.4,1.6,DF
2017-04-03,21.8,0.3,DF
2017-04-04,22.2,0.9,DF
2017-04-05,22.6,1.4,DF
2017-04-06,22.5,1.6,DF
2017-04-07,23.3,0.4,DF
2017-04-08,23.1,0.0,DF
2017-04-09,22.6,0.0,DF
2017-04-10,22.8,0.0,DF
2017-04-11,23.4,0.0,DF
2017-04-12,23.6,0.0,DF
2017-04-13,23.3,0.5,DF
2017-04-14,22.7,0.8,DF
2017-04-15,22.7,0.0,DF
2017-04-16,23.0,0.0,DF
2017-04-17,24.0,0.0,DF
2017-04-18,24.2,0.1,DF
2017-04-19,23.9,0.0,DF
2017-04-20,22.8,0.5,DF
2017-04-21,22.4,0.0,DF
2017-04-22,22.8,0.0,DF
2017-04-23,22.0,0.3,DF
2017-04-24,22.6,6.7,DF
2017-04-25,22.5,1.9,DF
2017-04-26,23.0,1.4,DF
2017-04-27,22.7,0.4,DF
2017-04-28,21.9,1.9,DF
2017-04-29,22.9,0.9,DF
2017-04-30,22.2,0.0,DF
2017-05-01,20.9,0.0,DF
2017-05-02,20.1,0.4,DF
2017-05-03,19.9,0.2,DF
2017-05-04,21.1,0.0,DF
2017-05-05,21.4,0.0,DF
2017-05-06,22.4,0.0,DF
2017-05-07,21.8,0.5,DF
2017-05-08,21.9,0.2,DF
2017-05-09,22.3,0.0,DF
2017-05-10,21.4,0.0,DF
2017-05-11,22.2,0.0,DF
2017-05-12,22.0,0.0,DF
2017-05-13,22.1,0.0,DF
2017-05-14,23.1,0.0,DF
2017-05-15,22.0,0.1,DF
2017-05-16,22.7,0.1,DF
2017-05-17,22.0,0.2,DF
2017-05-18,21.1,0.3,DF
2017-05-19,21.7,4.1,DF
2017-05-20,20.5,16.9,DF
2017-05-21,20.8,0.0,DF
2017-05-22,22.0,1.2,DF
2017-05-23,22.2,0.0,DF
2017-05-24,21.4,0.2,DF
2017-05-25,21.0,0.0,DF
2017-05-26,20.5,0.0,DF
2017-05-27,20.2,0.0,DF
2017-05-28,20.3,0.0,DF
2017-05-29,21.0,0.0,DF
2017-05-30,21.0,0.0,DF
2017-05-31,21.7,0.0,DF
2017-06-01,22.0,0.0,DF
2017-06-02,21.5,0.5,DF
2017-06-03,21.7,0.2,DF
2017-06-04,22.0,0.0,DF
2017-06-05,21.4,0.0,DF
2017-06-06,21.5,0.0,DF
2017-06-07,21.1,0.0,DF
2017-06-08,21.5,0.0,DF
2017-06-09,21.5,0.0,DF
2017-06-10,20.0,0.0,DF
2017-06-11,20.7,0.0,DF
2017-06-12,22.0,0.2,DF
2017-06-13,21.5,0.0,DF
2017-06-14,21.0,0.0,DF
2017-06-15,20.3,0.0,DF
2017-06-16,19.6,0.0,DF
2017-06-17,19.1,0.0,DF
2017-06-18,19.7,0.0,DF
2017-06-19,20.0,0.0,DF
2017-06-20,20.7,0.0,DF
2017-06-21,19.9,0.0,DF
2017-06-22,18.4,0.0,DF
2017-06-23,18.0,0.2,DF
2017-06-24,18.3,0.0,DF
2017-06-25,17.9,0.0,DF
2017-06-26,17.7,0.1,DF
2017-06-27,18.5,0.0,DF
2017-06-28,18.3,0.0,DF
2017-06-29,18.2,0.2,DF
2017-06-30,18.8,0.0,DF
2017-07-01,19.4,0.0,DF
2017-07-02,18.3,0.0,DF
2017-07-03,16.6,0.0,DF
2017-07-04,16.3,0.0,DF
2017-07-05,15.4,0.0,DF
2017-07-06,16.1,0.0,DF
2017-07-07,17.4,0.0,DF
2017-07-08,17.5,0.0,DF
2017-07-09,17.0,0.0,DF
2017-07-10,17.0,0.0,DF
2017-07-11,18.5,0.0,DF
2017-07-12,18.5,0.0,DF
2017-07-13,18.5,0.0,DF
2017-07-14,17.7,0.0,DF
2017-07-15,17.5,0.0,DF
2017-07-16,17.6,0.0,DF
2017-07-17,17.8,0.0,DF
2017-07-18,18.3,0.0,DF
2017-07-19,17.8,0.0,DF
2017-07-20,20.1,0.0,DF
2017-07-21,20.3,0.0,DF
2017-07-22,20.5,0.0,DF
2017-07-23,19.2,0.0,DF
2017-07-24,17.9,0.0,DF
2017-07-25,18.2,0.0,DF
2017-07-26,17.3,0.0,DF
2017-07-27,17.0,0.0,DF
2017-07-28,17.8,0.0,DF
2017-07-29,18.8,0.0,DF
2017-07-30,17.1,0.0,DF
2017-07-31,16.5,0.0,DF
2017-08-01,17.8,0.0,DF
2017-08-02,19.1,0.0,DF
2017-08-03,20.4,0.0,DF
2017-08-04,20.8,0.0,DF
2017-08-05,21.0,0.0,DF
2017-08-06,21.0,0.0,DF
2017-08-07,21.4,0.0,DF
2017-08-08,22.6,0.0,DF
2017-08-09,23.4,0.0,DF
2017-08-10,23.8,0.0,DF
2017-08-11,23.9,0.0,DF
2017-08-12,22.4,0.0,DF
2017-08-13,22.8,0.0,DF
2017-08-14,23.4,0.0,DF
2017-08-15,23.4,0.0,DF
2017-08-16,22.4,0.0,DF
2017-08-17,23.0,0.0,DF
2017-08-18,24.2,0.0,DF
2017-08-19,24.1,0.0,DF
2017-08-20,24.3,0.0,DF
2017-08-21,23.9,0.0,DF
2017-08-22,22.6,0.0,DF
2017-08-23,20.8,0.0,DF
2017-08-24,20.7,0.0,DF
2017-08-25,20.7,0.0,DF
2017-08-26,21.2,0.0,DF
2017-08-27,22.5,0.0,DF
2017-08-28,23.0,0.0,DF
2017-08-29,23.0,0.0,DF
2017-08-30,23.5,0.0,DF
2017-08-31,24.3,0.0,DF
2017-09-01,23.3,0.0,DF
2017-09-02,21.4,0.0,DF
2017-09-03,20.6,0.0,DF
2017-09-04,20.0,0.0,DF
2017-09-05,20.2,0.0,DF
2017-09-06,21.8,0.0,DF
2017-09-07,23.1,0.0,DF
2017-09-08,23.1,0.0,DF
2017-09-09,22.3,0.0,DF
2017-09-10,22.7,0.0,DF
2017-09-11,23.6,0.0,DF
2017-09-12,22.6,0.0,DF
2017-09-13,21.9,0.0,DF
2017-09-14,22.2,0.0,DF
2017-09-15,22.5,0.0,DF
2017-09-16,22.0,0.0,DF
2017-09-17,21.7,0.0,DF
2017-09-18,22.4,0.0,DF
2017-09-19,23.2,0.0,DF
2017-09-20,22.9,0.0,DF
2017-09-21,22.0,0.0,DF
2017-09-22,20.5,0.6,DF
2017-09-23,22.4,0.0,DF
2017-09-24,23.0,0.0,DF
2017-09-25,23.1,0.0,DF
2017-09-26,22.8,0.0,DF
2017-09-27,19.3,7.1,DF
2017-09-28,21.2,1.1,DF
2017-09-29,23.6,0.5,DF
2017-09-30,20.6,1.8,DF
2017-10-01,21.7,2.3,DF
2017-10-02,22.7,5.7,DF
2017-10-03,18.1,11.5,DF
2017-10-04,20.9,1.4,DF
2017-10-05,22.6,0.3,DF
2017-10-06,22.5,0.0,DF
2017-10-07,23.3,0.0,DF
2017-10-08,24.2,0.0,DF
2017-10-09,24.7,0.0,DF
2017-10-10,24.9,0.0,DF
2017-10-11,25.1,0.0,DF
2017-10-12,26.0,0.0,DF
2017-10-13,26.3,0.0,DF
2017-10-14,27.6,0.0,DF
2017-10-15,28.8,0.0,DF
2017-10-16,27.8,0.0,DF
2017-10-17,26.0,0.0,DF
2017-10-18,24.9,0.0,DF
2017-10-19,25.1,0.0,DF
2017-10-20,26.3,0.0,DF
2017-10-21,27.6,0.0,DF
2017-10-22,27.9,0.0,DF
2017-10-23,24.6,0.0,DF
2017-10-24,26.0,0.0,DF
2017-10-25,26.1,0.5,DF
2017-10-26,27.3,0.0,DF
2017-10-27,26.2,3.8,DF
2017-10-28,21.6,11.4,DF
2017-10-29,23.1,0.7,DF
2017-10-30,22.8,3.9,DF
2017-10-31,22.1,23.6,DF
2017-11-01,21.7,1.0,DF
2017-11-02,21.4,5.4,DF
2017-11-03,21.8,6.4,DF
2017-11-04,23.5,4.0,DF
2017-11-05,21.1,11.6,DF
2017-11-06,23.1,0.2,DF
2017-11-07,21.9,5.5,DF
2017-11-08,19.5,8.8,DF
2017-11-09,20.1,4.2,DF
2017-11-10,20.5,19.3,DF
2017-11-11,20.3,40.4,DF
2017-11-12,21.2,8.0,DF
2017-11-13,23.0,0.0,DF
2017-11-14,23.8,0.0,DF
2017-11-15,21.7,1.5,DF
2017-11-16,21.7,2.4,DF
2017-11-17,21.8,1.8,DF
2017-11-18,21.8,7.8,DF
2017-11-19,21.3,1.8,DF
2017-11-20,22.9,1.6,DF
2017-11-21,22.2,14.1,DF
2017-11-22,22.6,1.5,DF
2017-11-23,22.2,9.6,DF
2017-11-24,22.3,3.3,DF
2017-11-25,22.8,5.3,DF
2017-11-26,21.9,15.2,DF
2017-11-27,22.8,0.3,DF
2017-11-28,23.4,7.8,DF
2017-11-29,22.4,3.5,DF
2017-11-30,20.4,19.3,DF
2017-12-01,20.6,2.6,DF
2017-12-02,21.0,3.7,DF
2017-12-03,21.7,3.3,DF
2017-12-04,23.1,0.0,DF
2017-12-05,22.9,7.8,DF
2017-12-06,22.4,0.8,DF
2017-12-07,21.8,3.1,DF
2017-12-08,21.8,8.9,DF
2017-12-09,21.7,7.1,DF
2017-12-10,21.0,19.9,DF
2017-12-11,20.4,26.1,DF
2017-12-12,20.1,17.3,DF
2017-12-13,20.1,24.9,DF
2017-12-14,20.1,34.3,DF
2017-12-15,19.9,25.0,DF
2017-12-16,19.7,5.7,DF
2017-12-17,20.0,15.9,DF
2017-12-18,21.7,0.2,DF
2017-12-19,22.1,0.8,DF
2017-12-20,23.3,0.0,DF
2017-12-21,23.4,0.1,DF
2017-12-22,21.9,1.7,DF
2017-12-23,22.2,0.3,DF
2017-12-24,22.7,0.5,DF
2017-12-25,23.0,2.5,DF
2017-12-26,22.9,2.6,DF
2017-12-27,23.7,0.0,DF
2017-12-28,25.2,0.0,DF
2017-12-29,24.0,0.5,DF
2017-12-30,22.2,10.5,DF
2017-12-31,22.7,0.0,DF
2018-01-01,23.3,0.3,DF
2018-01-02,23.2,0.1,DF
2018-01-03,23.1,3.1,DF
2018-01-04,22.0,2.6,DF
2018-01-05,21.1,15.3,DF
2018-01-06,20.8,6.0,DF
2018-01-07,21.4,2.0,DF
2018-01-08,21.3,5.4,DF
2018-01-09,22.3,0.0,DF
2018-01-10,22.1,0.5,DF
2018-01-11,22.2,0.0,DF
2018-01-12,21.9,0.0,DF
2018-01-13,22.5,0.2,DF
2018-01-14,21.4,6.0,DF
2018-01-15,21.9,2.8,DF
2018-01-16,22.0,1.9,DF
2018-01-17,22.9,0.0,DF
2018-01-18,23.2,0.0,DF
2018-01-19,23.4,0.0,DF
2018-01-20,24.3,0.0,DF
2018-01-21,24.8,0.0,DF
2018-01-22,24.6,0.0,DF
2018-01-23,24.8,0.0,DF
2018-01-24,24.4,0.1,DF
2018-01-25,22.4,17.6,DF
2018-01-26,21.8,10.7,DF
2018-01-27,22.6,3.4,DF
2018-01-28,22.3,0.8,DF
2018-01-29,22.5,0.6,DF
2018-01-30,23.3,3.2,DF
2018-01-31,22.3,10.5,DF
2018-02-01,21.8,17.8,DF
2018-02-02,21.4,20.2,DF
2018-02-03,21.0,17.3,DF
2018-02-04,19.1,65.8,DF
2018-02-05,20.0,8.8,DF
2018-02-06,20.6,2.4,DF
2018-02-07,21.4,0.6,DF
2018-02-08,22.1,3.3,DF
2018-02-09,22.6,7.1,DF
2018-02-10,21.7,9.5,DF
2018-02-11,22.7,0.7,DF
2018-02-12,23.4,0.7,DF
2018-02-13,24.1,0.0,DF
2018-02-14,23.5,0.0,DF
2018-02-15,22.3,0.0,DF
2018-02-16,22.3,0.1,DF
2018-02-17,22.8,0.1,DF
2018-02-18,22.2,1.2,DF
2018-02-19,21.7,3.0,DF
2018-02-20,22.1,6.7,DF
2018-02-21,22.1,15.4,DF
2018-02-22,21.3,9.1,DF
2018-02-23,22.2,0.9,DF
2018-02-24,22.3,2.6,DF
2018-02-25,21.8,7.8,DF
2018-02-26,21.3,3.9,DF
2018-02-27,22.6,1.8,DF
2018-02-28,22.4,4.3,DF
2018-03-01,23.7,0.0,DF
2018-03-02,22.6,0.4,DF
2018-03-03,23.6,1.2,DF
2018-03-04,24.2,0.0,DF
2018-03-05,23.5,0.5,DF
2018-03-06,23.1,5.4,DF
2018-03-07,23.2,5.2,DF
2018-03-08,22.0,7.8,DF
2018-03-09,22.3,11.9,DF
2018-03-10,21.3,15.2,DF
2018-03-11,21.1,13.6,DF
2018-03-12,22.0,2.8,DF
2018-03-13,22.2,7.4,DF
2018-03-14,22.5,1.4,DF
2018-03-15,22.7,0.2,DF
2018-03-16,23.7,0.0,DF
2018-03-17,22.2,8.9,DF
2018-03-18,23.1,0.6,DF
2018-03-19,23.0,0.3,DF
2018-03-20,23.3,0.0,DF
2018-03-21,23.2,1.0,DF
2018-03-22,22.9,0.6,DF
2018-03-23,22.2,3.4,DF
2018-03-24,20.6,6.9,DF
2018-03-25,21.4,3.5,DF
2018-03-26,21.1,3.1,DF
2018-03-27,21.6,0.0,DF
2018-03-28,21.7,0.0,DF
2018-03-29,21.4,0.0,DF
2018-03-30,22.1,0.3,DF
2018-03-31,22.7,0.9,DF
2018-04-01,22.5,0.5,DF
2018-04-02,21.2,0.9,DF
2018-04-03,22.7,6.0,DF
2018-04-04,22.2,3.5,DF
2018-04-05,22.2,6.7,DF
2018-04-06,21.3,7.9,DF
2018-04-07,21.2,7.2,DF
2018-04-08,20.6,20.0,DF
2018-04-09,20.4,20.4,DF
2018-04-10,20.2,2.8,DF
2018-04-11,20.2,3.2,DF
2018-04-12,19.0,2.8,DF
2018-04-13,20.0,4.8,DF
2018-04-14,19.8,1.7,DF
2018-04-15,20.5,3.8,DF
2018-04-16,20.2,7.9,DF
2018-04-17,19.3,1.1,DF
2018-04-18,18.8,0.2,DF
2018-04-19,19.4,0.2,DF
2018-04-20,20.1,0.2,DF
2018-04-21,21.5,0.3,DF
2018-04-22,20.8,0.1,DF
2018-04-23,20.5,0.3,DF
2018-04-24,20.8,0.0,DF
2018-04-25,20.5,0.7,DF
2018-04-26,20.5,0.1,DF
2018-04-27,20.9,0.3,DF
2018-04-28,21.3,0.1,DF
2018-04-29,20.5,0.5,DF
2018-04-30,20.5,0.0,DF
2018-05-01,20.4,0.0,DF
2018-05-02,21.1,0.0,DF
2018-05-03,21.6,0.0,DF
2018-05-04,21.6,0.0,DF
2018-05-05,21.3,0.0,DF
2018-05-06,21.1,0.0,DF
2018-05-07,21.2,0.0,DF
2018-05-08,20.6,0.1,DF
2018-05-09,20.3,0.0,DF
2018-05-10,19.9,0.3,DF
2018-05-11,20.5,0.0,DF
2018-05-12,21.7,0.0,DF
2018-05-13,21.7,0.0,DF
2018-05-14,21.7,0.0,DF
2018-05-15,20.6,0.1,DF
2018-05-16,20.9,0.2,DF
2018-05-17,22.1,0.0,DF
2018-05-18,21.9,0.0,DF
2018-05-19,21.9,0.4,DF
2018-05-20,19.3,0.0,DF
2018-05-21,19.1,0.2,DF
2018-05-22,20.3,0.0,DF
2018-05-23,20.7,0.0,DF
2018-05-24,21.0,0.2,DF
2018-05-25,19.6,1.0,DF
2018-05-26,19.4,0.0,DF
2018-05-27,18.3,0.2,DF
2018-05-28,18.3,0.2,DF
2018-05-29,18.3,0.0,DF
2018-05-30,18.3,0.0,DF
2018-05-31,18.6,0.0,DF
2018-06-01,19.8,0.0,DF
2018-06-02,20.0,0.0,DF
2018-06-03,20.2,0.0,DF
2018-06-04,20.5,0.0,DF
2018-06-05,20.6,0.0,DF
2018-06-06,21.0,0.1,DF
2018-06-07,21.8,0.0,DF
2018-06-08,21.8,0.0,DF
2018-06-09,22.0,0.0,DF
2018-06-10,21.8,0.0,DF
2018-06-11,20.7,0.0,DF
2018-06-12,21.2,0.0,DF
2018-06-13,22.2,0.0,DF
2018-06-14,21.2,0.0,DF
2018-06-15,21.1,0.0,DF
2018-06-16,19.9,0.0,DF
2018-06-17,18.8,0.0,DF
2018-06-18,18.7,0.0,DF
2018-06-19,18.5,0.0,DF
2018-06-20,19.1,0.1,DF
2018-06-21,18.9,0.0,DF
2018-06-22,19.4,0.1,DF
2018-06-23,20.4,0.0,DF
2018-06-24,20.1,0.0,DF
2018-06-25,19.7,0.0,DF
2018-06-26,21.1,0.0,DF
2018-06-27,20.6,0.0,DF
2018-06-28,19.4,0.0,DF
2018-06-29,18.4,0.0,DF
2018-06-30,19.4,0.0,DF
2018-07-01,20.3,0.0,DF
2018-07-02,20.0,0.0,DF
2018-07-03,20.1,0.0,DF
2018-07-04,20.2,0.0,DF
2018-07-05,19.1,0.0,DF
2018-07-06,18.8,0.0,DF
2018-07-07,19.7,0.0,DF
2018-07-08,21.8,0.0,DF
2018-07-09,21.8,0.0,DF
2018-07-10,21.1,0.0,DF
2018-07-11,19.9,0.0,DF
2018-07-12,20.9,0.0,DF
2018-07-13,21.3,0.0,DF
2018-07-14,20.8,0.0,DF
2018-07-15,20.3,0.0,DF
2018-07-16,19.7,0.0,DF
2018-07-17,19.3,0.0,DF
2018-07-18,19.1,0.1,DF
2018-07-19,18.7,0.0,DF
2018-07-20,19.1,0.0,DF
2018-07-21,20.1,0.0,DF
2018-07-22,19.8,0.0,DF
2018-07-23,18.9,0.0,DF
2018-07-24,18.4,0.0,DF
2018-07-25,18.7,0.0,DF
2018-07-26,18.7,0.0,DF
2018-07-27,19.3,0.0,DF
2018-07-28,19.8,0.0,DF
2018-07-29,20.5,0.0,DF
2018-07-30,21.3,0.0,DF
2018-07-31,23.0,0.0,DF
2018-08-01,22.5,0.0,DF
2018-08-02,23.1,0.0,DF
2018-08-03,23.1,0.0,DF
2018-08-04,23.4,0.0,DF
2018-08-05,23.1,0.0,DF
2018-08-06,23.3,0.0,DF
2018-08-07,22.2,0.0,DF
2018-08-08,22.9,0.1,DF
2018-08-09,22.1,0.3,DF
2018-08-10,22.8,0.1,DF
2018-08-11,23.3,0.0,DF
2018-08-12,21.6,0.0,DF
2018-08-13,22.9,0.0,DF
2018-08-14,23.3,0.0,DF
2018-08-15,23.7,0.0,DF
2018-08-16,21.1,6.1,DF
2018-08-17,18.7,3.6,DF
2018-08-18,18.7,2.7,DF
2018-08-19,19.7,1.3,DF
2018-08-20,20.5,0.0,DF
2018-08-21,20.5,0.0,DF
2018-08-22,21.5,0.0,DF
2018-08-23,22.3,0.0,DF
2018-08-24,23.3,0.0,DF
2018-08-25,23.5,0.0,DF
2018-08-26,22.8,0.0,DF
2018-08-27,22.7,0.0,DF
2018-08-28,21.4,0.0,DF
2018-08-29,20.8,0.0,DF
2018-08-30,21.0,0.0,DF
2018-08-31,21.4,0.0,DF
2018-09-01,22.8,0.0,DF
2018-09-02,23.5,0.0,DF
2018-09-03,24.3,0.0,DF
2018-09-04,22.0,0.0,DF
2018-09-05,20.6,0.0,DF
2018-09-06,22.9,0.0,DF
2018-09-07,23.2,0.0,DF
2018-09-08,22.0,0.0,DF
2018-09-09,21.6,0.0,DF
2018-09-10,22.1,0.0,DF
2018-09-11,23.4,0.0,DF
2018-09-12,24.4,0.0,DF
2018-09-13,24.2,0.0,DF
2018-09-14,23.9,0.0,DF
2018-09-15,22.1,0.2,DF
2018-09-16,24.3,0.1,DF
2018-09-17,22.5,1.6,DF
2018-09-18,22.4,1.0,DF
2018-09-19,21.3,8.7,DF
2018-09-20,21.5,2.9,DF
2018-09-21,22.6,2.2,DF
2018-09-22,24.6,0.0,DF
2018-09-23,25.7,0.0,DF
2018-09-24,24.9,0.0,DF
2018-09-25,25.9,0.0,DF
2018-09-26,25.0,0.0,DF
2018-09-27,25.7,0.0,DF
2018-09-28,26.3,0.0,DF
2018-09-29,26.5,0.0,DF
2018-09-30,25.5,0.0,DF
2018-10-01,24.0,5.9,DF
2018-10-02,22.9,5.9,DF
2018-10-03,24.9,0.2,DF
2018-10-04,25.5,0.0,DF
2018-10-05,25.5,0.3,DF
2018-10-06,25.1,1.6,DF
2018-10-07,23.3,1.6,DF
2018-10-08,25.0,0.0,DF
2018-10-09,24.3,0.2,DF
2018-10-10,24.0,0.0,DF
2018-10-11,25.5,0.0,DF
2018-10-12,27.1,0.0,DF
2018-10-13,27.2,0.0,DF
2018-10-14,25.8,0.5,DF
2018-10-15,24.8,3.2,DF
2018-10-16,24.1,1.3,DF
2018-10-17,23.4,0.2,DF
2018-10-18,24.0,4.2,DF
2018-10-19,20.8,22.6,DF
2018-10-20,22.6,0.3,DF
2018-10-21,21.0,25.1,DF
2018-10-22,20.6,1.2,DF
2018-10-23,21.6,7.7,DF
2018-10-24,22.2,3.9,DF
2018-10-25,21.7,12.0,DF
2018-10-26,22.9,2.4,DF
2018-10-27,23.7,2.2,DF
2018-10-28,23.2,0.4,DF
2018-10-29,22.6,18.2,DF
2018-10-30,23.1,0.7,DF
2018-10-31,23.0,4.9,DF
2016-09-01,23.4,2.1,ES
2016-09-02,22.7,0.2,ES
2016-09-03,22.1,1.1,ES
2016-09-04,22.3,0.5,ES
2016-09-05,22.8,0.1,ES
2016-09-06,22.8,0.0,ES
2016-09-07,23.6,0.0,ES
2016-09-08,23.8,0.0,ES
2016-09-09,23.2,1.8,ES
2016-09-10,22.8,0.2,ES
2016-09-11,22.6,0.2,ES
2016-09-12,23.0,0.1,ES
2016-09-13,23.8,1.0,ES
2016-09-14,24.7,0.0,ES
2016-09-15,24.9,0.0,ES
2016-09-16,22.6,2.8,ES
2016-09-17,23.0,0.0,ES
2016-09-18,24.6,0.0,ES
2016-09-19,25.3,2.1,ES
2016-09-20,22.9,7.4,ES
2016-09-21,20.4,2.0,ES
2016-09-22,20.9,0.3,ES
2016-09-23,21.0,0.9,ES
2016-09-24,22.8,0.0,ES
2016-09-25,23.0,5.1,ES
2016-09-26,20.8,0.1,ES
2016-09-27,21.0,2.0,ES
2016-09-28,20.8,3.3,ES
2016-09-29,24.4,0.1,ES
2016-09-30,22.1,0.4,ES
2016-10-01,20.8,10.2,ES
2016-10-02,19.9,11.7,ES
2016-10-03,20.7,0.5,ES
2016-10-04,21.3,7.2,ES
2016-10-05,21.9,0.8,ES
2016-10-06,21.1,0.7,ES
2016-10-07,22.8,4.2,ES
2016-10-08,22.1,0.0,ES
2016-10-09,23.1,0.2,ES
2016-10-10,21.9,10.4,ES
2016-10-11,21.4,3.4,ES
2016-10-12,22.0,0.9,ES
2016-10-13,23.2,0.0,ES
2016-10-14,24.4,0.5,ES
2016-10-15,24.7,1.3,ES
2016-10-16,24.4,0.0,ES
2016-10-17,24.3,0.0,ES
2016-10-18,24.8,0.0,ES
2016-10-19,25.2,0.0,ES
2016-10-20,25.8,0.0,ES
2016-10-21,26.1,0.0,ES
2016-10-22,24.0,8.7,ES
2016-10-23,23.3,0.5,ES
2016-10-24,23.8,2.3,ES
2016-10-25,24.3,3.5,ES
2016-10-26,24.4,0.3,ES
2016-10-27,25.8,0.0,ES
2016-10-28,25.1,4.8,ES
2016-10-29,20.9,13.5,ES
2016-10-30,21.1,1.4,ES
2016-10-31,22.0,0.2,ES
2016-11-01,22.8,1.0,ES
2016-11-02,24.0,1.8,ES
2016-11-03,24.5,0.7,ES
2016-11-04,24.1,1.8,ES
2016-11-05,23.0,2.5,ES
2016-11-06,23.1,1.8,ES
2016-11-07,23.0,5.0,ES
2016-11-08,22.8,12.2,ES
2016-11-09,23.7,14.5,ES
2016-11-10,25.3,0.0,ES
2016-11-11,25.5,0.6,ES
2016-11-12,25.6,2.1,ES
2016-11-13,23.9,13.4,ES
2016-11-14,22.1,29.0,ES
2016-11-15,23.5,27.8,ES
2016-11-16,26.0,3.6,ES
2016-11-17,26.2,9.5,ES
2016-11-18,24.8,21.5,ES
2016-11-19,21.4,7.1,ES
2016-11-20,20.8,0.0,ES
2016-11-21,22.4,0.0,ES
2016-11-22,24.5,0.4,ES
2016-11-23,22.3,38.1,ES
2016-11-24,23.8,22.6,ES
2016-11-25,23.4,0.4,ES
2016-11-26,23.4,2.8,ES
2016-11-27,23.8,1.6,ES
2016-11-28,24.7,0.0,ES
2016-11-29,25.6,0.0,ES
2016-11-30,23.4,6.1,ES
2016-12-01,22.6,0.4,ES
2016-12-02,22.5,1.7,ES
2016-12-03,23.8,0.1,ES
2016-12-04,26.1,1.6,ES
2016-12-05,25.7,6.8,ES
2016-12-06,24.6,2.5,ES
2016-12-07,24.7,0.0,ES
2016-12-08,26.2,10.6,ES
2016-12-09,27.5,0.3,ES
2016-12-10,26.2,6.5,ES
2016-12-11,27.3,15.8,ES
2016-12-12,26.5,9.3,ES
2016-12-13,26.3,12.9,ES
2016-12-14,26.4,1.9,ES
2016-12-15,24.3,6.9,ES
2016-12-16,22.5,6.6,ES
2016-12-17,23.2,5.6,ES
2016-12-18,23.3,2.5,ES
2016-12-19,23.6,4.2,ES
2016-12-20,24.4,2.4,ES
2016-12-21,25.0,1.6,ES
2016-12-22,25.7,0.0,ES
2016-12-23,25.4,0.0,ES
2016-12-24,25.7,0.0,ES
2016-12-25,26.4,0.6,ES
2016-12-26,26.6,0.0,ES
2016-12-27,26.7,0.0,ES
2016-12-28,26.8,0.0,ES
2016-12-29,26.8,0.0,ES
2016-12-30,26.7,0.0,ES
2016-12-31,26.5,0.0,ES
2017-01-01,26.9,0.0,ES
2017-01-02,27.6,0.0,ES
2017-01-03,27.7,0.0,ES
2017-01-04,27.3,0.2,ES
2017-01-05,27.3,0.0,ES
2017-01-06,27.5,0.0,ES
2017-01-07,27.2,0.0,ES
2017-01-08,27.1,0.0,ES
2017-01-09,27.2,0.0,ES
2017-01-10,27.9,0.0,ES
2017-01-11,27.9,0.1,ES
2017-01-12,27.6,1.2,ES
2017-01-13,27.1,2.8,ES
2017-01-14,26.8,1.4,ES
2017-01-15,26.5,3.8,ES
2017-01-16,26.4,0.5,ES
2017-01-17,26.0,0.3,ES
2017-01-18,26.3,0.6,ES
2017-01-19,26.6,0.6,ES
2017-01-20,26.6,0.3,ES
2017-01-21,26.5,1.4,ES
2017-01-22,26.1,1.0,ES
2017-01-23,26.7,0.3,ES
2017-01-24,27.1,1.7,ES
2017-01-25,27.1,0.8,ES
2017-01-26,27.5,0.0,ES
2017-01-27,27.5,0.0,ES
2017-01-28,27.1,1.0,ES
2017-01-29,25.8,3.8,ES
2017-01-30,25.9,3.3,ES
2017-01-31,26.0,1.0,ES
2017-02-01,26.4,0.9,ES
2017-02-02,26.8,4.9,ES
2017-02-03,26.8,5.1,ES
2017-02-04,26.0,10.3,ES
2017-02-05,26.5,2.5,ES
2017-02-06,26.7,0.9,ES
2017-02-07,26.6,5.4,ES
2017-02-08,25.9,7.0,ES
2017-02-09,25.1,7.8,ES
2017-02-10,25.5,1.4,ES
2017-02-11,25.8,1.8,ES
2017-02-12,25.4,2.9,ES
2017-02-13,25.7,3.4,ES
2017-02-14,25.4,3.3,ES
2017-02-15,25.7,3.7,ES
2017-02-16,26.0,1.3,ES
2017-02-17,26.4,1.7,ES
2017-02-18,26.8,0.5,ES
2017-02-19,26.8,0.8,ES
2017-02-20,26.1,2.8,ES
2017-02-21,25.4,3.5,ES
2017-02-22,25.5,4.1,ES
2017-02-23,26.1,2.2,ES
2017-02-24,27.1,0.2,ES
2017-02-25,27.4,0.0,ES
2017-02-26,27.4,0.1,ES
2017-02-27,27.7,0.1,ES
2017-02-28,27.6,0.0,ES
2017-03-01,28.2,0.6,ES
2017-03-02,28.1,0.0,ES
2017-03-03,27.4,0.0,ES
2017-03-04,27.3,0.0,ES
2017-03-05,28.2,0.0,ES
2017-03-06,28.4,0.4,ES
2017-03-07,28.2,0.0,ES
2017-03-08,27.5,0.8,ES
2017-03-09,26.2,1.9,ES
2017-03-10,26.9,0.9,ES
2017-03-11,27.0,0.0,ES
2017-03-12,27.1,0.3,ES
2017-03-13,27.6,0.0,ES
2017-03-14,27.2,1.6,ES
2017-03-15,26.1,2.3,ES
2017-03-16,26.1,2.3,ES
2017-03-17,27.2,0.3,ES
2017-03-18,26.8,3.9,ES
2017-03-19,25.2,9.3,ES
2017-03-20,24.5,1.0,ES
2017-03-21,24.9,0.0,ES
2017-03-22,24.9,0.6,ES
2017-03-23,24.7,0.2,ES
2017-03-24,24.7,0.4,ES
2017-03-25,26.3,0.3,ES
2017-03-26,26.0,0.2,ES
2017-03-27,25.9,0.7,ES
2017-03-28,24.1,10.3,ES
2017-03-29,24.2,0.1,ES
2017-03-30,24.3,0.0,ES
2017-03-31,23.8,0.4,ES
2017-04-01,24.2,0.0,ES
2017-04-02,24.1,0.2,ES
2017-04-03,24.3,0.1,ES
2017-04-04,24.8,0.1,ES
2017-04-05,26.0,1.0,ES
2017-04-06,27.0,0.0,ES
2017-04-07,27.6,0.0,ES
2017-04-08,27.4,0.5,ES
2017-04-09,26.7,1.8,ES
2017-04-10,26.4,2.6,ES
2017-04-11,25.2,6.2,ES
2017-04-12,26.4,3.7,ES
2017-04-13,24.7,12.6,ES
2017-04-14,24.2,2.3,ES
2017-04-15,24.7,0.8,ES
2017-04-16,24.9,0.1,ES
2017-04-17,25.7,1.1,ES
2017-04-18,24.7,0.1,ES
2017-04-19,23.5,2.1,ES
2017-04-20,22.8,1.5,ES
2017-04-21,24.2,0.0,ES
2017-04-22,26.4,0.1,ES
2017-04-23,24.0,4.8,ES
2017-04-24,23.9,2.4,ES
2017-04-25,24.1,1.0,ES
2017-04-26,25.2,0.0,ES
2017-04-27,26.6,1.4,ES
2017-04-28,23.8,3.6,ES
2017-04-29,22.6,3.8,ES
2017-04-30,23.4,0.7,ES
2017-05-01,23.4,1.0,ES
2017-05-02,23.2,0.2,ES
2017-05-03,23.0,0.5,ES
2017-05-04,23.4,0.6,ES
2017-05-05,23.7,0.1,ES
2017-05-06,24.6,13.4,ES
2017-05-07,23.4,4.1,ES
2017-05-08,22.9,0.0,ES
2017-05-09,23.8,0.0,ES
2017-05-10,24.0,0.2,ES
2017-05-11,23.4,1.0,ES
2017-05-12,21.9,0.3,ES
2017-05-13,22.1,0.0,ES
2017-05-14,25.2,0.0,ES
2017-05-15,24.9,0.0,ES
2017-05-16,23.4,0.0,ES
2017-05-17,22.4,2.4,ES
2017-05-18,21.6,3.9,ES
2017-05-19,21.2,3.0,ES
2017-05-20,22.2,20.9,ES
2017-05-21,22.6,53.9,ES
2017-05-22,23.2,2.2,ES
2017-05-23,23.0,6.5,ES
2017-05-24,22.2,12.3,ES
2017-05-25,22.6,4.6,ES
2017-05-26,22.1,0.2,ES
2017-05-27,22.5,0.3,ES
2017-05-28,22.6,1.0,ES
2017-05-29,22.6,0.0,ES
2017-05-30,23.0,0.0,ES
2017-05-31,22.2,0.0,ES
2017-06-01,23.6,0.0,ES
2017-06-02,23.8,0.0,ES
2017-06-03,22.0,0.0,ES
2017-06-04,22.7,0.0,ES
2017-06-05,23.8,0.0,ES
2017-06-06,23.7,0.0,ES
2017-06-07,23.8,0.0,ES
2017-06-08,24.7,0.0,ES
2017-06-09,25.5,0.0,ES
2017-06-10,22.2,0.3,ES
2017-06-11,21.7,0.0,ES
2017-06-12,23.1,0.3,ES
2017-06-13,23.5,0.1,ES
2017-06-14,23.5,2.9,ES
2017-06-15,22.1,0.3,ES
2017-06-16,21.8,0.1,ES
2017-06-17,21.8,0.3,ES
2017-06-18,22.6,0.5,ES
2017-06-19,23.1,0.0,ES
2017-06-20,22.7,0.1,ES
2017-06-21,21.8,1.8,ES
2017-06-22,21.5,9.3,ES
2017-06-23,21.2,6.5,ES
2017-06-24,21.1,12.3,ES
2017-06-25,21.0,5.9,ES
2017-06-26,21.6,9.4,ES
2017-06-27,21.3,17.2,ES
2017-06-28,21.7,0.0,ES
2017-06-29,20.8,0.2,ES
2017-06-30,21.2,0.1,ES
2017-07-01,21.6,0.0,ES
2017-07-02,20.1,2.4,ES
2017-07-03,18.5,1.2,ES
2017-07-04,19.6,1.9,ES
2017-07-05,20.2,3.4,ES
2017-07-06,20.1,2.4,ES
2017-07-07,20.1,3.2,ES
2017-07-08,20.7,4.3,ES
2017-07-09,20.5,4.7,ES
2017-07-10,20.8,4.4,ES
2017-07-11,20.9,2.1,ES
2017-07-12,20.7,1.0,ES
2017-07-13,20.7,4.2,ES
2017-07-14,20.4,4.2,ES
2017-07-15,20.3,3.7,ES
2017-07-16,20.7,2.7,ES
2017-07-17,21.6,0.0,ES
2017-07-18,21.4,0.4,ES
2017-07-19,19.7,6.5,ES
2017-07-20,19.9,0.6,ES
2017-07-21,20.2,0.0,ES
2017-07-22,20.7,0.0,ES
2017-07-23,20.3,2.1,ES
2017-07-24,20.3,1.6,ES
2017-07-25,21.0,1.8,ES
2017-07-26,20.7,0.5,ES
2017-07-27,20.4,2.9,ES
2017-07-28,21.0,7.6,ES
2017-07-29,21.2,4.6,ES
2017-07-30,19.6,3.4,ES
2017-07-31,19.3,1.3,ES
2017-08-01,19.4,0.4,ES
2017-08-02,21.0,0.8,ES
2017-08-03,21.2,1.1,ES
2017-08-04,21.5,0.0,ES
2017-08-05,20.9,0.0,ES
2017-08-06,19.7,0.0,ES
2017-08-07,19.1,0.8,ES
2017-08-08,20.1,0.0,ES
2017-08-09,21.8,0.0,ES
2017-08-10,21.7,0.0,ES
2017-08-11,21.0,0.6,ES
2017-08-12,20.5,0.1,ES
2017-08-13,20.5,0.0,ES
2017-08-14,20.8,0.0,ES
2017-08-15,20.7,0.0,ES
2017-08-16,21.4,0.0,ES
2017-08-17,21.3,0.0,ES
2017-08-18,21.9,0.0,ES
2017-08-19,22.5,0.2,ES
2017-08-20,23.0,0.0,ES
2017-08-21,21.6,1.6,ES
2017-08-22,20.3,5.8,ES
2017-08-23,20.5,0.7,ES
2017-08-24,20.1,2.4,ES
2017-08-25,19.7,0.6,ES
2017-08-26,19.6,3.1,ES
2017-08-27,20.1,0.3,ES
2017-08-28,20.3,0.0,ES
2017-08-29,20.9,0.0,ES
2017-08-30,22.1,0.0,ES
2017-08-31,22.4,0.0,ES
2017-09-01,21.7,2.3,ES
2017-09-02,20.6,1.9,ES
2017-09-03,20.1,1.3,ES
2017-09-04,20.3,1.3,ES
2017-09-05,21.2,0.2,ES
2017-09-06,21.7,0.0,ES
2017-09-07,21.4,0.2,ES
2017-09-08,21.0,2.4,ES
2017-09-09,21.6,1.9,ES
2017-09-10,21.9,1.4,ES
2017-09-11,21.9,0.7,ES
2017-09-12,21.9,1.4,ES
2017-09-13,22.0,0.5,ES
2017-09-14,22.2,1.2,ES
2017-09-15,22.4,0.0,ES
2017-09-16,22.2,2.8,ES
2017-09-17,22.2,0.7,ES
2017-09-18,22.4,0.7,ES
2017-09-19,22.0,1.3,ES
2017-09-20,22.0,2.2,ES
2017-09-21,22.1,0.5,ES
2017-09-22,22.4,1.3,ES
2017-09-23,22.2,0.3,ES
2017-09-24,22.4,0.2,ES
2017-09-25,21.9,1.4,ES
2017-09-26,21.6,3.7,ES
2017-09-27,22.8,0.0,ES
2017-09-28,24.6,0.0,ES
2017-09-29,23.0,2.7,ES
2017-09-30,23.8,0.2,ES
2017-10-01,23.7,6.9,ES
2017-10-02,24.5,0.0,ES
2017-10-03,25.0,0.0,ES
2017-10-04,22.6,4.6,ES
2017-10-05,22.9,0.7,ES
2017-10-06,23.2,0.2,ES
2017-10-07,23.5,0.2,ES
2017-10-08,22.9,2.7,ES
2017-10-09,23.2,0.8,ES
2017-10-10,23.8,0.0,ES
2017-10-11,24.1,0.0,ES
2017-10-12,24.7,0.0,ES
2017-10-13,24.5,0.6,ES
2017-10-14,25.2,0.0,ES
2017-10-15,24.3,0.3,ES
2017-10-16,22.8,6.8,ES
2017-10-17,22.7,6.3,ES
2017-10-18,23.0,1.8,ES
2017-10-19,23.4,0.3,ES
2017-10-20,25.3,0.0,ES
2017-10-21,25.7,0.0,ES
2017-10-22,25.9,0.0,ES
2017-10-23,24.5,0.2,ES
2017-10-24,23.7,0.9,ES
2017-10-25,23.8,0.5,ES
2017-10-26,24.2,0.0,ES
2017-10-27,25.9,0.0,ES
2017-10-28,26.3,0.3,ES
2017-10-29,26.7,0.0,ES
2017-10-30,25.2,1.4,ES
2017-10-31,26.5,18.1,ES
2017-11-01,22.9,4.8,ES
2017-11-02,22.8,0.9,ES
2017-11-03,22.9,0.7,ES
2017-11-04,24.6,0.1,ES
2017-11-05,26.2,2.0,ES
2017-11-06,23.1,2.6,ES
2017-11-07,22.2,1.5,ES
2017-11-08,22.5,0.3,ES
2017-11-09,22.3,1.6,ES
2017-11-10,23.4,1.9,ES
2017-11-11,23.9,11.4,ES
2017-11-12,22.9,2.4,ES
2017-11-13,23.6,0.0,ES
2017-11-14,23.0,0.0,ES
2017-11-15,23.4,1.2,ES
2017-11-16,25.0,0.0,ES
2017-11-17,25.5,0.0,ES
2017-11-18,25.3,0.0,ES
2017-11-19,26.3,0.0,ES
2017-11-20,26.1,0.3,ES
2017-11-21,26.4,0.1,ES
2017-11-22,27.2,0.1,ES
2017-11-23,22.9,11.9,ES
2017-11-24,22.5,0.5,ES
2017-11-25,24.3,1.5,ES
2017-11-26,25.1,0.0,ES
2017-11-27,26.0,0.0,ES
2017-11-28,25.9,5.2,ES
2017-11-29,23.2,24.2,ES
2017-11-30,23.3,6.3,ES
2017-12-01,22.9,23.4,ES
2017-12-02,22.9,35.5,ES
2017-12-03,23.7,3.1,ES
2017-12-04,25.8,2.3,ES
2017-12-05,24.8,4.9,ES
2017-12-06,23.9,1.9,ES
2017-12-07,23.7,1.7,ES
2017-12-08,24.1,11.4,ES
2017-12-09,24.8,1.7,ES
2017-12-10,24.6,0.0,ES
2017-12-11,25.4,0.3,ES
2017-12-12,24.0,11.2,ES
2017-12-13,24.0,1.5,ES
2017-12-14,23.2,9.4,ES
2017-12-15,24.7,0.8,ES
2017-12-16,25.5,0.0,ES
2017-12-17,25.6,0.0,ES
2017-12-18,25.2,0.2,ES
2017-12-19,25.1,0.8,ES
2017-12-20,25.0,0.8,ES
2017-12-21,25.3,1.0,ES
2017-12-22,25.5,0.9,ES
2017-12-23,25.7,0.1,ES
2017-12-24,26.3,0.0,ES
2017-12-25,26.9,0.0,ES
2017-12-26,26.8,0.0,ES
2017-12-27,26.9,0.0,ES
2017-12-28,26.8,0.0,ES
2017-12-29,26.7,0.0,ES
2017-12-30,27.4,0.0,ES
2017-12-31,28.1,0.2,ES
2018-01-01,28.5,1.3,ES
2018-01-02,28.1,5.3,ES
2018-01-03,29.0,3.6,ES
2018-01-04,25.5,3.4,ES
2018-01-05,26.4,0.6,ES
2018-01-06,26.3,0.0,ES
2018-01-07,26.2,0.1,ES
2018-01-08,25.7,4.4,ES
2018-01-09,25.5,1.6,ES
2018-01-10,25.5,3.4,ES
2018-01-11,25.3,1.7,ES
2018-01-12,26.1,0.0,ES
2018-01-13,26.7,0.0,ES
2018-01-14,27.0,0.0,ES
2018-01-15,27.4,0.1,ES
2018-01-16,27.4,0.0,ES
2018-01-17,27.1,0.0,ES
2018-01-18,27.3,0.0,ES
2018-01-19,27.5,0.0,ES
2018-01-20,26.9,0.0,ES
2018-01-21,27.2,0.0,ES
2018-01-22,27.1,0.0,ES
2018-01-23,27.0,1.3,ES
2018-01-24,26.4,4.0,ES
2018-01-25,26.8,0.0,ES
2018-01-26,27.0,0.0,ES
2018-01-27,26.6,1.0,ES
2018-01-28,26.4,0.0,ES
2018-01-29,28.3,0.0,ES
2018-01-30,26.0,12.4,ES
2018-01-31,24.0,38.2,ES
2018-02-01,23.4,2.8,ES
2018-02-02,23.7,1.6,ES
2018-02-03,24.2,1.2,ES
2018-02-04,23.6,21.8,ES
2018-02-05,23.7,10.3,ES
2018-02-06,25.1,15.8,ES
2018-02-07,25.8,3.5,ES
2018-02-08,25.4,0.0,ES
2018-02-09,25.3,3.4,ES
2018-02-10,25.7,0.3,ES
2018-02-11,25.8,0.0,ES
2018-02-12,26.0,0.0,ES
2018-02-13,26.6,0.0,ES
2018-02-14,25.7,4.5,ES
2018-02-15,25.6,3.2,ES
2018-02-16,25.3,3.0,ES
2018-02-17,25.3,3.9,ES
2018-02-18,26.0,0.2,ES
2018-02-19,26.3,0.0,ES
2018-02-20,26.6,0.0,ES
2018-02-21,26.8,0.6,ES
2018-02-22,26.8,0.1,ES
2018-02-23,26.6,5.3,ES
2018-02-24,25.7,0.2,ES
2018-02-25,25.4,0.6,ES
2018-02-26,25.5,11.4,ES
2018-02-27,26.8,0.0,ES
2018-02-28,27.3,0.0,ES
2018-03-01,27.6,0.1,ES
2018-03-02,27.5,0.1,ES
2018-03-03,27.6,0.2,ES
2018-03-04,27.7,1.0,ES
2018-03-05,28.2,3.4,ES
2018-03-06,27.0,0.2,ES
2018-03-07,27.2,0.8,ES
2018-03-08,26.1,18.4,ES
2018-03-09,25.2,15.8,ES
2018-03-10,25.8,0.4,ES
2018-03-11,26.1,11.0,ES
2018-03-12,25.7,0.0,ES
2018-03-13,26.5,0.0,ES
2018-03-14,27.2,0.0,ES
2018-03-15,27.5,0.0,ES
2018-03-16,28.0,2.0,ES
2018-03-17,25.3,16.9,ES
2018-03-18,25.6,2.2,ES
2018-03-19,26.9,0.0,ES
2018-03-20,27.0,0.0,ES
2018-03-21,25.8,8.0,ES
2018-03-22,25.6,6.0,ES
2018-03-23,25.4,3.2,ES
2018-03-24,25.0,3.1,ES
2018-03-25,25.4,0.1,ES
2018-03-26,25.7,0.8,ES
2018-03-27,24.9,3.7,ES
2018-03-28,25.0,1.9,ES
2018-03-29,24.5,3.0,ES
2018-03-30,24.9,1.2,ES
2018-03-31,25.2,0.3,ES
2018-04-01,26.1,0.0,ES
2018-04-02,26.9,0.0,ES
2018-04-03,27.3,0.0,ES
2018-04-04,25.8,2.7,ES
2018-04-05,25.7,9.4,ES
2018-04-06,25.4,13.9,ES
2018-04-07,24.5,7.1,ES
2018-04-08,24.2,8.1,ES
2018-04-09,24.4,3.0,ES
2018-04-10,24.5,1.3,ES
2018-04-11,23.3,7.4,ES
2018-04-12,23.9,5.5,ES
2018-04-13,24.8,0.9,ES
2018-04-14,25.1,3.6,ES
2018-04-15,24.4,8.6,ES
2018-04-16,23.3,37.5,ES
2018-04-17,23.1,2.8,ES
2018-04-18,22.6,1.7,ES
2018-04-19,23.0,0.2,ES
2018-04-20,23.4,0.0,ES
2018-04-21,23.3,0.0,ES
2018-04-22,23.2,1.9,ES
2018-04-23,23.3,3.3,ES
2018-04-24,23.2,6.4,ES
2018-04-25,23.8,3.0,ES
2018-04-26,24.0,5.7,ES
2018-04-27,23.9,3.9,ES
2018-04-28,23.4,1.6,ES
2018-04-29,23.1,1.3,ES
2018-04-30,23.1,1.4,ES
2018-05-01,23.6,0.0,ES
2018-05-02,22.8,0.0,ES
2018-05-03,23.6,3.1,ES
2018-05-04,23.7,2.3,ES
2018-05-05,23.7,4.4,ES
2018-05-06,24.1,0.6,ES
2018-05-07,22.9,2.2,ES
2018-05-08,22.6,14.3,ES
2018-05-09,22.5,17.1,ES
2018-05-10,22.3,0.7,ES
2018-05-11,22.0,0.0,ES
2018-05-12,23.9,0.0,ES
2018-05-13,23.4,0.2,ES
2018-05-14,22.0,8.1,ES
2018-05-15,22.3,17.6,ES
2018-05-16,24.4,0.0,ES
2018-05-17,23.4,2.3,ES
2018-05-18,23.3,0.1,ES
2018-05-19,24.7,0.0,ES
2018-05-20,23.4,0.1,ES
2018-05-21,21.2,0.0,ES
2018-05-22,21.9,0.0,ES
2018-05-23,22.5,0.0,ES
2018-05-24,22.0,1.2,ES
2018-05-25,21.1,12.2,ES
2018-05-26,20.1,19.9,ES
2018-05-27,21.0,0.0,ES
2018-05-28,21.1,3.0,ES
2018-05-29,21.4,1.5,ES
2018-05-30,21.1,0.3,ES
2018-05-31,21.0,0.1,ES
2018-06-01,22.3,0.0,ES
2018-06-02,23.3,0.0,ES
2018-06-03,22.6,0.0,ES
2018-06-04,21.7,2.6,ES
2018-06-05,20.9,1.3,ES
2018-06-06,22.5,0.0,ES
2018-06-07,22.8,0.0,ES
2018-06-08,23.3,1.1,ES
2018-06-09,22.4,1.4,ES
2018-06-10,22.6,0.6,ES
2018-06-11,22.4,0.0,ES
2018-06-12,23.8,0.0,ES
2018-06-13,24.2,0.0,ES
2018-06-14,23.0,2.4,ES
2018-06-15,22.2,22.1,ES
2018-06-16,22.3,4.0,ES
2018-06-17,22.4,5.3,ES
2018-06-18,21.7,20.4,ES
2018-06-19,21.7,1.4,ES
2018-06-20,21.0,0.9,ES
2018-06-21,21.5,0.0,ES
2018-06-22,22.3,0.0,ES
2018-06-23,22.3,0.0,ES
2018-06-24,23.1,0.0,ES
2018-06-25,23.0,0.0,ES
2018-06-26,23.2,0.0,ES
2018-06-27,22.9,0.0,ES
2018-06-28,22.1,1.0,ES
2018-06-29,21.5,4.7,ES
2018-06-30,21.9,2.4,ES
2018-07-01,22.6,0.0,ES
2018-07-02,22.8,0.0,ES
2018-07-03,22.7,0.0,ES
2018-07-04,22.4,1.6,ES
2018-07-05,22.4,0.0,ES
2018-07-06,21.8,0.0,ES
2018-07-07,21.2,0.0,ES
2018-07-08,22.7,0.0,ES
2018-07-09,23.1,0.0,ES
2018-07-10,23.1,0.4,ES
2018-07-11,19.8,1.9,ES
2018-07-12,19.6,0.0,ES
2018-07-13,20.5,0.5,ES
2018-07-14,22.0,0.2,ES
2018-07-15,22.2,1.0,ES
2018-07-16,22.3,0.1,ES
2018-07-17,22.4,0.1,ES
2018-07-18,22.4,0.2,ES
2018-07-19,22.1,0.0,ES
2018-07-20,21.9,0.0,ES
2018-07-21,22.2,0.0,ES
2018-07-22,21.6,0.9,ES
2018-07-23,21.4,3.1,ES
2018-07-24,21.3,0.7,ES
2018-07-25,20.5,6.0,ES
2018-07-26,20.7,1.1,ES
2018-07-27,20.6,0.6,ES
2018-07-28,21.7,0.0,ES
2018-07-29,22.3,0.0,ES
2018-07-30,23.0,0.0,ES
2018-07-31,23.7,0.0,ES
2018-08-01,21.8,1.8,ES
2018-08-02,20.9,7.9,ES
2018-08-03,21.6,14.5,ES
2018-08-04,22.4,6.0,ES
2018-08-05,22.1,0.0,ES
2018-08-06,22.9,1.0,ES
2018-08-07,21.7,10.1,ES
2018-08-08,21.9,4.2,ES
2018-08-09,23.2,0.3,ES
2018-08-10,24.2,0.0,ES
2018-08-11,22.3,1.6,ES
2018-08-12,20.8,0.0,ES
2018-08-13,21.2,0.0,ES
2018-08-14,20.5,0.0,ES
2018-08-15,21.1,0.1,ES
2018-08-16,21.4,2.7,ES
2018-08-17,20.7,5.7,ES
2018-08-18,20.1,5.2,ES
2018-08-19,20.3,0.0,ES
2018-08-20,20.9,0.9,ES
2018-08-21,21.8,0.1,ES
2018-08-22,22.1,0.7,ES
2018-08-23,22.9,0.7,ES
2018-08-24,23.0,0.6,ES
2018-08-25,23.6,0.0,ES
2018-08-26,23.1,10.3,ES
2018-08-27,20.5,46.4,ES
2018-08-28,21.3,39.3,ES
2018-08-29,21.2,2.9,ES
2018-08-30,21.4,1.9,ES
2018-08-31,22.4,0.0,ES
2018-09-01,22.6,0.0,ES
2018-09-02,23.1,0.0,ES
2018-09-03,23.2,0.0,ES
2018-09-04,23.8,2.7,ES
2018-09-05,21.2,12.6,ES
2018-09-06,20.8,0.0,ES
2018-09-07,20.8,0.1,ES
2018-09-08,20.8,0.0,ES
2018-09-09,21.2,0.5,ES
2018-09-10,21.1,3.0,ES
2018-09-11,21.4,8.4,ES
2018-09-12,20.9,13.9,ES
2018-09-13,20.9,1.4,ES
2018-09-14,21.9,0.2,ES
2018-09-15,22.6,1.5,ES
2018-09-16,22.2,1.9,ES
2018-09-17,22.0,5.0,ES
2018-09-18,24.6,6.0,ES
2018-09-19,25.2,1.0,ES
2018-09-20,24.9,0.2,ES
2018-09-21,24.2,0.0,ES
2018-09-22,23.4,0.6,ES
2018-09-23,23.1,0.0,ES
2018-09-24,24.7,0.0,ES
2018-09-25,24.6,0.0,ES
2018-09-26,23.8,1.0,ES
2018-09-27,24.7,0.0,ES
2018-09-28,25.0,0.2,ES
2018-09-29,23.8,1.5,ES
2018-09-30,24.1,0.8,ES
2018-10-01,24.9,0.5,ES
2018-10-02,25.2,0.0,ES
2018-10-03,25.3,0.0,ES
2018-10-04,25.8,0.0,ES
2018-10-05,24.4,14.6,ES
2018-10-06,22.4,2.6,ES
2018-10-07,22.7,13.2,ES
2018-10-08,24.2,2.5,ES
2018-10-09,24.7,0.0,ES
2018-10-10,25.6,0.0,ES
2018-10-11,25.5,0.0,ES
2018-10-12,24.9,1.0,ES
2018-10-13,25.3,0.0,ES
2018-10-14,24.8,0.2,ES
2018-10-15,24.2,0.4,ES
2018-10-16,23.6,4.9,ES
2018-10-17,23.7,19.0,ES
2018-10-18,24.8,1.3,ES
2018-10-19,24.9,6.4,ES
2018-10-20,22.8,4.2,ES
2018-10-21,21.3,0.3,ES
2018-10-22,21.6,0.0,ES
2018-10-23,23.2,0.0,ES
2018-10-24,24.1,0.6,ES
2018-10-25,23.1,18.6,ES
2018-10-26,23.7,29.1,ES
2018-10-27,26.9,0.3,ES
2018-10-28,23.9,1.6,ES
2018-10-29,22.1,0.5,ES
2018-10-30,22.6,2.1,ES
2018-10-31,23.9,1.5,ES
2016-09-01,26.1,0.0,GO
2016-09-02,26.9,0.0,GO
2016-09-03,26.5,0.0,GO
2016-09-04,26.0,0.0,GO
2016-09-05,26.1,0.0,GO
2016-09-06,26.5,0.0,GO
2016-09-07,25.8,0.0,GO
2016-09-08,25.7,0.0,GO
2016-09-09,26.1,0.0,GO
2016-09-10,27.2,0.0,GO
2016-09-11,27.4,0.0,GO
2016-09-12,27.3,0.0,GO
2016-09-13,27.4,0.0,GO
2016-09-14,28.3,0.0,GO
2016-09-15,27.2,0.0,GO
2016-09-16,28.1,0.0,GO
2016-09-17,29.2,0.0,GO
2016-09-18,28.6,0.0,GO
2016-09-19,28.6,0.8,GO
2016-09-20,25.7,0.5,GO
2016-09-21,26.6,0.6,GO
2016-09-22,26.7,1.2,GO
2016-09-23,25.1,8.2,GO
2016-09-24,23.3,10.3,GO
2016-09-25,24.2,1.8,GO
2016-09-26,24.6,0.0,GO
2016-09-27,25.2,0.0,GO
2016-09-28,25.2,0.0,GO
2016-09-29,26.3,0.0,GO
2016-09-30,27.0,0.0,GO
2016-10-01,25.9,1.8,GO
2016-10-02,26.7,0.3,GO
2016-10-03,26.1,4.3,GO
2016-10-04,21.8,25.1,GO
2016-10-05,21.4,20.3,GO
2016-10-06,21.9,1.2,GO
2016-10-07,22.2,0.1,GO
2016-10-08,23.1,0.0,GO
2016-10-09,25.0,0.0,GO
2016-10-10,26.1,0.2,GO
2016-10-11,26.6,0.8,GO
2016-10-12,26.0,1.2,GO
2016-10-13,26.8,0.4,GO
2016-10-14,26.1,1.5,GO
2016-10-15,26.6,0.6,GO
2016-10-16,29.0,0.0,GO
2016-10-17,29.1,0.0,GO
2016-10-18,29.4,0.0,GO
2016-10-19,29.4,0.2,GO
2016-10-20,27.8,0.4,GO
2016-10-21,26.1,9.8,GO
2016-10-22,24.9,10.1,GO
2016-10-23,26.4,0.6,GO
2016-10-24,27.5,0.0,GO
2016-10-25,27.0,0.0,GO
2016-10-26,27.4,0.0,GO
2016-10-27,26.5,0.1,GO
2016-10-28,25.3,0.1,GO
2016-10-29,26.0,0.0,GO
2016-10-30,25.4,9.2,GO
2016-10-31,24.2,7.6,GO
2016-11-01,22.5,10.1,GO
2016-11-02,24.4,6.4,GO
2016-11-03,23.5,10.5,GO
2016-11-04,24.4,0.9,GO
2016-11-05,25.5,0.0,GO
2016-11-06,23.5,2.8,GO
2016-11-07,23.7,1.0,GO
2016-11-08,25.0,0.0,GO
2016-11-09,25.4,2.2,GO
2016-11-10,24.1,11.3,GO
2016-11-11,24.5,12.7,GO
2016-11-12,23.4,4.7,GO
2016-11-13,21.9,10.5,GO
2016-11-14,21.5,12.9,GO
2016-11-15,22.7,3.4,GO
2016-11-16,23.4,1.4,GO
2016-11-17,23.9,0.9,GO
2016-11-18,23.3,8.2,GO
2016-11-19,24.4,0.0,GO
2016-11-20,23.3,8.5,GO
2016-11-21,21.8,19.7,GO
2016-11-22,22.3,5.8,GO
2016-11-23,23.3,5.4,GO
2016-11-24,23.3,4.9,GO
2016-11-25,24.0,1.7,GO
2016-11-26,26.3,0.1,GO
2016-11-27,24.7,22.4,GO
2016-11-28,23.9,6.5,GO
2016-11-29,24.5,3.1,GO
2016-11-30,23.7,18.8,GO
2016-12-01,23.9,13.8,GO
2016-12-02,24.3,3.3,GO
2016-12-03,24.7,4.0,GO
2016-12-04,23.7,9.8,GO
2016-12-05,23.6,5.4,GO
2016-12-06,23.5,9.1,GO
2016-12-07,24.2,8.3,GO
2016-12-08,24.0,4.3,GO
2016-12-09,23.6,4.2,GO
2016-12-10,23.4,11.6,GO
2016-12-11,24.4,1.8,GO
2016-12-12,24.3,19.8,GO
2016-12-13,23.1,16.9,GO
2016-12-14,22.6,11.3,GO
2016-12-15,22.4,3.1,GO
2016-12-16,23.4,0.4,GO
2016-12-17,23.9,0.0,GO
2016-12-18,24.2,0.3,GO
2016-12-19,24.1,0.2,GO
2016-12-20,24.0,0.7,GO
2016-12-21,23.7,5.7,GO
2016-12-22,24.8,1.4,GO
2016-12-23,25.6,0.0,GO
2016-12-24,26.6,0.0,GO
2016-12-25,27.0,0.2,GO
2016-12-26,26.3,0.5,GO
2016-12-27,25.0,1.4,GO
2016-12-28,25.4,4.5,GO
2016-12-29,24.2,5.6,GO
2016-12-30,24.5,0.4,GO
2016-12-31,25.4,0.0,GO
2017-01-01,25.9,0.0,GO
2017-01-02,26.0,0.0,GO
2017-01-03,26.9,0.7,GO
2017-01-04,24.0,3.5,GO
2017-01-05,24.7,3.6,GO
2017-01-06,26.3,0.3,GO
2017-01-07,26.9,0.0,GO
2017-01-08,27.8,0.0,GO
2017-01-09,26.7,0.0,GO
2017-01-10,24.0,7.3,GO
2017-01-11,25.2,0.0,GO
2017-01-12,25.0,1.1,GO
2017-01-13,24.7,4.0,GO
2017-01-14,23.6,4.2,GO
2017-01-15,23.0,12.1,GO
2017-01-16,23.8,0.7,GO
2017-01-17,23.7,2.0,GO
2017-01-18,23.1,10.2,GO
2017-01-19,22.8,4.0,GO
2017-01-20,23.2,4.0,GO
2017-01-21,23.0,0.4,GO
2017-01-22,22.3,8.0,GO
2017-01-23,23.1,9.3,GO
2017-01-24,23.8,0.0,GO
2017-01-25,24.5,3.4,GO
2017-01-26,23.8,13.1,GO
2017-01-27,22.7,5.1,GO
2017-01-28,25.3,0.0,GO
2017-01-29,25.0,0.0,GO
2017-01-30,24.8,0.0,GO
2017-01-31,24.4,0.0,GO
2017-02-01,24.2,8.1,GO
2017-02-02,23.1,7.3,GO
2017-02-03,24.0,1.0,GO
2017-02-04,24.2,0.1,GO
2017-02-05,24.0,3.3,GO
2017-02-06,24.0,9.7,GO
2017-02-07,23.7,5.0,GO
2017-02-08,24.1,2.4,GO
2017-02-09,24.4,4.0,GO
2017-02-10,23.7,1.3,GO
2017-02-11,22.9,12.6,GO
2017-02-12,23.0,6.4,GO
2017-02-13,23.2,7.0,GO
2017-02-14,24.1,0.6,GO
2017-02-15,23.9,0.0,GO
2017-02-16,22.9,2.2,GO
2017-02-17,23.0,3.7,GO
2017-02-18,22.8,0.4,GO
2017-02-19,23.6,0.1,GO
2017-02-20,24.4,0.1,GO
2017-02-21,23.8,0.1,GO
2017-02-22,23.8,2.9,GO
2017-02-23,24.3,0.9,GO
2017-02-24,23.6,2.0,GO
2017-02-25,23.3,9.5,GO
2017-02-26,21.9,7.3,GO
2017-02-27,23.0,0.9,GO
2017-02-28,23.5,1.9,GO
2017-03-01,21.8,4.8,GO
2017-03-02,23.4,0.9,GO
2017-03-03,23.6,4.3,GO
2017-03-04,24.2,0.7,GO
2017-03-05,23.8,0.0,GO
2017-03-06,23.9,0.7,GO
2017-03-07,24.6,1.1,GO
2017-03-08,25.5,1.4,GO
2017-03-09,25.8,0.0,GO
2017-03-10,25.0,2.1,GO
2017-03-11,25.3,1.4,GO
2017-03-12,25.3,0.0,GO
2017-03-13,24.9,0.1,GO
2017-03-14,24.1,1.7,GO
2017-03-15,23.5,0.3,GO
2017-03-16,23.7,1.4,GO
2017-03-17,24.1,1.9,GO
2017-03-18,23.3,3.1,GO
2017-03-19,22.7,10.4,GO
2017-03-20,23.4,1.2,GO
2017-03-21,23.3,5.7,GO
2017-03-22,24.2,3.7,GO
2017-03-23,23.9,7.1,GO
2017-03-24,24.9,0.9,GO
2017-03-25,24.6,0.1,GO
2017-03-26,24.3,6.2,GO
2017-03-27,25.1,2.3,GO
2017-03-28,24.0,4.6,GO
2017-03-29,23.3,5.7,GO
2017-03-30,23.4,1.7,GO
2017-03-31,23.6,2.1,GO
2017-04-01,24.1,0.5,GO
2017-04-02,24.2,0.9,GO
2017-04-03,24.2,0.9,GO
2017-04-04,24.3,2.4,GO
2017-04-05,24.5,3.5,GO
2017-04-06,24.3,7.1,GO
2017-04-07,23.6,4.0,GO
2017-04-08,24.5,0.2,GO
2017-04-09,25.0,0.0,GO
2017-04-10,25.3,0.0,GO
2017-04-11,25.8,0.0,GO
2017-04-12,25.8,0.2,GO
2017-04-13,25.3,0.6,GO
2017-04-14,25.6,3.0,GO
2017-04-15,25.6,0.1,GO
2017-04-16,25.7,0.0,GO
2017-04-17,25.5,0.0,GO
2017-04-18,25.5,0.0,GO
2017-04-19,25.6,0.0,GO
2017-04-20,25.3,4.0,GO
2017-04-21,21.9,10.0,GO
2017-04-22,22.6,0.3,GO
2017-04-23,22.0,0.0,GO
2017-04-24,23.4,0.0,GO
2017-04-25,24.7,0.3,GO
2017-04-26,24.0,3.5,GO
2017-04-27,23.6,3.3,GO
2017-04-28,22.8,0.1,GO
2017-04-29,24.2,0.6,GO
2017-04-30,24.4,0.0,GO
2017-05-01,23.8,0.1,GO
2017-05-02,22.8,0.1,GO
2017-05-03,23.4,0.0,GO
2017-05-04,24.3,0.0,GO
2017-05-05,24.3,0.0,GO
2017-05-06,23.7,0.0,GO
2017-05-07,23.7,0.0,GO
2017-05-08,23.8,0.0,GO
2017-05-09,23.2,0.0,GO
2017-05-10,22.3,0.0,GO
2017-05-11,21.8,0.0,GO
2017-05-12,23.2,0.0,GO
2017-05-13,24.4,0.0,GO
2017-05-14,23.6,0.0,GO
2017-05-15,23.0,2.5,GO
2017-05-16,23.3,0.3,GO
2017-05-17,23.8,1.4,GO
2017-05-18,23.9,0.8,GO
2017-05-19,23.8,2.6,GO
2017-05-20,21.9,6.7,GO
2017-05-21,22.7,0.8,GO
2017-05-22,23.0,3.0,GO
2017-05-23,23.9,0.4,GO
2017-05-24,24.1,0.2,GO
2017-05-25,23.4,0.0,GO
2017-05-26,23.8,0.0,GO
2017-05-27,22.7,0.0,GO
2017-05-28,22.5,0.0,GO
2017-05-29,22.6,0.0,GO
2017-05-30,23.4,0.0,GO
2017-05-31,23.2,0.0,GO
2017-06-01,22.9,0.4,GO
2017-06-02,21.5,0.0,GO
2017-06-03,22.8,0.0,GO
2017-06-04,24.5,0.0,GO
2017-06-05,23.6,0.0,GO
2017-06-06,23.3,0.0,GO
2017-06-07,22.6,0.0,GO
2017-06-08,22.5,0.0,GO
2017-06-09,22.0,0.0,GO
2017-06-10,18.4,0.0,GO
2017-06-11,20.6,0.0,GO
2017-06-12,21.8,0.0,GO
2017-06-13,23.0,0.0,GO
2017-06-14,23.1,0.0,GO
2017-06-15,22.5,0.0,GO
2017-06-16,21.5,0.0,GO
2017-06-17,20.9,0.0,GO
2017-06-18,21.4,0.0,GO
2017-06-19,21.4,0.0,GO
2017-06-20,21.0,0.0,GO
2017-06-21,21.1,0.0,GO
2017-06-22,20.5,0.0,GO
2017-06-23,20.1,0.0,GO
2017-06-24,20.3,0.0,GO
2017-06-25,20.2,0.0,GO
2017-06-26,19.8,0.0,GO
2017-06-27,20.3,0.0,GO
2017-06-28,20.5,0.0,GO
2017-06-29,20.0,0.0,GO
2017-06-30,21.6,0.0,GO
2017-07-01,21.5,0.0,GO
2017-07-02,20.0,0.0,GO
2017-07-03,19.3,0.0,GO
2017-07-04,18.7,0.0,GO
2017-07-05,18.1,0.0,GO
2017-07-06,18.2,0.0,GO
2017-07-07,19.3,0.0,GO
2017-07-08,20.0,0.0,GO
2017-07-09,20.0,0.0,GO
2017-07-10,19.3,0.0,GO
2017-07-11,20.4,0.0,GO
2017-07-12,21.1,0.0,GO
2017-07-13,20.7,0.0,GO
2017-07-14,20.3,0.0,GO
2017-07-15,20.2,0.2,GO
2017-07-16,20.2,0.0,GO
2017-07-17,19.1,0.0,GO
2017-07-18,17.1,0.0,GO
2017-07-19,17.9,0.0,GO
2017-07-20,20.9,0.0,GO
2017-07-21,21.0,0.0,GO
2017-07-22,21.2,0.0,GO
2017-07-23,22.1,0.0,GO
2017-07-24,20.7,0.0,GO
2017-07-25,20.5,0.0,GO
2017-07-26,19.7,0.0,GO
2017-07-27,19.1,0.0,GO
2017-07-28,19.8,0.0,GO
2017-07-29,20.7,0.0,GO
2017-07-30,19.4,0.0,GO
2017-07-31,18.5,0.0,GO
2017-08-01,20.1,0.0,GO
2017-08-02,20.5,0.0,GO
2017-08-03,21.6,0.0,GO
2017-08-04,20.7,0.0,GO
2017-08-05,21.4,0.0,GO
2017-08-06,22.0,0.0,GO
2017-08-07,23.1,0.0,GO
2017-08-08,23.5,0.0,GO
2017-08-09,24.4,0.0,GO
2017-08-10,24.3,0.0,GO
2017-08-11,25.3,0.0,GO
2017-08-12,24.7,0.0,GO
2017-08-13,24.8,0.0,GO
2017-08-14,24.4,0.0,GO
2017-08-15,24.3,0.0,GO
2017-08-16,24.5,0.0,GO
2017-08-17,24.4,0.0,GO
2017-08-18,23.7,0.0,GO
2017-08-19,25.0,0.0,GO
2017-08-20,25.4,0.0,GO
2017-08-21,23.4,0.0,GO
2017-08-22,25.1,0.0,GO
2017-08-23,24.3,0.0,GO
2017-08-24,23.6,0.0,GO
2017-08-25,23.7,0.0,GO
2017-08-26,23.9,0.0,GO
2017-08-27,24.7,0.0,GO
2017-08-28,24.9,0.0,GO
2017-08-29,25.0,0.0,GO
2017-08-30,25.4,0.0,GO
2017-08-31,25.6,0.0,GO
2017-09-01,26.1,0.0,GO
2017-09-02,25.3,0.0,GO
2017-09-03,24.1,0.0,GO
2017-09-04,23.0,0.0,GO
2017-09-05,22.8,0.0,GO
2017-09-06,23.5,0.0,GO
2017-09-07,25.3,0.0,GO
2017-09-08,26.0,0.0,GO
2017-09-09,25.9,0.0,GO
2017-09-10,25.8,0.0,GO
2017-09-11,27.3,0.0,GO
2017-09-12,26.7,0.0,GO
2017-09-13,25.5,0.0,GO
2017-09-14,26.3,0.0,GO
2017-09-15,26.1,0.0,GO
2017-09-16,26.0,0.0,GO
2017-09-17,24.8,0.0,GO
2017-09-18,26.0,0.0,GO
2017-09-19,26.7,0.0,GO
2017-09-20,26.8,0.0,GO
2017-09-21,26.8,0.0,GO
2017-09-22,25.2,0.0,GO
2017-09-23,25.7,0.0,GO
2017-09-24,26.9,0.0,GO
2017-09-25,27.3,0.0,GO
2017-09-26,27.0,0.0,GO
2017-09-27,22.1,4.3,GO
2017-09-28,24.4,0.0,GO
2017-09-29,25.1,0.1,GO
2017-09-30,21.5,4.6,GO
2017-10-01,24.6,0.1,GO
2017-10-02,23.5,28.6,GO
2017-10-03,19.7,11.5,GO
2017-10-04,22.5,0.1,GO
2017-10-05,25.0,0.0,GO
2017-10-06,25.3,0.0,GO
2017-10-07,25.2,0.0,GO
2017-10-08,26.2,0.0,GO
2017-10-09,27.0,0.0,GO
2017-10-10,27.3,0.0,GO
2017-10-11,28.0,0.0,GO
2017-10-12,28.2,0.0,GO
2017-10-13,28.6,0.0,GO
2017-10-14,29.3,0.0,GO
2017-10-15,29.7,0.0,GO
2017-10-16,30.4,0.0,GO
2017-10-17,28.3,0.0,GO
2017-10-18,28.1,0.0,GO
2017-10-19,28.4,0.0,GO
2017-10-20,27.9,0.0,GO
2017-10-21,28.5,0.0,GO
2017-10-22,26.3,0.6,GO
2017-10-23,24.3,0.1,GO
2017-10-24,26.0,0.1,GO
2017-10-25,28.4,0.7,GO
2017-10-26,29.1,0.1,GO
2017-10-27,27.1,2.2,GO
2017-10-28,25.4,6.8,GO
2017-10-29,25.5,1.0,GO
2017-10-30,25.3,5.9,GO
2017-10-31,23.5,24.2,GO
2017-11-01,23.6,5.6,GO
2017-11-02,24.3,4.3,GO
2017-11-03,24.0,0.7,GO
2017-11-04,24.2,15.3,GO
2017-11-05,20.9,18.9,GO
2017-11-06,24.2,0.8,GO
2017-11-07,24.4,0.7,GO
2017-11-08,23.2,15.0,GO
2017-11-09,22.9,2.3,GO
2017-11-10,22.8,12.6,GO
2017-11-11,22.4,9.0,GO
2017-11-12,22.2,4.7,GO
2017-11-13,23.0,0.0,GO
2017-11-14,23.8,0.0,GO
2017-11-15,24.9,0.5,GO
2017-11-16,23.9,3.1,GO
2017-11-17,23.8,5.1,GO
2017-11-18,22.4,4.7,GO
2017-11-19,22.7,1.8,GO
2017-11-20,24.0,1.6,GO
2017-11-21,25.1,12.4,GO
2017-11-22,22.7,14.5,GO
2017-11-23,23.1,9.6,GO
2017-11-24,24.3,0.3,GO
2017-11-25,25.0,1.7,GO
2017-11-26,23.9,4.2,GO
2017-11-27,24.1,3.3,GO
2017-11-28,24.2,2.6,GO
2017-11-29,23.9,5.2,GO
2017-11-30,21.9,15.8,GO
2017-12-01,21.5,6.7,GO
2017-12-02,22.5,11.7,GO
2017-12-03,23.0,3.2,GO
2017-12-04,23.9,5.9,GO
2017-12-05,24.1,11.4,GO
2017-12-06,24.0,3.6,GO
2017-12-07,23.1,2.2,GO
2017-12-08,23.0,4.4,GO
2017-12-09,22.6,3.2,GO
2017-12-10,22.6,12.0,GO
2017-12-11,22.2,3.4,GO
2017-12-12,21.7,23.7,GO
2017-12-13,21.2,37.8,GO
2017-12-14,21.8,17.2,GO
2017-12-15,21.7,6.8,GO
2017-12-16,21.6,0.6,GO
2017-12-17,22.1,11.2,GO
2017-12-18,23.0,1.0,GO
2017-12-19,24.4,0.4,GO
2017-12-20,24.1,1.0,GO
2017-12-21,24.0,0.2,GO
2017-12-22,22.9,2.3,GO
2017-12-23,22.8,1.2,GO
2017-12-24,23.7,4.6,GO
2017-12-25,24.4,0.1,GO
2017-12-26,23.7,10.7,GO
2017-12-27,24.3,0.1,GO
2017-12-28,25.7,0.0,GO
2017-12-29,25.1,0.4,GO
2017-12-30,23.6,9.4,GO
2017-12-31,23.3,2.0,GO
2018-01-01,24.1,0.0,GO
2018-01-02,23.8,7.5,GO
2018-01-03,23.4,2.1,GO
2018-01-04,22.4,26.1,GO
2018-01-05,22.3,14.2,GO
2018-01-06,21.5,3.9,GO
2018-01-07,21.9,11.5,GO
2018-01-08,21.2,28.5,GO
2018-01-09,22.2,5.7,GO
2018-01-10,23.8,0.0,GO
2018-01-11,23.6,2.1,GO
2018-01-12,21.9,0.7,GO
2018-01-13,23.1,0.1,GO
2018-01-14,22.7,0.2,GO
2018-01-15,23.7,0.1,GO
2018-01-16,23.4,0.4,GO
2018-01-17,24.5,0.1,GO
2018-01-18,24.9,0.0,GO
2018-01-19,25.2,0.0,GO
2018-01-20,26.0,0.0,GO
2018-01-21,25.1,0.0,GO
2018-01-22,25.2,0.0,GO
2018-01-23,25.6,0.0,GO
2018-01-24,25.7,0.0,GO
2018-01-25,23.3,12.8,GO
2018-01-26,23.4,17.4,GO
2018-01-27,23.9,1.9,GO
2018-01-28,23.6,7.0,GO
2018-01-29,23.3,1.2,GO
2018-01-30,23.4,11.8,GO
2018-01-31,23.7,13.1,GO
2018-02-01,23.7,14.5,GO
2018-02-02,23.2,7.4,GO
2018-02-03,22.2,18.9,GO
2018-02-04,21.6,1.1,GO
2018-02-05,21.4,5.7,GO
2018-02-06,22.2,2.4,GO
2018-02-07,22.5,0.4,GO
2018-02-08,23.0,1.9,GO
2018-02-09,23.7,10.7,GO
2018-02-10,23.4,3.5,GO
2018-02-11,23.8,1.0,GO
2018-02-12,24.3,0.6,GO
2018-02-13,25.1,0.0,GO
2018-02-14,24.8,0.0,GO
2018-02-15,24.8,0.0,GO
2018-02-16,24.7,0.0,GO
2018-02-17,24.8,0.1,GO
2018-02-18,23.6,4.1,GO
2018-02-19,23.3,4.5,GO
2018-02-20,23.9,0.2,GO
2018-02-21,23.8,4.3,GO
2018-02-22,22.6,5.8,GO
2018-02-23,22.9,1.6,GO
2018-02-24,23.1,0.5,GO
2018-02-25,23.2,6.3,GO
2018-02-26,22.8,4.6,GO
2018-02-27,23.6,0.1,GO
2018-02-28,23.5,3.1,GO
2018-03-01,24.7,0.2,GO
2018-03-02,24.0,0.6,GO
2018-03-03,24.5,0.8,GO
2018-03-04,25.7,0.2,GO
2018-03-05,24.2,0.4,GO
2018-03-06,24.2,6.1,GO
2018-03-07,24.5,5.8,GO
2018-03-08,23.4,5.0,GO
2018-03-09,23.5,5.2,GO
2018-03-10,22.9,5.9,GO
2018-03-11,22.1,10.8,GO
2018-03-12,23.6,1.1,GO
2018-03-13,24.5,0.9,GO
2018-03-14,24.0,2.8,GO
2018-03-15,24.7,1.2,GO
2018-03-16,24.9,4.7,GO
2018-03-17,23.7,8.5,GO
2018-03-18,23.9,0.8,GO
2018-03-19,24.9,0.1,GO
2018-03-20,24.1,1.1,GO
2018-03-21,24.2,4.7,GO
2018-03-22,24.1,4.3,GO
2018-03-23,24.3,1.9,GO
2018-03-24,23.3,11.8,GO
2018-03-25,22.9,15.5,GO
2018-03-26,22.4,8.6,GO
2018-03-27,23.7,0.0,GO
2018-03-28,24.4,0.0,GO
2018-03-29,23.6,0.0,GO
2018-03-30,24.3,0.1,GO
2018-03-31,24.2,0.7,GO
2018-04-01,24.4,0.8,GO
2018-04-02,22.8,17.6,GO
2018-04-03,23.5,0.8,GO
2018-04-04,24.0,1.9,GO
2018-04-05,22.7,18.4,GO
2018-04-06,23.0,4.1,GO
2018-04-07,22.5,9.5,GO
2018-04-08,22.6,10.4,GO
2018-04-09,23.1,1.3,GO
2018-04-10,22.6,0.8,GO
2018-04-11,22.6,0.8,GO
2018-04-12,20.7,4.2,GO
2018-04-13,21.2,5.9,GO
2018-04-14,21.9,0.2,GO
2018-04-15,22.3,9.8,GO
2018-04-16,22.0,8.3,GO
2018-04-17,21.7,0.9,GO
2018-04-18,21.8,0.0,GO
2018-04-19,22.0,1.1,GO
2018-04-20,22.6,0.0,GO
2018-04-21,22.9,0.8,GO
2018-04-22,22.2,0.0,GO
2018-04-23,22.9,2.1,GO
2018-04-24,23.0,0.4,GO
2018-04-25,23.1,0.2,GO
2018-04-26,23.4,0.0,GO
2018-04-27,23.5,0.0,GO
2018-04-28,23.8,0.0,GO
2018-04-29,23.3,0.0,GO
2018-04-30,23.4,0.0,GO
2018-05-01,23.2,0.0,GO
2018-05-02,22.4,0.0,GO
2018-05-03,23.6,0.0,GO
2018-05-04,24.2,0.0,GO
2018-05-05,23.8,0.0,GO
2018-05-06,23.6,0.0,GO
2018-05-07,23.4,0.0,GO
2018-05-08,23.2,0.0,GO
2018-05-09,22.9,0.0,GO
2018-05-10,22.8,0.0,GO
2018-05-11,22.9,0.0,GO
2018-05-12,22.0,0.0,GO
2018-05-13,22.9,0.0,GO
2018-05-14,23.4,0.0,GO
2018-05-15,23.3,0.0,GO
2018-05-16,23.1,0.0,GO
2018-05-17,23.0,0.0,GO
2018-05-18,23.7,0.4,GO
2018-05-19,21.0,3.2,GO
2018-05-20,17.9,0.4,GO
2018-05-21,16.6,0.0,GO
2018-05-22,19.2,0.0,GO
2018-05-23,19.6,0.0,GO
2018-05-24,20.9,0.0,GO
2018-05-25,21.7,0.0,GO
2018-05-26,21.2,0.0,GO
2018-05-27,20.8,0.0,GO
2018-05-28,20.9,0.2,GO
2018-05-29,21.0,0.0,GO
2018-05-30,20.7,0.1,GO
2018-05-31,20.4,0.0,GO
2018-06-01,20.8,0.0,GO
2018-06-02,21.2,0.0,GO
2018-06-03,20.7,0.0,GO
2018-06-04,21.2,0.0,GO
2018-06-05,22.4,0.0,GO
2018-06-06,22.0,0.0,GO
2018-06-07,21.7,1.1,GO
2018-06-08,21.4,0.0,GO
2018-06-09,22.8,0.0,GO
2018-06-10,24.2,0.0,GO
2018-06-11,23.3,0.0,GO
2018-06-12,23.0,0.0,GO
2018-06-13,23.8,0.0,GO
2018-06-14,22.7,0.0,GO
2018-06-15,22.7,0.0,GO
2018-06-16,21.4,0.0,GO
2018-06-17,20.1,0.0,GO
2018-06-18,20.3,0.0,GO
2018-06-19,20.5,0.0,GO
2018-06-20,21.1,0.0,GO
2018-06-21,21.3,0.0,GO
2018-06-22,21.9,0.2,GO
2018-06-23,22.5,0.1,GO
2018-06-24,20.9,0.0,GO
2018-06-25,21.3,0.0,GO
2018-06-26,22.4,0.0,GO
2018-06-27,21.4,0.0,GO
2018-06-28,21.2,0.0,GO
2018-06-29,20.5,0.0,GO
2018-06-30,20.0,0.0,GO
2018-07-01,20.8,0.0,GO
2018-07-02,20.9,0.0,GO
2018-07-03,21.2,0.0,GO
2018-07-04,21.1,0.0,GO
2018-07-05,20.6,0.0,GO
2018-07-06,19.9,0.0,GO
2018-07-07,20.9,0.0,GO
2018-07-08,21.5,0.0,GO
2018-07-09,21.9,0.0,GO
2018-07-10,18.8,0.0,GO
2018-07-11,19.0,0.0,GO
2018-07-12,20.7,0.0,GO
2018-07-13,21.6,0.0,GO
2018-07-14,21.8,0.0,GO
2018-07-15,22.8,0.0,GO
2018-07-16,21.5,0.0,GO
2018-07-17,21.2,0.0,GO
2018-07-18,21.7,0.0,GO
2018-07-19,21.2,0.0,GO
2018-07-20,20.9,0.0,GO
2018-07-21,21.4,0.0,GO
2018-07-22,21.5,0.0,GO
2018-07-23,21.2,0.0,GO
2018-07-24,20.5,0.0,GO
2018-07-25,20.6,0.0,GO
2018-07-26,20.9,0.0,GO
2018-07-27,21.1,0.0,GO
2018-07-28,21.4,0.0,GO
2018-07-29,22.4,0.0,GO
2018-07-30,22.3,0.0,GO
2018-07-31,22.6,0.0,GO
2018-08-01,23.7,0.0,GO
2018-08-02,24.1,0.0,GO
2018-08-03,24.3,0.0,GO
2018-08-04,23.5,0.0,GO
2018-08-05,23.4,0.0,GO
2018-08-06,24.2,0.0,GO
2018-08-07,23.0,0.0,GO
2018-08-08,24.7,0.8,GO
2018-08-09,23.8,0.9,GO
2018-08-10,22.8,0.0,GO
2018-08-11,21.5,0.0,GO
2018-08-12,19.7,0.0,GO
2018-08-13,21.4,0.0,GO
2018-08-14,23.7,0.0,GO
2018-08-15,25.1,0.0,GO
2018-08-16,23.6,0.1,GO
2018-08-17,21.3,2.8,GO
2018-08-18,21.9,0.0,GO
2018-08-19,22.7,0.2,GO
2018-08-20,23.6,0.0,GO
2018-08-21,23.7,0.0,GO
2018-08-22,24.1,0.0,GO
2018-08-23,25.0,0.0,GO
2018-08-24,26.1,0.0,GO
2018-08-25,24.8,0.4,GO
2018-08-26,22.4,0.9,GO
2018-08-27,23.8,0.1,GO
2018-08-28,24.4,0.0,GO
2018-08-29,23.9,0.0,GO
2018-08-30,24.0,0.0,GO
2018-08-31,24.7,0.0,GO
2018-09-01,25.5,0.0,GO
2018-09-02,26.0,0.0,GO
2018-09-03,23.4,0.2,GO
2018-09-04,20.4,0.0,GO
2018-09-05,20.5,0.0,GO
2018-09-06,23.5,0.0,GO
2018-09-07,25.4,0.0,GO
2018-09-08,25.2,0.0,GO
2018-09-09,24.2,0.0,GO
2018-09-10,24.5,0.0,GO
2018-09-11,25.7,0.0,GO
2018-09-12,27.2,0.0,GO
2018-09-13,27.3,0.0,GO
2018-09-14,25.5,0.0,GO
2018-09-15,23.9,0.2,GO
2018-09-16,25.7,0.0,GO
2018-09-17,23.9,1.5,GO
2018-09-18,23.9,0.4,GO
2018-09-19,24.3,1.9,GO
2018-09-20,22.6,4.2,GO
2018-09-21,23.8,0.0,GO
2018-09-22,25.2,0.0,GO
2018-09-23,26.4,0.0,GO
2018-09-24,27.1,0.0,GO
2018-09-25,26.1,0.0,GO
2018-09-26,26.9,0.0,GO
2018-09-27,27.1,0.0,GO
2018-09-28,26.9,0.0,GO
2018-09-29,26.8,0.0,GO
2018-09-30,25.2,1.2,GO
2018-10-01,24.2,0.2,GO
2018-10-02,25.2,0.3,GO
2018-10-03,26.2,0.1,GO
2018-10-04,25.8,0.7,GO
2018-10-05,25.7,0.7,GO
2018-10-06,25.5,2.5,GO
2018-10-07,24.1,3.2,GO
2018-10-08,25.2,0.1,GO
2018-10-09,25.6,0.5,GO
2018-10-10,25.0,1.1,GO
2018-10-11,26.3,0.2,GO
2018-10-12,27.5,0.0,GO
2018-10-13,27.1,0.0,GO
2018-10-14,26.3,0.2,GO
2018-10-15,25.7,7.9,GO
2018-10-16,25.4,0.5,GO
2018-10-17,24.3,6.8,GO
2018-10-18,24.9,12.0,GO
2018-10-19,22.1,12.7,GO
2018-10-20,23.8,0.3,GO
2018-10-21,23.3,5.9,GO
2018-10-22,22.7,5.3,GO
2018-10-23,23.5,6.5,GO
2018-10-24,23.2,8.1,GO
2018-10-25,23.6,4.8,GO
2018-10-26,24.8,3.3,GO
2018-10-27,25.0,1.6,GO
2018-10-28,24.0,0.1,GO
2018-10-29,24.1,2.3,GO
2018-10-30,24.8,0.9,GO
2018-10-31,24.4,3.4,GO
2016-09-01,28.4,0.1,MA
2016-09-02,28.5,0.0,MA
2016-09-03,28.3,0.6,MA
2016-09-04,28.6,0.1,MA
2016-09-05,28.5,0.0,MA
2016-09-06,28.2,0.3,MA
2016-09-07,27.7,0.8,MA
2016-09-08,27.4,0.6,MA
2016-09-09,27.5,0.4,MA
2016-09-10,28.1,0.0,MA
2016-09-11,28.4,0.0,MA
2016-09-12,27.9,0.6,MA
2016-09-13,27.6,0.4,MA
2016-09-14,28.2,0.0,MA
2016-09-15,28.0,0.1,MA
2016-09-16,28.0,0.3,MA
2016-09-17,27.7,0.0,MA
2016-09-18,27.6,0.1,MA
2016-09-19,27.4,0.0,MA
2016-09-20,27.5,0.0,MA
2016-09-21,27.5,0.0,MA
2016-09-22,27.6,0.0,MA
2016-09-23,27.6,0.0,MA
2016-09-24,27.4,0.3,MA
2016-09-25,27.3,0.5,MA
2016-09-26,27.3,0.0,MA
2016-09-27,27.4,0.0,MA
2016-09-28,27.6,0.0,MA
2016-09-29,27.4,0.2,MA
2016-09-30,27.5,0.1,MA
2016-10-01,27.9,0.0,MA
2016-10-02,28.2,0.0,MA
2016-10-03,28.4,0.2,MA
2016-10-04,28.3,0.0,MA
2016-10-05,28.1,0.0,MA
2016-10-06,27.4,0.7,MA
2016-10-07,28.0,0.4,MA
2016-10-08,28.1,0.0,MA
2016-10-09,28.2,0.0,MA
2016-10-10,28.2,0.5,MA
2016-10-11,28.7,0.1,MA
2016-10-12,28.7,0.2,MA
2016-10-13,28.6,0.0,MA
2016-10-14,28.4,0.0,MA
2016-10-15,28.6,0.1,MA
2016-10-16,28.5,0.0,MA
2016-10-17,28.1,0.0,MA
2016-10-18,28.1,0.0,MA
2016-10-19,27.9,0.0,MA
2016-10-20,28.0,0.1,MA
2016-10-21,27.9,1.1,MA
2016-10-22,28.1,0.7,MA
2016-10-23,28.0,0.0,MA
2016-10-24,27.9,0.9,MA
2016-10-25,28.1,0.2,MA
2016-10-26,28.2,0.8,MA
2016-10-27,28.0,0.3,MA
2016-10-28,28.2,0.1,MA
2016-10-29,27.7,0.0,MA
2016-10-30,27.7,0.0,MA
2016-10-31,27.6,1.0,MA
2016-11-01,28.1,0.0,MA
2016-11-02,28.5,0.0,MA
2016-11-03,28.8,0.0,MA
2016-11-04,29.1,0.1,MA
2016-11-05,29.0,0.0,MA
2016-11-06,28.6,0.6,MA
2016-11-07,28.7,0.4,MA
2016-11-08,28.3,0.4,MA
2016-11-09,28.0,0.9,MA
2016-11-10,28.2,0.2,MA
2016-11-11,28.3,0.0,MA
2016-11-12,28.1,0.0,MA
2016-11-13,28.0,0.0,MA
2016-11-14,28.1,0.6,MA
2016-11-15,27.9,0.6,MA
2016-11-16,28.1,0.0,MA
2016-11-17,28.3,0.0,MA
2016-11-18,27.9,0.2,MA
2016-11-19,27.7,0.7,MA
2016-11-20,28.1,0.3,MA
2016-11-21,28.4,0.3,MA
2016-11-22,28.3,0.5,MA
2016-11-23,28.4,0.0,MA
2016-11-24,28.3,0.0,MA
2016-11-25,28.5,0.0,MA
2016-11-26,28.5,0.4,MA
2016-11-27,28.1,0.0,MA
2016-11-28,28.1,0.0,MA
2016-11-29,27.9,0.6,MA
2016-11-30,28.0,0.0,MA
2016-12-01,28.1,0.0,MA
2016-12-02,28.1,0.1,MA
2016-12-03,27.8,0.6,MA
2016-12-04,28.0,0.0,MA
2016-12-05,28.2,0.2,MA
2016-12-06,28.4,0.2,MA
2016-12-07,28.2,0.0,MA
2016-12-08,28.2,0.2,MA
2016-12-09,28.0,0.6,MA
2016-12-10,28.4,0.0,MA
2016-12-11,28.4,0.0,MA
2016-12-12,28.4,0.1,MA
2016-12-13,28.1,0.4,MA
2016-12-14,27.2,10.1,MA
2016-12-15,28.1,0.0,MA
2016-12-16,26.9,10.3,MA
2016-12-17,27.1,3.2,MA
2016-12-18,25.0,29.6,MA
2016-12-19,24.9,19.1,MA
2016-12-20,26.1,3.9,MA
2016-12-21,26.5,5.9,MA
2016-12-22,27.5,1.0,MA
2016-12-23,26.8,17.7,MA
2016-12-24,26.8,3.7,MA
2016-12-25,27.2,1.3,MA
2016-12-26,27.2,1.8,MA
2016-12-27,27.6,0.4,MA
2016-12-28,27.6,0.2,MA
2016-12-29,26.9,2.9,MA
2016-12-30,27.1,0.9,MA
2016-12-31,27.5,1.9,MA
2017-01-01,26.6,9.5,MA
2017-01-02,25.6,15.2,MA
2017-01-03,26.1,4.4,MA
2017-01-04,27.5,6.5,MA
2017-01-05,27.4,2.3,MA
2017-01-06,26.9,2.9,MA
2017-01-07,26.3,4.1,MA
2017-01-08,25.9,18.5,MA
2017-01-09,25.2,18.9,MA
2017-01-10,25.8,4.5,MA
2017-01-11,26.0,12.9,MA
2017-01-12,26.8,3.3,MA
2017-01-13,26.9,2.6,MA
2017-01-14,26.4,6.1,MA
2017-01-15,26.2,3.3,MA
2017-01-16,26.4,3.6,MA
2017-01-17,26.7,5.5,MA
2017-01-18,26.1,13.3,MA
2017-01-19,25.1,49.1,MA
2017-01-20,26.8,8.6,MA
2017-01-21,26.4,7.8,MA
2017-01-22,27.1,3.7,MA
2017-01-23,26.7,4.1,MA
2017-01-24,25.6,16.8,MA
2017-01-25,25.8,10.8,MA
2017-01-26,26.5,3.0,MA
2017-01-27,26.9,10.2,MA
2017-01-28,26.5,13.8,MA
2017-01-29,27.2,2.9,MA
2017-01-30,27.1,3.1,MA
2017-01-31,26.0,9.3,MA
2017-02-01,26.0,11.7,MA
2017-02-02,26.0,9.5,MA
2017-02-03,26.5,10.8,MA
2017-02-04,27.3,0.7,MA
2017-02-05,27.7,0.0,MA
2017-02-06,27.3,2.2,MA
2017-02-07,27.0,4.0,MA
2017-02-08,26.6,4.1,MA
2017-02-09,26.2,14.9,MA
2017-02-10,25.7,30.4,MA
2017-02-11,25.1,23.4,MA
2017-02-12,25.5,7.6,MA
2017-02-13,24.7,43.2,MA
2017-02-14,24.7,20.0,MA
2017-02-15,25.3,16.8,MA
2017-02-16,25.2,32.2,MA
2017-02-17,24.9,25.4,MA
2017-02-18,24.6,14.2,MA
2017-02-19,25.3,11.6,MA
2017-02-20,25.4,9.2,MA
2017-02-21,26.2,2.4,MA
2017-02-22,26.7,2.0,MA
2017-02-23,26.0,15.7,MA
2017-02-24,26.2,3.2,MA
2017-02-25,26.2,2.9,MA
2017-02-26,26.3,2.4,MA
2017-02-27,25.3,8.2,MA
2017-02-28,25.9,8.9,MA
2017-03-01,24.8,30.6,MA
2017-03-02,24.7,4.7,MA
2017-03-03,26.0,2.0,MA
2017-03-04,26.6,2.4,MA
2017-03-05,26.0,18.6,MA
2017-03-06,26.3,11.7,MA
2017-03-07,26.7,16.0,MA
2017-03-08,25.7,13.9,MA
2017-03-09,25.9,18.3,MA
2017-03-10,25.5,28.2,MA
2017-03-11,25.3,13.5,MA
2017-03-12,25.0,21.3,MA
2017-03-13,25.5,17.2,MA
2017-03-14,25.3,18.5,MA
2017-03-15,24.1,44.5,MA
2017-03-16,25.1,24.5,MA
2017-03-17,25.0,19.4,MA
2017-03-18,26.1,0.8,MA
2017-03-19,26.5,1.4,MA
2017-03-20,26.9,5.3,MA
2017-03-21,26.0,20.9,MA
2017-03-22,25.5,18.4,MA
2017-03-23,25.1,18.2,MA
2017-03-24,26.1,5.6,MA
2017-03-25,25.3,18.9,MA
2017-03-26,25.7,12.4,MA
2017-03-27,25.8,12.9,MA
2017-03-28,26.4,5.8,MA
2017-03-29,26.5,3.6,MA
2017-03-30,25.9,12.4,MA
2017-03-31,25.3,25.5,MA
2017-04-01,26.0,10.8,MA
2017-04-02,25.5,6.2,MA
2017-04-03,25.7,15.4,MA
2017-04-04,26.1,6.1,MA
2017-04-05,26.3,4.2,MA
2017-04-06,27.1,1.5,MA
2017-04-07,26.2,8.2,MA
2017-04-08,26.6,7.5,MA
2017-04-09,26.3,5.9,MA
2017-04-10,25.9,6.8,MA
2017-04-11,24.8,20.6,MA
2017-04-12,25.9,11.3,MA
2017-04-13,26.1,11.0,MA
2017-04-14,26.6,2.1,MA
2017-04-15,27.1,5.5,MA
2017-04-16,27.2,1.7,MA
2017-04-17,27.2,5.2,MA
2017-04-18,27.4,0.7,MA
2017-04-19,26.2,15.6,MA
2017-04-20,25.9,13.7,MA
2017-04-21,26.6,4.0,MA
2017-04-22,25.8,16.9,MA
2017-04-23,26.7,2.5,MA
2017-04-24,25.5,14.2,MA
2017-04-25,26.3,11.0,MA
2017-04-26,27.2,2.0,MA
2017-04-27,26.7,7.7,MA
2017-04-28,26.7,13.0,MA
2017-04-29,25.6,23.0,MA
2017-04-30,25.9,24.2,MA
2017-05-01,25.5,18.4,MA
2017-05-02,25.5,24.9,MA
2017-05-03,25.9,14.7,MA
2017-05-04,26.0,8.8,MA
2017-05-05,26.1,15.4,MA
2017-05-06,27.2,1.2,MA
2017-05-07,27.0,5.0,MA
2017-05-08,26.2,21.3,MA
2017-05-09,26.0,15.5,MA
2017-05-10,26.7,8.7,MA
2017-05-11,26.0,35.0,MA
2017-05-12,26.5,11.6,MA
2017-05-13,27.2,1.9,MA
2017-05-14,27.6,0.8,MA
2017-05-15,27.6,2.4,MA
2017-05-16,27.6,0.6,MA
2017-05-17,27.4,1.3,MA
2017-05-18,26.9,2.5,MA
2017-05-19,26.9,6.2,MA
2017-05-20,27.0,2.8,MA
2017-05-21,27.9,0.4,MA
2017-05-22,27.8,0.0,MA
2017-05-23,27.3,0.4,MA
2017-05-24,27.1,1.5,MA
2017-05-25,26.7,2.1,MA
2017-05-26,26.3,5.5,MA
2017-05-27,25.9,5.8,MA
2017-05-28,25.3,65.9,MA
2017-05-29,25.3,31.8,MA
2017-05-30,26.1,4.9,MA
2017-05-31,26.5,6.7,MA
2017-06-01,27.0,2.0,MA
2017-06-02,27.3,0.8,MA
2017-06-03,27.4,1.5,MA
2017-06-04,27.5,0.6,MA
2017-06-05,26.8,4.1,MA
2017-06-06,27.3,0.0,MA
2017-06-07,27.3,0.0,MA
2017-06-08,27.0,4.4,MA
2017-06-09,27.6,0.0,MA
2017-06-10,27.2,3.4,MA
2017-06-11,26.7,7.3,MA
2017-06-12,25.6,11.4,MA
2017-06-13,27.1,1.4,MA
2017-06-14,27.2,1.1,MA
2017-06-15,27.1,3.7,MA
2017-06-16,27.0,0.6,MA
2017-06-17,26.4,3.6,MA
2017-06-18,26.8,4.4,MA
2017-06-19,26.6,3.2,MA
2017-06-20,26.0,11.4,MA
2017-06-21,26.9,1.4,MA
2017-06-22,26.6,0.5,MA
2017-06-23,26.9,1.7,MA
2017-06-24,25.9,5.6,MA
2017-06-25,26.2,7.2,MA
2017-06-26,26.4,2.8,MA
2017-06-27,27.1,1.1,MA
2017-06-28,26.8,0.8,MA
2017-06-29,26.9,1.7,MA
2017-06-30,26.3,6.3,MA
2017-07-01,25.8,5.2,MA
2017-07-02,24.9,14.4,MA
2017-07-03,25.4,18.1,MA
2017-07-04,26.1,1.9,MA
2017-07-05,25.7,0.0,MA
2017-07-06,25.7,0.2,MA
2017-07-07,26.8,0.5,MA
2017-07-08,26.5,2.7,MA
2017-07-09,26.3,0.1,MA
2017-07-10,26.3,0.2,MA
2017-07-11,26.3,3.0,MA
2017-07-12,27.4,0.4,MA
2017-07-13,26.8,0.3,MA
2017-07-14,26.4,0.8,MA
2017-07-15,25.8,1.3,MA
2017-07-16,26.5,0.3,MA
2017-07-17,26.6,1.2,MA
2017-07-18,26.4,0.2,MA
2017-07-19,26.3,0.7,MA
2017-07-20,26.8,1.3,MA
2017-07-21,26.1,5.7,MA
2017-07-22,26.9,0.0,MA
2017-07-23,27.1,0.4,MA
2017-07-24,27.4,0.0,MA
2017-07-25,26.9,0.9,MA
2017-07-26,27.2,0.4,MA
2017-07-27,26.6,0.0,MA
2017-07-28,26.9,0.4,MA
2017-07-29,27.4,0.9,MA
2017-07-30,27.4,0.0,MA
2017-07-31,27.1,0.7,MA
2017-08-01,27.4,0.5,MA
2017-08-02,26.4,13.0,MA
2017-08-03,27.6,0.0,MA
2017-08-04,27.2,1.8,MA
2017-08-05,26.9,3.1,MA
2017-08-06,26.7,1.8,MA
2017-08-07,27.2,0.1,MA
2017-08-08,27.6,0.1,MA
2017-08-09,27.1,4.9,MA
2017-08-10,27.0,2.8,MA
2017-08-11,26.7,2.1,MA
2017-08-12,27.0,0.1,MA
2017-08-13,27.2,0.1,MA
2017-08-14,27.2,1.5,MA
2017-08-15,27.3,3.3,MA
2017-08-16,27.2,2.0,MA
2017-08-17,27.0,0.9,MA
2017-08-18,27.0,2.7,MA
2017-08-19,27.1,2.9,MA
2017-08-20,27.4,0.6,MA
2017-08-21,27.2,2.3,MA
2017-08-22,26.8,4.3,MA
2017-08-23,26.7,9.0,MA
2017-08-24,27.0,2.0,MA
2017-08-25,27.3,0.1,MA
2017-08-26,27.3,2.2,MA
2017-08-27,27.5,1.5,MA
2017-08-28,27.6,1.3,MA
2017-08-29,27.7,0.5,MA
2017-08-30,27.4,1.3,MA
2017-08-31,27.3,5.8,MA
2017-09-01,27.4,3.3,MA
2017-09-02,27.3,1.2,MA
2017-09-03,27.5,1.5,MA
2017-09-04,27.3,0.1,MA
2017-09-05,26.8,0.4,MA
2017-09-06,27.4,0.2,MA
2017-09-07,27.6,1.3,MA
2017-09-08,27.2,2.1,MA
2017-09-09,28.1,0.0,MA
2017-09-10,28.3,0.0,MA
2017-09-11,28.5,0.1,MA
2017-09-12,28.1,0.2,MA
2017-09-13,28.0,0.9,MA
2017-09-14,27.6,1.5,MA
2017-09-15,27.8,1.0,MA
2017-09-16,28.1,0.0,MA
2017-09-17,27.9,0.2,MA
2017-09-18,28.2,0.1,MA
2017-09-19,27.8,0.9,MA
2017-09-20,27.8,3.5,MA
2017-09-21,28.0,1.5,MA
2017-09-22,28.0,0.8,MA
2017-09-23,27.9,0.8,MA
2017-09-24,27.5,0.5,MA
2017-09-25,27.4,1.2,MA
2017-09-26,27.9,0.2,MA
2017-09-27,28.2,0.2,MA
2017-09-28,27.8,1.4,MA
2017-09-29,27.7,1.2,MA
2017-09-30,27.3,1.6,MA
2017-10-01,27.1,0.4,MA
2017-10-02,27.7,0.1,MA
2017-10-03,28.3,0.0,MA
2017-10-04,27.8,2.6,MA
2017-10-05,28.0,0.8,MA
2017-10-06,28.1,0.3,MA
2017-10-07,27.9,1.4,MA
2017-10-08,27.4,4.6,MA
2017-10-09,27.2,4.3,MA
2017-10-10,27.4,1.5,MA
2017-10-11,27.6,2.4,MA
2017-10-12,27.7,2.1,MA
2017-10-13,27.7,1.0,MA
2017-10-14,27.8,1.2,MA
2017-10-15,27.9,0.5,MA
2017-10-16,27.6,1.6,MA
2017-10-17,27.5,2.3,MA
2017-10-18,27.6,1.1,MA
2017-10-19,28.0,0.3,MA
2017-10-20,28.0,1.0,MA
2017-10-21,27.6,4.9,MA
2017-10-22,28.3,0.1,MA
2017-10-23,27.7,1.8,MA
2017-10-24,28.0,1.1,MA
2017-10-25,28.5,0.8,MA
2017-10-26,28.0,4.9,MA
2017-10-27,28.0,2.1,MA
2017-10-28,27.9,0.4,MA
2017-10-29,27.8,3.2,MA
2017-10-30,27.6,3.2,MA
2017-10-31,27.6,1.5,MA
2017-11-01,26.9,5.1,MA
2017-11-02,27.6,1.0,MA
2017-11-03,27.8,0.9,MA
2017-11-04,28.0,0.2,MA
2017-11-05,27.9,0.0,MA
2017-11-06,27.9,0.0,MA
2017-11-07,27.6,0.1,MA
2017-11-08,27.4,1.8,MA
2017-11-09,27.7,0.6,MA
2017-11-10,27.7,0.6,MA
2017-11-11,27.6,0.0,MA
2017-11-12,27.7,0.3,MA
2017-11-13,27.8,0.0,MA
2017-11-14,27.8,2.0,MA
2017-11-15,28.0,0.5,MA
2017-11-16,27.8,0.2,MA
2017-11-17,27.4,1.6,MA
2017-11-18,27.5,0.5,MA
2017-11-19,27.5,0.0,MA
2017-11-20,27.6,0.0,MA
2017-11-21,27.4,1.1,MA
2017-11-22,27.6,1.1,MA
2017-11-23,27.8,0.3,MA
2017-11-24,27.5,3.0,MA
2017-11-25,27.6,1.1,MA
2017-11-26,27.4,5.7,MA
2017-11-27,27.8,1.0,MA
2017-11-28,27.9,0.0,MA
2017-11-29,27.8,0.0,MA
2017-11-30,27.9,0.9,MA
2017-12-01,27.8,1.0,MA
2017-12-02,28.0,0.0,MA
2017-12-03,28.3,0.0,MA
2017-12-04,28.5,0.0,MA
2017-12-05,28.6,0.0,MA
2017-12-06,28.2,2.1,MA
2017-12-07,27.9,2.1,MA
2017-12-08,27.6,0.9,MA
2017-12-09,27.6,0.1,MA
2017-12-10,27.8,0.2,MA
2017-12-11,28.0,0.1,MA
2017-12-12,28.4,0.6,MA
2017-12-13,27.8,6.5,MA
2017-12-14,27.0,3.8,MA
2017-12-15,27.3,0.8,MA
2017-12-16,27.3,1.5,MA
2017-12-17,27.9,1.7,MA
2017-12-18,27.3,4.5,MA
2017-12-19,25.8,4.7,MA
2017-12-20,26.8,3.2,MA
2017-12-21,26.7,8.0,MA
2017-12-22,27.6,4.6,MA
2017-12-23,26.3,22.3,MA
2017-12-24,25.8,12.8,MA
2017-12-25,26.3,6.2,MA
2017-12-26,26.9,7.0,MA
2017-12-27,27.1,2.0,MA
2017-12-28,27.3,2.8,MA
2017-12-29,27.5,1.1,MA
2017-12-30,27.8,3.1,MA
2017-12-31,27.8,2.8,MA
2018-01-01,27.7,0.7,MA
2018-01-02,27.5,1.6,MA
2018-01-03,27.3,2.4,MA
2018-01-04,27.0,1.1,MA
2018-01-05,26.8,4.1,MA
2018-01-06,25.7,10.8,MA
2018-01-07,25.4,13.3,MA
2018-01-08,26.7,0.6,MA
2018-01-09,26.4,5.7,MA
2018-01-10,25.3,10.5,MA
2018-01-11,26.7,1.5,MA
2018-01-12,26.7,1.8,MA
2018-01-13,26.1,4.1,MA
2018-01-14,26.0,2.7,MA
2018-01-15,27.0,2.7,MA
2018-01-16,27.9,0.1,MA
2018-01-17,27.3,3.1,MA
2018-01-18,26.7,15.8,MA
2018-01-19,26.1,10.9,MA
2018-01-20,26.1,5.2,MA
2018-01-21,25.6,15.0,MA
2018-01-22,25.8,5.2,MA
2018-01-23,26.0,11.4,MA
2018-01-24,25.2,18.9,MA
2018-01-25,25.4,10.1,MA
2018-01-26,25.3,11.1,MA
2018-01-27,24.9,29.8,MA
2018-01-28,25.4,14.7,MA
2018-01-29,26.0,4.5,MA
2018-01-30,27.0,0.3,MA
2018-01-31,26.9,4.6,MA
2018-02-01,26.9,12.7,MA
2018-02-02,25.8,14.1,MA
2018-02-03,25.4,39.7,MA
2018-02-04,24.4,49.4,MA
2018-02-05,25.6,3.9,MA
2018-02-06,25.8,7.7,MA
2018-02-07,25.1,33.6,MA
2018-02-08,25.0,13.4,MA
2018-02-09,26.2,2.4,MA
2018-02-10,26.6,0.1,MA
2018-02-11,26.2,2.9,MA
2018-02-12,24.6,26.5,MA
2018-02-13,25.1,22.4,MA
2018-02-14,24.9,25.7,MA
2018-02-15,25.2,4.4,MA
2018-02-16,26.0,5.1,MA
2018-02-17,25.5,11.9,MA
2018-02-18,25.2,12.9,MA
2018-02-19,25.2,13.4,MA
2018-02-20,24.9,33.6,MA
2018-02-21,25.5,5.8,MA
2018-02-22,25.1,13.0,MA
2018-02-23,25.1,1.2,MA
2018-02-24,26.0,7.4,MA
2018-02-25,24.1,63.5,MA
2018-02-26,25.0,8.5,MA
2018-02-27,25.7,32.8,MA
2018-02-28,25.3,11.9,MA
2018-03-01,25.3,8.5,MA
2018-03-02,25.7,0.1,MA
2018-03-03,26.2,4.3,MA
2018-03-04,26.6,5.1,MA
2018-03-05,25.8,9.4,MA
2018-03-06,26.5,6.3,MA
2018-03-07,26.4,1.3,MA
2018-03-08,26.0,7.5,MA
2018-03-09,25.8,7.7,MA
2018-03-10,26.1,3.4,MA
2018-03-11,26.9,2.2,MA
2018-03-12,26.6,2.8,MA
2018-03-13,26.1,6.2,MA
2018-03-14,25.5,8.3,MA
2018-03-15,26.3,9.2,MA
2018-03-16,26.9,1.9,MA
2018-03-17,27.2,3.1,MA
2018-03-18,26.7,3.5,MA
2018-03-19,26.4,3.4,MA
2018-03-20,27.1,0.8,MA
2018-03-21,27.2,3.8,MA
2018-03-22,26.3,7.7,MA
2018-03-23,25.4,23.2,MA
2018-03-24,25.8,5.5,MA
2018-03-25,25.4,9.2,MA
2018-03-26,24.7,38.5,MA
2018-03-27,26.1,4.6,MA
2018-03-28,25.3,26.7,MA
2018-03-29,24.8,32.3,MA
2018-03-30,24.7,75.1,MA
2018-03-31,25.8,10.4,MA
2018-04-01,25.4,15.3,MA
2018-04-02,25.5,18.6,MA
2018-04-03,25.8,10.7,MA
2018-04-04,24.8,46.6,MA
2018-04-05,25.0,30.4,MA
2018-04-06,25.3,16.8,MA
2018-04-07,25.0,19.6,MA
2018-04-08,25.1,9.6,MA
2018-04-09,25.3,15.3,MA
2018-04-10,24.1,55.6,MA
2018-04-11,24.7,11.8,MA
2018-04-12,24.5,17.1,MA
2018-04-13,25.0,19.4,MA
2018-04-14,25.6,2.8,MA
2018-04-15,26.0,5.1,MA
2018-04-16,25.1,27.9,MA
2018-04-17,25.2,24.0,MA
2018-04-18,25.9,4.0,MA
2018-04-19,26.8,1.8,MA
2018-04-20,26.8,4.0,MA
2018-04-21,25.6,22.7,MA
2018-04-22,25.4,6.5,MA
2018-04-23,25.6,7.5,MA
2018-04-24,26.2,8.0,MA
2018-04-25,26.6,2.0,MA
2018-04-26,26.6,2.4,MA
2018-04-27,26.5,4.0,MA
2018-04-28,26.2,6.9,MA
2018-04-29,25.1,23.9,MA
2018-04-30,25.4,11.5,MA
2018-05-01,25.2,23.9,MA
2018-05-02,25.5,2.4,MA
2018-05-03,25.4,12.7,MA
2018-05-04,25.3,21.1,MA
2018-05-05,26.0,3.4,MA
2018-05-06,26.1,11.4,MA
2018-05-07,25.3,10.4,MA
2018-05-08,25.4,10.1,MA
2018-05-09,25.2,18.6,MA
2018-05-10,25.4,8.0,MA
2018-05-11,26.2,7.1,MA
2018-05-12,25.3,13.5,MA
2018-05-13,25.6,5.3,MA
2018-05-14,25.6,16.3,MA
2018-05-15,26.1,4.3,MA
2018-05-16,26.1,2.9,MA
2018-05-17,25.6,7.8,MA
2018-05-18,26.2,4.5,MA
2018-05-19,26.6,5.9,MA
2018-05-20,26.3,6.1,MA
2018-05-21,26.3,4.7,MA
2018-05-22,25.9,9.6,MA
2018-05-23,26.7,3.0,MA
2018-05-24,25.8,11.2,MA
2018-05-25,25.9,9.1,MA
2018-05-26,25.7,14.1,MA
2018-05-27,25.1,16.5,MA
2018-05-28,25.1,19.5,MA
2018-05-29,25.9,4.6,MA
2018-05-30,25.4,44.1,MA
2018-05-31,26.2,2.3,MA
2018-06-01,26.2,5.4,MA
2018-06-02,25.8,9.8,MA
2018-06-03,27.1,0.9,MA
2018-06-04,26.0,17.4,MA
2018-06-05,25.7,13.7,MA
2018-06-06,26.4,2.6,MA
2018-06-07,27.0,1.8,MA
2018-06-08,26.9,2.3,MA
2018-06-09,26.6,2.2,MA
2018-06-10,26.9,0.4,MA
2018-06-11,26.9,0.0,MA
2018-06-12,26.9,0.0,MA
2018-06-13,26.9,1.6,MA
2018-06-14,26.8,2.3,MA
2018-06-15,26.7,0.8,MA
2018-06-16,26.2,9.7,MA
2018-06-17,25.6,7.8,MA
2018-06-18,25.4,7.3,MA
2018-06-19,24.8,21.3,MA
2018-06-20,25.4,2.8,MA
2018-06-21,25.7,3.3,MA
2018-06-22,26.0,4.7,MA
2018-06-23,26.4,1.1,MA
2018-06-24,26.5,0.2,MA
2018-06-25,25.9,1.1,MA
2018-06-26,25.9,1.6,MA
2018-06-27,26.1,1.4,MA
2018-06-28,25.6,13.1,MA
2018-06-29,25.7,6.5,MA
2018-06-30,26.1,1.9,MA
2018-07-01,25.9,1.3,MA
2018-07-02,26.4,5.3,MA
2018-07-03,25.9,6.4,MA
2018-07-04,25.2,5.5,MA
2018-07-05,25.8,5.2,MA
2018-07-06,26.1,2.5,MA
2018-07-07,25.0,7.3,MA
2018-07-08,25.6,5.7,MA
2018-07-09,25.8,7.3,MA
2018-07-10,25.0,7.0,MA
2018-07-11,26.0,1.2,MA
2018-07-12,26.2,0.2,MA
2018-07-13,25.7,10.2,MA
2018-07-14,26.1,2.6,MA
2018-07-15,26.3,3.9,MA
2018-07-16,26.0,3.8,MA
2018-07-17,26.4,0.6,MA
2018-07-18,26.3,1.2,MA
2018-07-19,26.3,1.1,MA
2018-07-20,26.4,0.9,MA
2018-07-21,26.7,0.0,MA
2018-07-22,26.7,1.8,MA
2018-07-23,26.4,2.8,MA
2018-07-24,26.7,2.9,MA
2018-07-25,26.9,0.8,MA
2018-07-26,27.0,0.7,MA
2018-07-27,26.7,2.5,MA
2018-07-28,27.0,0.6,MA
2018-07-29,26.9,1.9,MA
2018-07-30,26.9,0.9,MA
2018-07-31,26.6,1.3,MA
2018-08-01,26.6,1.0,MA
2018-08-02,25.7,10.5,MA
2018-08-03,25.9,1.8,MA
2018-08-04,26.1,1.6,MA
2018-08-05,26.4,1.7,MA
2018-08-06,26.5,0.4,MA
2018-08-07,26.7,2.5,MA
2018-08-08,26.4,2.7,MA
2018-08-09,25.8,3.2,MA
2018-08-10,26.0,1.8,MA
2018-08-11,26.3,1.7,MA
2018-08-12,26.4,0.2,MA
2018-08-13,26.2,0.4,MA
2018-08-14,26.2,0.2,MA
2018-08-15,26.8,0.5,MA
2018-08-16,26.5,1.9,MA
2018-08-17,26.7,1.4,MA
2018-08-18,26.5,0.6,MA
2018-08-19,26.6,0.4,MA
2018-08-20,26.7,1.0,MA
2018-08-21,26.5,1.1,MA
2018-08-22,26.4,1.4,MA
2018-08-23,26.6,0.4,MA
2018-08-24,27.0,0.3,MA
2018-08-25,27.0,0.7,MA
2018-08-26,26.6,2.0,MA
2018-08-27,26.8,3.7,MA
2018-08-28,26.9,1.1,MA
2018-08-29,26.8,1.3,MA
2018-08-30,26.7,3.0,MA
2018-08-31,26.6,1.3,MA
2018-09-01,26.8,1.5,MA
2018-09-02,26.9,1.0,MA
2018-09-03,27.3,0.1,MA
2018-09-04,27.0,0.2,MA
2018-09-05,27.2,0.1,MA
2018-09-06,27.1,0.4,MA
2018-09-07,27.0,1.1,MA
2018-09-08,27.0,1.0,MA
2018-09-09,26.5,1.3,MA
2018-09-10,26.9,1.7,MA
2018-09-11,27.6,0.9,MA
2018-09-12,27.4,0.4,MA
2018-09-13,27.4,0.0,MA
2018-09-14,27.1,0.2,MA
2018-09-15,27.4,1.0,MA
2018-09-16,27.4,0.1,MA
2018-09-17,27.8,0.6,MA
2018-09-18,27.5,0.2,MA
2018-09-19,27.3,0.6,MA
2018-09-20,27.2,0.3,MA
2018-09-21,27.6,0.3,MA
2018-09-22,27.4,0.1,MA
2018-09-23,27.3,0.5,MA
2018-09-24,27.2,0.1,MA
2018-09-25,27.3,0.4,MA
2018-09-26,27.2,0.6,MA
2018-09-27,27.3,0.7,MA
2018-09-28,27.4,0.6,MA
2018-09-29,27.4,0.4,MA
2018-09-30,27.3,1.6,MA
2018-10-01,27.3,0.3,MA
2018-10-02,27.3,1.3,MA
2018-10-03,27.3,0.2,MA
2018-10-04,27.4,0.0,MA
2018-10-05,27.2,0.2,MA
2018-10-06,27.0,1.7,MA
2018-10-07,27.4,1.3,MA
2018-10-08,27.6,0.5,MA
2018-10-09,27.8,0.6,MA
2018-10-10,27.6,0.7,MA
2018-10-11,27.6,0.2,MA
2018-10-12,27.3,0.5,MA
2018-10-13,27.1,1.1,MA
2018-10-14,27.2,2.4,MA
2018-10-15,27.0,1.6,MA
2018-10-16,27.1,2.2,MA
2018-10-17,27.3,2.8,MA
2018-10-18,27.6,0.9,MA
2018-10-19,27.5,0.0,MA
2018-10-20,27.4,0.0,MA
2018-10-21,27.7,0.0,MA
2018-10-22,27.8,0.1,MA
2018-10-23,27.9,0.3,MA
2018-10-24,28.0,1.2,MA
2018-10-25,28.0,0.4,MA
2018-10-26,27.8,0.2,MA
2018-10-27,27.9,0.0,MA
2018-10-28,28.0,0.0,MA
2018-10-29,28.1,0.7,MA
2018-10-30,28.2,0.2,MA
2018-10-31,28.4,0.4,MA
2016-09-01,24.7,0.0,MT
2016-09-02,26.0,0.2,MT
2016-09-03,21.4,17.3,MT
2016-09-04,15.6,4.3,MT
2016-09-05,17.1,0.0,MT
2016-09-06,16.0,0.1,MT
2016-09-07,19.9,0.0,MT
2016-09-08,22.6,0.0,MT
2016-09-09,25.1,0.0,MT
2016-09-10,27.7,0.0,MT
2016-09-11,29.0,0.0,MT
2016-09-12,29.2,0.0,MT
2016-09-13,29.2,0.0,MT
2016-09-14,28.5,0.0,MT
2016-09-15,27.1,0.0,MT
2016-09-16,28.4,0.0,MT
2016-09-17,29.9,0.0,MT
2016-09-18,30.0,1.3,MT
2016-09-19,25.8,6.6,MT
2016-09-20,27.0,0.0,MT
2016-09-21,27.9,0.0,MT
2016-09-22,29.1,0.7,MT
2016-09-23,28.8,1.0,MT
2016-09-24,27.7,4.0,MT
2016-09-25,26.8,0.0,MT
2016-09-26,27.3,0.0,MT
2016-09-27,29.0,0.0,MT
2016-09-28,29.8,0.0,MT
2016-09-29,30.6,0.0,MT
2016-09-30,29.9,2.2,MT
2016-10-01,29.4,2.0,MT
2016-10-02,30.0,0.1,MT
2016-10-03,28.9,17.9,MT
2016-10-04,26.3,10.4,MT
2016-10-05,26.0,33.9,MT
2016-10-06,23.8,4.2,MT
2016-10-07,23.4,0.0,MT
2016-10-08,26.2,0.0,MT
2016-10-09,27.7,0.0,MT
2016-10-10,28.9,1.0,MT
2016-10-11,28.2,7.6,MT
2016-10-12,25.9,18.2,MT
2016-10-13,27.8,2.1,MT
2016-10-14,27.5,8.1,MT
2016-10-15,28.2,0.7,MT
2016-10-16,29.8,0.0,MT
2016-10-17,30.4,0.1,MT
2016-10-18,30.5,0.0,MT
2016-10-19,30.7,0.0,MT
2016-10-20,28.4,7.4,MT
2016-10-21,26.3,12.4,MT
2016-10-22,27.2,6.5,MT
2016-10-23,28.0,6.4,MT
2016-10-24,27.8,1.1,MT
2016-10-25,28.2,0.5,MT
2016-10-26,28.1,6.9,MT
2016-10-27,23.7,4.8,MT
2016-10-28,24.2,0.0,MT
2016-10-29,25.2,0.0,MT
2016-10-30,28.1,0.0,MT
2016-10-31,28.7,4.5,MT
2016-11-01,27.8,6.8,MT
2016-11-02,26.9,11.3,MT
2016-11-03,23.4,5.1,MT
2016-11-04,25.3,0.0,MT
2016-11-05,27.0,0.4,MT
2016-11-06,28.4,2.8,MT
2016-11-07,28.5,2.1,MT
2016-11-08,29.0,2.0,MT
2016-11-09,28.6,5.0,MT
2016-11-10,28.2,10.1,MT
2016-11-11,27.2,15.3,MT
2016-11-12,24.6,25.3,MT
2016-11-13,25.5,3.5,MT
2016-11-14,26.2,1.2,MT
2016-11-15,27.4,1.1,MT
2016-11-16,26.8,4.9,MT
2016-11-17,26.5,4.5,MT
2016-11-18,24.8,4.0,MT
2016-11-19,25.2,0.0,MT
2016-11-20,26.9,4.5,MT
2016-11-21,25.1,19.0,MT
2016-11-22,25.4,11.2,MT
2016-11-23,25.4,16.6,MT
2016-11-24,27.2,12.0,MT
2016-11-25,27.4,21.9,MT
2016-11-26,28.3,3.6,MT
2016-11-27,28.5,0.4,MT
2016-11-28,28.5,1.4,MT
2016-11-29,28.2,4.1,MT
2016-11-30,27.3,1.9,MT
2016-12-01,26.2,8.7,MT
2016-12-02,27.6,2.7,MT
2016-12-03,27.6,4.3,MT
2016-12-04,28.3,0.5,MT
2016-12-05,28.2,0.8,MT
2016-12-06,28.0,2.5,MT
2016-12-07,27.7,6.7,MT
2016-12-08,27.8,3.1,MT
2016-12-09,27.4,3.1,MT
2016-12-10,27.0,5.2,MT
2016-12-11,27.9,3.9,MT
2016-12-12,28.6,0.9,MT
2016-12-13,27.9,9.2,MT
2016-12-14,25.8,14.8,MT
2016-12-15,26.1,16.3,MT
2016-12-16,24.9,24.4,MT
2016-12-17,25.1,5.0,MT
2016-12-18,25.6,12.3,MT
2016-12-19,26.2,7.1,MT
2016-12-20,26.3,3.3,MT
2016-12-21,25.2,15.8,MT
2016-12-22,24.8,17.5,MT
2016-12-23,25.9,8.6,MT
2016-12-24,27.0,4.8,MT
2016-12-25,26.1,12.1,MT
2016-12-26,27.3,0.0,MT
2016-12-27,26.7,5.5,MT
2016-12-28,27.4,4.1,MT
2016-12-29,26.8,11.4,MT
2016-12-30,28.1,0.2,MT
2016-12-31,27.8,0.1,MT
2017-01-01,26.8,3.4,MT
2017-01-02,26.9,0.7,MT
2017-01-03,28.2,0.6,MT
2017-01-04,27.6,2.9,MT
2017-01-05,27.9,1.6,MT
2017-01-06,28.0,1.2,MT
2017-01-07,28.2,0.1,MT
2017-01-08,27.7,0.1,MT
2017-01-09,28.0,0.0,MT
2017-01-10,28.8,0.0,MT
2017-01-11,28.7,0.7,MT
2017-01-12,26.8,3.7,MT
2017-01-13,27.2,1.1,MT
2017-01-14,26.9,9.4,MT
2017-01-15,26.5,2.6,MT
2017-01-16,26.5,3.0,MT
2017-01-17,26.5,6.3,MT
2017-01-18,26.0,8.2,MT
2017-01-19,25.2,21.1,MT
2017-01-20,25.6,13.0,MT
2017-01-21,25.3,2.4,MT
2017-01-22,24.8,6.6,MT
2017-01-23,25.8,7.6,MT
2017-01-24,27.3,0.3,MT
2017-01-25,26.3,10.1,MT
2017-01-26,25.7,6.2,MT
2017-01-27,25.1,24.0,MT
2017-01-28,25.6,14.1,MT
2017-01-29,26.1,4.1,MT
2017-01-30,26.3,10.7,MT
2017-01-31,26.3,1.2,MT
2017-02-01,26.3,12.6,MT
2017-02-02,25.8,5.6,MT
2017-02-03,26.9,5.0,MT
2017-02-04,27.4,2.0,MT
2017-02-05,26.4,6.6,MT
2017-02-06,26.5,10.5,MT
2017-02-07,26.2,5.6,MT
2017-02-08,26.6,4.0,MT
2017-02-09,27.7,0.3,MT
2017-02-10,26.6,45.5,MT
2017-02-11,26.1,21.7,MT
2017-02-12,25.2,30.1,MT
2017-02-13,25.4,9.8,MT
2017-02-14,24.6,34.2,MT
2017-02-15,25.9,1.3,MT
2017-02-16,25.7,0.7,MT
2017-02-17,25.8,2.1,MT
2017-02-18,26.4,0.2,MT
2017-02-19,26.4,10.3,MT
2017-02-20,25.8,4.1,MT
2017-02-21,25.6,11.3,MT
2017-02-22,26.9,0.1,MT
2017-02-23,27.4,2.7,MT
2017-02-24,27.4,4.0,MT
2017-02-25,25.8,6.0,MT
2017-02-26,25.7,1.3,MT
2017-02-27,25.5,2.3,MT
2017-02-28,25.5,20.9,MT
2017-03-01,25.4,7.6,MT
2017-03-02,25.3,27.4,MT
2017-03-03,26.1,5.1,MT
2017-03-04,27.2,0.1,MT
2017-03-05,27.1,10.2,MT
2017-03-06,26.8,2.4,MT
2017-03-07,26.7,2.7,MT
2017-03-08,27.7,0.1,MT
2017-03-09,28.0,0.6,MT
2017-03-10,28.0,0.1,MT
2017-03-11,27.7,1.9,MT
2017-03-12,27.5,2.5,MT
2017-03-13,26.2,6.8,MT
2017-03-14,27.0,0.6,MT
2017-03-15,26.5,5.9,MT
2017-03-16,26.6,10.5,MT
2017-03-17,25.2,19.8,MT
2017-03-18,24.2,12.5,MT
2017-03-19,24.8,59.0,MT
2017-03-20,25.6,13.3,MT
2017-03-21,25.8,1.2,MT
2017-03-22,26.0,8.5,MT
2017-03-23,27.2,0.3,MT
2017-03-24,27.3,3.2,MT
2017-03-25,26.7,1.6,MT
2017-03-26,27.0,3.2,MT
2017-03-27,26.7,5.4,MT
2017-03-28,26.1,1.2,MT
2017-03-29,26.0,6.7,MT
2017-03-30,26.5,6.0,MT
2017-03-31,25.7,6.7,MT
2017-04-01,26.5,0.1,MT
2017-04-02,26.6,0.6,MT
2017-04-03,26.5,11.4,MT
2017-04-04,26.2,10.1,MT
2017-04-05,26.7,5.1,MT
2017-04-06,27.0,3.7,MT
2017-04-07,26.9,3.1,MT
2017-04-08,27.7,0.1,MT
2017-04-09,27.9,0.0,MT
2017-04-10,27.5,0.8,MT
2017-04-11,27.0,1.6,MT
2017-04-12,26.0,1.5,MT
2017-04-13,26.5,0.5,MT
2017-04-14,27.2,3.8,MT
2017-04-15,27.3,1.0,MT
2017-04-16,27.1,3.3,MT
2017-04-17,25.4,4.2,MT
2017-04-18,25.4,1.2,MT
2017-04-19,26.0,6.0,MT
2017-04-20,25.5,16.2,MT
2017-04-21,24.8,1.0,MT
2017-04-22,25.0,3.3,MT
2017-04-23,25.7,2.8,MT
2017-04-24,25.9,4.3,MT
2017-04-25,27.5,0.3,MT
2017-04-26,26.5,10.7,MT
2017-04-27,21.6,0.2,MT
2017-04-28,22.7,0.0,MT
2017-04-29,24.4,0.0,MT
2017-04-30,25.5,1.3,MT
2017-05-01,25.9,1.2,MT
2017-05-02,26.5,0.0,MT
2017-05-03,27.1,0.0,MT
2017-05-04,26.1,0.0,MT
2017-05-05,25.9,0.7,MT
2017-05-06,26.7,0.0,MT
2017-05-07,26.9,0.0,MT
2017-05-08,26.7,0.0,MT
2017-05-09,27.3,0.3,MT
2017-05-10,26.3,1.1,MT
2017-05-11,25.6,0.0,MT
2017-05-12,26.5,0.0,MT
2017-05-13,27.0,0.0,MT
2017-05-14,27.6,0.5,MT
2017-05-15,27.3,2.5,MT
2017-05-16,25.5,7.7,MT
2017-05-17,25.9,0.7,MT
2017-05-18,27.1,0.2,MT
2017-05-19,27.3,4.5,MT
2017-05-20,26.3,7.0,MT
2017-05-21,26.4,1.5,MT
2017-05-22,25.6,4.8,MT
2017-05-23,26.6,0.3,MT
2017-05-24,27.5,0.0,MT
2017-05-25,27.7,1.5,MT
2017-05-26,27.3,0.0,MT
2017-05-27,27.0,0.0,MT
2017-05-28,24.1,0.8,MT
2017-05-29,24.3,0.0,MT
2017-05-30,23.5,0.0,MT
2017-05-31,22.0,0.7,MT
2017-06-01,19.9,0.0,MT
2017-06-02,21.1,0.0,MT
2017-06-03,24.5,0.0,MT
2017-06-04,26.4,1.0,MT
2017-06-05,27.2,1.0,MT
2017-06-06,26.9,0.0,MT
2017-06-07,26.3,0.0,MT
2017-06-08,26.7,0.0,MT
2017-06-09,21.0,0.2,MT
2017-06-10,18.1,0.0,MT
2017-06-11,22.2,0.0,MT
2017-06-12,24.8,0.0,MT
2017-06-13,25.2,0.0,MT
2017-06-14,25.5,0.0,MT
2017-06-15,26.3,0.0,MT
2017-06-16,26.4,0.0,MT
2017-06-17,26.0,0.0,MT
2017-06-18,25.0,0.0,MT
2017-06-19,20.3,0.0,MT
2017-06-20,16.6,0.0,MT
2017-06-21,19.8,0.0,MT
2017-06-22,23.1,0.0,MT
2017-06-23,23.8,0.0,MT
2017-06-24,25.0,0.0,MT
2017-06-25,24.9,0.0,MT
2017-06-26,23.7,0.0,MT
2017-06-27,23.7,0.0,MT
2017-06-28,23.0,0.0,MT
2017-06-29,23.3,0.0,MT
2017-06-30,23.5,0.0,MT
2017-07-01,22.9,0.0,MT
2017-07-02,22.6,0.0,MT
2017-07-03,22.7,0.0,MT
2017-07-04,23.8,0.0,MT
2017-07-05,25.5,0.0,MT
2017-07-06,24.3,0.0,MT
2017-07-07,22.9,0.0,MT
2017-07-08,23.5,0.0,MT
2017-07-09,23.9,0.0,MT
2017-07-10,23.8,0.0,MT
2017-07-11,23.4,0.0,MT
2017-07-12,24.1,0.0,MT
2017-07-13,24.3,0.0,MT
2017-07-14,24.3,0.0,MT
2017-07-15,24.7,0.0,MT
2017-07-16,24.4,0.0,MT
2017-07-17,17.6,0.0,MT
2017-07-18,14.0,0.0,MT
2017-07-19,15.5,0.0,MT
2017-07-20,18.2,0.0,MT
2017-07-21,21.8,0.0,MT
2017-07-22,23.7,0.0,MT
2017-07-23,24.4,0.0,MT
2017-07-24,25.8,0.0,MT
2017-07-25,24.5,0.0,MT
2017-07-26,23.6,0.0,MT
2017-07-27,23.4,0.0,MT
2017-07-28,23.9,0.0,MT
2017-07-29,24.1,0.0,MT
2017-07-30,24.7,0.0,MT
2017-07-31,24.3,0.0,MT
2017-08-01,24.8,0.0,MT
2017-08-02,25.2,0.0,MT
2017-08-03,21.6,0.0,MT
2017-08-04,21.1,0.0,MT
2017-08-05,23.5,0.0,MT
2017-08-06,25.7,0.0,MT
2017-08-07,26.6,0.0,MT
2017-08-08,27.6,0.0,MT
2017-08-09,27.4,0.0,MT
2017-08-10,27.8,0.0,MT
2017-08-11,28.2,0.0,MT
2017-08-12,28.2,0.0,MT
2017-08-13,26.5,19.2,MT
2017-08-14,25.1,0.2,MT
2017-08-15,26.8,0.5,MT
2017-08-16,27.5,0.5,MT
2017-08-17,26.3,0.0,MT
2017-08-18,26.2,0.0,MT
2017-08-19,28.4,0.0,MT
2017-08-20,25.1,23.2,MT
2017-08-21,22.5,0.1,MT
2017-08-22,23.1,0.0,MT
2017-08-23,26.9,0.0,MT
2017-08-24,28.3,0.0,MT
2017-08-25,27.4,0.0,MT
2017-08-26,27.5,0.0,MT
2017-08-27,27.9,0.0,MT
2017-08-28,27.9,0.0,MT
2017-08-29,29.4,0.0,MT
2017-08-30,29.2,0.0,MT
2017-08-31,27.1,0.0,MT
2017-09-01,27.8,0.0,MT
2017-09-02,29.0,0.0,MT
2017-09-03,28.6,0.0,MT
2017-09-04,28.2,0.0,MT
2017-09-05,27.6,0.0,MT
2017-09-06,26.0,0.0,MT
2017-09-07,27.1,0.0,MT
2017-09-08,28.4,0.0,MT
2017-09-09,28.9,0.0,MT
2017-09-10,30.7,0.0,MT
2017-09-11,29.2,0.0,MT
2017-09-12,28.5,0.0,MT
2017-09-13,29.1,0.0,MT
2017-09-14,29.7,0.0,MT
2017-09-15,28.3,0.0,MT
2017-09-16,26.1,0.0,MT
2017-09-17,24.2,0.0,MT
2017-09-18,26.3,0.0,MT
2017-09-19,28.8,0.0,MT
2017-09-20,28.8,0.0,MT
2017-09-21,28.8,1.3,MT
2017-09-22,27.4,0.0,MT
2017-09-23,28.2,0.0,MT
2017-09-24,28.7,0.0,MT
2017-09-25,29.1,0.2,MT
2017-09-26,28.5,0.0,MT
2017-09-27,28.2,0.1,MT
2017-09-28,26.5,0.1,MT
2017-09-29,23.5,3.2,MT
2017-09-30,25.5,0.0,MT
2017-10-01,28.3,1.2,MT
2017-10-02,25.8,22.8,MT
2017-10-03,23.7,0.0,MT
2017-10-04,24.5,0.0,MT
2017-10-05,28.6,0.0,MT
2017-10-06,29.9,4.0,MT
2017-10-07,28.2,1.6,MT
2017-10-08,28.5,0.0,MT
2017-10-09,28.8,0.2,MT
2017-10-10,29.3,2.9,MT
2017-10-11,30.2,0.5,MT
2017-10-12,30.3,0.1,MT
2017-10-13,29.7,1.1,MT
2017-10-14,24.3,0.0,MT
2017-10-15,26.0,0.0,MT
2017-10-16,29.2,0.0,MT
2017-10-17,29.9,0.6,MT
2017-10-18,30.1,0.0,MT
2017-10-19,30.4,0.8,MT
2017-10-20,27.0,0.7,MT
2017-10-21,28.0,18.4,MT
2017-10-22,25.1,11.4,MT
2017-10-23,24.0,0.0,MT
2017-10-24,26.4,0.3,MT
2017-10-25,27.9,1.4,MT
2017-10-26,28.6,1.0,MT
2017-10-27,27.7,0.1,MT
2017-10-28,26.6,7.1,MT
2017-10-29,27.0,2.2,MT
2017-10-30,28.4,0.5,MT
2017-10-31,26.0,20.5,MT
2017-11-01,26.8,0.0,MT
2017-11-02,28.5,0.0,MT
2017-11-03,28.8,1.7,MT
2017-11-04,29.1,3.1,MT
2017-11-05,27.1,3.4,MT
2017-11-06,27.7,7.4,MT
2017-11-07,26.7,4.3,MT
2017-11-08,27.8,0.4,MT
2017-11-09,27.4,0.0,MT
2017-11-10,27.2,14.5,MT
2017-11-11,25.0,13.0,MT
2017-11-12,26.1,0.3,MT
2017-11-13,27.2,0.0,MT
2017-11-14,28.9,0.0,MT
2017-11-15,29.5,0.5,MT
2017-11-16,28.5,4.2,MT
2017-11-17,26.3,7.5,MT
2017-11-18,26.4,8.5,MT
2017-11-19,25.6,23.9,MT
2017-11-20,26.2,8.1,MT
2017-11-21,26.5,4.8,MT
2017-11-22,25.8,16.4,MT
2017-11-23,26.9,2.2,MT
2017-11-24,27.7,0.9,MT
2017-11-25,28.9,0.3,MT
2017-11-26,27.4,10.4,MT
2017-11-27,27.9,1.1,MT
2017-11-28,26.3,6.9,MT
2017-11-29,27.9,0.0,MT
2017-11-30,27.5,13.7,MT
2017-12-01,25.7,16.8,MT
2017-12-02,26.0,13.2,MT
2017-12-03,26.9,0.0,MT
2017-12-04,26.7,3.8,MT
2017-12-05,26.4,1.7,MT
2017-12-06,26.6,3.8,MT
2017-12-07,26.7,5.6,MT
2017-12-08,26.8,11.2,MT
2017-12-09,26.3,22.7,MT
2017-12-10,25.0,40.3,MT
2017-12-11,25.0,9.2,MT
2017-12-12,26.6,0.9,MT
2017-12-13,27.0,0.8,MT
2017-12-14,26.9,9.9,MT
2017-12-15,26.4,6.9,MT
2017-12-16,27.3,0.8,MT
2017-12-17,26.6,4.3,MT
2017-12-18,26.4,4.5,MT
2017-12-19,27.4,0.1,MT
2017-12-20,27.3,4.4,MT
2017-12-21,27.0,2.4,MT
2017-12-22,26.6,6.6,MT
2017-12-23,26.7,7.2,MT
2017-12-24,27.0,0.5,MT
2017-12-25,26.8,4.0,MT
2017-12-26,27.2,0.5,MT
2017-12-27,27.2,2.1,MT
2017-12-28,27.3,0.4,MT
2017-12-29,27.8,1.7,MT
2017-12-30,27.7,0.4,MT
2017-12-31,27.5,3.5,MT
2018-01-01,27.8,7.9,MT
2018-01-02,26.9,17.2,MT
2018-01-03,24.9,22.5,MT
2018-01-04,26.5,3.0,MT
2018-01-05,26.0,12.9,MT
2018-01-06,25.7,4.8,MT
2018-01-07,24.9,12.2,MT
2018-01-08,24.3,13.4,MT
2018-01-09,24.9,9.3,MT
2018-01-10,25.9,2.1,MT
2018-01-11,25.8,6.6,MT
2018-01-12,25.3,4.1,MT
2018-01-13,25.6,5.8,MT
2018-01-14,26.5,0.0,MT
2018-01-15,26.1,0.6,MT
2018-01-16,27.0,0.2,MT
2018-01-17,27.2,8.5,MT
2018-01-18,27.3,0.1,MT
2018-01-19,27.4,2.7,MT
2018-01-20,28.3,0.9,MT
2018-01-21,28.6,0.4,MT
2018-01-22,28.3,2.0,MT
2018-01-23,28.1,6.3,MT
2018-01-24,28.4,0.0,MT
2018-01-25,27.3,9.2,MT
2018-01-26,26.3,7.8,MT
2018-01-27,26.6,1.4,MT
2018-01-28,26.3,4.1,MT
2018-01-29,26.1,21.4,MT
2018-01-30,26.3,9.6,MT
2018-01-31,27.0,2.3,MT
2018-02-01,26.8,8.6,MT
2018-02-02,26.3,24.0,MT
2018-02-03,25.7,32.4,MT
2018-02-04,26.5,3.2,MT
2018-02-05,27.0,0.9,MT
2018-02-06,26.9,1.0,MT
2018-02-07,27.3,1.9,MT
2018-02-08,26.6,10.0,MT
2018-02-09,27.3,2.2,MT
2018-02-10,25.9,18.2,MT
2018-02-11,25.0,9.5,MT
2018-02-12,26.0,6.2,MT
2018-02-13,26.3,4.5,MT
2018-02-14,26.7,7.1,MT
2018-02-15,26.8,0.7,MT
2018-02-16,27.2,2.6,MT
2018-02-17,26.8,2.9,MT
2018-02-18,26.3,5.2,MT
2018-02-19,25.8,14.7,MT
2018-02-20,26.1,10.8,MT
2018-02-21,25.0,30.9,MT
2018-02-22,25.0,12.7,MT
2018-02-23,24.7,15.2,MT
2018-02-24,25.1,24.1,MT
2018-02-25,25.9,5.1,MT
2018-02-26,25.9,3.9,MT
2018-02-27,26.5,13.4,MT
2018-02-28,26.7,12.1,MT
2018-03-01,27.8,1.0,MT
2018-03-02,28.0,0.4,MT
2018-03-03,28.1,0.0,MT
2018-03-04,28.6,0.0,MT
2018-03-05,28.5,1.5,MT
2018-03-06,27.7,6.7,MT
2018-03-07,26.9,3.9,MT
2018-03-08,26.9,0.2,MT
2018-03-09,27.5,8.5,MT
2018-03-10,26.6,10.3,MT
2018-03-11,26.2,7.1,MT
2018-03-12,27.2,0.7,MT
2018-03-13,27.3,3.1,MT
2018-03-14,27.0,4.3,MT
2018-03-15,26.8,2.7,MT
2018-03-16,27.8,4.1,MT
2018-03-17,27.1,2.6,MT
2018-03-18,27.1,1.6,MT
2018-03-19,26.5,4.5,MT
2018-03-20,26.0,4.0,MT
2018-03-21,26.4,1.9,MT
2018-03-22,27.1,0.6,MT
2018-03-23,27.0,3.3,MT
2018-03-24,26.0,8.2,MT
2018-03-25,25.1,25.0,MT
2018-03-26,24.1,21.5,MT
2018-03-27,24.1,15.4,MT
2018-03-28,24.6,7.6,MT
2018-03-29,25.0,3.5,MT
2018-03-30,25.2,8.5,MT
2018-03-31,25.5,5.3,MT
2018-04-01,25.5,25.1,MT
2018-04-02,24.6,5.7,MT
2018-04-03,25.0,5.9,MT
2018-04-04,25.4,7.6,MT
2018-04-05,25.8,2.6,MT
2018-04-06,26.2,2.5,MT
2018-04-07,26.9,2.2,MT
2018-04-08,26.4,2.2,MT
2018-04-09,26.7,2.0,MT
2018-04-10,26.7,0.7,MT
2018-04-11,26.9,1.2,MT
2018-04-12,25.6,3.3,MT
2018-04-13,25.0,0.8,MT
2018-04-14,24.2,5.9,MT
2018-04-15,24.2,5.3,MT
2018-04-16,24.0,1.8,MT
2018-04-17,23.7,6.4,MT
2018-04-18,24.1,2.3,MT
2018-04-19,24.8,6.7,MT
2018-04-20,24.8,8.1,MT
2018-04-21,25.0,0.6,MT
2018-04-22,25.9,0.4,MT
2018-04-23,26.4,0.3,MT
2018-04-24,26.0,0.0,MT
2018-04-25,26.5,0.4,MT
2018-04-26,26.4,2.1,MT
2018-04-27,26.9,0.0,MT
2018-04-28,26.5,0.9,MT
2018-04-29,26.5,0.3,MT
2018-04-30,26.6,0.4,MT
2018-05-01,26.8,0.5,MT
2018-05-02,26.4,0.0,MT
2018-05-03,26.3,0.1,MT
2018-05-04,26.7,0.0,MT
2018-05-05,26.0,1.2,MT
2018-05-06,26.5,0.2,MT
2018-05-07,26.8,0.0,MT
2018-05-08,26.7,0.0,MT
2018-05-09,26.8,0.0,MT
2018-05-10,26.5,0.0,MT
2018-05-11,26.8,0.8,MT
2018-05-12,24.2,0.2,MT
2018-05-13,24.6,0.0,MT
2018-05-14,26.4,0.0,MT
2018-05-15,27.1,0.0,MT
2018-05-16,25.6,2.1,MT
2018-05-17,24.4,0.3,MT
2018-05-18,25.6,1.0,MT
2018-05-19,23.1,8.6,MT
2018-05-20,18.8,0.0,MT
2018-05-21,18.4,0.0,MT
2018-05-22,20.6,0.0,MT
2018-05-23,20.9,0.0,MT
2018-05-24,22.5,0.0,MT
2018-05-25,22.9,0.0,MT
2018-05-26,24.1,0.0,MT
2018-05-27,24.5,0.0,MT
2018-05-28,24.4,0.0,MT
2018-05-29,24.8,0.0,MT
2018-05-30,25.7,0.5,MT
2018-05-31,25.6,0.0,MT
2018-06-01,26.0,0.0,MT
2018-06-02,22.3,0.0,MT
2018-06-03,18.9,0.0,MT
2018-06-04,19.1,0.0,MT
2018-06-05,19.2,0.0,MT
2018-06-06,20.4,0.0,MT
2018-06-07,21.0,0.0,MT
2018-06-08,19.9,0.0,MT
2018-06-09,23.3,0.0,MT
2018-06-10,26.0,0.0,MT
2018-06-11,26.6,0.3,MT
2018-06-12,26.6,4.8,MT
2018-06-13,22.8,7.1,MT
2018-06-14,20.7,0.1,MT
2018-06-15,18.9,1.0,MT
2018-06-16,17.9,0.0,MT
2018-06-17,19.0,0.0,MT
2018-06-18,20.4,0.0,MT
2018-06-19,22.2,0.0,MT
2018-06-20,23.7,0.0,MT
2018-06-21,24.9,0.0,MT
2018-06-22,24.8,0.0,MT
2018-06-23,24.8,0.0,MT
2018-06-24,24.5,0.0,MT
2018-06-25,24.4,0.0,MT
2018-06-26,24.5,0.0,MT
2018-06-27,24.3,0.0,MT
2018-06-28,24.5,0.0,MT
2018-06-29,24.0,0.0,MT
2018-06-30,23.7,0.0,MT
2018-07-01,23.6,0.0,MT
2018-07-02,23.8,0.0,MT
2018-07-03,23.7,0.0,MT
2018-07-04,24.5,0.0,MT
2018-07-05,24.8,0.0,MT
2018-07-06,24.6,0.0,MT
2018-07-07,24.0,0.0,MT
2018-07-08,24.3,0.0,MT
2018-07-09,17.5,0.1,MT
2018-07-10,15.9,0.0,MT
2018-07-11,18.0,0.0,MT
2018-07-12,21.9,0.0,MT
2018-07-13,24.2,0.0,MT
2018-07-14,25.0,0.0,MT
2018-07-15,25.4,0.0,MT
2018-07-16,25.6,0.0,MT
2018-07-17,25.9,0.0,MT
2018-07-18,25.5,0.0,MT
2018-07-19,25.6,0.0,MT
2018-07-20,25.7,0.0,MT
2018-07-21,20.0,0.0,MT
2018-07-22,21.0,0.0,MT
2018-07-23,23.8,0.0,MT
2018-07-24,21.5,0.0,MT
2018-07-25,20.8,0.0,MT
2018-07-26,21.5,0.0,MT
2018-07-27,23.0,0.0,MT
2018-07-28,26.0,0.0,MT
2018-07-29,25.2,0.0,MT
2018-07-30,25.8,0.0,MT
2018-07-31,25.4,0.0,MT
2018-08-01,23.6,0.0,MT
2018-08-02,24.7,0.0,MT
2018-08-03,26.1,0.0,MT
2018-08-04,25.7,0.0,MT
2018-08-05,21.5,0.0,MT
2018-08-06,22.3,0.0,MT
2018-08-07,25.5,0.0,MT
2018-08-08,28.0,0.0,MT
2018-08-09,22.6,0.1,MT
2018-08-10,21.0,0.0,MT
2018-08-11,22.5,0.0,MT
2018-08-12,24.9,0.0,MT
2018-08-13,26.5,0.0,MT
2018-08-14,26.9,0.0,MT
2018-08-15,24.3,0.0,MT
2018-08-16,23.5,0.0,MT
2018-08-17,25.1,0.0,MT
2018-08-18,27.0,0.0,MT
2018-08-19,27.6,0.0,MT
2018-08-20,20.9,0.3,MT
2018-08-21,18.0,0.0,MT
2018-08-22,19.3,0.0,MT
2018-08-23,25.0,0.0,MT
2018-08-24,27.8,13.6,MT
2018-08-25,23.8,3.0,MT
2018-08-26,20.7,1.3,MT
2018-08-27,22.7,0.0,MT
2018-08-28,27.0,0.0,MT
2018-08-29,28.2,0.0,MT
2018-08-30,27.9,0.0,MT
2018-08-31,28.4,0.0,MT
2018-09-01,28.2,0.0,MT
2018-09-02,21.7,0.0,MT
2018-09-03,17.6,0.0,MT
2018-09-04,20.0,0.0,MT
2018-09-05,21.5,0.0,MT
2018-09-06,24.1,0.0,MT
2018-09-07,26.2,0.0,MT
2018-09-08,27.7,0.0,MT
2018-09-09,27.9,0.0,MT
2018-09-10,28.2,0.0,MT
2018-09-11,28.3,0.0,MT
2018-09-12,28.7,0.0,MT
2018-09-13,30.0,0.0,MT
2018-09-14,28.1,0.5,MT
2018-09-15,27.9,0.2,MT
2018-09-16,27.5,9.0,MT
2018-09-17,26.6,8.0,MT
2018-09-18,28.1,0.0,MT
2018-09-19,28.7,4.6,MT
2018-09-20,27.8,1.7,MT
2018-09-21,29.1,0.2,MT
2018-09-22,30.3,0.0,MT
2018-09-23,30.1,0.2,MT
2018-09-24,28.5,1.4,MT
2018-09-25,28.3,0.0,MT
2018-09-26,30.0,0.0,MT
2018-09-27,30.3,0.1,MT
2018-09-28,26.8,0.2,MT
2018-09-29,27.9,1.1,MT
2018-09-30,26.8,0.1,MT
2018-10-01,28.9,0.0,MT
2018-10-02,28.2,7.5,MT
2018-10-03,29.1,0.2,MT
2018-10-04,26.7,0.8,MT
2018-10-05,26.3,0.0,MT
2018-10-06,27.4,3.9,MT
2018-10-07,28.7,1.5,MT
2018-10-08,28.7,0.0,MT
2018-10-09,29.1,0.0,MT
2018-10-10,29.3,0.2,MT
2018-10-11,28.1,1.9,MT
2018-10-12,28.7,0.0,MT
2018-10-13,28.8,3.8,MT
2018-10-14,27.8,2.6,MT
2018-10-15,26.8,11.5,MT
2018-10-16,28.7,0.0,MT
2018-10-17,29.2,2.5,MT
2018-10-18,29.4,0.0,MT
2018-10-19,27.3,20.7,MT
2018-10-20,26.3,11.3,MT
2018-10-21,26.8,6.0,MT
2018-10-22,26.8,12.9,MT
2018-10-23,28.0,1.0,MT
2018-10-24,27.2,3.0,MT
2018-10-25,26.5,4.6,MT
2018-10-26,28.2,0.0,MT
2018-10-27,27.1,2.8,MT
2018-10-28,27.1,0.0,MT
2018-10-29,27.9,4.8,MT
2018-10-30,28.4,2.9,MT
2018-10-31,28.1,0.3,MT
2016-09-01,19.8,0.0,MS
2016-09-02,22.0,0.0,MS
2016-09-03,20.0,2.7,MS
2016-09-04,17.6,1.3,MS
2016-09-05,16.5,16.9,MS
2016-09-06,15.5,0.1,MS
2016-09-07,16.6,0.0,MS
2016-09-08,18.0,0.0,MS
2016-09-09,20.9,0.0,MS
2016-09-10,23.7,0.0,MS
2016-09-11,25.1,0.0,MS
2016-09-12,26.9,0.0,MS
2016-09-13,26.8,0.0,MS
2016-09-14,20.5,0.6,MS
2016-09-15,20.6,0.0,MS
2016-09-16,23.5,0.0,MS
2016-09-17,26.6,0.0,MS
2016-09-18,27.4,0.0,MS
2016-09-19,24.2,5.1,MS
2016-09-20,22.5,0.0,MS
2016-09-21,22.0,0.0,MS
2016-09-22,22.5,0.0,MS
2016-09-23,24.0,0.0,MS
2016-09-24,24.4,0.0,MS
2016-09-25,23.6,0.0,MS
2016-09-26,24.3,0.0,MS
2016-09-27,25.3,0.0,MS
2016-09-28,25.7,0.0,MS
2016-09-29,26.1,0.0,MS
2016-09-30,27.5,0.0,MS
2016-10-01,26.8,0.0,MS
2016-10-02,26.9,0.0,MS
2016-10-03,25.4,4.6,MS
2016-10-04,21.5,2.8,MS
2016-10-05,20.4,13.5,MS
2016-10-06,19.3,0.0,MS
2016-10-07,19.6,0.0,MS
2016-10-08,22.3,0.0,MS
2016-10-09,24.6,0.0,MS
2016-10-10,26.3,0.0,MS
2016-10-11,27.0,2.0,MS
2016-10-12,25.1,1.9,MS
2016-10-13,26.3,2.4,MS
2016-10-14,25.6,4.9,MS
2016-10-15,26.9,1.8,MS
2016-10-16,28.8,0.0,MS
2016-10-17,28.0,3.3,MS
2016-10-18,28.6,3.1,MS
2016-10-19,29.2,0.2,MS
2016-10-20,27.4,9.5,MS
2016-10-21,25.3,2.2,MS
2016-10-22,25.8,0.8,MS
2016-10-23,26.0,5.6,MS
2016-10-24,25.9,1.6,MS
2016-10-25,26.0,4.4,MS
2016-10-26,24.8,11.9,MS
2016-10-27,21.6,7.0,MS
2016-10-28,18.8,0.0,MS
2016-10-29,20.2,0.0,MS
2016-10-30,24.0,0.0,MS
2016-10-31,26.4,1.8,MS
2016-11-01,25.7,2.7,MS
2016-11-02,22.8,20.6,MS
2016-11-03,21.6,0.1,MS
2016-11-04,23.8,0.7,MS
2016-11-05,25.4,0.7,MS
2016-11-06,26.1,0.2,MS
2016-11-07,26.3,0.0,MS
2016-11-08,25.8,1.9,MS
2016-11-09,25.9,1.0,MS
2016-11-10,26.7,0.4,MS
2016-11-11,25.5,8.0,MS
2016-11-12,22.5,14.0,MS
2016-11-13,21.7,0.2,MS
2016-11-14,22.9,1.1,MS
2016-11-15,23.8,1.4,MS
2016-11-16,24.4,0.2,MS
2016-11-17,25.6,0.0,MS
2016-11-18,22.9,0.0,MS
2016-11-19,22.4,0.0,MS
2016-11-20,24.3,0.0,MS
2016-11-21,24.7,0.6,MS
2016-11-22,25.6,0.2,MS
2016-11-23,26.6,0.0,MS
2016-11-24,28.1,0.0,MS
2016-11-25,26.5,4.3,MS
2016-11-26,26.1,4.8,MS
2016-11-27,26.8,0.8,MS
2016-11-28,27.2,0.0,MS
2016-11-29,25.8,5.4,MS
2016-11-30,24.8,26.5,MS
2016-12-01,24.9,4.4,MS
2016-12-02,24.2,16.8,MS
2016-12-03,25.0,2.3,MS
2016-12-04,24.6,2.1,MS
2016-12-05,25.5,2.3,MS
2016-12-06,26.5,4.9,MS
2016-12-07,25.1,7.5,MS
2016-12-08,25.4,2.6,MS
2016-12-09,23.3,20.0,MS
2016-12-10,24.1,15.1,MS
2016-12-11,23.2,26.7,MS
2016-12-12,24.6,1.4,MS
2016-12-13,25.0,10.7,MS
2016-12-14,25.5,0.7,MS
2016-12-15,24.9,0.0,MS
2016-12-16,23.9,2.6,MS
2016-12-17,23.5,15.3,MS
2016-12-18,24.3,2.7,MS
2016-12-19,24.3,7.5,MS
2016-12-20,24.1,9.9,MS
2016-12-21,22.8,11.8,MS
2016-12-22,23.5,9.6,MS
2016-12-23,23.0,26.9,MS
2016-12-24,24.0,6.2,MS
2016-12-25,25.4,5.1,MS
2016-12-26,26.5,0.0,MS
2016-12-27,26.4,0.3,MS
2016-12-28,26.2,6.9,MS
2016-12-29,24.8,20.5,MS
2016-12-30,24.4,14.3,MS
2016-12-31,24.6,1.9,MS
2017-01-01,26.1,0.0,MS
2017-01-02,24.7,16.2,MS
2017-01-03,25.7,1.0,MS
2017-01-04,26.3,6.1,MS
2017-01-05,25.6,1.3,MS
2017-01-06,26.3,1.8,MS
2017-01-07,27.3,0.6,MS
2017-01-08,28.0,0.0,MS
2017-01-09,27.0,3.8,MS
2017-01-10,28.2,0.1,MS
2017-01-11,27.8,0.1,MS
2017-01-12,26.6,1.8,MS
2017-01-13,25.0,1.5,MS
2017-01-14,25.5,0.7,MS
2017-01-15,25.2,0.9,MS
2017-01-16,25.3,3.9,MS
2017-01-17,24.8,13.1,MS
2017-01-18,24.3,6.2,MS
2017-01-19,25.0,5.2,MS
2017-01-20,24.6,13.5,MS
2017-01-21,23.2,12.8,MS
2017-01-22,23.4,16.8,MS
2017-01-23,23.9,3.2,MS
2017-01-24,24.2,3.6,MS
2017-01-25,23.9,7.3,MS
2017-01-26,24.2,3.1,MS
2017-01-27,23.9,0.1,MS
2017-01-28,23.6,17.9,MS
2017-01-29,23.5,13.6,MS
2017-01-30,24.6,6.4,MS
2017-01-31,23.5,2.0,MS
2017-02-01,24.4,2.9,MS
2017-02-02,22.9,11.0,MS
2017-02-03,24.6,1.0,MS
2017-02-04,26.0,0.0,MS
2017-02-05,26.2,0.6,MS
2017-02-06,24.4,9.0,MS
2017-02-07,25.8,4.5,MS
2017-02-08,25.9,2.9,MS
2017-02-09,26.6,1.7,MS
2017-02-10,25.8,11.0,MS
2017-02-11,24.9,23.7,MS
2017-02-12,24.3,19.8,MS
2017-02-13,24.2,6.9,MS
2017-02-14,24.8,5.4,MS
2017-02-15,26.3,0.2,MS
2017-02-16,25.3,0.2,MS
2017-02-17,25.0,0.3,MS
2017-02-18,24.7,4.5,MS
2017-02-19,26.2,4.2,MS
2017-02-20,26.4,0.8,MS
2017-02-21,27.0,1.2,MS
2017-02-22,27.2,0.3,MS
2017-02-23,25.7,6.1,MS
2017-02-24,24.0,8.9,MS
2017-02-25,24.5,0.5,MS
2017-02-26,24.1,1.6,MS
2017-02-27,25.0,2.2,MS
2017-02-28,25.0,2.7,MS
2017-03-01,24.4,1.6,MS
2017-03-02,24.6,6.0,MS
2017-03-03,25.1,4.6,MS
2017-03-04,25.7,2.4,MS
2017-03-05,24.6,2.5,MS
2017-03-06,24.6,1.7,MS
2017-03-07,25.7,2.1,MS
2017-03-08,26.3,0.1,MS
2017-03-09,27.3,0.5,MS
2017-03-10,26.8,0.8,MS
2017-03-11,27.3,0.0,MS
2017-03-12,26.8,5.7,MS
2017-03-13,24.9,8.6,MS
2017-03-14,25.0,8.6,MS
2017-03-15,26.0,2.0,MS
2017-03-16,25.0,5.2,MS
2017-03-17,23.5,8.0,MS
2017-03-18,23.0,6.6,MS
2017-03-19,23.5,1.6,MS
2017-03-20,24.5,0.3,MS
2017-03-21,24.4,0.2,MS
2017-03-22,25.1,4.5,MS
2017-03-23,24.9,6.8,MS
2017-03-24,25.4,4.7,MS
2017-03-25,25.4,6.5,MS
2017-03-26,24.6,8.2,MS
2017-03-27,23.8,11.3,MS
2017-03-28,24.4,0.8,MS
2017-03-29,24.5,0.0,MS
2017-03-30,24.5,0.0,MS
2017-03-31,24.8,0.1,MS
2017-04-01,23.0,0.0,MS
2017-04-02,22.3,0.0,MS
2017-04-03,25.3,0.0,MS
2017-04-04,25.2,1.3,MS
2017-04-05,24.2,8.6,MS
2017-04-06,23.6,4.2,MS
2017-04-07,25.3,1.1,MS
2017-04-08,25.3,1.5,MS
2017-04-09,26.1,3.2,MS
2017-04-10,25.2,2.7,MS
2017-04-11,24.2,3.3,MS
2017-04-12,23.6,2.3,MS
2017-04-13,24.4,0.1,MS
2017-04-14,25.8,0.8,MS
2017-04-15,26.3,0.4,MS
2017-04-16,24.7,15.5,MS
2017-04-17,23.4,0.6,MS
2017-04-18,24.1,0.0,MS
2017-04-19,24.3,4.0,MS
2017-04-20,19.6,7.8,MS
2017-04-21,18.1,14.1,MS
2017-04-22,20.1,0.0,MS
2017-04-23,21.4,0.0,MS
2017-04-24,22.9,0.0,MS
2017-04-25,24.5,1.8,MS
2017-04-26,21.5,51.9,MS
2017-04-27,16.7,0.0,MS
2017-04-28,17.9,0.0,MS
2017-04-29,20.0,0.0,MS
2017-04-30,20.8,0.0,MS
2017-05-01,22.5,0.0,MS
2017-05-02,23.6,0.0,MS
2017-05-03,24.2,0.0,MS
2017-05-04,23.5,0.9,MS
2017-05-05,21.9,10.6,MS
2017-05-06,22.7,0.6,MS
2017-05-07,23.3,0.0,MS
2017-05-08,23.4,0.1,MS
2017-05-09,24.1,1.8,MS
2017-05-10,24.2,0.1,MS
2017-05-11,24.5,0.0,MS
2017-05-12,23.9,0.0,MS
2017-05-13,24.8,0.1,MS
2017-05-14,23.2,3.2,MS
2017-05-15,22.8,10.9,MS
2017-05-16,22.2,6.6,MS
2017-05-17,22.3,4.9,MS
2017-05-18,23.9,5.8,MS
2017-05-19,22.7,33.4,MS
2017-05-20,21.6,19.1,MS
2017-05-21,20.5,7.5,MS
2017-05-22,22.2,0.0,MS
2017-05-23,23.4,2.2,MS
2017-05-24,24.8,1.8,MS
2017-05-25,25.6,0.0,MS
2017-05-26,25.6,0.0,MS
2017-05-27,24.3,1.7,MS
2017-05-28,22.9,0.0,MS
2017-05-29,22.4,0.5,MS
2017-05-30,22.0,0.2,MS
2017-05-31,17.7,0.6,MS
2017-06-01,14.3,0.0,MS
2017-06-02,15.5,0.0,MS
2017-06-03,21.3,0.0,MS
2017-06-04,23.9,0.2,MS
2017-06-05,23.5,0.8,MS
2017-06-06,23.5,1.0,MS
2017-06-07,23.9,0.2,MS
2017-06-08,23.3,7.1,MS
2017-06-09,14.1,27.3,MS
2017-06-10,12.0,0.0,MS
2017-06-11,17.0,0.0,MS
2017-06-12,19.0,7.1,MS
2017-06-13,21.0,0.3,MS
2017-06-14,21.6,0.0,MS
2017-06-15,21.3,0.0,MS
2017-06-16,22.1,0.0,MS
2017-06-17,22.9,0.0,MS
2017-06-18,22.1,0.0,MS
2017-06-19,17.1,0.9,MS
2017-06-20,14.8,0.0,MS
2017-06-21,18.9,0.0,MS
2017-06-22,20.3,0.0,MS
2017-06-23,21.2,0.0,MS
2017-06-24,21.4,0.0,MS
2017-06-25,20.9,0.0,MS
2017-06-26,20.5,0.0,MS
2017-06-27,21.6,0.0,MS
2017-06-28,21.6,0.0,MS
2017-06-29,22.7,0.0,MS
2017-06-30,22.5,0.0,MS
2017-07-01,21.3,0.0,MS
2017-07-02,19.8,0.0,MS
2017-07-03,17.6,0.0,MS
2017-07-04,18.9,0.0,MS
2017-07-05,20.0,0.0,MS
2017-07-06,20.6,0.0,MS
2017-07-07,19.8,0.0,MS
2017-07-08,21.3,0.0,MS
2017-07-09,21.4,0.6,MS
2017-07-10,22.5,0.0,MS
2017-07-11,21.9,0.0,MS
2017-07-12,22.1,0.0,MS
2017-07-13,22.6,0.0,MS
2017-07-14,22.9,0.0,MS
2017-07-15,23.0,0.0,MS
2017-07-16,23.5,0.0,MS
2017-07-17,13.1,0.0,MS
2017-07-18,9.3,0.0,MS
2017-07-19,11.8,0.0,MS
2017-07-20,16.8,0.0,MS
2017-07-21,20.7,0.0,MS
2017-07-22,21.8,0.0,MS
2017-07-23,23.3,0.0,MS
2017-07-24,24.3,0.0,MS
2017-07-25,23.1,0.0,MS
2017-07-26,22.9,0.0,MS
2017-07-27,22.0,0.0,MS
2017-07-28,21.8,0.0,MS
2017-07-29,22.8,0.0,MS
2017-07-30,23.1,0.0,MS
2017-07-31,22.6,0.0,MS
2017-08-01,22.0,0.0,MS
2017-08-02,23.6,0.0,MS
2017-08-03,16.7,0.1,MS
2017-08-04,17.5,0.0,MS
2017-08-05,20.1,0.0,MS
2017-08-06,21.7,0.0,MS
2017-08-07,24.3,0.0,MS
2017-08-08,26.5,0.0,MS
2017-08-09,26.8,0.0,MS
2017-08-10,26.8,0.0,MS
2017-08-11,27.8,0.0,MS
2017-08-12,27.5,0.0,MS
2017-08-13,22.6,2.0,MS
2017-08-14,21.4,10.5,MS
2017-08-15,23.2,9.0,MS
2017-08-16,21.1,11.5,MS
2017-08-17,20.5,9.0,MS
2017-08-18,20.9,9.3,MS
2017-08-19,24.4,0.9,MS
2017-08-20,21.4,21.7,MS
2017-08-21,16.8,0.0,MS
2017-08-22,19.3,0.0,MS
2017-08-23,24.6,0.3,MS
2017-08-24,25.4,0.0,MS
2017-08-25,24.9,0.0,MS
2017-08-26,25.6,0.0,MS
2017-08-27,26.2,0.0,MS
2017-08-28,26.7,0.0,MS
2017-08-29,26.9,0.0,MS
2017-08-30,27.9,0.0,MS
2017-08-31,26.9,0.0,MS
2017-09-01,26.7,0.0,MS
2017-09-02,27.7,0.0,MS
2017-09-03,27.8,0.0,MS
2017-09-04,27.6,0.0,MS
2017-09-05,26.4,0.0,MS
2017-09-06,26.2,0.0,MS
2017-09-07,27.2,0.0,MS
2017-09-08,27.8,0.0,MS
2017-09-09,29.3,0.0,MS
2017-09-10,30.0,0.0,MS
2017-09-11,27.6,0.8,MS
2017-09-12,29.3,0.0,MS
2017-09-13,29.7,0.0,MS
2017-09-14,29.4,0.0,MS
2017-09-15,29.3,0.0,MS
2017-09-16,25.4,0.0,MS
2017-09-17,23.2,0.0,MS
2017-09-18,26.2,0.0,MS
2017-09-19,28.1,0.0,MS
2017-09-20,29.0,0.0,MS
2017-09-21,28.6,0.0,MS
2017-09-22,28.6,0.0,MS
2017-09-23,28.2,0.0,MS
2017-09-24,28.0,0.0,MS
2017-09-25,26.7,1.3,MS
2017-09-26,26.4,0.2,MS
2017-09-27,28.3,0.0,MS
2017-09-28,25.2,1.2,MS
2017-09-29,20.6,19.1,MS
2017-09-30,22.1,3.9,MS
2017-10-01,25.1,32.3,MS
2017-10-02,17.8,39.1,MS
2017-10-03,18.0,0.0,MS
2017-10-04,20.4,0.0,MS
2017-10-05,25.5,0.0,MS
2017-10-06,27.5,1.8,MS
2017-10-07,25.9,4.9,MS
2017-10-08,26.0,0.3,MS
2017-10-09,27.2,2.7,MS
2017-10-10,27.9,0.6,MS
2017-10-11,28.5,0.0,MS
2017-10-12,28.9,0.0,MS
2017-10-13,27.4,2.1,MS
2017-10-14,23.1,0.0,MS
2017-10-15,24.4,0.0,MS
2017-10-16,27.7,0.0,MS
2017-10-17,29.1,0.0,MS
2017-10-18,28.4,0.0,MS
2017-10-19,27.2,5.6,MS
2017-10-20,24.9,0.1,MS
2017-10-21,25.6,1.5,MS
2017-10-22,21.6,33.1,MS
2017-10-23,23.1,0.2,MS
2017-10-24,25.4,0.8,MS
2017-10-25,26.7,3.0,MS
2017-10-26,25.1,10.1,MS
2017-10-27,25.9,9.3,MS
2017-10-28,23.9,7.6,MS
2017-10-29,24.7,2.9,MS
2017-10-30,24.1,14.4,MS
2017-10-31,22.8,0.0,MS
2017-11-01,24.5,0.0,MS
2017-11-02,25.9,0.8,MS
2017-11-03,26.5,3.5,MS
2017-11-04,24.5,23.4,MS
2017-11-05,23.6,15.8,MS
2017-11-06,23.7,14.0,MS
2017-11-07,24.0,1.0,MS
2017-11-08,24.5,6.3,MS
2017-11-09,24.8,9.3,MS
2017-11-10,24.7,3.4,MS
2017-11-11,22.3,0.0,MS
2017-11-12,22.3,0.0,MS
2017-11-13,23.6,0.0,MS
2017-11-14,25.6,0.0,MS
2017-11-15,27.0,0.0,MS
2017-11-16,26.3,2.3,MS
2017-11-17,24.6,4.5,MS
2017-11-18,22.4,13.7,MS
2017-11-19,23.8,3.7,MS
2017-11-20,24.9,1.1,MS
2017-11-21,24.7,8.0,MS
2017-11-22,23.7,6.3,MS
2017-11-23,25.0,0.0,MS
2017-11-24,27.3,0.4,MS
2017-11-25,26.9,0.8,MS
2017-11-26,23.8,19.1,MS
2017-11-27,23.7,20.6,MS
2017-11-28,24.4,6.6,MS
2017-11-29,25.9,3.3,MS
2017-11-30,23.1,14.6,MS
2017-12-01,23.0,2.5,MS
2017-12-02,24.4,3.7,MS
2017-12-03,24.5,1.4,MS
2017-12-04,24.1,24.3,MS
2017-12-05,24.7,17.3,MS
2017-12-06,24.6,19.6,MS
2017-12-07,23.8,18.2,MS
2017-12-08,24.0,3.9,MS
2017-12-09,25.2,2.6,MS
2017-12-10,24.9,2.6,MS
2017-12-11,25.6,0.0,MS
2017-12-12,25.7,0.0,MS
2017-12-13,26.8,0.3,MS
2017-12-14,27.1,0.1,MS
2017-12-15,27.4,0.0,MS
2017-12-16,26.4,1.5,MS
2017-12-17,25.4,3.5,MS
2017-12-18,25.2,5.4,MS
2017-12-19,26.3,1.3,MS
2017-12-20,25.0,5.7,MS
2017-12-21,25.1,4.7,MS
2017-12-22,23.8,10.1,MS
2017-12-23,23.4,13.9,MS
2017-12-24,22.4,30.8,MS
2017-12-25,23.6,11.4,MS
2017-12-26,23.8,17.7,MS
2017-12-27,24.6,5.1,MS
2017-12-28,25.8,4.5,MS
2017-12-29,24.8,15.3,MS
2017-12-30,23.9,13.6,MS
2017-12-31,24.3,7.0,MS
2018-01-01,24.8,4.0,MS
2018-01-02,23.2,27.8,MS
2018-01-03,23.4,1.8,MS
2018-01-04,24.6,0.0,MS
2018-01-05,24.3,3.4,MS
2018-01-06,23.7,7.2,MS
2018-01-07,23.1,3.0,MS
2018-01-08,21.9,18.5,MS
2018-01-09,21.9,13.6,MS
2018-01-10,22.9,13.4,MS
2018-01-11,23.7,5.6,MS
2018-01-12,23.8,3.0,MS
2018-01-13,23.7,5.6,MS
2018-01-14,23.9,16.2,MS
2018-01-15,23.4,3.5,MS
2018-01-16,24.5,1.2,MS
2018-01-17,25.6,4.8,MS
2018-01-18,25.5,11.3,MS
2018-01-19,25.4,1.5,MS
2018-01-20,26.7,0.1,MS
2018-01-21,26.7,0.3,MS
2018-01-22,26.7,1.7,MS
2018-01-23,26.6,4.2,MS
2018-01-24,26.4,8.7,MS
2018-01-25,26.1,13.1,MS
2018-01-26,25.3,7.7,MS
2018-01-27,24.7,12.6,MS
2018-01-28,24.8,13.8,MS
2018-01-29,23.7,21.8,MS
2018-01-30,24.0,3.0,MS
2018-01-31,24.6,6.5,MS
2018-02-01,25.5,2.9,MS
2018-02-02,25.4,0.0,MS
2018-02-03,25.6,0.0,MS
2018-02-04,25.2,0.2,MS
2018-02-05,25.3,0.1,MS
2018-02-06,25.5,0.0,MS
2018-02-07,25.4,3.1,MS
2018-02-08,25.6,3.0,MS
2018-02-09,25.6,1.5,MS
2018-02-10,24.8,3.0,MS
2018-02-11,22.8,10.3,MS
2018-02-12,22.8,14.1,MS
2018-02-13,23.7,6.3,MS
2018-02-14,24.2,3.4,MS
2018-02-15,24.8,4.4,MS
2018-02-16,25.7,3.4,MS
2018-02-17,25.2,5.5,MS
2018-02-18,23.1,11.7,MS
2018-02-19,23.3,6.2,MS
2018-02-20,22.6,24.8,MS
2018-02-21,24.0,1.5,MS
2018-02-22,24.8,0.0,MS
2018-02-23,23.9,0.0,MS
2018-02-24,23.9,12.4,MS
2018-02-25,23.8,19.4,MS
2018-02-26,23.1,33.2,MS
2018-02-27,23.9,6.0,MS
2018-02-28,24.8,4.0,MS
2018-03-01,25.6,5.5,MS
2018-03-02,25.5,5.5,MS
2018-03-03,26.7,0.5,MS
2018-03-04,26.7,0.7,MS
2018-03-05,26.3,0.2,MS
2018-03-06,25.4,11.0,MS
2018-03-07,24.5,5.2,MS
2018-03-08,24.9,0.9,MS
2018-03-09,24.8,13.3,MS
2018-03-10,24.5,10.9,MS
2018-03-11,24.7,0.9,MS
2018-03-12,25.6,0.6,MS
2018-03-13,26.0,0.8,MS
2018-03-14,26.6,0.5,MS
2018-03-15,25.7,1.8,MS
2018-03-16,26.0,5.1,MS
2018-03-17,26.3,0.7,MS
2018-03-18,26.4,8.8,MS
2018-03-19,25.8,1.3,MS
2018-03-20,25.7,2.4,MS
2018-03-21,25.2,6.3,MS
2018-03-22,25.4,3.4,MS
2018-03-23,26.1,0.4,MS
2018-03-24,26.4,1.3,MS
2018-03-25,24.0,8.7,MS
2018-03-26,22.3,0.6,MS
2018-03-27,22.3,9.1,MS
2018-03-28,22.7,15.9,MS
2018-03-29,23.0,20.6,MS
2018-03-30,23.3,15.9,MS
2018-03-31,22.8,13.6,MS
2018-04-01,22.5,3.2,MS
2018-04-02,22.2,6.4,MS
2018-04-03,22.7,0.4,MS
2018-04-04,23.4,0.0,MS
2018-04-05,23.8,0.2,MS
2018-04-06,24.3,0.0,MS
2018-04-07,24.6,0.0,MS
2018-04-08,24.2,0.0,MS
2018-04-09,25.1,0.0,MS
2018-04-10,25.9,0.5,MS
2018-04-11,26.1,0.0,MS
2018-04-12,25.6,0.0,MS
2018-04-13,24.1,0.0,MS
2018-04-14,24.5,0.3,MS
2018-04-15,22.9,12.1,MS
2018-04-16,22.5,5.9,MS
2018-04-17,22.5,1.6,MS
2018-04-18,22.9,4.6,MS
2018-04-19,23.4,5.5,MS
2018-04-20,23.1,11.0,MS
2018-04-21,23.4,4.7,MS
2018-04-22,23.9,0.0,MS
2018-04-23,23.6,0.0,MS
2018-04-24,24.0,0.0,MS
2018-04-25,24.4,0.0,MS
2018-04-26,24.5,0.0,MS
2018-04-27,25.2,0.0,MS
2018-04-28,25.2,0.0,MS
2018-04-29,25.1,0.0,MS
2018-04-30,25.8,0.0,MS
2018-05-01,25.7,0.0,MS
2018-05-02,25.4,0.0,MS
2018-05-03,24.7,0.0,MS
2018-05-04,24.9,0.0,MS
2018-05-05,25.3,0.0,MS
2018-05-06,25.6,0.1,MS
2018-05-07,25.1,0.0,MS
2018-05-08,24.6,0.0,MS
2018-05-09,25.0,0.0,MS
2018-05-10,24.9,0.0,MS
2018-05-11,23.0,0.3,MS
2018-05-12,20.6,0.3,MS
2018-05-13,21.7,0.0,MS
2018-05-14,24.2,0.0,MS
2018-05-15,25.3,0.0,MS
2018-05-16,21.8,0.1,MS
2018-05-17,22.2,1.2,MS
2018-05-18,23.5,1.3,MS
2018-05-19,19.2,22.2,MS
2018-05-20,13.6,0.0,MS
2018-05-21,15.5,0.0,MS
2018-05-22,17.4,0.0,MS
2018-05-23,18.2,0.0,MS
2018-05-24,20.5,0.0,MS
2018-05-25,21.2,0.0,MS
2018-05-26,23.0,0.0,MS
2018-05-27,23.3,0.0,MS
2018-05-28,22.5,0.0,MS
2018-05-29,23.0,0.0,MS
2018-05-30,23.2,0.0,MS
2018-05-31,23.5,0.0,MS
2018-06-01,22.1,0.5,MS
2018-06-02,18.3,0.3,MS
2018-06-03,17.1,0.0,MS
2018-06-04,18.5,0.0,MS
2018-06-05,18.1,0.5,MS
2018-06-06,17.9,1.1,MS
2018-06-07,16.0,2.0,MS
2018-06-08,16.5,0.0,MS
2018-06-09,21.7,0.0,MS
2018-06-10,24.4,0.0,MS
2018-06-11,24.8,1.2,MS
2018-06-12,22.5,35.7,MS
2018-06-13,18.6,0.2,MS
2018-06-14,16.5,0.0,MS
2018-06-15,14.9,0.0,MS
2018-06-16,15.1,0.0,MS
2018-06-17,17.8,0.0,MS
2018-06-18,19.6,0.0,MS
2018-06-19,20.4,0.0,MS
2018-06-20,21.8,0.0,MS
2018-06-21,22.6,0.0,MS
2018-06-22,23.0,0.0,MS
2018-06-23,22.7,0.0,MS
2018-06-24,23.5,0.0,MS
2018-06-25,23.1,0.0,MS
2018-06-26,23.0,0.0,MS
2018-06-27,23.7,0.0,MS
2018-06-28,23.8,0.0,MS
2018-06-29,22.7,0.0,MS
2018-06-30,23.2,0.0,MS
2018-07-01,22.7,0.0,MS
2018-07-02,22.8,0.0,MS
2018-07-03,24.0,0.0,MS
2018-07-04,23.5,0.0,MS
2018-07-05,22.8,0.0,MS
2018-07-06,23.6,0.0,MS
2018-07-07,22.8,0.0,MS
2018-07-08,22.3,0.0,MS
2018-07-09,15.3,0.0,MS
2018-07-10,12.8,0.0,MS
2018-07-11,15.1,0.0,MS
2018-07-12,19.7,0.0,MS
2018-07-13,22.8,0.0,MS
2018-07-14,23.2,0.0,MS
2018-07-15,24.7,0.0,MS
2018-07-16,25.5,0.0,MS
2018-07-17,24.7,0.0,MS
2018-07-18,24.8,0.0,MS
2018-07-19,24.7,0.0,MS
2018-07-20,23.9,0.0,MS
2018-07-21,17.7,0.0,MS
2018-07-22,21.9,0.0,MS
2018-07-23,24.0,0.0,MS
2018-07-24,22.4,0.0,MS
2018-07-25,22.1,0.0,MS
2018-07-26,21.8,0.0,MS
2018-07-27,22.2,0.0,MS
2018-07-28,24.3,0.0,MS
2018-07-29,23.3,0.0,MS
2018-07-30,22.3,0.0,MS
2018-07-31,20.2,0.7,MS
2018-08-01,21.4,0.0,MS
2018-08-02,22.8,0.0,MS
2018-08-03,23.1,0.3,MS
2018-08-04,19.3,14.5,MS
2018-08-05,17.7,15.5,MS
2018-08-06,18.0,11.2,MS
2018-08-07,21.2,0.0,MS
2018-08-08,21.8,12.3,MS
2018-08-09,16.6,0.6,MS
2018-08-10,13.7,0.0,MS
2018-08-11,16.3,0.0,MS
2018-08-12,19.7,0.0,MS
2018-08-13,20.5,0.0,MS
2018-08-14,22.4,0.0,MS
2018-08-15,20.3,0.0,MS
2018-08-16,20.5,0.6,MS
2018-08-17,21.3,0.0,MS
2018-08-18,22.8,0.0,MS
2018-08-19,24.3,0.0,MS
2018-08-20,19.9,0.0,MS
2018-08-21,16.1,0.6,MS
2018-08-22,16.7,17.3,MS
2018-08-23,23.0,0.0,MS
2018-08-24,24.7,1.5,MS
2018-08-25,17.6,0.0,MS
2018-08-26,16.2,0.0,MS
2018-08-27,18.9,0.0,MS
2018-08-28,23.8,0.0,MS
2018-08-29,25.9,0.0,MS
2018-08-30,27.0,0.0,MS
2018-08-31,26.3,0.0,MS
2018-09-01,25.9,0.3,MS
2018-09-02,14.3,8.8,MS
2018-09-03,12.9,0.1,MS
2018-09-04,16.2,0.0,MS
2018-09-05,17.8,0.0,MS
2018-09-06,19.9,0.0,MS
2018-09-07,22.9,0.0,MS
2018-09-08,24.6,0.0,MS
2018-09-09,25.7,0.0,MS
2018-09-10,26.1,0.0,MS
2018-09-11,26.7,0.0,MS
2018-09-12,26.8,0.0,MS
2018-09-13,27.5,0.0,MS
2018-09-14,21.6,8.8,MS
2018-09-15,21.9,6.9,MS
2018-09-16,23.0,22.5,MS
2018-09-17,20.3,38.8,MS
2018-09-18,22.3,2.1,MS
2018-09-19,25.4,0.7,MS
2018-09-20,23.2,33.3,MS
2018-09-21,24.8,1.4,MS
2018-09-22,26.9,0.0,MS
2018-09-23,27.9,0.0,MS
2018-09-24,27.8,0.0,MS
2018-09-25,23.4,0.8,MS
2018-09-26,26.4,0.6,MS
2018-09-27,25.0,11.3,MS
2018-09-28,24.5,0.1,MS
2018-09-29,25.5,1.0,MS
2018-09-30,21.9,12.1,MS
2018-10-01,24.9,0.4,MS
2018-10-02,25.8,0.3,MS
2018-10-03,25.8,1.3,MS
2018-10-04,24.3,7.6,MS
2018-10-05,24.1,8.2,MS
2018-10-06,25.4,0.0,MS
2018-10-07,25.3,4.1,MS
2018-10-08,24.9,16.4,MS
2018-10-09,25.7,3.9,MS
2018-10-10,24.9,15.0,MS
2018-10-11,24.5,3.1,MS
2018-10-12,25.9,4.9,MS
2018-10-13,25.4,6.7,MS
2018-10-14,25.5,3.7,MS
2018-10-15,24.5,6.7,MS
2018-10-16,26.4,0.1,MS
2018-10-17,27.7,0.1,MS
2018-10-18,26.8,1.4,MS
2018-10-19,25.5,0.4,MS
2018-10-20,25.4,0.0,MS
2018-10-21,24.5,0.0,MS
2018-10-22,26.4,0.0,MS
2018-10-23,24.4,13.3,MS
2018-10-24,22.3,17.6,MS
2018-10-25,23.1,6.0,MS
2018-10-26,24.1,7.5,MS
2018-10-27,23.2,34.5,MS
2018-10-28,23.3,0.0,MS
2018-10-29,24.2,5.4,MS
2018-10-30,26.9,0.2,MS
2018-10-31,26.9,4.2,MS
2016-09-01,22.1,5.9,MG
2016-09-02,20.8,0.1,MG
2016-09-03,20.2,0.0,MG
2016-09-04,20.6,0.0,MG
2016-09-05,20.4,0.0,MG
2016-09-06,21.4,0.0,MG
2016-09-07,22.7,0.0,MG
2016-09-08,23.4,0.0,MG
2016-09-09,22.4,2.3,MG
2016-09-10,21.2,0.9,MG
2016-09-11,21.4,0.0,MG
2016-09-12,22.3,0.0,MG
2016-09-13,23.0,0.0,MG
2016-09-14,24.7,0.0,MG
2016-09-15,25.9,0.0,MG
2016-09-16,24.0,2.3,MG
2016-09-17,23.7,2.2,MG
2016-09-18,24.9,0.0,MG
2016-09-19,25.4,0.1,MG
2016-09-20,24.0,6.0,MG
2016-09-21,18.6,1.1,MG
2016-09-22,18.3,0.0,MG
2016-09-23,20.6,0.0,MG
2016-09-24,22.5,4.3,MG
2016-09-25,21.8,10.2,MG
2016-09-26,19.3,5.4,MG
2016-09-27,19.4,0.3,MG
2016-09-28,20.8,0.0,MG
2016-09-29,22.4,0.0,MG
2016-09-30,22.1,1.0,MG
2016-10-01,20.6,1.7,MG
2016-10-02,18.5,2.0,MG
2016-10-03,20.0,0.0,MG
2016-10-04,18.1,15.7,MG
2016-10-05,19.9,5.2,MG
2016-10-06,19.4,7.6,MG
2016-10-07,19.6,0.0,MG
2016-10-08,20.4,0.0,MG
2016-10-09,22.6,0.0,MG
2016-10-10,21.4,1.2,MG
2016-10-11,21.6,0.0,MG
2016-10-12,22.4,0.0,MG
2016-10-13,22.5,0.0,MG
2016-10-14,23.0,0.0,MG
2016-10-15,24.4,0.4,MG
2016-10-16,24.9,0.4,MG
2016-10-17,25.8,0.0,MG
2016-10-18,26.5,0.0,MG
2016-10-19,27.6,0.0,MG
2016-10-20,27.7,0.0,MG
2016-10-21,27.1,0.0,MG
2016-10-22,24.4,7.7,MG
2016-10-23,23.2,0.4,MG
2016-10-24,24.5,0.0,MG
2016-10-25,24.9,0.1,MG
2016-10-26,25.7,0.0,MG
2016-10-27,27.4,0.0,MG
2016-10-28,25.9,0.1,MG
2016-10-29,19.4,6.5,MG
2016-10-30,19.2,0.1,MG
2016-10-31,21.1,0.0,MG
2016-11-01,22.2,0.0,MG
2016-11-02,22.2,0.3,MG
2016-11-03,24.5,0.2,MG
2016-11-04,22.9,19.3,MG
2016-11-05,21.6,3.4,MG
2016-11-06,21.0,0.7,MG
2016-11-07,21.5,3.3,MG
2016-11-08,20.6,6.8,MG
2016-11-09,22.5,0.3,MG
2016-11-10,22.8,3.0,MG
2016-11-11,23.6,1.4,MG
2016-11-12,22.9,19.0,MG
2016-11-13,20.1,18.0,MG
2016-11-14,19.5,27.1,MG
2016-11-15,21.0,12.6,MG
2016-11-16,22.1,7.8,MG
2016-11-17,22.0,7.4,MG
2016-11-18,21.5,15.1,MG
2016-11-19,19.0,0.0,MG
2016-11-20,18.5,0.0,MG
2016-11-21,19.9,0.0,MG
2016-11-22,19.9,12.1,MG
2016-11-23,19.9,43.6,MG
2016-11-24,22.4,1.5,MG
2016-11-25,22.2,0.8,MG
2016-11-26,23.0,0.7,MG
2016-11-27,22.9,0.0,MG
2016-11-28,23.1,1.0,MG
2016-11-29,24.5,0.5,MG
2016-11-30,21.1,4.3,MG
2016-12-01,19.5,3.3,MG
2016-12-02,21.1,0.9,MG
2016-12-03,22.8,0.6,MG
2016-12-04,20.9,35.2,MG
2016-12-05,20.6,72.3,MG
2016-12-06,22.8,1.9,MG
2016-12-07,24.0,0.5,MG
2016-12-08,23.3,2.9,MG
2016-12-09,22.8,10.7,MG
2016-12-10,21.8,9.7,MG
2016-12-11,22.6,14.2,MG
2016-12-12,23.0,5.4,MG
2016-12-13,22.4,21.3,MG
2016-12-14,21.6,26.3,MG
2016-12-15,18.9,50.3,MG
2016-12-16,18.1,0.6,MG
2016-12-17,19.3,10.4,MG
2016-12-18,20.3,4.2,MG
2016-12-19,21.0,0.4,MG
2016-12-20,21.6,0.4,MG
2016-12-21,22.1,0.3,MG
2016-12-22,23.1,0.1,MG
2016-12-23,23.1,0.0,MG
2016-12-24,23.6,0.0,MG
2016-12-25,23.9,5.0,MG
2016-12-26,24.1,0.7,MG
2016-12-27,24.1,2.2,MG
2016-12-28,24.2,0.2,MG
2016-12-29,24.0,0.0,MG
2016-12-30,25.0,0.0,MG
2016-12-31,24.3,0.0,MG
2017-01-01,24.7,0.0,MG
2017-01-02,26.0,0.0,MG
2017-01-03,25.4,1.5,MG
2017-01-04,25.0,0.0,MG
2017-01-05,24.6,0.2,MG
2017-01-06,25.0,3.0,MG
2017-01-07,24.9,0.9,MG
2017-01-08,24.8,0.0,MG
2017-01-09,24.2,4.2,MG
2017-01-10,23.9,5.9,MG
2017-01-11,23.7,4.5,MG
2017-01-12,23.6,1.7,MG
2017-01-13,21.2,8.7,MG
2017-01-14,21.5,10.4,MG
2017-01-15,21.1,8.7,MG
2017-01-16,21.5,4.7,MG
2017-01-17,21.7,0.0,MG
2017-01-18,22.2,0.0,MG
2017-01-19,22.5,0.0,MG
2017-01-20,22.4,0.0,MG
2017-01-21,22.2,0.0,MG
2017-01-22,22.2,0.3,MG
2017-01-23,22.7,0.0,MG
2017-01-24,23.3,0.1,MG
2017-01-25,23.7,0.4,MG
2017-01-26,23.9,0.3,MG
2017-01-27,23.5,0.0,MG
2017-01-28,23.0,0.0,MG
2017-01-29,22.9,1.2,MG
2017-01-30,23.3,0.1,MG
2017-01-31,23.3,0.8,MG
2017-02-01,22.9,0.2,MG
2017-02-02,23.0,5.5,MG
2017-02-03,22.0,4.4,MG
2017-02-04,22.1,1.8,MG
2017-02-05,21.5,16.1,MG
2017-02-06,21.4,5.7,MG
2017-02-07,22.7,2.0,MG
2017-02-08,22.2,5.7,MG
2017-02-09,21.7,1.4,MG
2017-02-10,21.4,0.6,MG
2017-02-11,22.1,0.1,MG
2017-02-12,22.0,0.0,MG
2017-02-13,21.3,0.1,MG
2017-02-14,21.1,2.2,MG
2017-02-15,22.4,0.0,MG
2017-02-16,22.6,0.3,MG
2017-02-17,23.0,0.0,MG
2017-02-18,23.7,0.0,MG
2017-02-19,23.7,0.0,MG
2017-02-20,23.6,0.1,MG
2017-02-21,22.8,0.3,MG
2017-02-22,22.2,0.4,MG
2017-02-23,23.1,0.0,MG
2017-02-24,23.6,0.0,MG
2017-02-25,23.3,1.2,MG
2017-02-26,20.9,12.6,MG
2017-02-27,20.7,28.4,MG
2017-02-28,21.0,9.6,MG
2017-03-01,20.9,11.5,MG
2017-03-02,22.6,0.2,MG
2017-03-03,23.1,0.4,MG
2017-03-04,23.1,0.0,MG
2017-03-05,23.4,0.1,MG
2017-03-06,24.3,0.0,MG
2017-03-07,24.0,0.4,MG
2017-03-08,22.7,6.3,MG
2017-03-09,21.9,0.9,MG
2017-03-10,22.8,0.2,MG
2017-03-11,22.9,0.0,MG
2017-03-12,22.4,0.0,MG
2017-03-13,23.5,0.0,MG
2017-03-14,23.3,0.1,MG
2017-03-15,22.5,0.0,MG
2017-03-16,22.9,0.0,MG
2017-03-17,23.5,0.0,MG
2017-03-18,24.2,3.9,MG
2017-03-19,20.9,7.3,MG
2017-03-20,20.3,5.8,MG
2017-03-21,20.8,0.1,MG
2017-03-22,20.6,0.0,MG
2017-03-23,20.1,0.0,MG
2017-03-24,21.2,0.0,MG
2017-03-25,22.7,0.0,MG
2017-03-26,23.1,0.5,MG
2017-03-27,21.4,20.4,MG
2017-03-28,20.0,9.2,MG
2017-03-29,19.3,0.9,MG
2017-03-30,20.3,0.0,MG
2017-03-31,20.9,0.0,MG
2017-04-01,19.6,0.0,MG
2017-04-02,19.7,0.0,MG
2017-04-03,21.1,0.0,MG
2017-04-04,21.5,0.0,MG
2017-04-05,21.4,0.0,MG
2017-04-06,22.9,0.2,MG
2017-04-07,23.6,0.1,MG
2017-04-08,22.9,0.6,MG
2017-04-09,22.5,0.6,MG
2017-04-10,22.3,1.4,MG
2017-04-11,22.3,1.3,MG
2017-04-12,23.3,0.8,MG
2017-04-13,21.3,0.4,MG
2017-04-14,21.0,0.7,MG
2017-04-15,21.7,0.2,MG
2017-04-16,22.3,0.0,MG
2017-04-17,22.8,0.0,MG
2017-04-18,21.3,0.1,MG
2017-04-19,19.7,0.1,MG
2017-04-20,19.4,0.2,MG
2017-04-21,20.3,0.1,MG
2017-04-22,21.7,0.8,MG
2017-04-23,20.9,1.4,MG
2017-04-24,20.4,0.0,MG
2017-04-25,20.8,0.0,MG
2017-04-26,21.9,0.1,MG
2017-04-27,22.1,2.2,MG
2017-04-28,19.3,4.5,MG
2017-04-29,18.8,0.8,MG
2017-04-30,18.7,0.3,MG
2017-05-01,18.7,0.0,MG
2017-05-02,18.6,0.0,MG
2017-05-03,18.7,0.6,MG
2017-05-04,19.1,0.0,MG
2017-05-05,20.0,0.0,MG
2017-05-06,19.8,2.0,MG
2017-05-07,19.3,0.3,MG
2017-05-08,19.4,0.0,MG
2017-05-09,20.3,0.0,MG
2017-05-10,20.7,0.0,MG
2017-05-11,19.8,1.2,MG
2017-05-12,18.0,0.0,MG
2017-05-13,19.0,0.0,MG
2017-05-14,21.5,0.0,MG
2017-05-15,20.5,0.0,MG
2017-05-16,19.6,1.4,MG
2017-05-17,18.2,0.7,MG
2017-05-18,18.0,0.4,MG
2017-05-19,17.5,6.7,MG
2017-05-20,18.0,15.5,MG
2017-05-21,18.7,0.8,MG
2017-05-22,20.0,3.6,MG
2017-05-23,19.6,0.5,MG
2017-05-24,19.3,0.2,MG
2017-05-25,19.1,0.5,MG
2017-05-26,18.5,0.2,MG
2017-05-27,18.1,0.0,MG
2017-05-28,17.9,0.0,MG
2017-05-29,17.8,0.0,MG
2017-05-30,18.0,0.0,MG
2017-05-31,18.5,0.0,MG
2017-06-01,20.5,0.1,MG
2017-06-02,20.7,0.0,MG
2017-06-03,19.4,0.2,MG
2017-06-04,19.8,0.0,MG
2017-06-05,19.9,0.0,MG
2017-06-06,20.1,0.0,MG
2017-06-07,21.0,0.0,MG
2017-06-08,20.2,0.0,MG
2017-06-09,21.3,0.0,MG
2017-06-10,19.6,0.0,MG
2017-06-11,18.8,0.0,MG
2017-06-12,19.0,6.4,MG
2017-06-13,19.6,4.0,MG
2017-06-14,18.5,0.3,MG
2017-06-15,17.9,0.4,MG
2017-06-16,17.4,0.0,MG
2017-06-17,17.5,0.0,MG
2017-06-18,17.5,0.0,MG
2017-06-19,18.2,0.0,MG
2017-06-20,18.2,0.0,MG
2017-06-21,17.3,0.1,MG
2017-06-22,16.9,0.0,MG
2017-06-23,16.7,0.0,MG
2017-06-24,16.9,0.0,MG
2017-06-25,16.5,0.0,MG
2017-06-26,16.3,0.3,MG
2017-06-27,16.4,0.7,MG
2017-06-28,17.2,0.7,MG
2017-06-29,16.4,0.0,MG
2017-06-30,16.8,0.0,MG
2017-07-01,17.1,0.0,MG
2017-07-02,15.8,0.0,MG
2017-07-03,13.5,0.0,MG
2017-07-04,12.7,0.0,MG
2017-07-05,13.7,0.0,MG
2017-07-06,14.6,0.0,MG
2017-07-07,15.0,0.0,MG
2017-07-08,15.0,0.0,MG
2017-07-09,15.7,0.0,MG
2017-07-10,15.6,0.1,MG
2017-07-11,17.3,0.0,MG
2017-07-12,17.4,0.0,MG
2017-07-13,16.9,0.0,MG
2017-07-14,16.5,0.0,MG
2017-07-15,15.9,0.3,MG
2017-07-16,16.6,0.0,MG
2017-07-17,17.3,0.0,MG
2017-07-18,17.7,0.0,MG
2017-07-19,16.6,0.1,MG
2017-07-20,16.6,0.0,MG
2017-07-21,18.0,0.0,MG
2017-07-22,18.9,0.0,MG
2017-07-23,17.6,0.0,MG
2017-07-24,16.7,0.1,MG
2017-07-25,17.4,0.0,MG
2017-07-26,17.1,0.0,MG
2017-07-27,16.3,0.0,MG
2017-07-28,16.8,0.0,MG
2017-07-29,16.1,0.2,MG
2017-07-30,16.1,0.0,MG
2017-07-31,15.9,0.0,MG
2017-08-01,15.2,0.0,MG
2017-08-02,16.7,0.0,MG
2017-08-03,19.1,0.0,MG
2017-08-04,20.0,0.0,MG
2017-08-05,17.9,0.0,MG
2017-08-06,16.8,0.0,MG
2017-08-07,17.1,0.0,MG
2017-08-08,18.7,0.0,MG
2017-08-09,20.7,0.0,MG
2017-08-10,22.9,0.0,MG
2017-08-11,19.5,0.0,MG
2017-08-12,18.7,0.0,MG
2017-08-13,19.4,0.0,MG
2017-08-14,21.2,0.0,MG
2017-08-15,20.6,0.0,MG
2017-08-16,19.7,0.0,MG
2017-08-17,21.2,0.0,MG
2017-08-18,20.6,0.0,MG
2017-08-19,20.3,0.0,MG
2017-08-20,21.5,0.0,MG
2017-08-21,19.5,1.3,MG
2017-08-22,17.1,0.0,MG
2017-08-23,16.7,0.0,MG
2017-08-24,17.5,0.0,MG
2017-08-25,16.7,0.0,MG
2017-08-26,17.6,0.0,MG
2017-08-27,18.3,0.0,MG
2017-08-28,20.2,0.0,MG
2017-08-29,19.9,0.0,MG
2017-08-30,21.1,0.0,MG
2017-08-31,23.0,0.0,MG
2017-09-01,19.2,0.0,MG
2017-09-02,17.5,0.0,MG
2017-09-03,16.5,0.0,MG
2017-09-04,16.9,0.0,MG
2017-09-05,18.1,0.0,MG
2017-09-06,19.7,0.0,MG
2017-09-07,20.4,0.0,MG
2017-09-08,19.3,0.0,MG
2017-09-09,19.4,0.0,MG
2017-09-10,19.6,0.0,MG
2017-09-11,20.3,0.0,MG
2017-09-12,19.9,0.0,MG
2017-09-13,19.7,0.0,MG
2017-09-14,20.7,0.0,MG
2017-09-15,21.0,0.0,MG
2017-09-16,20.3,0.0,MG
2017-09-17,20.2,0.0,MG
2017-09-18,19.8,0.0,MG
2017-09-19,19.9,0.0,MG
2017-09-20,19.9,0.0,MG
2017-09-21,19.4,0.0,MG
2017-09-22,19.4,0.0,MG
2017-09-23,20.1,0.0,MG
2017-09-24,20.3,0.0,MG
2017-09-25,19.2,0.1,MG
2017-09-26,19.3,0.1,MG
2017-09-27,20.3,0.0,MG
2017-09-28,22.5,0.7,MG
2017-09-29,23.2,1.4,MG
2017-09-30,18.8,9.0,MG
2017-10-01,20.7,4.2,MG
2017-10-02,21.7,15.2,MG
2017-10-03,19.7,1.3,MG
2017-10-04,19.1,2.0,MG
2017-10-05,20.4,0.2,MG
2017-10-06,21.2,0.0,MG
2017-10-07,21.5,0.0,MG
2017-10-08,21.3,0.0,MG
2017-10-09,21.7,0.0,MG
2017-10-10,23.1,0.0,MG
2017-10-11,23.8,0.0,MG
2017-10-12,24.4,0.0,MG
2017-10-13,23.7,0.0,MG
2017-10-14,25.1,0.0,MG
2017-10-15,25.5,0.0,MG
2017-10-16,22.3,0.0,MG
2017-10-17,21.7,0.4,MG
2017-10-18,21.5,0.0,MG
2017-10-19,21.9,0.0,MG
2017-10-20,24.6,0.0,MG
2017-10-21,26.5,0.0,MG
2017-10-22,26.2,0.1,MG
2017-10-23,22.6,4.3,MG
2017-10-24,21.6,0.0,MG
2017-10-25,22.0,0.3,MG
2017-10-26,22.3,0.8,MG
2017-10-27,22.7,5.9,MG
2017-10-28,21.8,2.2,MG
2017-10-29,23.1,4.4,MG
2017-10-30,21.5,11.7,MG
2017-10-31,21.9,8.7,MG
2017-11-01,18.0,2.6,MG
2017-11-02,18.7,0.0,MG
2017-11-03,19.7,0.0,MG
2017-11-04,21.0,0.4,MG
2017-11-05,22.1,0.6,MG
2017-11-06,20.9,22.4,MG
2017-11-07,19.1,0.7,MG
2017-11-08,18.5,0.6,MG
2017-11-09,18.4,4.9,MG
2017-11-10,19.2,4.0,MG
2017-11-11,19.0,19.0,MG
2017-11-12,21.0,7.2,MG
2017-11-13,22.2,0.0,MG
2017-11-14,21.3,0.1,MG
2017-11-15,21.1,0.1,MG
2017-11-16,21.3,0.0,MG
2017-11-17,22.4,0.0,MG
2017-11-18,22.2,6.9,MG
2017-11-19,21.7,12.9,MG
2017-11-20,21.6,18.0,MG
2017-11-21,21.6,3.0,MG
2017-11-22,20.8,8.8,MG
2017-11-23,19.4,8.3,MG
2017-11-24,19.3,6.6,MG
2017-11-25,21.2,0.3,MG
2017-11-26,21.5,0.3,MG
2017-11-27,22.0,5.3,MG
2017-11-28,22.3,7.6,MG
2017-11-29,21.3,3.4,MG
2017-11-30,19.8,10.8,MG
2017-12-01,18.6,37.5,MG
2017-12-02,19.6,17.4,MG
2017-12-03,20.7,18.5,MG
2017-12-04,21.4,17.8,MG
2017-12-05,22.7,4.2,MG
2017-12-06,21.2,1.0,MG
2017-12-07,20.3,6.4,MG
2017-12-08,20.6,16.3,MG
2017-12-09,22.6,8.0,MG
2017-12-10,22.4,1.5,MG
2017-12-11,20.5,4.3,MG
2017-12-12,21.1,1.3,MG
2017-12-13,20.3,2.0,MG
2017-12-14,20.0,1.9,MG
2017-12-15,20.5,3.5,MG
2017-12-16,21.0,5.8,MG
2017-12-17,22.0,0.2,MG
2017-12-18,22.4,0.0,MG
2017-12-19,21.9,0.2,MG
2017-12-20,22.3,0.0,MG
2017-12-21,22.3,0.9,MG
2017-12-22,22.3,0.1,MG
2017-12-23,23.2,0.3,MG
2017-12-24,24.5,0.2,MG
2017-12-25,25.0,1.3,MG
2017-12-26,24.6,3.5,MG
2017-12-27,24.3,1.5,MG
2017-12-28,24.4,0.6,MG
2017-12-29,24.2,0.7,MG
2017-12-30,22.0,5.2,MG
2017-12-31,22.0,8.5,MG
2018-01-01,22.3,15.0,MG
2018-01-02,22.9,1.1,MG
2018-01-03,23.3,7.3,MG
2018-01-04,20.4,7.8,MG
2018-01-05,20.9,17.2,MG
2018-01-06,20.9,1.4,MG
2018-01-07,22.0,2.2,MG
2018-01-08,22.1,0.2,MG
2018-01-09,22.0,0.0,MG
2018-01-10,22.3,0.2,MG
2018-01-11,22.1,0.0,MG
2018-01-12,22.1,0.6,MG
2018-01-13,22.9,0.3,MG
2018-01-14,22.6,3.7,MG
2018-01-15,22.4,8.6,MG
2018-01-16,23.5,2.1,MG
2018-01-17,23.5,0.0,MG
2018-01-18,23.8,0.0,MG
2018-01-19,24.6,0.0,MG
2018-01-20,26.0,0.0,MG
2018-01-21,25.5,0.0,MG
2018-01-22,24.8,0.1,MG
2018-01-23,23.6,0.8,MG
2018-01-24,23.6,3.1,MG
2018-01-25,24.3,0.2,MG
2018-01-26,24.4,0.1,MG
2018-01-27,24.9,0.3,MG
2018-01-28,24.8,0.1,MG
2018-01-29,23.7,8.0,MG
2018-01-30,21.9,38.5,MG
2018-01-31,21.0,13.7,MG
2018-02-01,20.2,3.3,MG
2018-02-02,20.5,13.3,MG
2018-02-03,20.8,5.5,MG
2018-02-04,19.3,9.3,MG
2018-02-05,18.4,34.0,MG
2018-02-06,19.8,9.6,MG
2018-02-07,21.2,2.7,MG
2018-02-08,22.4,0.6,MG
2018-02-09,23.0,1.6,MG
2018-02-10,22.4,1.7,MG
2018-02-11,22.7,0.0,MG
2018-02-12,22.6,0.0,MG
2018-02-13,23.1,0.0,MG
2018-02-14,22.3,0.6,MG
2018-02-15,21.8,0.0,MG
2018-02-16,21.8,1.2,MG
2018-02-17,21.8,0.4,MG
2018-02-18,22.2,0.5,MG
2018-02-19,21.4,24.9,MG
2018-02-20,21.5,3.5,MG
2018-02-21,21.9,11.2,MG
2018-02-22,20.7,24.5,MG
2018-02-23,21.4,1.7,MG
2018-02-24,21.6,10.7,MG
2018-02-25,21.6,1.6,MG
2018-02-26,21.5,2.2,MG
2018-02-27,22.3,2.5,MG
2018-02-28,22.8,5.7,MG
2018-03-01,22.8,3.3,MG
2018-03-02,22.9,10.6,MG
2018-03-03,22.9,4.9,MG
2018-03-04,22.5,22.7,MG
2018-03-05,22.8,14.1,MG
2018-03-06,24.0,7.9,MG
2018-03-07,23.3,25.8,MG
2018-03-08,22.5,16.4,MG
2018-03-09,21.6,6.0,MG
2018-03-10,22.2,7.5,MG
2018-03-11,21.4,23.7,MG
2018-03-12,22.9,0.7,MG
2018-03-13,23.8,0.7,MG
2018-03-14,23.8,0.7,MG
2018-03-15,24.3,0.4,MG
2018-03-16,23.7,2.7,MG
2018-03-17,22.4,6.5,MG
2018-03-18,22.1,1.0,MG
2018-03-19,22.8,0.2,MG
2018-03-20,22.6,0.3,MG
2018-03-21,22.5,6.3,MG
2018-03-22,21.3,8.0,MG
2018-03-23,21.5,1.1,MG
2018-03-24,20.8,0.5,MG
2018-03-25,20.8,0.3,MG
2018-03-26,21.1,0.0,MG
2018-03-27,20.9,0.0,MG
2018-03-28,20.7,1.2,MG
2018-03-29,20.7,0.7,MG
2018-03-30,20.7,0.5,MG
2018-03-31,21.0,0.1,MG
2018-04-01,21.4,0.0,MG
2018-04-02,22.3,0.1,MG
2018-04-03,22.7,9.7,MG
2018-04-04,21.7,11.5,MG
2018-04-05,21.6,5.0,MG
2018-04-06,20.8,3.9,MG
2018-04-07,20.7,2.4,MG
2018-04-08,20.7,0.3,MG
2018-04-09,20.5,0.7,MG
2018-04-10,19.9,1.5,MG
2018-04-11,19.8,0.1,MG
2018-04-12,19.2,6.1,MG
2018-04-13,20.4,0.4,MG
2018-04-14,21.3,0.0,MG
2018-04-15,20.7,1.3,MG
2018-04-16,18.9,1.4,MG
2018-04-17,18.5,0.2,MG
2018-04-18,17.7,0.1,MG
2018-04-19,18.2,0.1,MG
2018-04-20,19.5,0.4,MG
2018-04-21,18.9,0.3,MG
2018-04-22,18.2,0.1,MG
2018-04-23,18.5,0.4,MG
2018-04-24,19.0,0.9,MG
2018-04-25,19.5,0.2,MG
2018-04-26,20.5,0.2,MG
2018-04-27,20.4,0.2,MG
2018-04-28,19.9,0.1,MG
2018-04-29,19.3,0.3,MG
2018-04-30,19.4,0.0,MG
2018-05-01,19.9,0.0,MG
2018-05-02,20.0,0.0,MG
2018-05-03,20.2,0.0,MG
2018-05-04,20.6,0.0,MG
2018-05-05,20.5,0.0,MG
2018-05-06,20.1,1.8,MG
2018-05-07,19.2,0.4,MG
2018-05-08,19.1,0.6,MG
2018-05-09,18.8,0.3,MG
2018-05-10,17.7,0.2,MG
2018-05-11,19.0,0.2,MG
2018-05-12,20.0,0.4,MG
2018-05-13,20.4,0.3,MG
2018-05-14,19.6,0.1,MG
2018-05-15,19.6,0.4,MG
2018-05-16,20.1,0.5,MG
2018-05-17,20.4,0.4,MG
2018-05-18,19.8,0.6,MG
2018-05-19,19.6,25.1,MG
2018-05-20,16.1,2.9,MG
2018-05-21,14.5,0.0,MG
2018-05-22,16.7,0.0,MG
2018-05-23,18.0,0.0,MG
2018-05-24,17.6,0.1,MG
2018-05-25,17.4,0.3,MG
2018-05-26,16.6,0.7,MG
2018-05-27,16.8,0.0,MG
2018-05-28,16.8,0.0,MG
2018-05-29,16.2,0.0,MG
2018-05-30,16.3,0.0,MG
2018-05-31,16.6,0.0,MG
2018-06-01,18.4,0.2,MG
2018-06-02,18.9,0.0,MG
2018-06-03,20.3,0.0,MG
2018-06-04,18.0,0.5,MG
2018-06-05,18.2,0.2,MG
2018-06-06,19.3,0.3,MG
2018-06-07,20.4,3.6,MG
2018-06-08,20.3,0.4,MG
2018-06-09,19.3,0.7,MG
2018-06-10,19.1,0.0,MG
2018-06-11,18.4,0.0,MG
2018-06-12,19.6,0.0,MG
2018-06-13,20.7,0.0,MG
2018-06-14,20.7,0.2,MG
2018-06-15,19.4,0.0,MG
2018-06-16,19.0,0.0,MG
2018-06-17,18.3,0.1,MG
2018-06-18,18.1,0.0,MG
2018-06-19,16.6,1.5,MG
2018-06-20,17.0,0.0,MG
2018-06-21,17.4,0.0,MG
2018-06-22,19.1,0.0,MG
2018-06-23,19.4,0.0,MG
2018-06-24,19.1,0.1,MG
2018-06-25,19.2,0.0,MG
2018-06-26,19.9,0.2,MG
2018-06-27,19.6,0.0,MG
2018-06-28,17.9,0.3,MG
2018-06-29,16.9,0.0,MG
2018-06-30,17.9,0.0,MG
2018-07-01,18.4,0.0,MG
2018-07-02,19.2,0.0,MG
2018-07-03,19.8,0.0,MG
2018-07-04,19.2,0.0,MG
2018-07-05,18.3,0.0,MG
2018-07-06,18.1,0.0,MG
2018-07-07,17.5,0.0,MG
2018-07-08,18.3,0.0,MG
2018-07-09,20.2,0.0,MG
2018-07-10,19.8,0.1,MG
2018-07-11,17.2,2.2,MG
2018-07-12,17.4,0.1,MG
2018-07-13,17.8,0.0,MG
2018-07-14,18.6,0.1,MG
2018-07-15,18.3,0.0,MG
2018-07-16,18.0,0.0,MG
2018-07-17,18.1,0.0,MG
2018-07-18,18.1,0.0,MG
2018-07-19,18.0,0.0,MG
2018-07-20,18.1,0.0,MG
2018-07-21,19.4,0.0,MG
2018-07-22,18.4,0.0,MG
2018-07-23,17.5,0.0,MG
2018-07-24,17.4,0.4,MG
2018-07-25,17.3,0.0,MG
2018-07-26,17.3,0.0,MG
2018-07-27,17.5,0.0,MG
2018-07-28,18.1,0.0,MG
2018-07-29,18.4,0.0,MG
2018-07-30,18.8,0.0,MG
2018-07-31,19.8,0.2,MG
2018-08-01,19.0,1.1,MG
2018-08-02,17.7,3.2,MG
2018-08-03,18.9,1.9,MG
2018-08-04,17.9,4.2,MG
2018-08-05,20.3,0.0,MG
2018-08-06,20.1,12.6,MG
2018-08-07,18.9,12.7,MG
2018-08-08,19.6,0.3,MG
2018-08-09,19.0,1.6,MG
2018-08-10,20.2,0.0,MG
2018-08-11,18.2,0.0,MG
2018-08-12,18.0,0.0,MG
2018-08-13,17.4,0.0,MG
2018-08-14,18.4,0.0,MG
2018-08-15,20.1,0.0,MG
2018-08-16,19.1,0.8,MG
2018-08-17,17.5,4.4,MG
2018-08-18,16.6,1.7,MG
2018-08-19,17.1,0.1,MG
2018-08-20,18.0,0.0,MG
2018-08-21,17.6,0.0,MG
2018-08-22,18.1,0.0,MG
2018-08-23,18.9,0.0,MG
2018-08-24,19.7,0.0,MG
2018-08-25,19.8,0.0,MG
2018-08-26,20.2,3.7,MG
2018-08-27,18.0,0.2,MG
2018-08-28,17.0,0.3,MG
2018-08-29,17.9,0.7,MG
2018-08-30,18.4,0.3,MG
2018-08-31,19.2,0.0,MG
2018-09-01,20.8,0.0,MG
2018-09-02,21.1,0.0,MG
2018-09-03,22.5,0.0,MG
2018-09-04,19.9,2.3,MG
2018-09-05,18.2,0.0,MG
2018-09-06,18.6,0.0,MG
2018-09-07,19.9,0.0,MG
2018-09-08,18.7,0.0,MG
2018-09-09,19.3,0.0,MG
2018-09-10,20.3,0.0,MG
2018-09-11,21.3,0.0,MG
2018-09-12,19.5,0.1,MG
2018-09-13,19.8,0.2,MG
2018-09-14,20.4,3.2,MG
2018-09-15,18.6,23.9,MG
2018-09-16,20.0,15.0,MG
2018-09-17,19.1,6.6,MG
2018-09-18,20.6,2.6,MG
2018-09-19,21.3,1.5,MG
2018-09-20,20.9,10.4,MG
2018-09-21,20.8,3.6,MG
2018-09-22,22.1,0.0,MG
2018-09-23,21.9,0.0,MG
2018-09-24,22.2,0.0,MG
2018-09-25,21.9,0.0,MG
2018-09-26,21.0,0.0,MG
2018-09-27,22.1,0.0,MG
2018-09-28,23.1,0.1,MG
2018-09-29,22.4,1.4,MG
2018-09-30,22.2,0.3,MG
2018-10-01,22.2,0.5,MG
2018-10-02,22.7,0.5,MG
2018-10-03,23.7,0.1,MG
2018-10-04,24.4,1.9,MG
2018-10-05,22.6,2.1,MG
2018-10-06,21.2,0.6,MG
2018-10-07,18.3,10.7,MG
2018-10-08,21.9,0.3,MG
2018-10-09,22.0,0.0,MG
2018-10-10,23.5,0.0,MG
2018-10-11,24.2,0.2,MG
2018-10-12,22.8,0.0,MG
2018-10-13,24.6,0.1,MG
2018-10-14,24.8,2.1,MG
2018-10-15,22.5,13.3,MG
2018-10-16,22.4,2.7,MG
2018-10-17,22.4,0.6,MG
2018-10-18,22.5,10.3,MG
2018-10-19,22.9,4.4,MG
2018-10-20,20.1,2.7,MG
2018-10-21,17.8,0.0,MG
2018-10-22,19.1,0.0,MG
2018-10-23,20.8,0.0,MG
2018-10-24,22.0,4.9,MG
2018-10-25,20.7,25.5,MG
2018-10-26,21.6,24.6,MG
2018-10-27,22.0,6.5,MG
2018-10-28,22.2,0.2,MG
2018-10-29,19.8,1.1,MG
2018-10-30,21.0,0.4,MG
2018-10-31,21.9,0.2,MG
2016-09-01,28.0,0.0,PA
2016-09-02,27.6,0.4,PA
2016-09-03,27.5,1.7,PA
2016-09-04,27.7,0.2,PA
2016-09-05,27.9,0.4,PA
2016-09-06,27.8,0.3,PA
2016-09-07,27.5,4.5,PA
2016-09-08,27.2,4.5,PA
2016-09-09,27.3,2.0,PA
2016-09-10,27.6,0.1,PA
2016-09-11,28.1,0.0,PA
2016-09-12,28.2,0.1,PA
2016-09-13,27.9,0.0,PA
2016-09-14,27.8,0.0,PA
2016-09-15,28.1,0.4,PA
2016-09-16,28.4,0.2,PA
2016-09-17,28.1,0.0,PA
2016-09-18,27.5,0.1,PA
2016-09-19,27.6,0.8,PA
2016-09-20,27.8,0.4,PA
2016-09-21,27.8,0.0,PA
2016-09-22,28.0,0.0,PA
2016-09-23,28.3,0.0,PA
2016-09-24,27.9,0.0,PA
2016-09-25,27.7,0.2,PA
2016-09-26,27.7,0.1,PA
2016-09-27,28.5,0.0,PA
2016-09-28,28.5,0.0,PA
2016-09-29,27.8,0.4,PA
2016-09-30,27.5,5.5,PA
2016-10-01,28.1,0.0,PA
2016-10-02,27.9,0.0,PA
2016-10-03,28.1,0.5,PA
2016-10-04,28.0,0.3,PA
2016-10-05,27.7,1.5,PA
2016-10-06,27.3,5.1,PA
2016-10-07,28.2,1.9,PA
2016-10-08,28.5,0.3,PA
2016-10-09,28.9,0.0,PA
2016-10-10,28.6,0.0,PA
2016-10-11,28.4,0.2,PA
2016-10-12,28.1,0.3,PA
2016-10-13,29.3,0.0,PA
2016-10-14,28.8,0.0,PA
2016-10-15,28.6,0.0,PA
2016-10-16,28.2,0.4,PA
2016-10-17,28.3,0.4,PA
2016-10-18,28.3,0.9,PA
2016-10-19,28.5,0.0,PA
2016-10-20,28.5,0.2,PA
2016-10-21,28.4,1.1,PA
2016-10-22,28.2,8.7,PA
2016-10-23,27.9,3.9,PA
2016-10-24,27.2,2.8,PA
2016-10-25,28.2,0.0,PA
2016-10-26,28.1,0.3,PA
2016-10-27,28.2,0.1,PA
2016-10-28,28.5,0.0,PA
2016-10-29,27.9,0.3,PA
2016-10-30,27.8,0.0,PA
2016-10-31,27.7,0.9,PA
2016-11-01,28.1,0.3,PA
2016-11-02,28.8,0.0,PA
2016-11-03,28.7,0.0,PA
2016-11-04,29.1,0.0,PA
2016-11-05,28.6,2.1,PA
2016-11-06,28.6,0.4,PA
2016-11-07,28.3,0.1,PA
2016-11-08,28.4,0.1,PA
2016-11-09,28.3,0.0,PA
2016-11-10,27.9,0.8,PA
2016-11-11,28.2,0.2,PA
2016-11-12,28.6,0.0,PA
2016-11-13,27.8,0.9,PA
2016-11-14,28.5,0.2,PA
2016-11-15,28.2,6.0,PA
2016-11-16,28.8,0.0,PA
2016-11-17,29.0,0.0,PA
2016-11-18,28.7,0.0,PA
2016-11-19,28.2,1.5,PA
2016-11-20,28.6,0.5,PA
2016-11-21,28.7,0.2,PA
2016-11-22,28.8,0.0,PA
2016-11-23,28.7,0.0,PA
2016-11-24,28.6,0.1,PA
2016-11-25,28.7,0.1,PA
2016-11-26,28.2,1.8,PA
2016-11-27,28.4,0.0,PA
2016-11-28,28.6,0.0,PA
2016-11-29,28.1,0.6,PA
2016-11-30,27.7,2.4,PA
2016-12-01,28.3,0.3,PA
2016-12-02,28.4,0.0,PA
2016-12-03,28.1,1.2,PA
2016-12-04,28.2,0.4,PA
2016-12-05,28.0,0.1,PA
2016-12-06,28.0,1.3,PA
2016-12-07,28.2,0.6,PA
2016-12-08,28.4,0.4,PA
2016-12-09,28.2,1.6,PA
2016-12-10,28.4,4.1,PA
2016-12-11,28.1,0.6,PA
2016-12-12,28.0,0.2,PA
2016-12-13,27.4,5.2,PA
2016-12-14,27.7,2.6,PA
2016-12-15,27.5,2.3,PA
2016-12-16,27.6,0.0,PA
2016-12-17,27.5,5.7,PA
2016-12-18,26.1,23.0,PA
2016-12-19,24.3,85.3,PA
2016-12-20,25.8,6.4,PA
2016-12-21,26.9,4.7,PA
2016-12-22,27.4,4.2,PA
2016-12-23,26.1,15.0,PA
2016-12-24,26.1,13.9,PA
2016-12-25,26.1,4.5,PA
2016-12-26,26.7,1.9,PA
2016-12-27,27.0,5.9,PA
2016-12-28,27.3,1.8,PA
2016-12-29,27.2,0.6,PA
2016-12-30,27.1,3.3,PA
2016-12-31,26.5,15.0,PA
2017-01-01,26.1,21.1,PA
2017-01-02,25.4,7.6,PA
2017-01-03,25.6,13.2,PA
2017-01-04,26.7,5.3,PA
2017-01-05,26.3,7.7,PA
2017-01-06,26.1,13.9,PA
2017-01-07,25.7,11.5,PA
2017-01-08,25.7,14.5,PA
2017-01-09,25.0,29.0,PA
2017-01-10,25.2,15.2,PA
2017-01-11,25.7,10.8,PA
2017-01-12,25.4,13.2,PA
2017-01-13,26.0,15.7,PA
2017-01-14,25.5,8.3,PA
2017-01-15,25.7,4.8,PA
2017-01-16,26.0,3.8,PA
2017-01-17,25.9,11.9,PA
2017-01-18,24.7,51.9,PA
2017-01-19,25.3,7.8,PA
2017-01-20,26.6,7.4,PA
2017-01-21,25.8,13.2,PA
2017-01-22,26.3,8.2,PA
2017-01-23,26.0,9.3,PA
2017-01-24,25.0,53.2,PA
2017-01-25,25.5,20.0,PA
2017-01-26,25.8,4.2,PA
2017-01-27,26.5,3.0,PA
2017-01-28,26.2,6.7,PA
2017-01-29,26.4,9.5,PA
2017-01-30,26.5,2.2,PA
2017-01-31,25.7,19.0,PA
2017-02-01,25.3,10.3,PA
2017-02-02,25.7,16.1,PA
2017-02-03,26.0,8.0,PA
2017-02-04,26.7,13.8,PA
2017-02-05,27.1,1.2,PA
2017-02-06,26.5,6.8,PA
2017-02-07,26.3,13.9,PA
2017-02-08,25.8,10.2,PA
2017-02-09,25.4,19.4,PA
2017-02-10,25.0,53.9,PA
2017-02-11,25.0,16.8,PA
2017-02-12,24.8,62.7,PA
2017-02-13,24.5,40.1,PA
2017-02-14,25.2,5.0,PA
2017-02-15,26.1,11.6,PA
2017-02-16,25.7,29.2,PA
2017-02-17,25.4,34.4,PA
2017-02-18,24.5,17.3,PA
2017-02-19,25.2,7.9,PA
2017-02-20,25.1,20.7,PA
2017-02-21,25.2,8.6,PA
2017-02-22,25.7,11.7,PA
2017-02-23,25.7,1.6,PA
2017-02-24,26.1,7.7,PA
2017-02-25,26.2,9.6,PA
2017-02-26,25.6,10.2,PA
2017-02-27,26.1,2.3,PA
2017-02-28,25.6,15.0,PA
2017-03-01,24.7,16.5,PA
2017-03-02,25.6,8.3,PA
2017-03-03,26.0,4.9,PA
2017-03-04,25.9,12.1,PA
2017-03-05,26.2,4.9,PA
2017-03-06,26.2,4.5,PA
2017-03-07,26.1,13.3,PA
2017-03-08,25.7,9.6,PA
2017-03-09,25.8,4.4,PA
2017-03-10,24.8,25.1,PA
2017-03-11,24.9,26.4,PA
2017-03-12,25.1,11.9,PA
2017-03-13,25.5,3.5,PA
2017-03-14,25.3,31.5,PA
2017-03-15,25.0,22.6,PA
2017-03-16,25.3,5.2,PA
2017-03-17,24.6,27.1,PA
2017-03-18,24.9,18.5,PA
2017-03-19,26.4,0.8,PA
2017-03-20,25.6,29.1,PA
2017-03-21,25.3,20.6,PA
2017-03-22,25.1,10.0,PA
2017-03-23,25.6,3.2,PA
2017-03-24,25.6,14.7,PA
2017-03-25,25.4,12.9,PA
2017-03-26,24.5,27.5,PA
2017-03-27,25.1,20.6,PA
2017-03-28,26.1,3.8,PA
2017-03-29,26.2,2.0,PA
2017-03-30,26.0,20.5,PA
2017-03-31,25.6,14.0,PA
2017-04-01,26.5,5.0,PA
2017-04-02,25.8,17.4,PA
2017-04-03,25.1,20.4,PA
2017-04-04,25.5,23.2,PA
2017-04-05,25.9,14.7,PA
2017-04-06,25.8,6.1,PA
2017-04-07,26.1,2.9,PA
2017-04-08,26.7,3.2,PA
2017-04-09,26.0,7.1,PA
2017-04-10,26.1,6.6,PA
2017-04-11,26.1,7.7,PA
2017-04-12,25.7,25.4,PA
2017-04-13,26.5,4.9,PA
2017-04-14,26.5,13.3,PA
2017-04-15,25.7,12.3,PA
2017-04-16,26.0,18.6,PA
2017-04-17,26.0,10.5,PA
2017-04-18,26.3,6.9,PA
2017-04-19,27.0,6.7,PA
2017-04-20,25.7,13.7,PA
2017-04-21,26.3,16.1,PA
2017-04-22,26.0,14.4,PA
2017-04-23,26.4,5.4,PA
2017-04-24,26.1,19.8,PA
2017-04-25,26.2,4.3,PA
2017-04-26,26.5,8.9,PA
2017-04-27,27.0,12.7,PA
2017-04-28,26.4,19.2,PA
2017-04-29,25.7,19.3,PA
2017-04-30,25.5,6.5,PA
2017-05-01,26.5,8.5,PA
2017-05-02,25.8,13.4,PA
2017-05-03,26.1,11.5,PA
2017-05-04,25.8,14.7,PA
2017-05-05,26.3,13.3,PA
2017-05-06,26.9,5.4,PA
2017-05-07,26.8,2.5,PA
2017-05-08,26.9,4.2,PA
2017-05-09,26.4,52.7,PA
2017-05-10,25.2,35.1,PA
2017-05-11,25.8,12.1,PA
2017-05-12,26.0,23.4,PA
2017-05-13,27.0,4.0,PA
2017-05-14,27.0,5.8,PA
2017-05-15,27.1,0.8,PA
2017-05-16,27.0,1.3,PA
2017-05-17,27.1,2.3,PA
2017-05-18,27.0,2.2,PA
2017-05-19,26.9,2.4,PA
2017-05-20,27.4,0.9,PA
2017-05-21,27.6,1.4,PA
2017-05-22,27.5,0.3,PA
2017-05-23,27.3,1.2,PA
2017-05-24,26.9,1.4,PA
2017-05-25,27.3,0.2,PA
2017-05-26,27.0,2.6,PA
2017-05-27,26.3,4.1,PA
2017-05-28,26.2,11.3,PA
2017-05-29,25.9,9.3,PA
2017-05-30,26.4,8.0,PA
2017-05-31,26.4,16.4,PA
2017-06-01,26.9,7.4,PA
2017-06-02,26.7,2.6,PA
2017-06-03,26.9,0.7,PA
2017-06-04,26.9,0.9,PA
2017-06-05,26.7,11.5,PA
2017-06-06,27.0,1.4,PA
2017-06-07,27.8,0.2,PA
2017-06-08,27.6,0.4,PA
2017-06-09,27.0,8.2,PA
2017-06-10,26.8,4.8,PA
2017-06-11,25.9,20.3,PA
2017-06-12,26.9,0.7,PA
2017-06-13,26.9,0.7,PA
2017-06-14,27.2,0.6,PA
2017-06-15,26.6,3.2,PA
2017-06-16,26.9,1.4,PA
2017-06-17,26.9,0.7,PA
2017-06-18,27.1,2.3,PA
2017-06-19,27.1,1.3,PA
2017-06-20,26.4,5.3,PA
2017-06-21,26.6,7.5,PA
2017-06-22,26.4,13.5,PA
2017-06-23,26.8,2.1,PA
2017-06-24,26.8,0.7,PA
2017-06-25,26.3,4.7,PA
2017-06-26,26.1,35.4,PA
2017-06-27,25.8,12.0,PA
2017-06-28,25.8,10.6,PA
2017-06-29,26.0,11.0,PA
2017-06-30,25.9,6.2,PA
2017-07-01,26.8,3.1,PA
2017-07-02,25.8,10.9,PA
2017-07-03,25.5,25.0,PA
2017-07-04,25.6,19.9,PA
2017-07-05,26.3,0.0,PA
2017-07-06,26.7,0.0,PA
2017-07-07,26.3,5.4,PA
2017-07-08,26.2,7.5,PA
2017-07-09,27.0,0.6,PA
2017-07-10,27.0,0.0,PA
2017-07-11,26.7,6.2,PA
2017-07-12,26.2,7.1,PA
2017-07-13,27.4,1.6,PA
2017-07-14,27.2,0.0,PA
2017-07-15,27.0,0.1,PA
2017-07-16,27.3,0.0,PA
2017-07-17,27.5,0.0,PA
2017-07-18,27.5,0.0,PA
2017-07-19,27.6,0.0,PA
2017-07-20,27.6,0.3,PA
2017-07-21,26.4,5.0,PA
2017-07-22,26.3,8.3,PA
2017-07-23,27.0,0.0,PA
2017-07-24,26.8,0.7,PA
2017-07-25,27.3,0.1,PA
2017-07-26,27.3,0.0,PA
2017-07-27,27.5,0.0,PA
2017-07-28,27.3,0.1,PA
2017-07-29,27.1,2.6,PA
2017-07-30,27.1,0.5,PA
2017-07-31,27.7,0.0,PA
2017-08-01,27.5,0.0,PA
2017-08-02,27.3,0.4,PA
2017-08-03,27.2,1.2,PA
2017-08-04,27.8,0.0,PA
2017-08-05,27.3,2.1,PA
2017-08-06,27.0,1.8,PA
2017-08-07,27.2,0.3,PA
2017-08-08,27.2,0.4,PA
2017-08-09,27.6,0.0,PA
2017-08-10,26.9,1.3,PA
2017-08-11,27.1,1.1,PA
2017-08-12,27.4,0.0,PA
2017-08-13,27.1,0.9,PA
2017-08-14,27.4,0.4,PA
2017-08-15,27.7,0.5,PA
2017-08-16,27.9,0.3,PA
2017-08-17,27.8,0.0,PA
2017-08-18,27.8,0.0,PA
2017-08-19,27.5,4.6,PA
2017-08-20,27.3,1.1,PA
2017-08-21,27.7,0.0,PA
2017-08-22,27.5,2.8,PA
2017-08-23,26.6,5.3,PA
2017-08-24,27.2,4.2,PA
2017-08-25,27.2,0.5,PA
2017-08-26,27.6,0.7,PA
2017-08-27,27.4,0.3,PA
2017-08-28,27.6,2.2,PA
2017-08-29,27.7,0.3,PA
2017-08-30,27.6,0.3,PA
2017-08-31,28.0,0.1,PA
2017-09-01,27.4,4.3,PA
2017-09-02,27.3,0.6,PA
2017-09-03,27.0,1.8,PA
2017-09-04,27.3,1.8,PA
2017-09-05,27.6,0.2,PA
2017-09-06,27.9,0.2,PA
2017-09-07,27.4,2.1,PA
2017-09-08,27.1,2.0,PA
2017-09-09,27.5,0.8,PA
2017-09-10,28.2,0.2,PA
2017-09-11,27.7,0.4,PA
2017-09-12,28.0,0.1,PA
2017-09-13,28.2,0.8,PA
2017-09-14,27.5,1.1,PA
2017-09-15,26.9,1.5,PA
2017-09-16,27.3,1.2,PA
2017-09-17,28.3,0.1,PA
2017-09-18,28.3,0.0,PA
2017-09-19,27.8,1.3,PA
2017-09-20,26.1,22.2,PA
2017-09-21,27.2,6.5,PA
2017-09-22,28.3,0.0,PA
2017-09-23,28.2,0.1,PA
2017-09-24,27.8,0.6,PA
2017-09-25,28.0,0.2,PA
2017-09-26,27.6,0.8,PA
2017-09-27,27.4,0.6,PA
2017-09-28,27.5,3.8,PA
2017-09-29,27.3,2.0,PA
2017-09-30,27.1,0.0,PA
2017-10-01,27.3,0.0,PA
2017-10-02,27.4,0.0,PA
2017-10-03,27.8,0.0,PA
2017-10-04,27.1,7.9,PA
2017-10-05,26.9,1.9,PA
2017-10-06,27.1,1.9,PA
2017-10-07,27.4,3.0,PA
2017-10-08,27.0,4.5,PA
2017-10-09,26.5,8.6,PA
2017-10-10,27.3,1.7,PA
2017-10-11,27.1,0.9,PA
2017-10-12,28.0,0.0,PA
2017-10-13,27.6,0.6,PA
2017-10-14,27.9,0.3,PA
2017-10-15,27.2,1.0,PA
2017-10-16,27.2,1.7,PA
2017-10-17,26.6,3.4,PA
2017-10-18,27.0,11.6,PA
2017-10-19,27.1,2.3,PA
2017-10-20,27.8,0.0,PA
2017-10-21,28.0,0.2,PA
2017-10-22,27.6,0.2,PA
2017-10-23,27.6,0.4,PA
2017-10-24,27.5,1.5,PA
2017-10-25,26.9,7.2,PA
2017-10-26,27.5,1.4,PA
2017-10-27,27.3,0.6,PA
2017-10-28,27.4,1.8,PA
2017-10-29,27.2,0.3,PA
2017-10-30,27.1,0.6,PA
2017-10-31,27.2,7.5,PA
2017-11-01,27.2,0.5,PA
2017-11-02,27.6,0.3,PA
2017-11-03,27.4,0.4,PA
2017-11-04,27.7,5.1,PA
2017-11-05,28.0,0.2,PA
2017-11-06,27.6,0.0,PA
2017-11-07,27.5,0.0,PA
2017-11-08,27.8,0.0,PA
2017-11-09,28.1,0.0,PA
2017-11-10,27.3,2.7,PA
2017-11-11,27.5,0.0,PA
2017-11-12,27.2,0.0,PA
2017-11-13,27.4,0.0,PA
2017-11-14,27.5,0.0,PA
2017-11-15,27.8,0.8,PA
2017-11-16,27.6,0.4,PA
2017-11-17,27.2,0.0,PA
2017-11-18,27.0,0.0,PA
2017-11-19,27.5,0.0,PA
2017-11-20,27.1,0.0,PA
2017-11-21,27.4,0.0,PA
2017-11-22,27.1,1.4,PA
2017-11-23,27.7,2.1,PA
2017-11-24,28.2,0.2,PA
2017-11-25,27.4,2.6,PA
2017-11-26,27.3,8.6,PA
2017-11-27,27.6,0.1,PA
2017-11-28,27.7,0.3,PA
2017-11-29,27.7,1.1,PA
2017-11-30,27.8,1.0,PA
2017-12-01,28.2,0.1,PA
2017-12-02,28.1,0.0,PA
2017-12-03,28.4,0.1,PA
2017-12-04,28.6,0.0,PA
2017-12-05,28.3,1.2,PA
2017-12-06,27.6,2.4,PA
2017-12-07,27.7,2.7,PA
2017-12-08,27.6,5.5,PA
2017-12-09,27.5,1.9,PA
2017-12-10,27.6,0.8,PA
2017-12-11,27.8,3.3,PA
2017-12-12,28.0,0.4,PA
2017-12-13,27.0,11.4,PA
2017-12-14,26.2,14.6,PA
2017-12-15,25.5,5.9,PA
2017-12-16,25.5,20.9,PA
2017-12-17,26.5,3.1,PA
2017-12-18,26.0,23.7,PA
2017-12-19,26.0,7.0,PA
2017-12-20,25.4,11.1,PA
2017-12-21,25.8,7.6,PA
2017-12-22,27.3,0.2,PA
2017-12-23,26.6,4.4,PA
2017-12-24,25.8,15.2,PA
2017-12-25,25.8,3.7,PA
2017-12-26,26.8,3.1,PA
2017-12-27,26.0,10.6,PA
2017-12-28,26.2,7.0,PA
2017-12-29,26.4,8.6,PA
2017-12-30,27.2,2.3,PA
2017-12-31,27.3,0.8,PA
2018-01-01,27.0,1.6,PA
2018-01-02,26.9,4.2,PA
2018-01-03,26.6,1.3,PA
2018-01-04,26.2,2.6,PA
2018-01-05,26.3,1.0,PA
2018-01-06,25.3,10.5,PA
2018-01-07,25.3,4.6,PA
2018-01-08,25.8,5.1,PA
2018-01-09,25.1,8.6,PA
2018-01-10,25.3,12.1,PA
2018-01-11,25.6,5.8,PA
2018-01-12,25.7,1.2,PA
2018-01-13,25.1,3.7,PA
2018-01-14,25.8,3.3,PA
2018-01-15,26.0,13.1,PA
2018-01-16,26.4,2.1,PA
2018-01-17,26.3,3.5,PA
2018-01-18,26.0,18.2,PA
2018-01-19,26.0,7.8,PA
2018-01-20,25.4,11.3,PA
2018-01-21,25.7,11.9,PA
2018-01-22,25.9,7.7,PA
2018-01-23,26.1,10.5,PA
2018-01-24,25.8,9.2,PA
2018-01-25,25.2,14.4,PA
2018-01-26,25.8,10.5,PA
2018-01-27,24.9,16.6,PA
2018-01-28,25.3,13.4,PA
2018-01-29,25.8,4.7,PA
2018-01-30,26.0,9.5,PA
2018-01-31,26.3,4.5,PA
2018-02-01,26.3,8.9,PA
2018-02-02,25.8,3.9,PA
2018-02-03,25.0,62.0,PA
2018-02-04,24.9,45.8,PA
2018-02-05,25.1,10.0,PA
2018-02-06,25.3,11.0,PA
2018-02-07,24.7,12.7,PA
2018-02-08,24.5,15.5,PA
2018-02-09,25.7,17.5,PA
2018-02-10,26.4,3.8,PA
2018-02-11,26.4,3.9,PA
2018-02-12,25.4,19.2,PA
2018-02-13,25.4,22.2,PA
2018-02-14,24.9,9.8,PA
2018-02-15,25.8,4.6,PA
2018-02-16,26.1,2.7,PA
2018-02-17,25.4,20.9,PA
2018-02-18,26.0,8.7,PA
2018-02-19,25.5,8.8,PA
2018-02-20,25.1,33.6,PA
2018-02-21,24.5,41.9,PA
2018-02-22,24.7,14.7,PA
2018-02-23,25.3,8.2,PA
2018-02-24,25.5,21.8,PA
2018-02-25,25.1,16.5,PA
2018-02-26,25.3,6.6,PA
2018-02-27,25.6,9.1,PA
2018-02-28,24.8,12.4,PA
2018-03-01,25.5,14.3,PA
2018-03-02,26.5,0.1,PA
2018-03-03,26.8,1.9,PA
2018-03-04,26.1,10.8,PA
2018-03-05,25.8,7.5,PA
2018-03-06,26.4,10.9,PA
2018-03-07,26.4,5.4,PA
2018-03-08,25.8,24.0,PA
2018-03-09,25.5,9.5,PA
2018-03-10,25.8,7.9,PA
2018-03-11,26.3,4.3,PA
2018-03-12,26.5,7.8,PA
2018-03-13,26.0,14.1,PA
2018-03-14,25.2,12.5,PA
2018-03-15,25.6,16.0,PA
2018-03-16,25.9,3.6,PA
2018-03-17,26.4,3.3,PA
2018-03-18,26.8,6.5,PA
2018-03-19,26.5,6.9,PA
2018-03-20,26.8,5.0,PA
2018-03-21,26.4,7.1,PA
2018-03-22,26.2,8.3,PA
2018-03-23,25.2,21.1,PA
2018-03-24,25.8,12.7,PA
2018-03-25,24.9,28.2,PA
2018-03-26,25.6,4.3,PA
2018-03-27,25.7,11.4,PA
2018-03-28,25.8,8.8,PA
2018-03-29,25.4,12.6,PA
2018-03-30,25.1,13.2,PA
2018-03-31,25.5,6.3,PA
2018-04-01,25.9,14.9,PA
2018-04-02,25.6,13.6,PA
2018-04-03,25.4,9.6,PA
2018-04-04,25.0,28.7,PA
2018-04-05,25.3,3.0,PA
2018-04-06,25.3,33.8,PA
2018-04-07,24.7,111.1,PA
2018-04-08,25.8,2.0,PA
2018-04-09,25.5,16.1,PA
2018-04-10,24.1,36.2,PA
2018-04-11,25.3,16.7,PA
2018-04-12,24.4,19.9,PA
2018-04-13,25.5,2.4,PA
2018-04-14,25.7,16.1,PA
2018-04-15,26.1,1.9,PA
2018-04-16,25.3,17.3,PA
2018-04-17,25.5,7.8,PA
2018-04-18,25.5,5.2,PA
2018-04-19,25.7,19.7,PA
2018-04-20,26.2,1.6,PA
2018-04-21,26.0,10.5,PA
2018-04-22,25.9,11.8,PA
2018-04-23,25.7,23.0,PA
2018-04-24,25.8,4.8,PA
2018-04-25,25.9,6.0,PA
2018-04-26,26.4,8.8,PA
2018-04-27,26.2,5.5,PA
2018-04-28,25.7,3.7,PA
2018-04-29,25.2,41.3,PA
2018-04-30,25.7,8.0,PA
2018-05-01,25.3,11.3,PA
2018-05-02,25.4,19.1,PA
2018-05-03,25.6,5.1,PA
2018-05-04,25.2,16.5,PA
2018-05-05,25.6,4.2,PA
2018-05-06,26.1,4.8,PA
2018-05-07,25.3,23.4,PA
2018-05-08,25.7,11.0,PA
2018-05-09,25.3,15.1,PA
2018-05-10,25.2,64.7,PA
2018-05-11,26.1,5.1,PA
2018-05-12,25.7,10.7,PA
2018-05-13,25.4,4.9,PA
2018-05-14,25.4,13.0,PA
2018-05-15,25.6,6.4,PA
2018-05-16,25.9,3.9,PA
2018-05-17,26.3,1.0,PA
2018-05-18,26.3,1.0,PA
2018-05-19,26.2,5.9,PA
2018-05-20,26.2,2.8,PA
2018-05-21,26.1,16.6,PA
2018-05-22,25.7,11.7,PA
2018-05-23,25.5,8.1,PA
2018-05-24,25.8,7.0,PA
2018-05-25,25.8,22.8,PA
2018-05-26,25.8,2.1,PA
2018-05-27,25.7,17.6,PA
2018-05-28,24.8,21.5,PA
2018-05-29,25.5,13.9,PA
2018-05-30,25.7,11.7,PA
2018-05-31,26.6,1.3,PA
2018-06-01,26.9,0.4,PA
2018-06-02,26.0,3.9,PA
2018-06-03,26.9,0.4,PA
2018-06-04,26.5,3.9,PA
2018-06-05,26.3,2.6,PA
2018-06-06,26.3,6.5,PA
2018-06-07,27.1,3.0,PA
2018-06-08,26.4,9.0,PA
2018-06-09,26.8,0.0,PA
2018-06-10,26.8,0.1,PA
2018-06-11,27.0,1.3,PA
2018-06-12,27.3,0.0,PA
2018-06-13,27.2,0.1,PA
2018-06-14,26.9,1.1,PA
2018-06-15,26.8,0.8,PA
2018-06-16,26.5,4.5,PA
2018-06-17,26.1,2.6,PA
2018-06-18,25.9,1.7,PA
2018-06-19,25.3,7.6,PA
2018-06-20,26.1,2.0,PA
2018-06-21,26.1,3.2,PA
2018-06-22,26.1,4.0,PA
2018-06-23,26.3,4.3,PA
2018-06-24,26.8,4.5,PA
2018-06-25,26.8,0.1,PA
2018-06-26,26.1,4.5,PA
2018-06-27,26.7,1.1,PA
2018-06-28,26.5,4.8,PA
2018-06-29,26.8,1.6,PA
2018-06-30,26.9,1.3,PA
2018-07-01,26.7,1.5,PA
2018-07-02,26.8,1.0,PA
2018-07-03,26.2,9.4,PA
2018-07-04,25.2,14.2,PA
2018-07-05,25.6,3.2,PA
2018-07-06,26.8,0.1,PA
2018-07-07,26.3,2.0,PA
2018-07-08,26.4,0.8,PA
2018-07-09,26.6,3.1,PA
2018-07-10,25.5,9.3,PA
2018-07-11,26.4,0.9,PA
2018-07-12,26.1,0.0,PA
2018-07-13,26.0,2.7,PA
2018-07-14,25.6,5.9,PA
2018-07-15,26.1,0.9,PA
2018-07-16,26.5,3.1,PA
2018-07-17,26.5,1.8,PA
2018-07-18,26.6,0.3,PA
2018-07-19,27.0,0.1,PA
2018-07-20,27.2,0.1,PA
2018-07-21,27.5,0.1,PA
2018-07-22,27.0,0.5,PA
2018-07-23,27.2,2.4,PA
2018-07-24,26.2,4.9,PA
2018-07-25,27.0,3.4,PA
2018-07-26,26.7,0.9,PA
2018-07-27,26.3,3.3,PA
2018-07-28,26.5,1.0,PA
2018-07-29,26.2,3.1,PA
2018-07-30,26.8,0.6,PA
2018-07-31,26.9,0.4,PA
2018-08-01,26.6,0.8,PA
2018-08-02,26.0,2.9,PA
2018-08-03,25.4,11.2,PA
2018-08-04,26.1,1.2,PA
2018-08-05,25.8,1.9,PA
2018-08-06,26.4,2.1,PA
2018-08-07,26.3,3.6,PA
2018-08-08,26.3,0.8,PA
2018-08-09,25.8,1.5,PA
2018-08-10,26.1,5.7,PA
2018-08-11,26.3,2.1,PA
2018-08-12,26.6,1.5,PA
2018-08-13,26.5,0.0,PA
2018-08-14,26.2,0.0,PA
2018-08-15,26.5,0.3,PA
2018-08-16,26.8,1.0,PA
2018-08-17,26.6,6.3,PA
2018-08-18,26.5,1.3,PA
2018-08-19,26.4,0.5,PA
2018-08-20,26.8,0.4,PA
2018-08-21,26.7,0.3,PA
2018-08-22,26.6,1.1,PA
2018-08-23,26.3,4.5,PA
2018-08-24,26.4,1.2,PA
2018-08-25,26.0,3.3,PA
2018-08-26,26.6,0.6,PA
2018-08-27,26.6,2.5,PA
2018-08-28,26.9,0.8,PA
2018-08-29,27.1,0.2,PA
2018-08-30,26.8,2.1,PA
2018-08-31,27.2,0.2,PA
2018-09-01,27.4,0.1,PA
2018-09-02,27.2,1.2,PA
2018-09-03,27.3,0.5,PA
2018-09-04,27.2,0.4,PA
2018-09-05,27.6,0.2,PA
2018-09-06,27.3,1.8,PA
2018-09-07,26.7,5.3,PA
2018-09-08,26.5,4.7,PA
2018-09-09,26.7,1.9,PA
2018-09-10,27.2,0.3,PA
2018-09-11,27.5,1.3,PA
2018-09-12,27.6,1.2,PA
2018-09-13,27.7,0.0,PA
2018-09-14,27.1,1.1,PA
2018-09-15,27.6,0.3,PA
2018-09-16,27.6,0.0,PA
2018-09-17,27.5,0.3,PA
2018-09-18,27.3,0.7,PA
2018-09-19,27.0,2.1,PA
2018-09-20,27.7,0.1,PA
2018-09-21,27.2,2.2,PA
2018-09-22,27.1,0.2,PA
2018-09-23,27.1,2.3,PA
2018-09-24,27.2,0.5,PA
2018-09-25,27.2,0.4,PA
2018-09-26,27.4,0.8,PA
2018-09-27,27.7,0.6,PA
2018-09-28,27.5,3.5,PA
2018-09-29,27.4,0.1,PA
2018-09-30,27.3,0.7,PA
2018-10-01,27.2,0.9,PA
2018-10-02,27.5,0.6,PA
2018-10-03,27.6,0.0,PA
2018-10-04,27.6,0.1,PA
2018-10-05,27.3,0.4,PA
2018-10-06,27.5,1.0,PA
2018-10-07,26.9,2.5,PA
2018-10-08,27.4,0.4,PA
2018-10-09,27.6,0.4,PA
2018-10-10,27.4,1.4,PA
2018-10-11,27.9,0.3,PA
2018-10-12,27.5,1.0,PA
2018-10-13,27.3,0.1,PA
2018-10-14,27.2,0.9,PA
2018-10-15,27.4,2.9,PA
2018-10-16,27.3,4.4,PA
2018-10-17,27.4,3.9,PA
2018-10-18,27.6,1.0,PA
2018-10-19,27.2,0.0,PA
2018-10-20,27.4,0.4,PA
2018-10-21,27.6,1.0,PA
2018-10-22,27.8,0.2,PA
2018-10-23,27.9,0.5,PA
2018-10-24,28.1,0.2,PA
2018-10-25,27.9,0.5,PA
2018-10-26,27.5,0.8,PA
2018-10-27,27.5,0.3,PA
2018-10-28,27.5,0.0,PA
2018-10-29,27.8,0.1,PA
2018-10-30,28.5,0.1,PA
2018-10-31,28.1,0.6,PA
2016-09-01,25.2,1.1,PB
2016-09-02,24.6,2.7,PB
2016-09-03,24.4,1.5,PB
2016-09-04,25.1,0.5,PB
2016-09-05,24.5,2.0,PB
2016-09-06,24.6,0.3,PB
2016-09-07,25.0,0.0,PB
2016-09-08,25.2,0.1,PB
2016-09-09,24.9,0.0,PB
2016-09-10,24.1,4.0,PB
2016-09-11,24.4,1.9,PB
2016-09-12,24.9,0.5,PB
2016-09-13,24.8,0.9,PB
2016-09-14,25.2,0.0,PB
2016-09-15,25.6,0.1,PB
2016-09-16,25.5,1.9,PB
2016-09-17,25.3,0.9,PB
2016-09-18,25.1,0.0,PB
2016-09-19,24.9,0.3,PB
2016-09-20,25.6,0.1,PB
2016-09-21,26.0,0.5,PB
2016-09-22,26.2,1.2,PB
2016-09-23,25.9,1.2,PB
2016-09-24,25.5,0.9,PB
2016-09-25,25.6,0.0,PB
2016-09-26,26.1,0.0,PB
2016-09-27,26.3,0.1,PB
2016-09-28,25.9,0.1,PB
2016-09-29,26.3,0.0,PB
2016-09-30,26.2,1.1,PB
2016-10-01,26.2,0.0,PB
2016-10-02,25.9,0.0,PB
2016-10-03,26.0,0.0,PB
2016-10-04,26.1,0.0,PB
2016-10-05,25.9,0.3,PB
2016-10-06,26.1,0.0,PB
2016-10-07,26.2,0.4,PB
2016-10-08,26.5,0.0,PB
2016-10-09,26.6,0.2,PB
2016-10-10,26.4,0.2,PB
2016-10-11,25.8,0.0,PB
2016-10-12,25.4,2.5,PB
2016-10-13,25.3,4.1,PB
2016-10-14,25.7,0.9,PB
2016-10-15,25.9,0.3,PB
2016-10-16,26.1,0.3,PB
2016-10-17,26.0,1.0,PB
2016-10-18,26.2,0.0,PB
2016-10-19,26.3,0.0,PB
2016-10-20,26.3,0.3,PB
2016-10-21,26.0,1.8,PB
2016-10-22,26.1,1.9,PB
2016-10-23,25.8,2.8,PB
2016-10-24,25.8,1.7,PB
2016-10-25,25.6,2.0,PB
2016-10-26,26.1,0.0,PB
2016-10-27,26.3,0.0,PB
2016-10-28,26.2,0.0,PB
2016-10-29,26.5,0.6,PB
2016-10-30,26.3,0.4,PB
2016-10-31,26.2,0.7,PB
2016-11-01,26.0,0.0,PB
2016-11-02,26.1,0.4,PB
2016-11-03,25.8,2.2,PB
2016-11-04,26.0,0.3,PB
2016-11-05,25.8,1.2,PB
2016-11-06,25.9,0.7,PB
2016-11-07,26.0,0.9,PB
2016-11-08,26.2,0.3,PB
2016-11-09,26.3,0.5,PB
2016-11-10,26.3,0.5,PB
2016-11-11,26.5,0.5,PB
2016-11-12,26.4,0.2,PB
2016-11-13,26.4,0.0,PB
2016-11-14,26.4,0.1,PB
2016-11-15,26.1,3.5,PB
2016-11-16,26.5,0.7,PB
2016-11-17,26.3,1.2,PB
2016-11-18,26.5,1.2,PB
2016-11-19,26.3,1.2,PB
2016-11-20,26.6,0.0,PB
2016-11-21,26.6,0.0,PB
2016-11-22,26.5,0.0,PB
2016-11-23,26.6,0.0,PB
2016-11-24,26.9,0.0,PB
2016-11-25,26.8,0.0,PB
2016-11-26,26.8,0.1,PB
2016-11-27,26.7,1.3,PB
2016-11-28,26.9,0.0,PB
2016-11-29,27.1,0.0,PB
2016-11-30,27.3,0.0,PB
2016-12-01,27.2,0.0,PB
2016-12-02,27.0,0.2,PB
2016-12-03,27.0,0.0,PB
2016-12-04,26.9,0.2,PB
2016-12-05,27.2,0.4,PB
2016-12-06,27.2,0.0,PB
2016-12-07,27.1,0.0,PB
2016-12-08,27.2,0.0,PB
2016-12-09,27.3,0.0,PB
2016-12-10,26.7,2.0,PB
2016-12-11,27.0,0.1,PB
2016-12-12,27.1,0.0,PB
2016-12-13,27.1,0.5,PB
2016-12-14,27.3,0.1,PB
2016-12-15,26.5,2.4,PB
2016-12-16,26.7,1.5,PB
2016-12-17,25.8,1.2,PB
2016-12-18,26.2,1.9,PB
2016-12-19,26.4,1.9,PB
2016-12-20,26.6,1.9,PB
2016-12-21,26.5,2.1,PB
2016-12-22,26.7,2.6,PB
2016-12-23,26.5,0.7,PB
2016-12-24,26.6,1.4,PB
2016-12-25,27.0,0.2,PB
2016-12-26,26.8,0.6,PB
2016-12-27,27.0,0.1,PB
2016-12-28,25.3,3.3,PB
2016-12-29,26.4,1.9,PB
2016-12-30,26.4,0.0,PB
2016-12-31,27.1,0.0,PB
2017-01-01,26.7,0.8,PB
2017-01-02,26.8,0.3,PB
2017-01-03,26.7,0.6,PB
2017-01-04,26.9,3.9,PB
2017-01-05,26.8,0.9,PB
2017-01-06,26.8,0.0,PB
2017-01-07,26.7,3.2,PB
2017-01-08,27.1,0.0,PB
2017-01-09,26.6,4.3,PB
2017-01-10,26.9,1.1,PB
2017-01-11,27.1,0.0,PB
2017-01-12,27.1,0.3,PB
2017-01-13,26.9,3.6,PB
2017-01-14,27.0,0.0,PB
2017-01-15,27.0,1.5,PB
2017-01-16,27.1,0.2,PB
2017-01-17,27.1,2.5,PB
2017-01-18,27.4,0.9,PB
2017-01-19,27.1,1.3,PB
2017-01-20,26.9,0.9,PB
2017-01-21,27.2,0.3,PB
2017-01-22,25.4,31.0,PB
2017-01-23,26.6,3.9,PB
2017-01-24,27.1,1.8,PB
2017-01-25,26.9,2.1,PB
2017-01-26,27.4,0.0,PB
2017-01-27,27.3,1.6,PB
2017-01-28,26.5,5.1,PB
2017-01-29,26.7,5.6,PB
2017-01-30,27.2,1.9,PB
2017-01-31,26.8,2.2,PB
2017-02-01,27.3,1.7,PB
2017-02-02,27.2,1.0,PB
2017-02-03,27.2,1.6,PB
2017-02-04,27.1,0.5,PB
2017-02-05,27.2,1.4,PB
2017-02-06,27.2,0.7,PB
2017-02-07,27.1,0.0,PB
2017-02-08,27.3,0.5,PB
2017-02-09,27.7,0.9,PB
2017-02-10,27.4,1.5,PB
2017-02-11,27.2,1.4,PB
2017-02-12,27.1,0.1,PB
2017-02-13,27.2,1.2,PB
2017-02-14,27.5,0.8,PB
2017-02-15,27.6,0.3,PB
2017-02-16,27.3,0.0,PB
2017-02-17,27.2,1.4,PB
2017-02-18,26.4,7.2,PB
2017-02-19,26.7,6.3,PB
2017-02-20,27.5,0.7,PB
2017-02-21,27.3,0.8,PB
2017-02-22,26.9,1.6,PB
2017-02-23,27.3,5.7,PB
2017-02-24,26.6,8.6,PB
2017-02-25,27.3,0.7,PB
2017-02-26,27.4,0.2,PB
2017-02-27,27.4,2.7,PB
2017-02-28,26.8,2.8,PB
2017-03-01,26.4,15.6,PB
2017-03-02,26.1,23.5,PB
2017-03-03,27.1,1.7,PB
2017-03-04,26.3,3.9,PB
2017-03-05,27.4,0.2,PB
2017-03-06,27.4,0.7,PB
2017-03-07,27.4,3.9,PB
2017-03-08,27.7,0.0,PB
2017-03-09,27.4,1.6,PB
2017-03-10,26.6,5.2,PB
2017-03-11,26.1,11.3,PB
2017-03-12,25.6,15.7,PB
2017-03-13,26.3,11.5,PB
2017-03-14,26.7,6.3,PB
2017-03-15,26.8,3.8,PB
2017-03-16,26.6,6.1,PB
2017-03-17,27.0,1.9,PB
2017-03-18,27.0,1.6,PB
2017-03-19,27.1,1.8,PB
2017-03-20,27.4,1.8,PB
2017-03-21,27.0,2.7,PB
2017-03-22,26.8,18.7,PB
2017-03-23,26.6,5.9,PB
2017-03-24,27.3,0.9,PB
2017-03-25,26.8,3.0,PB
2017-03-26,27.1,5.3,PB
2017-03-27,27.6,1.1,PB
2017-03-28,27.7,1.9,PB
2017-03-29,27.5,1.0,PB
2017-03-30,27.2,7.0,PB
2017-03-31,27.0,9.7,PB
2017-04-01,27.2,4.0,PB
2017-04-02,26.6,6.6,PB
2017-04-03,27.6,3.2,PB
2017-04-04,27.1,2.6,PB
2017-04-05,27.1,7.2,PB
2017-04-06,27.4,0.9,PB
2017-04-07,26.7,1.3,PB
2017-04-08,26.7,4.6,PB
2017-04-09,26.8,8.9,PB
2017-04-10,25.8,23.5,PB
2017-04-11,26.0,12.5,PB
2017-04-12,26.2,20.9,PB
2017-04-13,26.6,13.9,PB
2017-04-14,27.3,4.4,PB
2017-04-15,27.6,0.9,PB
2017-04-16,27.2,1.5,PB
2017-04-17,26.3,2.4,PB
2017-04-18,26.6,0.0,PB
2017-04-19,26.8,3.0,PB
2017-04-20,26.6,0.3,PB
2017-04-21,27.1,0.1,PB
2017-04-22,27.2,6.9,PB
2017-04-23,26.7,8.6,PB
2017-04-24,27.2,0.5,PB
2017-04-25,26.9,2.5,PB
2017-04-26,26.9,0.9,PB
2017-04-27,26.9,12.2,PB
2017-04-28,26.7,13.0,PB
2017-04-29,26.6,5.3,PB
2017-04-30,26.4,15.0,PB
2017-05-01,26.6,1.3,PB
2017-05-02,25.3,7.9,PB
2017-05-03,25.5,10.7,PB
2017-05-04,26.4,8.6,PB
2017-05-05,26.8,2.1,PB
2017-05-06,25.6,12.6,PB
2017-05-07,25.7,11.4,PB
2017-05-08,25.2,40.0,PB
2017-05-09,25.9,5.4,PB
2017-05-10,25.9,3.9,PB
2017-05-11,26.2,3.9,PB
2017-05-12,26.2,1.9,PB
2017-05-13,26.4,0.0,PB
2017-05-14,26.8,0.2,PB
2017-05-15,27.0,0.3,PB
2017-05-16,27.2,0.0,PB
2017-05-17,27.4,0.7,PB
2017-05-18,26.5,4.4,PB
2017-05-19,26.5,2.1,PB
2017-05-20,26.5,3.8,PB
2017-05-21,27.2,0.3,PB
2017-05-22,26.7,3.2,PB
2017-05-23,27.0,0.3,PB
2017-05-24,26.1,4.0,PB
2017-05-25,25.9,4.0,PB
2017-05-26,25.7,3.6,PB
2017-05-27,25.6,8.6,PB
2017-05-28,25.3,39.6,PB
2017-05-29,24.5,129.5,PB
2017-05-30,24.7,41.6,PB
2017-05-31,25.7,4.6,PB
2017-06-01,25.7,4.8,PB
2017-06-02,26.6,5.7,PB
2017-06-03,25.9,4.6,PB
2017-06-04,25.7,3.8,PB
2017-06-05,25.5,5.6,PB
2017-06-06,26.1,2.7,PB
2017-06-07,26.8,0.4,PB
2017-06-08,26.8,1.0,PB
2017-06-09,26.1,3.4,PB
2017-06-10,26.0,1.1,PB
2017-06-11,25.9,3.6,PB
2017-06-12,25.7,1.1,PB
2017-06-13,26.1,3.3,PB
2017-06-14,25.6,4.4,PB
2017-06-15,24.3,12.8,PB
2017-06-16,24.7,4.8,PB
2017-06-17,25.6,1.2,PB
2017-06-18,25.5,5.3,PB
2017-06-19,25.3,3.8,PB
2017-06-20,24.6,4.0,PB
2017-06-21,25.4,9.3,PB
2017-06-22,25.2,2.4,PB
2017-06-23,25.4,9.0,PB
2017-06-24,24.2,23.9,PB
2017-06-25,24.4,16.3,PB
2017-06-26,24.8,5.8,PB
2017-06-27,24.9,6.9,PB
2017-06-28,23.9,13.9,PB
2017-06-29,24.1,38.4,PB
2017-06-30,24.4,27.3,PB
2017-07-01,24.0,21.4,PB
2017-07-02,24.6,0.8,PB
2017-07-03,24.1,2.8,PB
2017-07-04,24.4,3.1,PB
2017-07-05,24.4,13.6,PB
2017-07-06,23.2,48.6,PB
2017-07-07,23.9,49.4,PB
2017-07-08,24.7,0.8,PB
2017-07-09,24.1,16.9,PB
2017-07-10,24.1,28.5,PB
2017-07-11,24.3,37.5,PB
2017-07-12,24.6,4.8,PB
2017-07-13,24.9,3.8,PB
2017-07-14,24.1,2.7,PB
2017-07-15,24.3,1.9,PB
2017-07-16,24.5,2.2,PB
2017-07-17,24.4,2.5,PB
2017-07-18,24.0,1.6,PB
2017-07-19,23.7,16.9,PB
2017-07-20,24.0,35.3,PB
2017-07-21,24.5,36.0,PB
2017-07-22,24.4,6.3,PB
2017-07-23,23.7,5.0,PB
2017-07-24,24.6,2.9,PB
2017-07-25,24.0,6.7,PB
2017-07-26,24.2,5.5,PB
2017-07-27,23.9,10.1,PB
2017-07-28,23.6,39.7,PB
2017-07-29,23.9,7.3,PB
2017-07-30,24.3,5.3,PB
2017-07-31,23.3,19.1,PB
2017-08-01,24.0,5.8,PB
2017-08-02,24.6,2.8,PB
2017-08-03,24.6,0.5,PB
2017-08-04,24.4,1.4,PB
2017-08-05,25.0,0.7,PB
2017-08-06,24.7,0.2,PB
2017-08-07,24.1,3.0,PB
2017-08-08,24.1,0.5,PB
2017-08-09,24.8,1.2,PB
2017-08-10,25.0,0.0,PB
2017-08-11,24.9,1.3,PB
2017-08-12,25.1,0.2,PB
2017-08-13,24.3,1.5,PB
2017-08-14,24.1,1.7,PB
2017-08-15,24.2,0.5,PB
2017-08-16,24.6,1.5,PB
2017-08-17,24.4,5.1,PB
2017-08-18,24.8,3.9,PB
2017-08-19,24.8,2.9,PB
2017-08-20,25.1,1.2,PB
2017-08-21,25.0,0.3,PB
2017-08-22,24.6,4.6,PB
2017-08-23,24.4,3.2,PB
2017-08-24,25.0,2.0,PB
2017-08-25,24.7,2.7,PB
2017-08-26,24.0,3.1,PB
2017-08-27,24.0,4.4,PB
2017-08-28,24.5,2.5,PB
2017-08-29,24.7,2.8,PB
2017-08-30,25.1,1.1,PB
2017-08-31,25.0,2.9,PB
2017-09-01,25.4,0.0,PB
2017-09-02,24.5,0.2,PB
2017-09-03,24.1,2.5,PB
2017-09-04,25.1,0.5,PB
2017-09-05,25.1,1.8,PB
2017-09-06,25.1,6.8,PB
2017-09-07,24.5,7.3,PB
2017-09-08,24.4,3.4,PB
2017-09-09,24.6,6.1,PB
2017-09-10,25.0,2.5,PB
2017-09-11,25.1,2.0,PB
2017-09-12,25.1,2.2,PB
2017-09-13,24.2,9.6,PB
2017-09-14,24.8,2.0,PB
2017-09-15,24.6,2.0,PB
2017-09-16,24.5,3.5,PB
2017-09-17,24.7,1.8,PB
2017-09-18,25.0,1.7,PB
2017-09-19,25.2,0.8,PB
2017-09-20,24.6,1.4,PB
2017-09-21,24.8,1.9,PB
2017-09-22,24.9,2.7,PB
2017-09-23,24.5,1.4,PB
2017-09-24,24.7,2.9,PB
2017-09-25,25.2,0.5,PB
2017-09-26,25.3,0.9,PB
2017-09-27,25.4,1.7,PB
2017-09-28,25.3,1.1,PB
2017-09-29,25.5,0.6,PB
2017-09-30,25.6,0.0,PB
2017-10-01,25.5,0.1,PB
2017-10-02,25.7,1.3,PB
2017-10-03,25.8,0.2,PB
2017-10-04,25.8,0.8,PB
2017-10-05,25.7,1.3,PB
2017-10-06,25.7,0.2,PB
2017-10-07,25.7,0.0,PB
2017-10-08,25.5,1.2,PB
2017-10-09,25.4,1.2,PB
2017-10-10,24.9,1.8,PB
2017-10-11,25.8,2.1,PB
2017-10-12,26.0,0.0,PB
2017-10-13,26.0,1.0,PB
2017-10-14,26.2,0.0,PB
2017-10-15,26.1,0.3,PB
2017-10-16,25.9,3.5,PB
2017-10-17,25.7,2.1,PB
2017-10-18,25.5,3.3,PB
2017-10-19,26.0,1.9,PB
2017-10-20,25.7,6.4,PB
2017-10-21,25.9,2.2,PB
2017-10-22,25.7,1.6,PB
2017-10-23,25.6,1.5,PB
2017-10-24,25.9,2.7,PB
2017-10-25,26.2,0.5,PB
2017-10-26,25.8,3.8,PB
2017-10-27,25.8,2.3,PB
2017-10-28,25.9,2.6,PB
2017-10-29,26.1,0.8,PB
2017-10-30,26.0,0.7,PB
2017-10-31,26.1,0.5,PB
2017-11-01,26.3,0.1,PB
2017-11-02,26.5,1.7,PB
2017-11-03,26.3,1.3,PB
2017-11-04,26.2,1.0,PB
2017-11-05,26.1,1.9,PB
2017-11-06,26.1,0.3,PB
2017-11-07,26.1,1.0,PB
2017-11-08,26.4,0.6,PB
2017-11-09,26.2,0.6,PB
2017-11-10,26.3,1.9,PB
2017-11-11,26.2,1.9,PB
2017-11-12,26.4,1.1,PB
2017-11-13,26.8,0.0,PB
2017-11-14,26.5,1.4,PB
2017-11-15,26.2,2.0,PB
2017-11-16,26.1,1.2,PB
2017-11-17,26.6,0.0,PB
2017-11-18,26.2,1.3,PB
2017-11-19,26.6,0.2,PB
2017-11-20,26.6,0.2,PB
2017-11-21,26.6,0.7,PB
2017-11-22,26.9,0.9,PB
2017-11-23,26.8,0.6,PB
2017-11-24,26.8,1.3,PB
2017-11-25,26.6,3.4,PB
2017-11-26,26.8,0.0,PB
2017-11-27,26.7,0.3,PB
2017-11-28,26.9,0.6,PB
2017-11-29,26.9,0.6,PB
2017-11-30,26.9,1.1,PB
2017-12-01,26.7,3.0,PB
2017-12-02,26.9,0.8,PB
2017-12-03,26.7,1.8,PB
2017-12-04,26.8,1.4,PB
2017-12-05,26.8,1.7,PB
2017-12-06,26.9,0.8,PB
2017-12-07,27.2,0.0,PB
2017-12-08,27.2,0.7,PB
2017-12-09,27.3,0.7,PB
2017-12-10,27.4,0.3,PB
2017-12-11,27.0,1.4,PB
2017-12-12,27.2,2.2,PB
2017-12-13,26.8,2.7,PB
2017-12-14,26.5,2.9,PB
2017-12-15,26.9,2.4,PB
2017-12-16,27.3,0.7,PB
2017-12-17,27.0,3.3,PB
2017-12-18,27.1,0.8,PB
2017-12-19,27.1,0.3,PB
2017-12-20,26.6,1.9,PB
2017-12-21,26.7,4.1,PB
2017-12-22,26.9,3.5,PB
2017-12-23,26.8,3.9,PB
2017-12-24,26.5,3.4,PB
2017-12-25,26.9,0.9,PB
2017-12-26,27.0,2.9,PB
2017-12-27,27.2,0.9,PB
2017-12-28,27.2,0.0,PB
2017-12-29,27.4,0.0,PB
2017-12-30,27.1,0.9,PB
2017-12-31,27.4,0.2,PB
2018-01-01,27.2,1.1,PB
2018-01-02,27.0,0.9,PB
2018-01-03,27.0,1.3,PB
2018-01-04,27.6,0.1,PB
2018-01-05,27.1,2.9,PB
2018-01-06,27.1,1.6,PB
2018-01-07,26.7,2.9,PB
2018-01-08,26.1,6.9,PB
2018-01-09,26.8,1.2,PB
2018-01-10,25.8,7.7,PB
2018-01-11,26.2,4.0,PB
2018-01-12,26.9,0.9,PB
2018-01-13,27.3,1.0,PB
2018-01-14,26.5,3.9,PB
2018-01-15,26.3,4.7,PB
2018-01-16,27.0,0.1,PB
2018-01-17,26.5,3.5,PB
2018-01-18,25.5,10.5,PB
2018-01-19,24.9,28.4,PB
2018-01-20,26.2,8.3,PB
2018-01-21,26.5,1.2,PB
2018-01-22,26.5,1.1,PB
2018-01-23,25.8,8.4,PB
2018-01-24,26.1,6.1,PB
2018-01-25,26.6,0.7,PB
2018-01-26,26.8,0.8,PB
2018-01-27,26.9,1.5,PB
2018-01-28,26.9,1.0,PB
2018-01-29,26.7,4.2,PB
2018-01-30,27.1,0.4,PB
2018-01-31,27.0,2.9,PB
2018-02-01,27.2,2.2,PB
2018-02-02,27.2,0.8,PB
2018-02-03,26.9,0.9,PB
2018-02-04,27.1,0.0,PB
2018-02-05,27.1,2.3,PB
2018-02-06,27.3,0.7,PB
2018-02-07,27.7,1.4,PB
2018-02-08,27.1,7.1,PB
2018-02-09,25.9,47.2,PB
2018-02-10,26.1,13.0,PB
2018-02-11,26.6,0.5,PB
2018-02-12,26.5,2.2,PB
2018-02-13,25.8,16.4,PB
2018-02-14,25.2,25.1,PB
2018-02-15,26.1,9.7,PB
2018-02-16,25.9,17.7,PB
2018-02-17,25.7,23.0,PB
2018-02-18,26.5,2.8,PB
2018-02-19,26.3,3.2,PB
2018-02-20,26.7,1.7,PB
2018-02-21,27.1,0.0,PB
2018-02-22,26.2,11.2,PB
2018-02-23,26.3,1.2,PB
2018-02-24,26.7,1.9,PB
2018-02-25,26.3,2.4,PB
2018-02-26,26.6,1.0,PB
2018-02-27,26.8,3.0,PB
2018-02-28,26.2,12.0,PB
2018-03-01,26.2,3.8,PB
2018-03-02,25.7,7.3,PB
2018-03-03,26.1,5.4,PB
2018-03-04,27.3,1.1,PB
2018-03-05,26.8,4.7,PB
2018-03-06,26.7,7.7,PB
2018-03-07,27.4,0.7,PB
2018-03-08,27.0,1.7,PB
2018-03-09,27.1,5.9,PB
2018-03-10,27.1,1.5,PB
2018-03-11,27.5,0.5,PB
2018-03-12,27.7,3.2,PB
2018-03-13,27.8,1.6,PB
2018-03-14,27.4,1.2,PB
2018-03-15,27.2,1.0,PB
2018-03-16,26.7,1.1,PB
2018-03-17,27.0,0.6,PB
2018-03-18,27.5,0.0,PB
2018-03-19,27.5,0.0,PB
2018-03-20,27.6,0.4,PB
2018-03-21,27.7,1.3,PB
2018-03-22,27.6,2.7,PB
2018-03-23,27.4,1.3,PB
2018-03-24,26.2,6.2,PB
2018-03-25,25.5,12.2,PB
2018-03-26,26.1,3.2,PB
2018-03-27,26.6,3.7,PB
2018-03-28,25.7,20.6,PB
2018-03-29,25.0,25.2,PB
2018-03-30,25.1,11.4,PB
2018-03-31,25.9,2.0,PB
2018-04-01,26.0,7.2,PB
2018-04-02,26.3,5.1,PB
2018-04-03,27.0,2.2,PB
2018-04-04,27.2,1.2,PB
2018-04-05,26.8,4.1,PB
2018-04-06,25.7,8.4,PB
2018-04-07,25.8,6.3,PB
2018-04-08,25.6,7.1,PB
2018-04-09,25.5,13.6,PB
2018-04-10,25.7,22.6,PB
2018-04-11,24.6,38.3,PB
2018-04-12,25.1,25.6,PB
2018-04-13,24.9,32.0,PB
2018-04-14,25.5,5.9,PB
2018-04-15,25.5,7.3,PB
2018-04-16,25.4,13.7,PB
2018-04-17,26.2,4.9,PB
2018-04-18,26.2,1.5,PB
2018-04-19,25.6,1.8,PB
2018-04-20,25.8,3.2,PB
2018-04-21,25.5,3.0,PB
2018-04-22,25.2,8.9,PB
2018-04-23,25.5,6.1,PB
2018-04-24,26.7,6.9,PB
2018-04-25,25.5,31.6,PB
2018-04-26,26.0,3.1,PB
2018-04-27,25.6,11.9,PB
2018-04-28,26.1,3.0,PB
2018-04-29,25.7,9.8,PB
2018-04-30,25.0,23.4,PB
2018-05-01,26.3,3.5,PB
2018-05-02,26.1,2.7,PB
2018-05-03,25.4,4.4,PB
2018-05-04,26.0,2.2,PB
2018-05-05,25.4,6.4,PB
2018-05-06,26.0,11.5,PB
2018-05-07,26.1,0.2,PB
2018-05-08,26.0,2.6,PB
2018-05-09,25.1,1.1,PB
2018-05-10,25.6,0.4,PB
2018-05-11,25.4,22.4,PB
2018-05-12,26.1,2.2,PB
2018-05-13,25.6,6.7,PB
2018-05-14,26.1,3.4,PB
2018-05-15,25.7,6.1,PB
2018-05-16,25.9,5.0,PB
2018-05-17,25.0,10.7,PB
2018-05-18,25.2,10.0,PB
2018-05-19,25.9,0.5,PB
2018-05-20,25.7,0.3,PB
2018-05-21,26.9,1.6,PB
2018-05-22,26.3,3.7,PB
2018-05-23,25.6,2.0,PB
2018-05-24,25.9,1.8,PB
2018-05-25,24.7,6.3,PB
2018-05-26,25.6,0.1,PB
2018-05-27,26.0,0.7,PB
2018-05-28,25.2,6.8,PB
2018-05-29,25.6,0.8,PB
2018-05-30,26.0,0.8,PB
2018-05-31,25.2,5.9,PB
2018-06-01,25.3,0.6,PB
2018-06-02,25.2,9.3,PB
2018-06-03,25.2,11.4,PB
2018-06-04,25.5,3.4,PB
2018-06-05,24.9,0.2,PB
2018-06-06,25.3,0.9,PB
2018-06-07,25.7,8.9,PB
2018-06-08,26.1,3.9,PB
2018-06-09,25.9,2.7,PB
2018-06-10,25.8,2.5,PB
2018-06-11,25.8,1.0,PB
2018-06-12,25.8,1.0,PB
2018-06-13,25.8,2.0,PB
2018-06-14,25.0,3.3,PB
2018-06-15,25.1,1.6,PB
2018-06-16,24.8,3.0,PB
2018-06-17,24.5,6.1,PB
2018-06-18,24.6,6.4,PB
2018-06-19,24.4,4.2,PB
2018-06-20,24.6,1.9,PB
2018-06-21,25.1,1.0,PB
2018-06-22,25.8,0.0,PB
2018-06-23,25.5,1.2,PB
2018-06-24,25.1,2.8,PB
2018-06-25,25.2,0.6,PB
2018-06-26,24.1,2.6,PB
2018-06-27,24.1,3.1,PB
2018-06-28,25.0,1.4,PB
2018-06-29,24.4,3.0,PB
2018-06-30,23.9,0.4,PB
2018-07-01,24.6,0.1,PB
2018-07-02,24.6,4.6,PB
2018-07-03,24.8,1.0,PB
2018-07-04,24.6,0.1,PB
2018-07-05,24.3,3.9,PB
2018-07-06,24.8,12.5,PB
2018-07-07,25.6,0.4,PB
2018-07-08,24.7,3.6,PB
2018-07-09,25.0,0.0,PB
2018-07-10,23.8,20.6,PB
2018-07-11,25.1,3.3,PB
2018-07-12,24.3,8.5,PB
2018-07-13,24.8,1.9,PB
2018-07-14,24.9,0.4,PB
2018-07-15,24.4,0.7,PB
2018-07-16,24.9,1.0,PB
2018-07-17,24.6,1.7,PB
2018-07-18,24.5,5.1,PB
2018-07-19,24.8,1.3,PB
2018-07-20,24.4,4.4,PB
2018-07-21,24.8,1.5,PB
2018-07-22,24.9,1.4,PB
2018-07-23,25.3,0.2,PB
2018-07-24,25.1,0.4,PB
2018-07-25,24.7,1.8,PB
2018-07-26,24.6,2.9,PB
2018-07-27,23.8,18.6,PB
2018-07-28,24.8,2.4,PB
2018-07-29,24.5,4.1,PB
2018-07-30,24.2,4.4,PB
2018-07-31,24.4,3.8,PB
2018-08-01,24.2,5.5,PB
2018-08-02,25.0,1.3,PB
2018-08-03,24.6,0.3,PB
2018-08-04,24.6,0.0,PB
2018-08-05,25.1,1.9,PB
2018-08-06,25.0,0.6,PB
2018-08-07,24.9,2.1,PB
2018-08-08,24.8,1.4,PB
2018-08-09,23.9,4.3,PB
2018-08-10,25.0,1.1,PB
2018-08-11,25.0,0.4,PB
2018-08-12,24.9,1.9,PB
2018-08-13,25.6,0.2,PB
2018-08-14,25.5,1.0,PB
2018-08-15,25.6,0.5,PB
2018-08-16,25.1,3.0,PB
2018-08-17,25.2,0.8,PB
2018-08-18,24.7,2.0,PB
2018-08-19,25.1,0.5,PB
2018-08-20,25.1,0.5,PB
2018-08-21,24.7,4.0,PB
2018-08-22,24.9,0.4,PB
2018-08-23,24.8,0.1,PB
2018-08-24,24.9,2.0,PB
2018-08-25,24.6,4.6,PB
2018-08-26,25.0,1.4,PB
2018-08-27,24.5,0.9,PB
2018-08-28,24.8,1.0,PB
2018-08-29,24.3,2.4,PB
2018-08-30,24.0,1.9,PB
2018-08-31,24.9,0.3,PB
2018-09-01,24.3,2.2,PB
2018-09-02,24.6,4.6,PB
2018-09-03,25.1,0.0,PB
2018-09-04,25.2,0.0,PB
2018-09-05,25.4,0.0,PB
2018-09-06,25.3,0.9,PB
2018-09-07,24.7,1.9,PB
2018-09-08,24.6,1.1,PB
2018-09-09,24.8,1.2,PB
2018-09-10,24.1,6.3,PB
2018-09-11,24.9,1.8,PB
2018-09-12,25.2,0.0,PB
2018-09-13,24.8,0.4,PB
2018-09-14,24.6,1.5,PB
2018-09-15,25.4,0.6,PB
2018-09-16,25.3,4.0,PB
2018-09-17,25.6,1.6,PB
2018-09-18,25.6,2.5,PB
2018-09-19,25.5,1.0,PB
2018-09-20,25.5,1.6,PB
2018-09-21,25.3,1.3,PB
2018-09-22,25.5,0.0,PB
2018-09-23,25.3,1.0,PB
2018-09-24,25.4,2.0,PB
2018-09-25,25.7,0.6,PB
2018-09-26,25.6,1.2,PB
2018-09-27,25.4,2.4,PB
2018-09-28,25.8,0.7,PB
2018-09-29,25.5,1.9,PB
2018-09-30,26.0,0.2,PB
2018-10-01,25.9,0.3,PB
2018-10-02,25.6,0.3,PB
2018-10-03,25.3,2.7,PB
2018-10-04,26.0,1.6,PB
2018-10-05,25.8,1.6,PB
2018-10-06,26.3,0.1,PB
2018-10-07,25.7,2.3,PB
2018-10-08,25.8,1.9,PB
2018-10-09,25.9,0.2,PB
2018-10-10,25.6,2.8,PB
2018-10-11,26.1,0.2,PB
2018-10-12,26.1,0.0,PB
2018-10-13,25.6,3.0,PB
2018-10-14,26.2,0.2,PB
2018-10-15,26.1,2.1,PB
2018-10-16,26.3,1.7,PB
2018-10-17,26.1,2.0,PB
2018-10-18,26.4,0.1,PB
2018-10-19,26.5,0.2,PB
2018-10-20,26.3,0.0,PB
2018-10-21,26.6,0.1,PB
2018-10-22,26.6,1.1,PB
2018-10-23,26.4,0.9,PB
2018-10-24,26.3,0.3,PB
2018-10-25,26.5,1.8,PB
2018-10-26,26.5,1.7,PB
2018-10-27,26.6,0.7,PB
2018-10-28,26.6,0.2,PB
2018-10-29,27.0,1.0,PB
2018-10-30,26.9,1.0,PB
2018-10-31,26.7,0.8,PB
2016-09-01,14.2,0.0,PR
2016-09-02,14.4,0.1,PR
2016-09-03,14.8,21.8,PR
2016-09-04,16.2,24.5,PR
2016-09-05,15.9,5.0,PR
2016-09-06,14.9,5.4,PR
2016-09-07,10.8,0.0,PR
2016-09-08,12.0,0.0,PR
2016-09-09,12.9,0.0,PR
2016-09-10,15.3,0.0,PR
2016-09-11,16.8,0.0,PR
2016-09-12,19.4,0.0,PR
2016-09-13,20.8,2.6,PR
2016-09-14,15.0,0.1,PR
2016-09-15,13.4,0.0,PR
2016-09-16,13.3,0.0,PR
2016-09-17,16.2,0.0,PR
2016-09-18,18.3,5.5,PR
2016-09-19,16.8,3.7,PR
2016-09-20,13.3,0.5,PR
2016-09-21,12.0,0.0,PR
2016-09-22,13.9,0.2,PR
2016-09-23,16.0,0.0,PR
2016-09-24,15.5,0.0,PR
2016-09-25,13.2,4.5,PR
2016-09-26,14.2,0.0,PR
2016-09-27,14.5,0.0,PR
2016-09-28,16.4,0.0,PR
2016-09-29,15.5,0.0,PR
2016-09-30,12.0,0.1,PR
2016-10-01,13.0,0.8,PR
2016-10-02,13.3,0.4,PR
2016-10-03,14.2,1.2,PR
2016-10-04,14.3,2.3,PR
2016-10-05,14.7,1.5,PR
2016-10-06,13.1,27.9,PR
2016-10-07,13.0,1.1,PR
2016-10-08,16.6,0.0,PR
2016-10-09,14.3,0.0,PR
2016-10-10,14.6,0.0,PR
2016-10-11,14.8,4.7,PR
2016-10-12,17.7,0.0,PR
2016-10-13,18.1,7.5,PR
2016-10-14,18.6,4.9,PR
2016-10-15,19.0,0.4,PR
2016-10-16,22.5,1.8,PR
2016-10-17,22.9,2.7,PR
2016-10-18,22.1,9.7,PR
2016-10-19,22.9,6.6,PR
2016-10-20,23.0,7.1,PR
2016-10-21,17.0,2.0,PR
2016-10-22,14.7,0.0,PR
2016-10-23,16.9,0.0,PR
2016-10-24,19.2,0.1,PR
2016-10-25,18.6,7.9,PR
2016-10-26,19.3,10.7,PR
2016-10-27,18.2,2.2,PR
2016-10-28,13.3,0.0,PR
2016-10-29,12.8,0.1,PR
2016-10-30,13.9,0.0,PR
2016-10-31,17.5,0.1,PR
2016-11-01,20.8,0.3,PR
2016-11-02,20.5,5.1,PR
2016-11-03,15.3,3.3,PR
2016-11-04,17.0,0.0,PR
2016-11-05,16.7,0.0,PR
2016-11-06,17.4,0.1,PR
2016-11-07,19.1,1.6,PR
2016-11-08,19.7,0.5,PR
2016-11-09,20.2,4.9,PR
2016-11-10,21.5,0.0,PR
2016-11-11,20.9,0.5,PR
2016-11-12,13.7,0.2,PR
2016-11-13,14.6,0.0,PR
2016-11-14,17.2,0.2,PR
2016-11-15,18.4,3.4,PR
2016-11-16,19.0,19.8,PR
2016-11-17,19.8,1.1,PR
2016-11-18,16.0,1.8,PR
2016-11-19,13.3,0.0,PR
2016-11-20,15.4,0.0,PR
2016-11-21,19.3,0.0,PR
2016-11-22,17.3,0.1,PR
2016-11-23,18.3,5.4,PR
2016-11-24,18.5,0.2,PR
2016-11-25,19.5,3.0,PR
2016-11-26,20.6,0.2,PR
2016-11-27,22.4,8.2,PR
2016-11-28,22.5,8.6,PR
2016-11-29,17.6,2.0,PR
2016-11-30,15.0,1.1,PR
2016-12-01,15.0,0.0,PR
2016-12-02,17.8,0.0,PR
2016-12-03,19.0,10.9,PR
2016-12-04,19.0,1.5,PR
2016-12-05,18.1,0.0,PR
2016-12-06,20.2,0.0,PR
2016-12-07,22.1,0.0,PR
2016-12-08,21.0,21.0,PR
2016-12-09,19.2,14.1,PR
2016-12-10,19.6,10.2,PR
2016-12-11,21.5,10.2,PR
2016-12-12,18.7,1.8,PR
2016-12-13,22.1,0.0,PR
2016-12-14,19.0,2.9,PR
2016-12-15,14.3,2.5,PR
2016-12-16,15.3,0.6,PR
2016-12-17,18.2,1.2,PR
2016-12-18,20.2,3.2,PR
2016-12-19,21.6,2.2,PR
2016-12-20,20.5,20.0,PR
2016-12-21,19.5,5.7,PR
2016-12-22,20.7,1.4,PR
2016-12-23,21.9,0.0,PR
2016-12-24,22.3,3.3,PR
2016-12-25,22.4,3.8,PR
2016-12-26,24.9,0.6,PR
2016-12-27,25.7,0.0,PR
2016-12-28,23.5,14.7,PR
2016-12-29,23.0,11.1,PR
2016-12-30,21.8,4.8,PR
2016-12-31,22.4,8.2,PR
2017-01-01,22.2,3.3,PR
2017-01-02,22.3,11.0,PR
2017-01-03,21.5,3.1,PR
2017-01-04,23.0,6.8,PR
2017-01-05,23.1,5.3,PR
2017-01-06,20.6,23.3,PR
2017-01-07,21.2,6.0,PR
2017-01-08,23.1,10.3,PR
2017-01-09,23.6,2.9,PR
2017-01-10,23.2,3.6,PR
2017-01-11,22.4,13.9,PR
2017-01-12,19.9,13.8,PR
2017-01-13,19.9,0.0,PR
2017-01-14,22.5,0.0,PR
2017-01-15,22.2,0.0,PR
2017-01-16,21.1,15.5,PR
2017-01-17,21.7,13.4,PR
2017-01-18,21.6,14.3,PR
2017-01-19,19.9,2.4,PR
2017-01-20,19.4,4.0,PR
2017-01-21,19.3,1.4,PR
2017-01-22,19.8,3.6,PR
2017-01-23,19.7,20.9,PR
2017-01-24,21.5,2.6,PR
2017-01-25,21.0,8.5,PR
2017-01-26,20.6,12.5,PR
2017-01-27,18.6,6.2,PR
2017-01-28,19.1,22.6,PR
2017-01-29,20.4,10.3,PR
2017-01-30,20.7,1.1,PR
2017-01-31,19.6,10.0,PR
2017-02-01,19.5,19.0,PR
2017-02-02,20.8,4.0,PR
2017-02-03,20.7,4.7,PR
2017-02-04,22.3,0.5,PR
2017-02-05,23.9,0.1,PR
2017-02-06,22.2,13.1,PR
2017-02-07,20.6,2.3,PR
2017-02-08,19.3,0.8,PR
2017-02-09,19.9,1.2,PR
2017-02-10,19.8,0.3,PR
2017-02-11,21.0,4.8,PR
2017-02-12,21.8,10.1,PR
2017-02-13,21.3,6.4,PR
2017-02-14,22.4,0.3,PR
2017-02-15,23.3,0.0,PR
2017-02-16,23.1,0.1,PR
2017-02-17,22.3,2.3,PR
2017-02-18,23.2,2.8,PR
2017-02-19,23.9,1.8,PR
2017-02-20,22.3,0.1,PR
2017-02-21,21.4,0.0,PR
2017-02-22,22.0,0.0,PR
2017-02-23,23.3,2.7,PR
2017-02-24,21.8,2.1,PR
2017-02-25,21.1,2.5,PR
2017-02-26,20.4,1.3,PR
2017-02-27,21.2,1.0,PR
2017-02-28,22.7,0.6,PR
2017-03-01,23.0,3.3,PR
2017-03-02,21.9,14.8,PR
2017-03-03,22.3,5.8,PR
2017-03-04,22.8,0.3,PR
2017-03-05,21.8,8.4,PR
2017-03-06,20.4,4.3,PR
2017-03-07,20.6,7.6,PR
2017-03-08,20.2,1.4,PR
2017-03-09,22.4,1.0,PR
2017-03-10,23.8,0.5,PR
2017-03-11,21.0,2.2,PR
2017-03-12,22.3,0.6,PR
2017-03-13,18.7,0.6,PR
2017-03-14,18.6,0.9,PR
2017-03-15,20.0,2.1,PR
2017-03-16,21.7,3.1,PR
2017-03-17,18.1,15.4,PR
2017-03-18,15.6,4.2,PR
2017-03-19,16.2,1.8,PR
2017-03-20,16.6,1.6,PR
2017-03-21,16.7,2.8,PR
2017-03-22,18.1,0.1,PR
2017-03-23,18.3,1.0,PR
2017-03-24,19.4,0.1,PR
2017-03-25,19.3,1.5,PR
2017-03-26,18.1,0.0,PR
2017-03-27,17.6,3.2,PR
2017-03-28,17.5,0.7,PR
2017-03-29,17.1,1.7,PR
2017-03-30,16.5,1.1,PR
2017-03-31,15.9,1.5,PR
2017-04-01,15.7,2.4,PR
2017-04-02,16.7,0.9,PR
2017-04-03,18.1,0.1,PR
2017-04-04,19.4,0.0,PR
2017-04-05,20.3,5.9,PR
2017-04-06,18.2,50.1,PR
2017-04-07,17.9,7.5,PR
2017-04-08,19.5,1.0,PR
2017-04-09,19.4,0.8,PR
2017-04-10,20.2,0.2,PR
2017-04-11,20.7,5.7,PR
2017-04-12,16.4,3.0,PR
2017-04-13,15.7,1.1,PR
2017-04-14,16.7,0.0,PR
2017-04-15,19.0,0.5,PR
2017-04-16,19.5,0.0,PR
2017-04-17,16.4,1.1,PR
2017-04-18,16.0,0.2,PR
2017-04-19,15.6,0.4,PR
2017-04-20,17.3,2.8,PR
2017-04-21,18.5,11.2,PR
2017-04-22,15.9,0.3,PR
2017-04-23,15.7,0.2,PR
2017-04-24,16.8,0.1,PR
2017-04-25,19.3,0.0,PR
2017-04-26,19.0,8.1,PR
2017-04-27,12.3,0.0,PR
2017-04-28,11.6,0.0,PR
2017-04-29,12.2,0.0,PR
2017-04-30,14.0,0.3,PR
2017-05-01,15.8,0.0,PR
2017-05-02,16.0,0.8,PR
2017-05-03,16.8,0.7,PR
2017-05-04,17.1,5.9,PR
2017-05-05,16.8,8.2,PR
2017-05-06,16.5,0.6,PR
2017-05-07,16.5,0.0,PR
2017-05-08,15.9,0.0,PR
2017-05-09,16.8,0.0,PR
2017-05-10,16.2,0.4,PR
2017-05-11,14.3,0.5,PR
2017-05-12,15.2,0.0,PR
2017-05-13,17.9,0.2,PR
2017-05-14,17.9,1.5,PR
2017-05-15,13.3,0.0,PR
2017-05-16,14.3,0.1,PR
2017-05-17,14.6,0.0,PR
2017-05-18,14.6,22.5,PR
2017-05-19,14.7,32.3,PR
2017-05-20,15.8,0.2,PR
2017-05-21,16.0,24.9,PR
2017-05-22,14.4,0.3,PR
2017-05-23,13.4,0.0,PR
2017-05-24,16.1,0.1,PR
2017-05-25,19.0,0.0,PR
2017-05-26,20.6,0.0,PR
2017-05-27,17.5,8.7,PR
2017-05-28,16.2,1.5,PR
2017-05-29,18.8,0.0,PR
2017-05-30,15.1,0.3,PR
2017-05-31,16.0,20.3,PR
2017-06-01,13.9,9.7,PR
2017-06-02,12.4,0.0,PR
2017-06-03,13.4,0.0,PR
2017-06-04,17.5,0.0,PR
2017-06-05,18.4,27.1,PR
2017-06-06,18.2,55.0,PR
2017-06-07,19.2,1.8,PR
2017-06-08,19.4,2.6,PR
2017-06-09,11.5,2.6,PR
2017-06-10,7.9,0.0,PR
2017-06-11,10.7,0.0,PR
2017-06-12,10.6,0.0,PR
2017-06-13,12.3,0.5,PR
2017-06-14,12.5,0.2,PR
2017-06-15,14.4,0.5,PR
2017-06-16,14.7,0.0,PR
2017-06-17,15.3,0.0,PR
2017-06-18,16.8,0.0,PR
2017-06-19,13.0,8.3,PR
2017-06-20,9.2,22.6,PR
2017-06-21,11.5,0.0,PR
2017-06-22,14.3,0.3,PR
2017-06-23,15.2,0.0,PR
2017-06-24,14.5,0.0,PR
2017-06-25,14.8,0.0,PR
2017-06-26,13.6,0.0,PR
2017-06-27,14.0,0.0,PR
2017-06-28,14.0,0.0,PR
2017-06-29,14.8,0.0,PR
2017-06-30,16.9,0.0,PR
2017-07-01,13.6,0.3,PR
2017-07-02,10.3,0.0,PR
2017-07-03,10.2,0.1,PR
2017-07-04,11.4,0.6,PR
2017-07-05,11.8,0.0,PR
2017-07-06,11.3,0.0,PR
2017-07-07,12.0,0.0,PR
2017-07-08,13.4,0.0,PR
2017-07-09,14.0,0.0,PR
2017-07-10,14.6,0.0,PR
2017-07-11,15.4,0.0,PR
2017-07-12,14.1,0.0,PR
2017-07-13,14.1,0.0,PR
2017-07-14,15.1,0.0,PR
2017-07-15,15.1,0.0,PR
2017-07-16,17.0,0.0,PR
2017-07-17,14.9,3.7,PR
2017-07-18,4.9,7.2,PR
2017-07-19,6.5,0.0,PR
2017-07-20,11.6,0.0,PR
2017-07-21,12.5,0.0,PR
2017-07-22,11.8,0.0,PR
2017-07-23,13.7,0.0,PR
2017-07-24,15.0,0.0,PR
2017-07-25,15.8,0.0,PR
2017-07-26,14.4,0.0,PR
2017-07-27,12.9,0.0,PR
2017-07-28,14.1,0.0,PR
2017-07-29,14.2,0.0,PR
2017-07-30,15.0,0.0,PR
2017-07-31,15.3,0.4,PR
2017-08-01,15.6,0.0,PR
2017-08-02,16.4,0.0,PR
2017-08-03,15.0,9.2,PR
2017-08-04,10.9,0.0,PR
2017-08-05,11.2,0.1,PR
2017-08-06,11.4,0.0,PR
2017-08-07,12.5,0.0,PR
2017-08-08,17.4,3.6,PR
2017-08-09,18.9,0.1,PR
2017-08-10,13.5,0.1,PR
2017-08-11,13.3,0.0,PR
2017-08-12,14.9,0.0,PR
2017-08-13,18.5,6.3,PR
2017-08-14,14.4,0.0,PR
2017-08-15,12.9,8.7,PR
2017-08-16,13.5,0.2,PR
2017-08-17,12.8,0.3,PR
2017-08-18,13.5,1.7,PR
2017-08-19,15.6,11.0,PR
2017-08-20,14.9,22.2,PR
2017-08-21,8.9,0.4,PR
2017-08-22,10.0,0.1,PR
2017-08-23,13.6,0.0,PR
2017-08-24,15.4,0.0,PR
2017-08-25,14.3,0.3,PR
2017-08-26,16.8,0.0,PR
2017-08-27,16.9,0.0,PR
2017-08-28,16.2,0.0,PR
2017-08-29,17.4,0.0,PR
2017-08-30,20.7,0.0,PR
2017-08-31,13.4,0.1,PR
2017-09-01,13.6,0.0,PR
2017-09-02,14.2,0.0,PR
2017-09-03,15.6,0.0,PR
2017-09-04,17.6,0.0,PR
2017-09-05,19.0,0.0,PR
2017-09-06,15.9,0.0,PR
2017-09-07,17.6,0.0,PR
2017-09-08,18.2,0.0,PR
2017-09-09,18.5,0.0,PR
2017-09-10,19.4,0.0,PR
2017-09-11,21.4,0.0,PR
2017-09-12,19.2,0.0,PR
2017-09-13,19.7,0.0,PR
2017-09-14,22.4,0.0,PR
2017-09-15,22.1,0.2,PR
2017-09-16,20.1,0.2,PR
2017-09-17,18.3,1.6,PR
2017-09-18,16.5,0.0,PR
2017-09-19,18.6,0.4,PR
2017-09-20,17.9,0.0,PR
2017-09-21,18.6,0.0,PR
2017-09-22,22.2,0.0,PR
2017-09-23,19.0,0.1,PR
2017-09-24,16.3,0.4,PR
2017-09-25,16.9,0.0,PR
2017-09-26,16.5,0.0,PR
2017-09-27,19.5,0.0,PR
2017-09-28,17.2,0.2,PR
2017-09-29,14.8,14.8,PR
2017-09-30,16.6,29.3,PR
2017-10-01,18.8,0.1,PR
2017-10-02,17.7,6.0,PR
2017-10-03,14.4,0.2,PR
2017-10-04,14.4,0.0,PR
2017-10-05,17.4,0.0,PR
2017-10-06,20.9,13.8,PR
2017-10-07,16.8,16.5,PR
2017-10-08,16.8,5.4,PR
2017-10-09,18.6,0.9,PR
2017-10-10,19.3,1.3,PR
2017-10-11,22.0,3.7,PR
2017-10-12,21.3,2.9,PR
2017-10-13,22.2,0.0,PR
2017-10-14,18.4,42.4,PR
2017-10-15,14.2,2.5,PR
2017-10-16,14.9,0.1,PR
2017-10-17,16.1,0.1,PR
2017-10-18,21.0,0.0,PR
2017-10-19,21.3,11.3,PR
2017-10-20,15.7,6.3,PR
2017-10-21,19.2,15.4,PR
2017-10-22,17.8,2.1,PR
2017-10-23,13.2,5.1,PR
2017-10-24,14.2,0.0,PR
2017-10-25,16.5,11.3,PR
2017-10-26,18.2,1.8,PR
2017-10-27,18.7,14.6,PR
2017-10-28,20.1,0.0,PR
2017-10-29,17.8,2.4,PR
2017-10-30,17.4,11.0,PR
2017-10-31,16.9,2.2,PR
2017-11-01,14.6,0.0,PR
2017-11-02,14.9,0.0,PR
2017-11-03,16.2,6.5,PR
2017-11-04,19.6,8.9,PR
2017-11-05,15.5,1.7,PR
2017-11-06,14.6,0.6,PR
2017-11-07,15.1,0.3,PR
2017-11-08,15.2,5.4,PR
2017-11-09,18.0,0.8,PR
2017-11-10,19.3,8.4,PR
2017-11-11,17.5,1.2,PR
2017-11-12,17.8,0.0,PR
2017-11-13,16.8,0.0,PR
2017-11-14,16.7,0.0,PR
2017-11-15,20.1,0.0,PR
2017-11-16,23.1,6.1,PR
2017-11-17,20.1,43.1,PR
2017-11-18,19.2,13.1,PR
2017-11-19,16.9,0.7,PR
2017-11-20,17.5,1.1,PR
2017-11-21,19.5,12.6,PR
2017-11-22,16.6,2.6,PR
2017-11-23,15.4,0.9,PR
2017-11-24,19.3,0.0,PR
2017-11-25,19.8,1.5,PR
2017-11-26,19.8,10.1,PR
2017-11-27,18.9,2.0,PR
2017-11-28,18.5,0.9,PR
2017-11-29,17.1,0.7,PR
2017-11-30,17.0,0.2,PR
2017-12-01,16.8,1.3,PR
2017-12-02,17.2,1.5,PR
2017-12-03,19.2,0.3,PR
2017-12-04,20.9,0.3,PR
2017-12-05,18.9,0.8,PR
2017-12-06,19.2,1.4,PR
2017-12-07,19.0,2.1,PR
2017-12-08,20.2,1.5,PR
2017-12-09,20.1,0.3,PR
2017-12-10,21.6,0.0,PR
2017-12-11,19.5,1.8,PR
2017-12-12,15.7,0.9,PR
2017-12-13,18.3,0.0,PR
2017-12-14,21.2,0.3,PR
2017-12-15,22.2,0.6,PR
2017-12-16,21.7,2.0,PR
2017-12-17,23.7,1.2,PR
2017-12-18,20.2,5.6,PR
2017-12-19,19.3,0.5,PR
2017-12-20,20.7,11.3,PR
2017-12-21,19.6,21.9,PR
2017-12-22,20.9,5.3,PR
2017-12-23,21.3,10.5,PR
2017-12-24,21.0,19.8,PR
2017-12-25,17.1,16.4,PR
2017-12-26,17.7,0.2,PR
2017-12-27,20.4,5.7,PR
2017-12-28,20.2,26.9,PR
2017-12-29,18.6,8.5,PR
2017-12-30,19.8,14.6,PR
2017-12-31,20.9,6.4,PR
2018-01-01,21.7,2.2,PR
2018-01-02,21.5,4.0,PR
2018-01-03,21.0,0.6,PR
2018-01-04,20.0,0.0,PR
2018-01-05,20.3,0.0,PR
2018-01-06,21.6,5.2,PR
2018-01-07,18.2,1.8,PR
2018-01-08,17.3,2.9,PR
2018-01-09,18.4,9.1,PR
2018-01-10,19.3,17.2,PR
2018-01-11,19.9,9.3,PR
2018-01-12,20.1,7.6,PR
2018-01-13,20.2,9.9,PR
2018-01-14,21.2,5.2,PR
2018-01-15,22.1,2.2,PR
2018-01-16,21.4,26.2,PR
2018-01-17,21.1,32.3,PR
2018-01-18,22.0,7.3,PR
2018-01-19,20.2,23.1,PR
2018-01-20,19.4,10.5,PR
2018-01-21,20.8,12.3,PR
2018-01-22,22.3,1.3,PR
2018-01-23,23.1,11.8,PR
2018-01-24,23.2,10.2,PR
2018-01-25,20.5,0.6,PR
2018-01-26,17.9,1.6,PR
2018-01-27,17.5,0.8,PR
2018-01-28,20.7,3.8,PR
2018-01-29,20.5,9.0,PR
2018-01-30,17.8,0.0,PR
2018-01-31,19.0,1.3,PR
2018-02-01,18.1,0.7,PR
2018-02-02,19.1,1.1,PR
2018-02-03,18.9,0.1,PR
2018-02-04,17.5,1.2,PR
2018-02-05,17.6,1.0,PR
2018-02-06,18.0,0.0,PR
2018-02-07,19.5,1.8,PR
2018-02-08,20.7,4.1,PR
2018-02-09,22.4,4.8,PR
2018-02-10,23.1,3.2,PR
2018-02-11,22.2,9.9,PR
2018-02-12,19.3,34.9,PR
2018-02-13,16.2,4.7,PR
2018-02-14,15.4,3.4,PR
2018-02-15,16.7,0.7,PR
2018-02-16,17.4,1.0,PR
2018-02-17,18.1,1.7,PR
2018-02-18,18.7,2.5,PR
2018-02-19,19.5,6.9,PR
2018-02-20,20.5,0.6,PR
2018-02-21,20.7,1.3,PR
2018-02-22,20.1,0.3,PR
2018-02-23,18.5,0.3,PR
2018-02-24,18.3,0.7,PR
2018-02-25,18.8,0.0,PR
2018-02-26,19.5,0.0,PR
2018-02-27,20.1,1.0,PR
2018-02-28,21.1,5.7,PR
2018-03-01,21.7,2.6,PR
2018-03-02,21.3,3.1,PR
2018-03-03,21.3,1.0,PR
2018-03-04,20.4,4.3,PR
2018-03-05,21.3,5.4,PR
2018-03-06,21.2,8.0,PR
2018-03-07,19.0,7.4,PR
2018-03-08,18.3,0.5,PR
2018-03-09,19.3,0.9,PR
2018-03-10,20.1,2.6,PR
2018-03-11,21.9,0.0,PR
2018-03-12,22.2,0.8,PR
2018-03-13,21.6,1.3,PR
2018-03-14,22.0,4.1,PR
2018-03-15,22.5,1.6,PR
2018-03-16,21.5,1.1,PR
2018-03-17,21.4,4.3,PR
2018-03-18,22.9,0.1,PR
2018-03-19,23.9,4.1,PR
2018-03-20,21.0,16.3,PR
2018-03-21,18.6,4.2,PR
2018-03-22,18.0,1.2,PR
2018-03-23,20.5,0.6,PR
2018-03-24,21.9,2.6,PR
2018-03-25,21.7,1.2,PR
2018-03-26,16.9,17.0,PR
2018-03-27,18.5,16.4,PR
2018-03-28,19.9,12.2,PR
2018-03-29,19.9,9.9,PR
2018-03-30,19.4,6.7,PR
2018-03-31,19.5,2.9,PR
2018-04-01,20.4,0.8,PR
2018-04-02,20.0,1.6,PR
2018-04-03,18.4,0.3,PR
2018-04-04,19.1,3.4,PR
2018-04-05,18.4,3.0,PR
2018-04-06,18.4,1.3,PR
2018-04-07,18.7,0.0,PR
2018-04-08,18.4,0.0,PR
2018-04-09,19.1,0.1,PR
2018-04-10,19.2,0.0,PR
2018-04-11,18.9,0.0,PR
2018-04-12,19.4,0.0,PR
2018-04-13,19.6,0.1,PR
2018-04-14,17.1,1.6,PR
2018-04-15,15.7,1.2,PR
2018-04-16,15.6,0.6,PR
2018-04-17,15.4,0.3,PR
2018-04-18,16.7,0.0,PR
2018-04-19,17.1,0.0,PR
2018-04-20,17.6,0.0,PR
2018-04-21,18.0,0.0,PR
2018-04-22,17.4,0.0,PR
2018-04-23,17.9,0.0,PR
2018-04-24,18.5,0.0,PR
2018-04-25,18.6,0.6,PR
2018-04-26,18.9,0.0,PR
2018-04-27,20.1,0.0,PR
2018-04-28,20.0,0.1,PR
2018-04-29,20.0,0.0,PR
2018-04-30,20.8,0.0,PR
2018-05-01,20.4,0.4,PR
2018-05-02,19.3,1.0,PR
2018-05-03,20.0,0.2,PR
2018-05-04,20.9,0.0,PR
2018-05-05,19.4,0.2,PR
2018-05-06,18.9,1.2,PR
2018-05-07,17.3,0.8,PR
2018-05-08,16.1,1.6,PR
2018-05-09,16.8,0.3,PR
2018-05-10,17.3,0.0,PR
2018-05-11,19.3,0.4,PR
2018-05-12,16.8,0.0,PR
2018-05-13,15.9,0.0,PR
2018-05-14,16.3,0.0,PR
2018-05-15,17.9,0.8,PR
2018-05-16,17.4,1.6,PR
2018-05-17,16.2,0.7,PR
2018-05-18,18.0,1.0,PR
2018-05-19,14.7,14.7,PR
2018-05-20,9.8,0.0,PR
2018-05-21,9.9,0.0,PR
2018-05-22,11.7,0.0,PR
2018-05-23,12.2,0.0,PR
2018-05-24,13.8,0.4,PR
2018-05-25,14.0,1.5,PR
2018-05-26,14.4,0.5,PR
2018-05-27,15.8,0.0,PR
2018-05-28,14.7,0.0,PR
2018-05-29,14.9,0.0,PR
2018-05-30,15.1,0.0,PR
2018-05-31,15.2,0.0,PR
2018-06-01,16.8,0.1,PR
2018-06-02,16.6,14.6,PR
2018-06-03,12.2,4.6,PR
2018-06-04,11.0,3.6,PR
2018-06-05,14.1,11.6,PR
2018-06-06,13.2,0.1,PR
2018-06-07,13.6,10.8,PR
2018-06-08,8.9,0.0,PR
2018-06-09,10.9,1.3,PR
2018-06-10,16.7,0.0,PR
2018-06-11,20.8,0.0,PR
2018-06-12,19.7,7.2,PR
2018-06-13,15.5,3.7,PR
2018-06-14,9.0,1.7,PR
2018-06-15,8.9,7.8,PR
2018-06-16,8.5,6.3,PR
2018-06-17,10.7,0.6,PR
2018-06-18,12.9,0.2,PR
2018-06-19,14.2,0.6,PR
2018-06-20,14.9,0.0,PR
2018-06-21,15.3,0.2,PR
2018-06-22,16.3,0.1,PR
2018-06-23,16.3,0.0,PR
2018-06-24,16.7,0.0,PR
2018-06-25,17.3,0.0,PR
2018-06-26,17.5,4.9,PR
2018-06-27,15.8,9.2,PR
2018-06-28,16.4,0.0,PR
2018-06-29,16.7,0.0,PR
2018-06-30,17.1,0.5,PR
2018-07-01,16.5,0.0,PR
2018-07-02,18.1,0.0,PR
2018-07-03,14.6,1.6,PR
2018-07-04,13.7,0.2,PR
2018-07-05,16.9,0.0,PR
2018-07-06,17.3,0.0,PR
2018-07-07,17.1,0.0,PR
2018-07-08,17.9,0.1,PR
2018-07-09,11.5,1.2,PR
2018-07-10,8.0,0.0,PR
2018-07-11,7.9,0.0,PR
2018-07-12,7.8,0.0,PR
2018-07-13,11.9,0.0,PR
2018-07-14,15.4,0.0,PR
2018-07-15,17.6,0.0,PR
2018-07-16,18.2,0.0,PR
2018-07-17,16.6,0.0,PR
2018-07-18,16.6,0.0,PR
2018-07-19,17.7,0.0,PR
2018-07-20,19.2,0.0,PR
2018-07-21,14.8,0.0,PR
2018-07-22,12.6,0.1,PR
2018-07-23,16.8,0.0,PR
2018-07-24,13.8,0.4,PR
2018-07-25,14.4,0.7,PR
2018-07-26,15.8,1.0,PR
2018-07-27,16.8,0.0,PR
2018-07-28,17.7,0.1,PR
2018-07-29,18.2,2.5,PR
2018-07-30,14.5,3.1,PR
2018-07-31,12.0,4.7,PR
2018-08-01,9.5,1.8,PR
2018-08-02,11.0,1.5,PR
2018-08-03,13.7,1.8,PR
2018-08-04,14.5,0.2,PR
2018-08-05,14.7,0.0,PR
2018-08-06,12.8,0.0,PR
2018-08-07,12.2,0.0,PR
2018-08-08,14.4,2.9,PR
2018-08-09,14.8,0.6,PR
2018-08-10,9.6,0.0,PR
2018-08-11,10.5,0.0,PR
2018-08-12,11.7,0.0,PR
2018-08-13,11.8,0.0,PR
2018-08-14,14.8,0.0,PR
2018-08-15,12.1,0.1,PR
2018-08-16,11.5,1.3,PR
2018-08-17,12.1,0.8,PR
2018-08-18,13.7,0.0,PR
2018-08-19,16.0,0.0,PR
2018-08-20,16.9,0.0,PR
2018-08-21,13.8,1.6,PR
2018-08-22,15.1,5.7,PR
2018-08-23,17.7,0.2,PR
2018-08-24,18.2,16.4,PR
2018-08-25,14.3,4.4,PR
2018-08-26,9.2,0.0,PR
2018-08-27,8.9,0.0,PR
2018-08-28,13.1,0.0,PR
2018-08-29,16.2,0.0,PR
2018-08-30,18.7,0.0,PR
2018-08-31,21.3,0.0,PR
2018-09-01,18.6,0.5,PR
2018-09-02,18.0,3.3,PR
2018-09-03,14.7,10.1,PR
2018-09-04,12.4,3.6,PR
2018-09-05,10.8,0.1,PR
2018-09-06,11.1,0.0,PR
2018-09-07,14.0,0.0,PR
2018-09-08,14.0,0.0,PR
2018-09-09,13.3,0.0,PR
2018-09-10,14.1,0.1,PR
2018-09-11,13.3,0.0,PR
2018-09-12,13.8,1.4,PR
2018-09-13,14.6,1.0,PR
2018-09-14,14.7,22.6,PR
2018-09-15,15.0,5.0,PR
2018-09-16,14.6,0.4,PR
2018-09-17,15.7,9.4,PR
2018-09-18,18.4,0.1,PR
2018-09-19,19.9,0.0,PR
2018-09-20,17.3,7.7,PR
2018-09-21,17.6,0.0,PR
2018-09-22,19.3,0.0,PR
2018-09-23,20.2,0.0,PR
2018-09-24,19.4,0.0,PR
2018-09-25,17.3,0.0,PR
2018-09-26,18.8,14.3,PR
2018-09-27,18.6,3.2,PR
2018-09-28,18.0,1.0,PR
2018-09-29,18.2,0.7,PR
2018-09-30,19.0,1.1,PR
2018-10-01,20.5,0.5,PR
2018-10-02,20.3,6.5,PR
2018-10-03,20.7,20.3,PR
2018-10-04,15.3,11.1,PR
2018-10-05,13.3,0.6,PR
2018-10-06,12.2,7.5,PR
2018-10-07,15.0,10.1,PR
2018-10-08,17.3,14.5,PR
2018-10-09,20.6,0.2,PR
2018-10-10,19.2,14.1,PR
2018-10-11,13.7,19.4,PR
2018-10-12,16.8,0.0,PR
2018-10-13,20.4,15.3,PR
2018-10-14,14.8,4.4,PR
2018-10-15,14.6,13.7,PR
2018-10-16,15.8,4.9,PR
2018-10-17,19.5,6.1,PR
2018-10-18,19.9,7.7,PR
2018-10-19,17.3,1.1,PR
2018-10-20,13.6,0.6,PR
2018-10-21,13.0,0.1,PR
2018-10-22,15.5,0.0,PR
2018-10-23,17.4,2.1,PR
2018-10-24,15.2,17.5,PR
2018-10-25,16.6,1.4,PR
2018-10-26,18.2,11.4,PR
2018-10-27,19.4,0.4,PR
2018-10-28,14.3,0.0,PR
2018-10-29,14.3,0.0,PR
2018-10-30,16.9,0.0,PR
2018-10-31,17.9,5.8,PR
2016-09-01,25.1,1.7,PE
2016-09-02,24.9,4.3,PE
2016-09-03,24.5,1.7,PE
2016-09-04,24.9,0.4,PE
2016-09-05,24.6,2.7,PE
2016-09-06,24.8,0.7,PE
2016-09-07,25.0,0.0,PE
2016-09-08,25.2,0.0,PE
2016-09-09,24.9,0.6,PE
2016-09-10,24.7,5.0,PE
2016-09-11,24.7,2.3,PE
2016-09-12,24.8,0.8,PE
2016-09-13,24.8,0.6,PE
2016-09-14,25.3,1.0,PE
2016-09-15,25.6,0.0,PE
2016-09-16,25.5,3.3,PE
2016-09-17,25.2,1.1,PE
2016-09-18,25.1,1.0,PE
2016-09-19,24.8,0.5,PE
2016-09-20,25.6,1.1,PE
2016-09-21,26.3,0.0,PE
2016-09-22,26.4,0.1,PE
2016-09-23,26.1,1.1,PE
2016-09-24,25.8,0.9,PE
2016-09-25,26.0,0.0,PE
2016-09-26,26.6,0.0,PE
2016-09-27,26.5,0.2,PE
2016-09-28,26.3,0.0,PE
2016-09-29,26.5,0.0,PE
2016-09-30,27.0,0.4,PE
2016-10-01,26.6,0.0,PE
2016-10-02,26.2,0.0,PE
2016-10-03,26.3,0.0,PE
2016-10-04,26.4,0.0,PE
2016-10-05,26.4,0.1,PE
2016-10-06,26.8,0.0,PE
2016-10-07,27.1,0.2,PE
2016-10-08,27.2,0.0,PE
2016-10-09,27.1,0.0,PE
2016-10-10,26.6,0.0,PE
2016-10-11,26.2,0.5,PE
2016-10-12,25.9,2.7,PE
2016-10-13,25.4,2.4,PE
2016-10-14,26.0,0.7,PE
2016-10-15,26.0,0.3,PE
2016-10-16,26.3,0.0,PE
2016-10-17,26.7,0.0,PE
2016-10-18,26.6,0.4,PE
2016-10-19,26.7,0.0,PE
2016-10-20,26.6,1.2,PE
2016-10-21,26.6,1.7,PE
2016-10-22,26.4,0.9,PE
2016-10-23,26.1,1.2,PE
2016-10-24,26.3,0.2,PE
2016-10-25,25.7,2.9,PE
2016-10-26,26.4,0.0,PE
2016-10-27,26.6,0.0,PE
2016-10-28,26.6,0.1,PE
2016-10-29,26.8,1.6,PE
2016-10-30,26.6,0.4,PE
2016-10-31,26.5,0.7,PE
2016-11-01,26.4,0.2,PE
2016-11-02,26.2,1.7,PE
2016-11-03,26.1,1.3,PE
2016-11-04,26.4,0.1,PE
2016-11-05,26.6,0.0,PE
2016-11-06,26.6,0.2,PE
2016-11-07,26.6,0.0,PE
2016-11-08,26.7,0.7,PE
2016-11-09,26.8,0.3,PE
2016-11-10,26.7,0.7,PE
2016-11-11,27.0,0.0,PE
2016-11-12,26.8,0.4,PE
2016-11-13,26.7,0.0,PE
2016-11-14,26.7,0.7,PE
2016-11-15,26.4,3.3,PE
2016-11-16,26.7,1.3,PE
2016-11-17,26.6,2.4,PE
2016-11-18,26.8,0.7,PE
2016-11-19,26.6,1.4,PE
2016-11-20,26.9,0.0,PE
2016-11-21,26.8,0.0,PE
2016-11-22,26.9,0.0,PE
2016-11-23,27.0,0.3,PE
2016-11-24,27.4,0.0,PE
2016-11-25,27.2,0.0,PE
2016-11-26,27.2,0.1,PE
2016-11-27,27.0,2.0,PE
2016-11-28,27.0,0.7,PE
2016-11-29,27.2,0.0,PE
2016-11-30,27.6,0.0,PE
2016-12-01,27.6,0.2,PE
2016-12-02,27.6,0.5,PE
2016-12-03,27.4,0.0,PE
2016-12-04,27.4,0.5,PE
2016-12-05,27.9,0.0,PE
2016-12-06,27.8,0.0,PE
2016-12-07,27.8,0.0,PE
2016-12-08,27.9,0.0,PE
2016-12-09,28.0,0.0,PE
2016-12-10,27.7,0.0,PE
2016-12-11,27.8,0.1,PE
2016-12-12,27.8,0.0,PE
2016-12-13,27.9,0.0,PE
2016-12-14,27.8,0.4,PE
2016-12-15,26.6,1.5,PE
2016-12-16,26.9,1.3,PE
2016-12-17,25.9,3.6,PE
2016-12-18,26.5,2.0,PE
2016-12-19,26.7,1.0,PE
2016-12-20,26.7,1.3,PE
2016-12-21,26.9,0.1,PE
2016-12-22,26.9,2.3,PE
2016-12-23,26.8,0.0,PE
2016-12-24,26.8,0.4,PE
2016-12-25,27.1,1.3,PE
2016-12-26,27.3,0.7,PE
2016-12-27,27.3,0.0,PE
2016-12-28,26.5,3.0,PE
2016-12-29,26.8,0.4,PE
2016-12-30,26.6,0.0,PE
2016-12-31,27.2,0.6,PE
2017-01-01,26.5,2.0,PE
2017-01-02,26.7,0.0,PE
2017-01-03,26.8,0.2,PE
2017-01-04,26.7,2.2,PE
2017-01-05,26.7,1.8,PE
2017-01-06,26.4,0.7,PE
2017-01-07,26.3,1.3,PE
2017-01-08,26.7,0.0,PE
2017-01-09,26.3,3.8,PE
2017-01-10,26.8,1.8,PE
2017-01-11,27.2,0.5,PE
2017-01-12,26.9,0.4,PE
2017-01-13,26.7,3.2,PE
2017-01-14,26.8,0.7,PE
2017-01-15,26.7,4.6,PE
2017-01-16,26.8,0.4,PE
2017-01-17,26.7,2.2,PE
2017-01-18,27.3,1.2,PE
2017-01-19,27.1,0.4,PE
2017-01-20,26.9,0.1,PE
2017-01-21,27.4,0.3,PE
2017-01-22,26.4,7.8,PE
2017-01-23,26.5,7.5,PE
2017-01-24,27.3,0.5,PE
2017-01-25,26.9,2.1,PE
2017-01-26,27.5,0.0,PE
2017-01-27,27.0,2.6,PE
2017-01-28,27.0,2.7,PE
2017-01-29,26.8,3.4,PE
2017-01-30,26.9,5.8,PE
2017-01-31,27.0,2.4,PE
2017-02-01,26.9,1.9,PE
2017-02-02,27.1,1.0,PE
2017-02-03,27.2,0.4,PE
2017-02-04,27.0,0.3,PE
2017-02-05,27.3,0.0,PE
2017-02-06,27.3,0.7,PE
2017-02-07,27.3,0.2,PE
2017-02-08,27.3,0.4,PE
2017-02-09,27.7,2.4,PE
2017-02-10,26.9,5.5,PE
2017-02-11,26.8,2.0,PE
2017-02-12,26.7,0.4,PE
2017-02-13,26.9,0.9,PE
2017-02-14,27.3,3.6,PE
2017-02-15,27.2,1.3,PE
2017-02-16,27.2,0.5,PE
2017-02-17,26.8,0.7,PE
2017-02-18,27.0,1.9,PE
2017-02-19,26.7,5.7,PE
2017-02-20,27.2,2.8,PE
2017-02-21,26.7,6.2,PE
2017-02-22,26.7,1.7,PE
2017-02-23,27.1,1.4,PE
2017-02-24,26.7,7.6,PE
2017-02-25,26.7,1.7,PE
2017-02-26,27.2,0.0,PE
2017-02-27,27.4,2.9,PE
2017-02-28,27.0,4.1,PE
2017-03-01,26.1,6.2,PE
2017-03-02,26.4,3.7,PE
2017-03-03,26.7,2.5,PE
2017-03-04,26.1,4.1,PE
2017-03-05,26.8,1.3,PE
2017-03-06,26.9,5.2,PE
2017-03-07,27.4,1.7,PE
2017-03-08,27.3,1.3,PE
2017-03-09,27.0,2.9,PE
2017-03-10,26.1,4.6,PE
2017-03-11,25.8,6.9,PE
2017-03-12,25.5,7.8,PE
2017-03-13,26.3,5.2,PE
2017-03-14,26.4,2.2,PE
2017-03-15,26.9,1.6,PE
2017-03-16,26.5,5.6,PE
2017-03-17,26.5,7.2,PE
2017-03-18,26.7,0.4,PE
2017-03-19,26.9,2.7,PE
2017-03-20,26.9,2.1,PE
2017-03-21,26.8,2.7,PE
2017-03-22,26.2,10.4,PE
2017-03-23,26.4,4.0,PE
2017-03-24,26.8,1.4,PE
2017-03-25,26.7,2.1,PE
2017-03-26,27.3,1.7,PE
2017-03-27,27.4,2.3,PE
2017-03-28,27.8,0.4,PE
2017-03-29,27.2,3.0,PE
2017-03-30,27.1,5.7,PE
2017-03-31,27.0,6.0,PE
2017-04-01,27.4,0.9,PE
2017-04-02,26.6,3.4,PE
2017-04-03,27.0,3.9,PE
2017-04-04,27.0,2.9,PE
2017-04-05,26.9,9.1,PE
2017-04-06,26.9,2.1,PE
2017-04-07,26.5,2.7,PE
2017-04-08,26.3,3.8,PE
2017-04-09,26.4,6.6,PE
2017-04-10,25.9,13.4,PE
2017-04-11,25.6,15.0,PE
2017-04-12,25.9,13.4,PE
2017-04-13,25.9,13.1,PE
2017-04-14,26.6,4.7,PE
2017-04-15,27.1,6.6,PE
2017-04-16,26.8,3.4,PE
2017-04-17,25.7,3.6,PE
2017-04-18,26.3,0.4,PE
2017-04-19,26.5,4.1,PE
2017-04-20,26.1,0.9,PE
2017-04-21,26.4,0.2,PE
2017-04-22,26.7,3.9,PE
2017-04-23,26.6,6.1,PE
2017-04-24,27.1,2.3,PE
2017-04-25,26.5,3.9,PE
2017-04-26,26.7,2.1,PE
2017-04-27,26.7,2.8,PE
2017-04-28,26.4,5.1,PE
2017-04-29,26.1,6.1,PE
2017-04-30,26.2,8.2,PE
2017-05-01,26.1,4.5,PE
2017-05-02,25.6,10.3,PE
2017-05-03,25.7,7.7,PE
2017-05-04,26.8,2.1,PE
2017-05-05,26.5,4.3,PE
2017-05-06,25.0,8.6,PE
2017-05-07,25.4,7.8,PE
2017-05-08,25.1,14.6,PE
2017-05-09,25.1,9.9,PE
2017-05-10,25.5,6.2,PE
2017-05-11,25.8,7.8,PE
2017-05-12,25.9,3.2,PE
2017-05-13,25.8,0.3,PE
2017-05-14,26.4,4.1,PE
2017-05-15,26.7,1.0,PE
2017-05-16,26.8,0.0,PE
2017-05-17,27.1,0.7,PE
2017-05-18,26.1,5.1,PE
2017-05-19,26.0,3.3,PE
2017-05-20,25.8,4.5,PE
2017-05-21,26.1,6.3,PE
2017-05-22,26.2,7.6,PE
2017-05-23,26.7,0.4,PE
2017-05-24,25.2,10.0,PE
2017-05-25,24.8,36.6,PE
2017-05-26,24.6,7.3,PE
2017-05-27,24.7,7.3,PE
2017-05-28,24.9,18.3,PE
2017-05-29,25.0,21.5,PE
2017-05-30,24.2,54.0,PE
2017-05-31,25.0,6.9,PE
2017-06-01,25.4,4.1,PE
2017-06-02,26.0,3.6,PE
2017-06-03,25.5,3.7,PE
2017-06-04,25.5,5.6,PE
2017-06-05,25.9,3.4,PE
2017-06-06,25.9,2.5,PE
2017-06-07,25.9,3.6,PE
2017-06-08,26.0,2.6,PE
2017-06-09,25.8,2.8,PE
2017-06-10,25.2,4.4,PE
2017-06-11,25.1,4.6,PE
2017-06-12,25.4,2.3,PE
2017-06-13,25.7,3.7,PE
2017-06-14,25.3,7.7,PE
2017-06-15,24.1,39.3,PE
2017-06-16,24.3,4.6,PE
2017-06-17,25.1,2.6,PE
2017-06-18,24.8,8.5,PE
2017-06-19,24.9,6.0,PE
2017-06-20,24.1,6.8,PE
2017-06-21,25.0,11.6,PE
2017-06-22,24.9,6.0,PE
2017-06-23,25.0,5.7,PE
2017-06-24,24.0,23.7,PE
2017-06-25,24.4,12.7,PE
2017-06-26,24.9,3.4,PE
2017-06-27,24.8,8.5,PE
2017-06-28,23.7,37.0,PE
2017-06-29,23.7,59.9,PE
2017-06-30,24.1,27.6,PE
2017-07-01,23.7,11.3,PE
2017-07-02,24.1,2.7,PE
2017-07-03,23.8,9.1,PE
2017-07-04,24.0,6.1,PE
2017-07-05,24.1,13.9,PE
2017-07-06,23.5,17.3,PE
2017-07-07,24.5,5.0,PE
2017-07-08,24.6,1.5,PE
2017-07-09,23.9,11.0,PE
2017-07-10,24.6,7.6,PE
2017-07-11,24.8,3.5,PE
2017-07-12,24.5,3.4,PE
2017-07-13,24.0,4.4,PE
2017-07-14,23.8,2.6,PE
2017-07-15,24.0,3.8,PE
2017-07-16,23.9,4.9,PE
2017-07-17,24.4,2.8,PE
2017-07-18,24.0,2.0,PE
2017-07-19,23.0,24.3,PE
2017-07-20,24.2,42.3,PE
2017-07-21,24.0,28.7,PE
2017-07-22,24.1,6.5,PE
2017-07-23,24.0,5.8,PE
2017-07-24,24.3,4.0,PE
2017-07-25,23.8,6.9,PE
2017-07-26,24.2,2.8,PE
2017-07-27,23.6,11.8,PE
2017-07-28,23.6,12.1,PE
2017-07-29,23.7,6.5,PE
2017-07-30,23.6,5.1,PE
2017-07-31,23.3,11.4,PE
2017-08-01,23.6,7.9,PE
2017-08-02,24.3,3.5,PE
2017-08-03,24.2,1.2,PE
2017-08-04,23.8,5.2,PE
2017-08-05,24.6,1.8,PE
2017-08-06,23.9,5.5,PE
2017-08-07,23.9,4.8,PE
2017-08-08,24.2,1.1,PE
2017-08-09,24.2,9.1,PE
2017-08-10,24.8,0.6,PE
2017-08-11,24.3,1.2,PE
2017-08-12,24.5,0.4,PE
2017-08-13,23.8,6.4,PE
2017-08-14,23.6,2.2,PE
2017-08-15,23.3,0.0,PE
2017-08-16,23.7,0.6,PE
2017-08-17,23.8,4.1,PE
2017-08-18,24.3,13.5,PE
2017-08-19,24.5,10.5,PE
2017-08-20,25.0,2.5,PE
2017-08-21,24.7,3.1,PE
2017-08-22,24.0,3.8,PE
2017-08-23,24.1,4.8,PE
2017-08-24,24.7,5.3,PE
2017-08-25,23.8,5.3,PE
2017-08-26,23.3,5.0,PE
2017-08-27,23.7,5.8,PE
2017-08-28,24.0,3.7,PE
2017-08-29,23.8,2.3,PE
2017-08-30,24.6,2.7,PE
2017-08-31,24.8,2.1,PE
2017-09-01,24.9,0.3,PE
2017-09-02,23.8,4.4,PE
2017-09-03,23.6,3.1,PE
2017-09-04,24.6,1.5,PE
2017-09-05,25.0,1.6,PE
2017-09-06,25.1,4.1,PE
2017-09-07,24.2,4.9,PE
2017-09-08,23.9,5.6,PE
2017-09-09,24.2,4.2,PE
2017-09-10,25.0,1.3,PE
2017-09-11,24.1,8.0,PE
2017-09-12,24.4,4.8,PE
2017-09-13,24.3,4.3,PE
2017-09-14,24.3,4.0,PE
2017-09-15,24.3,3.4,PE
2017-09-16,24.2,3.4,PE
2017-09-17,24.4,3.5,PE
2017-09-18,24.5,2.8,PE
2017-09-19,24.4,1.6,PE
2017-09-20,24.2,4.6,PE
2017-09-21,24.3,3.2,PE
2017-09-22,24.1,4.4,PE
2017-09-23,24.2,2.1,PE
2017-09-24,23.9,2.6,PE
2017-09-25,24.6,1.9,PE
2017-09-26,24.9,1.5,PE
2017-09-27,25.1,3.9,PE
2017-09-28,25.1,2.7,PE
2017-09-29,24.9,3.6,PE
2017-09-30,24.9,0.6,PE
2017-10-01,25.0,1.2,PE
2017-10-02,25.4,1.4,PE
2017-10-03,25.5,0.7,PE
2017-10-04,25.4,1.9,PE
2017-10-05,25.1,2.3,PE
2017-10-06,25.1,2.6,PE
2017-10-07,25.0,0.6,PE
2017-10-08,24.9,1.4,PE
2017-10-09,24.9,1.4,PE
2017-10-10,24.3,4.4,PE
2017-10-11,25.1,2.5,PE
2017-10-12,25.3,0.5,PE
2017-10-13,25.5,0.7,PE
2017-10-14,25.7,0.0,PE
2017-10-15,25.6,1.7,PE
2017-10-16,25.2,4.5,PE
2017-10-17,25.0,4.4,PE
2017-10-18,25.0,4.2,PE
2017-10-19,25.6,1.5,PE
2017-10-20,25.6,5.9,PE
2017-10-21,25.5,4.0,PE
2017-10-22,25.5,0.4,PE
2017-10-23,24.9,3.0,PE
2017-10-24,25.4,5.4,PE
2017-10-25,25.8,1.7,PE
2017-10-26,25.7,2.6,PE
2017-10-27,25.7,3.4,PE
2017-10-28,25.8,4.2,PE
2017-10-29,25.8,1.0,PE
2017-10-30,25.7,0.4,PE
2017-10-31,25.7,2.6,PE
2017-11-01,26.2,0.6,PE
2017-11-02,26.2,3.2,PE
2017-11-03,25.8,2.2,PE
2017-11-04,25.8,2.7,PE
2017-11-05,25.7,1.3,PE
2017-11-06,25.8,0.7,PE
2017-11-07,25.9,2.6,PE
2017-11-08,25.9,0.7,PE
2017-11-09,25.5,1.4,PE
2017-11-10,25.5,2.0,PE
2017-11-11,26.1,0.7,PE
2017-11-12,26.2,1.1,PE
2017-11-13,26.7,0.3,PE
2017-11-14,26.6,0.7,PE
2017-11-15,26.0,3.4,PE
2017-11-16,25.7,1.5,PE
2017-11-17,25.6,3.3,PE
2017-11-18,25.9,1.8,PE
2017-11-19,26.3,0.1,PE
2017-11-20,26.3,0.2,PE
2017-11-21,26.2,2.4,PE
2017-11-22,26.5,1.1,PE
2017-11-23,26.7,1.8,PE
2017-11-24,26.5,3.8,PE
2017-11-25,25.8,5.1,PE
2017-11-26,25.9,0.6,PE
2017-11-27,26.1,0.8,PE
2017-11-28,26.5,0.0,PE
2017-11-29,26.5,0.5,PE
2017-11-30,26.8,0.1,PE
2017-12-01,26.5,2.8,PE
2017-12-02,26.5,0.9,PE
2017-12-03,26.4,2.3,PE
2017-12-04,26.7,2.3,PE
2017-12-05,26.8,0.5,PE
2017-12-06,26.7,0.9,PE
2017-12-07,26.8,1.1,PE
2017-12-08,27.2,0.5,PE
2017-12-09,27.4,0.6,PE
2017-12-10,27.3,0.2,PE
2017-12-11,27.1,0.8,PE
2017-12-12,27.2,0.9,PE
2017-12-13,26.7,3.8,PE
2017-12-14,26.4,0.2,PE
2017-12-15,26.5,1.6,PE
2017-12-16,26.8,2.8,PE
2017-12-17,26.7,2.4,PE
2017-12-18,26.6,2.1,PE
2017-12-19,26.6,1.4,PE
2017-12-20,26.3,5.1,PE
2017-12-21,26.3,3.6,PE
2017-12-22,26.6,2.3,PE
2017-12-23,25.8,5.5,PE
2017-12-24,25.8,4.8,PE
2017-12-25,26.5,1.4,PE
2017-12-26,26.5,1.6,PE
2017-12-27,26.6,1.2,PE
2017-12-28,26.4,0.6,PE
2017-12-29,26.7,0.3,PE
2017-12-30,26.6,0.7,PE
2017-12-31,27.0,0.6,PE
2018-01-01,27.0,0.0,PE
2018-01-02,26.9,0.9,PE
2018-01-03,27.1,0.4,PE
2018-01-04,27.2,0.3,PE
2018-01-05,27.3,0.9,PE
2018-01-06,26.7,3.0,PE
2018-01-07,25.9,5.4,PE
2018-01-08,26.2,5.3,PE
2018-01-09,26.5,2.4,PE
2018-01-10,26.2,3.5,PE
2018-01-11,26.0,3.9,PE
2018-01-12,26.6,1.6,PE
2018-01-13,26.9,2.6,PE
2018-01-14,25.7,4.6,PE
2018-01-15,25.9,5.2,PE
2018-01-16,26.2,2.5,PE
2018-01-17,26.1,7.9,PE
2018-01-18,25.4,8.7,PE
2018-01-19,24.7,19.0,PE
2018-01-20,26.4,3.6,PE
2018-01-21,26.4,2.5,PE
2018-01-22,26.2,1.4,PE
2018-01-23,25.0,7.3,PE
2018-01-24,26.0,7.4,PE
2018-01-25,26.2,3.2,PE
2018-01-26,26.4,1.7,PE
2018-01-27,26.6,0.2,PE
2018-01-28,26.5,1.6,PE
2018-01-29,26.6,5.3,PE
2018-01-30,26.9,1.0,PE
2018-01-31,26.9,2.4,PE
2018-02-01,26.9,3.6,PE
2018-02-02,26.9,1.8,PE
2018-02-03,26.7,0.8,PE
2018-02-04,26.8,0.3,PE
2018-02-05,26.9,1.7,PE
2018-02-06,27.1,1.4,PE
2018-02-07,27.4,2.3,PE
2018-02-08,27.1,2.3,PE
2018-02-09,25.8,27.6,PE
2018-02-10,26.0,8.0,PE
2018-02-11,26.5,0.7,PE
2018-02-12,26.0,3.1,PE
2018-02-13,25.6,7.4,PE
2018-02-14,25.8,13.0,PE
2018-02-15,26.1,5.9,PE
2018-02-16,26.1,7.0,PE
2018-02-17,25.9,10.9,PE
2018-02-18,25.9,5.0,PE
2018-02-19,25.9,3.9,PE
2018-02-20,26.1,4.1,PE
2018-02-21,26.8,1.0,PE
2018-02-22,26.5,5.6,PE
2018-02-23,26.1,2.7,PE
2018-02-24,26.4,1.0,PE
2018-02-25,25.8,3.3,PE
2018-02-26,26.5,0.6,PE
2018-02-27,26.3,2.3,PE
2018-02-28,25.9,12.5,PE
2018-03-01,26.1,1.8,PE
2018-03-02,26.1,2.4,PE
2018-03-03,25.5,7.2,PE
2018-03-04,26.7,1.4,PE
2018-03-05,26.7,3.7,PE
2018-03-06,26.7,5.2,PE
2018-03-07,27.2,0.4,PE
2018-03-08,26.8,1.0,PE
2018-03-09,26.8,0.7,PE
2018-03-10,27.0,1.0,PE
2018-03-11,27.1,1.8,PE
2018-03-12,27.4,1.4,PE
2018-03-13,27.5,0.7,PE
2018-03-14,27.3,2.0,PE
2018-03-15,26.7,3.2,PE
2018-03-16,26.1,2.9,PE
2018-03-17,26.7,0.6,PE
2018-03-18,27.1,0.2,PE
2018-03-19,27.3,0.3,PE
2018-03-20,27.4,1.6,PE
2018-03-21,27.7,0.5,PE
2018-03-22,27.5,0.8,PE
2018-03-23,27.4,1.8,PE
2018-03-24,25.6,11.9,PE
2018-03-25,25.0,9.3,PE
2018-03-26,25.4,7.1,PE
2018-03-27,26.2,5.4,PE
2018-03-28,25.7,10.0,PE
2018-03-29,25.2,20.6,PE
2018-03-30,25.1,13.7,PE
2018-03-31,25.4,6.6,PE
2018-04-01,25.5,7.5,PE
2018-04-02,26.1,3.9,PE
2018-04-03,26.6,0.7,PE
2018-04-04,27.0,2.2,PE
2018-04-05,26.2,4.4,PE
2018-04-06,25.6,7.6,PE
2018-04-07,25.3,4.2,PE
2018-04-08,25.1,6.1,PE
2018-04-09,25.4,10.2,PE
2018-04-10,26.0,6.3,PE
2018-04-11,24.3,19.4,PE
2018-04-12,25.1,16.2,PE
2018-04-13,25.1,21.0,PE
2018-04-14,25.2,10.6,PE
2018-04-15,25.0,10.8,PE
2018-04-16,25.4,15.8,PE
2018-04-17,26.1,1.5,PE
2018-04-18,25.5,4.6,PE
2018-04-19,25.1,5.3,PE
2018-04-20,25.4,2.4,PE
2018-04-21,25.3,5.5,PE
2018-04-22,24.7,11.8,PE
2018-04-23,25.0,7.5,PE
2018-04-24,26.1,7.3,PE
2018-04-25,25.2,38.5,PE
2018-04-26,26.1,1.7,PE
2018-04-27,25.2,9.1,PE
2018-04-28,26.0,2.2,PE
2018-04-29,25.5,6.1,PE
2018-04-30,24.7,18.4,PE
2018-05-01,25.5,3.3,PE
2018-05-02,25.4,3.6,PE
2018-05-03,25.3,4.1,PE
2018-05-04,25.8,4.5,PE
2018-05-05,25.7,10.7,PE
2018-05-06,26.1,18.4,PE
2018-05-07,25.8,1.3,PE
2018-05-08,25.6,2.3,PE
2018-05-09,24.5,2.0,PE
2018-05-10,24.9,5.8,PE
2018-05-11,25.2,10.3,PE
2018-05-12,25.6,5.9,PE
2018-05-13,25.3,4.4,PE
2018-05-14,25.8,3.5,PE
2018-05-15,25.3,9.9,PE
2018-05-16,25.7,7.6,PE
2018-05-17,25.1,6.9,PE
2018-05-18,25.1,9.1,PE
2018-05-19,25.4,0.9,PE
2018-05-20,25.2,0.1,PE
2018-05-21,26.5,2.7,PE
2018-05-22,25.9,2.6,PE
2018-05-23,25.7,1.3,PE
2018-05-24,25.1,2.7,PE
2018-05-25,24.4,5.9,PE
2018-05-26,25.1,2.0,PE
2018-05-27,25.3,3.6,PE
2018-05-28,25.1,4.1,PE
2018-05-29,25.4,1.2,PE
2018-05-30,25.7,2.5,PE
2018-05-31,25.2,6.9,PE
2018-06-01,24.8,0.6,PE
2018-06-02,24.8,4.5,PE
2018-06-03,25.9,5.0,PE
2018-06-04,25.2,7.9,PE
2018-06-05,24.7,0.5,PE
2018-06-06,24.8,2.0,PE
2018-06-07,25.5,9.5,PE
2018-06-08,25.9,8.8,PE
2018-06-09,25.8,1.9,PE
2018-06-10,25.3,2.0,PE
2018-06-11,25.3,3.6,PE
2018-06-12,25.7,0.7,PE
2018-06-13,25.3,2.6,PE
2018-06-14,24.9,3.5,PE
2018-06-15,24.5,5.5,PE
2018-06-16,25.2,2.5,PE
2018-06-17,24.4,4.4,PE
2018-06-18,24.3,2.5,PE
2018-06-19,24.0,4.3,PE
2018-06-20,24.7,2.3,PE
2018-06-21,24.7,1.0,PE
2018-06-22,25.6,0.3,PE
2018-06-23,25.3,1.6,PE
2018-06-24,24.7,4.8,PE
2018-06-25,24.9,1.5,PE
2018-06-26,24.0,3.0,PE
2018-06-27,23.7,6.8,PE
2018-06-28,24.6,2.9,PE
2018-06-29,24.0,5.5,PE
2018-06-30,23.5,1.5,PE
2018-07-01,23.8,1.9,PE
2018-07-02,24.3,5.3,PE
2018-07-03,24.4,3.0,PE
2018-07-04,24.0,3.1,PE
2018-07-05,23.6,5.8,PE
2018-07-06,24.9,5.3,PE
2018-07-07,25.1,1.8,PE
2018-07-08,24.2,3.3,PE
2018-07-09,24.3,0.3,PE
2018-07-10,24.0,3.1,PE
2018-07-11,24.8,6.6,PE
2018-07-12,24.6,6.1,PE
2018-07-13,24.4,4.5,PE
2018-07-14,24.1,0.8,PE
2018-07-15,23.9,0.8,PE
2018-07-16,24.3,1.5,PE
2018-07-17,24.2,4.0,PE
2018-07-18,24.4,6.7,PE
2018-07-19,24.7,1.0,PE
2018-07-20,24.3,3.6,PE
2018-07-21,24.5,1.2,PE
2018-07-22,24.6,0.4,PE
2018-07-23,24.6,2.3,PE
2018-07-24,24.6,1.0,PE
2018-07-25,24.1,3.4,PE
2018-07-26,24.3,2.9,PE
2018-07-27,23.5,15.0,PE
2018-07-28,24.5,1.7,PE
2018-07-29,24.3,2.5,PE
2018-07-30,23.6,4.8,PE
2018-07-31,23.6,4.6,PE
2018-08-01,23.8,5.3,PE
2018-08-02,24.5,1.6,PE
2018-08-03,23.9,0.9,PE
2018-08-04,24.3,0.2,PE
2018-08-05,24.6,5.0,PE
2018-08-06,24.5,1.6,PE
2018-08-07,24.5,3.3,PE
2018-08-08,24.2,2.0,PE
2018-08-09,23.8,5.0,PE
2018-08-10,24.7,0.6,PE
2018-08-11,24.7,0.3,PE
2018-08-12,24.7,2.0,PE
2018-08-13,25.1,2.9,PE
2018-08-14,24.9,3.1,PE
2018-08-15,24.9,1.4,PE
2018-08-16,24.9,2.8,PE
2018-08-17,24.8,2.2,PE
2018-08-18,24.3,2.6,PE
2018-08-19,24.7,0.2,PE
2018-08-20,24.7,1.0,PE
2018-08-21,24.1,6.7,PE
2018-08-22,24.3,4.0,PE
2018-08-23,24.2,3.1,PE
2018-08-24,24.4,4.1,PE
2018-08-25,24.4,4.4,PE
2018-08-26,24.4,1.2,PE
2018-08-27,24.1,2.8,PE
2018-08-28,24.2,3.8,PE
2018-08-29,23.8,6.0,PE
2018-08-30,23.7,3.3,PE
2018-08-31,24.0,1.4,PE
2018-09-01,23.6,5.1,PE
2018-09-02,24.2,5.2,PE
2018-09-03,24.4,1.8,PE
2018-09-04,24.6,0.2,PE
2018-09-05,24.9,0.2,PE
2018-09-06,24.7,3.3,PE
2018-09-07,24.4,2.6,PE
2018-09-08,24.4,0.1,PE
2018-09-09,24.2,2.2,PE
2018-09-10,24.3,3.4,PE
2018-09-11,24.6,2.1,PE
2018-09-12,24.5,0.5,PE
2018-09-13,24.0,0.9,PE
2018-09-14,24.5,1.2,PE
2018-09-15,24.8,1.1,PE
2018-09-16,25.0,5.7,PE
2018-09-17,25.2,3.8,PE
2018-09-18,25.2,2.7,PE
2018-09-19,25.1,3.3,PE
2018-09-20,25.1,2.2,PE
2018-09-21,24.9,1.3,PE
2018-09-22,25.0,0.6,PE
2018-09-23,24.5,5.8,PE
2018-09-24,25.0,6.9,PE
2018-09-25,25.1,1.0,PE
2018-09-26,25.2,1.8,PE
2018-09-27,24.9,3.7,PE
2018-09-28,25.2,3.2,PE
2018-09-29,25.1,2.1,PE
2018-09-30,25.5,0.7,PE
2018-10-01,25.1,1.7,PE
2018-10-02,25.1,0.9,PE
2018-10-03,24.8,3.8,PE
2018-10-04,25.4,3.1,PE
2018-10-05,25.4,1.1,PE
2018-10-06,25.6,0.0,PE
2018-10-07,24.9,4.3,PE
2018-10-08,25.3,1.3,PE
2018-10-09,25.1,1.2,PE
2018-10-10,25.2,3.6,PE
2018-10-11,25.2,2.6,PE
2018-10-12,25.3,2.2,PE
2018-10-13,24.8,2.5,PE
2018-10-14,25.5,2.7,PE
2018-10-15,25.6,2.8,PE
2018-10-16,25.4,3.3,PE
2018-10-17,25.7,2.0,PE
2018-10-18,25.9,0.8,PE
2018-10-19,25.8,1.0,PE
2018-10-20,25.9,0.4,PE
2018-10-21,26.0,1.3,PE
2018-10-22,25.9,1.8,PE
2018-10-23,26.1,0.2,PE
2018-10-24,25.9,0.4,PE
2018-10-25,26.0,1.2,PE
2018-10-26,26.0,3.3,PE
2018-10-27,26.1,0.7,PE
2018-10-28,26.4,0.0,PE
2018-10-29,26.7,0.7,PE
2018-10-30,26.5,3.5,PE
2018-10-31,26.1,3.2,PE
2016-09-01,31.6,0.0,PI
2016-09-02,31.5,0.0,PI
2016-09-03,30.0,0.0,PI
2016-09-04,30.8,0.0,PI
2016-09-05,31.2,0.0,PI
2016-09-06,31.3,0.0,PI
2016-09-07,31.9,0.0,PI
2016-09-08,30.6,0.0,PI
2016-09-09,29.3,0.3,PI
2016-09-10,30.6,0.2,PI
2016-09-11,31.3,0.0,PI
2016-09-12,31.6,0.0,PI
2016-09-13,32.2,0.0,PI
2016-09-14,32.0,0.0,PI
2016-09-15,31.4,0.0,PI
2016-09-16,31.9,0.0,PI
2016-09-17,31.5,0.0,PI
2016-09-18,30.9,0.0,PI
2016-09-19,30.5,0.2,PI
2016-09-20,30.5,0.0,PI
2016-09-21,30.4,0.0,PI
2016-09-22,31.3,0.0,PI
2016-09-23,30.9,0.0,PI
2016-09-24,31.3,0.0,PI
2016-09-25,30.8,0.0,PI
2016-09-26,29.5,0.6,PI
2016-09-27,29.3,0.8,PI
2016-09-28,29.8,0.1,PI
2016-09-29,30.5,0.1,PI
2016-09-30,31.1,0.0,PI
2016-10-01,31.3,0.0,PI
2016-10-02,32.1,0.0,PI
2016-10-03,31.6,0.0,PI
2016-10-04,31.6,0.0,PI
2016-10-05,31.4,0.0,PI
2016-10-06,29.3,0.1,PI
2016-10-07,29.2,2.5,PI
2016-10-08,31.0,0.0,PI
2016-10-09,31.7,0.0,PI
2016-10-10,31.9,0.0,PI
2016-10-11,31.8,0.0,PI
2016-10-12,31.5,0.0,PI
2016-10-13,32.0,0.0,PI
2016-10-14,32.1,0.0,PI
2016-10-15,31.9,0.0,PI
2016-10-16,33.3,0.0,PI
2016-10-17,32.0,0.0,PI
2016-10-18,31.6,0.0,PI
2016-10-19,31.7,0.0,PI
2016-10-20,30.5,1.0,PI
2016-10-21,28.0,2.9,PI
2016-10-22,30.5,0.0,PI
2016-10-23,31.2,0.0,PI
2016-10-24,31.0,0.0,PI
2016-10-25,31.7,0.0,PI
2016-10-26,31.9,0.0,PI
2016-10-27,32.4,0.0,PI
2016-10-28,32.3,0.0,PI
2016-10-29,31.9,0.0,PI
2016-10-30,31.4,0.0,PI
2016-10-31,31.0,0.1,PI
2016-11-01,32.3,0.0,PI
2016-11-02,33.3,0.0,PI
2016-11-03,33.1,0.0,PI
2016-11-04,33.4,0.0,PI
2016-11-05,33.4,0.0,PI
2016-11-06,32.9,0.0,PI
2016-11-07,32.5,0.1,PI
2016-11-08,32.7,0.0,PI
2016-11-09,30.9,0.5,PI
2016-11-10,31.7,0.0,PI
2016-11-11,32.7,0.0,PI
2016-11-12,32.3,0.0,PI
2016-11-13,32.1,0.0,PI
2016-11-14,31.4,0.9,PI
2016-11-15,30.1,0.1,PI
2016-11-16,31.6,0.0,PI
2016-11-17,32.4,0.0,PI
2016-11-18,31.4,0.2,PI
2016-11-19,27.3,8.6,PI
2016-11-20,29.3,0.3,PI
2016-11-21,30.0,0.3,PI
2016-11-22,31.3,0.0,PI
2016-11-23,32.0,0.0,PI
2016-11-24,32.3,0.0,PI
2016-11-25,32.7,0.0,PI
2016-11-26,32.5,0.0,PI
2016-11-27,31.3,0.0,PI
2016-11-28,32.1,0.0,PI
2016-11-29,32.0,0.0,PI
2016-11-30,31.0,0.0,PI
2016-12-01,32.3,0.0,PI
2016-12-02,31.4,0.1,PI
2016-12-03,31.5,0.2,PI
2016-12-04,31.9,0.0,PI
2016-12-05,31.7,0.0,PI
2016-12-06,31.9,0.0,PI
2016-12-07,32.1,0.0,PI
2016-12-08,31.0,0.0,PI
2016-12-09,30.7,0.6,PI
2016-12-10,32.0,0.0,PI
2016-12-11,31.5,0.1,PI
2016-12-12,31.0,0.4,PI
2016-12-13,29.0,6.8,PI
2016-12-14,25.9,35.3,PI
2016-12-15,26.6,0.0,PI
2016-12-16,27.0,3.4,PI
2016-12-17,27.1,2.9,PI
2016-12-18,24.3,24.8,PI
2016-12-19,24.2,15.0,PI
2016-12-20,27.0,1.4,PI
2016-12-21,27.7,0.5,PI
2016-12-22,28.3,0.2,PI
2016-12-23,28.7,0.4,PI
2016-12-24,28.3,0.3,PI
2016-12-25,28.0,0.3,PI
2016-12-26,28.6,3.4,PI
2016-12-27,29.3,0.0,PI
2016-12-28,29.9,0.0,PI
2016-12-29,28.9,3.0,PI
2016-12-30,27.0,6.7,PI
2016-12-31,28.3,0.1,PI
2017-01-01,28.9,3.5,PI
2017-01-02,27.6,6.1,PI
2017-01-03,27.6,2.3,PI
2017-01-04,29.7,0.0,PI
2017-01-05,30.8,0.0,PI
2017-01-06,29.6,1.3,PI
2017-01-07,29.2,1.6,PI
2017-01-08,27.4,3.3,PI
2017-01-09,26.0,12.1,PI
2017-01-10,25.8,8.0,PI
2017-01-11,25.7,26.7,PI
2017-01-12,27.3,1.6,PI
2017-01-13,27.3,4.3,PI
2017-01-14,25.7,6.0,PI
2017-01-15,26.8,1.3,PI
2017-01-16,26.8,10.7,PI
2017-01-17,26.5,3.1,PI
2017-01-18,26.2,6.5,PI
2017-01-19,24.7,13.9,PI
2017-01-20,26.3,3.7,PI
2017-01-21,26.9,4.1,PI
2017-01-22,26.1,17.8,PI
2017-01-23,27.3,7.6,PI
2017-01-24,25.6,17.0,PI
2017-01-25,25.6,4.4,PI
2017-01-26,26.3,5.3,PI
2017-01-27,26.4,7.1,PI
2017-01-28,26.3,10.1,PI
2017-01-29,27.3,4.5,PI
2017-01-30,27.6,2.6,PI
2017-01-31,27.1,7.3,PI
2017-02-01,26.4,14.5,PI
2017-02-02,27.3,12.4,PI
2017-02-03,26.7,2.5,PI
2017-02-04,28.4,0.8,PI
2017-02-05,28.1,1.0,PI
2017-02-06,28.0,1.4,PI
2017-02-07,28.1,9.6,PI
2017-02-08,27.4,2.7,PI
2017-02-09,26.3,13.0,PI
2017-02-10,25.8,21.9,PI
2017-02-11,24.9,29.5,PI
2017-02-12,26.1,2.2,PI
2017-02-13,25.1,31.1,PI
2017-02-14,25.0,14.4,PI
2017-02-15,26.9,5.2,PI
2017-02-16,26.4,9.4,PI
2017-02-17,25.4,15.6,PI
2017-02-18,25.0,10.0,PI
2017-02-19,25.1,7.6,PI
2017-02-20,25.1,26.6,PI
2017-02-21,25.3,10.6,PI
2017-02-22,26.0,6.1,PI
2017-02-23,26.2,4.7,PI
2017-02-24,26.6,2.7,PI
2017-02-25,25.7,6.0,PI
2017-02-26,25.6,3.4,PI
2017-02-27,25.1,17.9,PI
2017-02-28,26.0,5.5,PI
2017-03-01,25.2,35.8,PI
2017-03-02,24.9,20.6,PI
2017-03-03,26.2,2.2,PI
2017-03-04,26.6,1.6,PI
2017-03-05,26.1,4.4,PI
2017-03-06,26.7,0.4,PI
2017-03-07,26.5,7.1,PI
2017-03-08,25.6,24.3,PI
2017-03-09,25.4,6.1,PI
2017-03-10,24.9,59.2,PI
2017-03-11,25.2,22.2,PI
2017-03-12,25.6,9.5,PI
2017-03-13,25.8,12.2,PI
2017-03-14,25.1,13.1,PI
2017-03-15,24.9,33.5,PI
2017-03-16,25.4,11.4,PI
2017-03-17,25.2,9.5,PI
2017-03-18,26.2,3.2,PI
2017-03-19,26.9,0.2,PI
2017-03-20,27.1,0.5,PI
2017-03-21,26.1,5.8,PI
2017-03-22,25.5,4.7,PI
2017-03-23,25.1,6.7,PI
2017-03-24,25.4,5.7,PI
2017-03-25,26.5,3.6,PI
2017-03-26,26.4,1.0,PI
2017-03-27,26.1,8.3,PI
2017-03-28,27.0,2.1,PI
2017-03-29,27.4,0.5,PI
2017-03-30,26.1,19.6,PI
2017-03-31,25.7,14.4,PI
2017-04-01,25.7,18.6,PI
2017-04-02,26.5,8.0,PI
2017-04-03,25.9,19.7,PI
2017-04-04,26.0,3.4,PI
2017-04-05,26.4,9.2,PI
2017-04-06,26.6,2.0,PI
2017-04-07,26.6,2.1,PI
2017-04-08,27.3,0.3,PI
2017-04-09,27.3,0.4,PI
2017-04-10,26.3,3.4,PI
2017-04-11,25.0,19.2,PI
2017-04-12,26.2,6.8,PI
2017-04-13,25.5,15.0,PI
2017-04-14,26.2,11.8,PI
2017-04-15,27.6,4.8,PI
2017-04-16,27.7,0.3,PI
2017-04-17,27.1,0.3,PI
2017-04-18,27.1,1.7,PI
2017-04-19,25.9,5.6,PI
2017-04-20,26.7,0.6,PI
2017-04-21,27.5,0.5,PI
2017-04-22,26.5,4.7,PI
2017-04-23,26.1,6.3,PI
2017-04-24,25.5,9.9,PI
2017-04-25,26.4,0.9,PI
2017-04-26,27.4,0.2,PI
2017-04-27,27.1,14.8,PI
2017-04-28,26.9,6.3,PI
2017-04-29,25.9,12.3,PI
2017-04-30,25.8,8.2,PI
2017-05-01,26.6,3.0,PI
2017-05-02,27.2,0.3,PI
2017-05-03,27.0,1.5,PI
2017-05-04,27.7,0.6,PI
2017-05-05,27.1,2.2,PI
2017-05-06,27.4,0.0,PI
2017-05-07,27.5,0.0,PI
2017-05-08,27.4,4.9,PI
2017-05-09,26.2,8.4,PI
2017-05-10,27.1,3.4,PI
2017-05-11,26.1,7.0,PI
2017-05-12,26.7,0.7,PI
2017-05-13,27.4,0.2,PI
2017-05-14,28.0,0.1,PI
2017-05-15,28.1,0.0,PI
2017-05-16,27.5,0.2,PI
2017-05-17,27.8,0.0,PI
2017-05-18,27.2,2.7,PI
2017-05-19,27.0,0.9,PI
2017-05-20,27.6,0.8,PI
2017-05-21,28.4,0.0,PI
2017-05-22,29.3,0.1,PI
2017-05-23,28.8,0.0,PI
2017-05-24,28.0,0.3,PI
2017-05-25,28.7,0.6,PI
2017-05-26,27.7,0.5,PI
2017-05-27,28.2,1.6,PI
2017-05-28,28.6,0.6,PI
2017-05-29,27.0,7.2,PI
2017-05-30,28.4,0.0,PI
2017-05-31,28.8,0.5,PI
2017-06-01,28.7,0.5,PI
2017-06-02,28.6,0.6,PI
2017-06-03,28.5,0.2,PI
2017-06-04,28.8,0.0,PI
2017-06-05,29.2,0.0,PI
2017-06-06,28.5,0.0,PI
2017-06-07,28.7,0.0,PI
2017-06-08,28.0,0.0,PI
2017-06-09,28.7,0.0,PI
2017-06-10,29.6,0.0,PI
2017-06-11,28.4,0.4,PI
2017-06-12,27.5,0.0,PI
2017-06-13,28.8,0.0,PI
2017-06-14,28.4,0.0,PI
2017-06-15,29.1,0.0,PI
2017-06-16,28.4,0.1,PI
2017-06-17,28.8,0.0,PI
2017-06-18,28.9,0.0,PI
2017-06-19,28.4,0.5,PI
2017-06-20,29.1,0.1,PI
2017-06-21,28.8,0.0,PI
2017-06-22,29.2,0.0,PI
2017-06-23,28.8,0.0,PI
2017-06-24,28.5,0.0,PI
2017-06-25,29.1,0.0,PI
2017-06-26,29.9,0.0,PI
2017-06-27,29.3,0.0,PI
2017-06-28,29.5,0.0,PI
2017-06-29,29.6,0.0,PI
2017-06-30,28.4,0.5,PI
2017-07-01,27.9,0.2,PI
2017-07-02,27.6,0.6,PI
2017-07-03,28.5,0.0,PI
2017-07-04,27.5,0.0,PI
2017-07-05,26.5,0.0,PI
2017-07-06,27.7,0.0,PI
2017-07-07,29.1,0.0,PI
2017-07-08,29.1,0.0,PI
2017-07-09,28.7,0.0,PI
2017-07-10,29.0,0.0,PI
2017-07-11,28.6,0.2,PI
2017-07-12,28.9,0.0,PI
2017-07-13,28.1,0.0,PI
2017-07-14,28.2,0.0,PI
2017-07-15,27.3,0.0,PI
2017-07-16,27.8,0.0,PI
2017-07-17,27.7,0.0,PI
2017-07-18,27.2,0.0,PI
2017-07-19,27.5,0.0,PI
2017-07-20,29.2,0.0,PI
2017-07-21,28.8,0.6,PI
2017-07-22,28.9,0.0,PI
2017-07-23,29.4,0.0,PI
2017-07-24,28.2,0.0,PI
2017-07-25,29.1,0.0,PI
2017-07-26,28.2,0.0,PI
2017-07-27,28.5,0.0,PI
2017-07-28,29.3,0.0,PI
2017-07-29,29.6,0.0,PI
2017-07-30,28.9,0.0,PI
2017-07-31,28.9,0.0,PI
2017-08-01,29.3,0.0,PI
2017-08-02,29.2,0.1,PI
2017-08-03,30.2,0.0,PI
2017-08-04,29.9,0.0,PI
2017-08-05,29.1,0.0,PI
2017-08-06,28.9,1.2,PI
2017-08-07,28.8,0.0,PI
2017-08-08,29.9,0.0,PI
2017-08-09,29.8,0.0,PI
2017-08-10,29.2,0.1,PI
2017-08-11,29.2,0.8,PI
2017-08-12,29.5,0.5,PI
2017-08-13,30.4,0.0,PI
2017-08-14,30.0,0.0,PI
2017-08-15,30.2,0.0,PI
2017-08-16,29.3,0.0,PI
2017-08-17,29.4,0.0,PI
2017-08-18,29.8,0.1,PI
2017-08-19,30.2,0.1,PI
2017-08-20,29.6,0.2,PI
2017-08-21,29.7,0.0,PI
2017-08-22,30.2,0.0,PI
2017-08-23,30.3,0.0,PI
2017-08-24,29.6,0.0,PI
2017-08-25,30.1,0.0,PI
2017-08-26,30.8,0.0,PI
2017-08-27,30.9,0.0,PI
2017-08-28,30.8,0.0,PI
2017-08-29,30.6,0.0,PI
2017-08-30,31.2,0.0,PI
2017-08-31,31.0,0.0,PI
2017-09-01,29.8,0.7,PI
2017-09-02,30.4,0.0,PI
2017-09-03,30.4,0.0,PI
2017-09-04,30.0,0.0,PI
2017-09-05,29.9,0.0,PI
2017-09-06,30.3,0.0,PI
2017-09-07,30.4,0.0,PI
2017-09-08,31.0,0.0,PI
2017-09-09,31.6,0.0,PI
2017-09-10,31.7,0.0,PI
2017-09-11,31.4,0.0,PI
2017-09-12,31.2,0.0,PI
2017-09-13,30.6,0.0,PI
2017-09-14,31.2,0.0,PI
2017-09-15,31.1,0.0,PI
2017-09-16,30.8,0.0,PI
2017-09-17,30.8,0.0,PI
2017-09-18,31.3,0.0,PI
2017-09-19,31.8,0.0,PI
2017-09-20,32.2,0.0,PI
2017-09-21,32.2,0.0,PI
2017-09-22,31.2,0.0,PI
2017-09-23,31.4,0.0,PI
2017-09-24,31.1,0.0,PI
2017-09-25,30.4,0.0,PI
2017-09-26,31.2,0.0,PI
2017-09-27,31.4,0.0,PI
2017-09-28,32.1,0.0,PI
2017-09-29,31.8,0.0,PI
2017-09-30,30.6,0.0,PI
2017-10-01,31.0,0.0,PI
2017-10-02,31.0,0.0,PI
2017-10-03,31.5,0.0,PI
2017-10-04,31.7,0.0,PI
2017-10-05,31.8,0.0,PI
2017-10-06,31.8,0.0,PI
2017-10-07,30.9,0.0,PI
2017-10-08,31.4,0.0,PI
2017-10-09,30.3,0.2,PI
2017-10-10,31.0,0.1,PI
2017-10-11,31.0,0.2,PI
2017-10-12,31.4,0.0,PI
2017-10-13,31.8,0.0,PI
2017-10-14,32.2,0.0,PI
2017-10-15,31.6,0.1,PI
2017-10-16,31.1,0.3,PI
2017-10-17,30.7,2.0,PI
2017-10-18,30.7,0.3,PI
2017-10-19,30.8,0.3,PI
2017-10-20,31.8,0.0,PI
2017-10-21,32.4,0.0,PI
2017-10-22,32.4,0.0,PI
2017-10-23,31.5,0.0,PI
2017-10-24,32.1,0.0,PI
2017-10-25,32.3,0.0,PI
2017-10-26,32.2,0.0,PI
2017-10-27,32.3,0.0,PI
2017-10-28,32.0,0.0,PI
2017-10-29,31.7,0.0,PI
2017-10-30,30.7,0.8,PI
2017-10-31,28.6,2.9,PI
2017-11-01,29.8,1.3,PI
2017-11-02,31.2,0.2,PI
2017-11-03,31.8,0.0,PI
2017-11-04,32.1,0.0,PI
2017-11-05,31.6,0.0,PI
2017-11-06,31.7,0.0,PI
2017-11-07,29.6,2.2,PI
2017-11-08,27.8,1.9,PI
2017-11-09,29.9,0.6,PI
2017-11-10,30.7,0.0,PI
2017-11-11,31.4,0.0,PI
2017-11-12,31.5,0.1,PI
2017-11-13,32.0,0.1,PI
2017-11-14,30.9,0.0,PI
2017-11-15,30.8,0.6,PI
2017-11-16,30.9,0.2,PI
2017-11-17,30.0,0.1,PI
2017-11-18,31.0,0.0,PI
2017-11-19,30.6,0.0,PI
2017-11-20,31.2,0.0,PI
2017-11-21,31.2,0.2,PI
2017-11-22,29.8,2.3,PI
2017-11-23,31.2,0.3,PI
2017-11-24,29.2,1.4,PI
2017-11-25,28.0,2.3,PI
2017-11-26,28.1,1.0,PI
2017-11-27,30.0,0.1,PI
2017-11-28,30.9,0.1,PI
2017-11-29,31.4,0.1,PI
2017-11-30,31.8,0.3,PI
2017-12-01,31.4,0.0,PI
2017-12-02,31.3,0.0,PI
2017-12-03,31.7,0.0,PI
2017-12-04,32.0,0.0,PI
2017-12-05,32.8,0.0,PI
2017-12-06,31.9,0.0,PI
2017-12-07,29.2,2.3,PI
2017-12-08,30.6,0.0,PI
2017-12-09,31.1,0.0,PI
2017-12-10,30.1,0.1,PI
2017-12-11,30.4,0.2,PI
2017-12-12,31.3,0.0,PI
2017-12-13,28.7,7.2,PI
2017-12-14,26.4,8.5,PI
2017-12-15,26.5,2.8,PI
2017-12-16,27.0,6.8,PI
2017-12-17,28.4,0.4,PI
2017-12-18,28.8,0.3,PI
2017-12-19,26.6,2.4,PI
2017-12-20,27.1,7.1,PI
2017-12-21,26.8,5.2,PI
2017-12-22,26.8,5.7,PI
2017-12-23,26.2,24.3,PI
2017-12-24,26.4,14.5,PI
2017-12-25,26.7,4.5,PI
2017-12-26,26.9,4.4,PI
2017-12-27,27.2,4.0,PI
2017-12-28,27.8,2.1,PI
2017-12-29,28.0,0.8,PI
2017-12-30,29.3,0.3,PI
2017-12-31,29.3,0.2,PI
2018-01-01,29.0,0.2,PI
2018-01-02,28.2,0.4,PI
2018-01-03,28.1,1.5,PI
2018-01-04,27.4,2.3,PI
2018-01-05,26.5,3.6,PI
2018-01-06,25.9,33.5,PI
2018-01-07,25.2,7.1,PI
2018-01-08,26.8,3.9,PI
2018-01-09,26.0,11.5,PI
2018-01-10,25.0,5.5,PI
2018-01-11,25.2,6.4,PI
2018-01-12,25.9,2.2,PI
2018-01-13,25.5,8.2,PI
2018-01-14,26.0,0.8,PI
2018-01-15,27.9,0.1,PI
2018-01-16,28.5,0.0,PI
2018-01-17,28.2,0.6,PI
2018-01-18,27.3,4.9,PI
2018-01-19,26.1,15.9,PI
2018-01-20,25.8,11.7,PI
2018-01-21,25.9,14.2,PI
2018-01-22,26.0,5.9,PI
2018-01-23,26.3,3.7,PI
2018-01-24,25.8,10.6,PI
2018-01-25,25.5,15.6,PI
2018-01-26,25.3,16.8,PI
2018-01-27,24.7,23.2,PI
2018-01-28,25.6,7.2,PI
2018-01-29,25.4,17.6,PI
2018-01-30,27.7,0.2,PI
2018-01-31,28.3,0.4,PI
2018-02-01,28.6,0.0,PI
2018-02-02,28.0,1.5,PI
2018-02-03,26.2,24.8,PI
2018-02-04,25.8,6.4,PI
2018-02-05,26.2,6.8,PI
2018-02-06,26.0,24.9,PI
2018-02-07,25.5,21.0,PI
2018-02-08,25.3,16.0,PI
2018-02-09,26.8,1.2,PI
2018-02-10,26.8,0.5,PI
2018-02-11,25.1,7.8,PI
2018-02-12,24.8,12.1,PI
2018-02-13,24.8,11.4,PI
2018-02-14,24.2,16.3,PI
2018-02-15,24.6,19.4,PI
2018-02-16,25.4,6.2,PI
2018-02-17,24.9,12.7,PI
2018-02-18,25.0,18.4,PI
2018-02-19,25.3,7.5,PI
2018-02-20,25.3,19.6,PI
2018-02-21,25.4,9.8,PI
2018-02-22,25.4,6.4,PI
2018-02-23,25.3,7.3,PI
2018-02-24,25.9,9.0,PI
2018-02-25,24.4,23.2,PI
2018-02-26,24.8,19.9,PI
2018-02-27,26.4,15.0,PI
2018-02-28,25.3,9.6,PI
2018-03-01,25.1,22.5,PI
2018-03-02,25.4,12.5,PI
2018-03-03,26.1,5.1,PI
2018-03-04,27.1,4.2,PI
2018-03-05,27.4,2.6,PI
2018-03-06,27.7,0.3,PI
2018-03-07,27.4,3.7,PI
2018-03-08,26.8,1.8,PI
2018-03-09,26.4,2.3,PI
2018-03-10,27.3,0.6,PI
2018-03-11,27.9,0.4,PI
2018-03-12,26.6,10.8,PI
2018-03-13,27.1,0.4,PI
2018-03-14,25.9,15.1,PI
2018-03-15,26.5,4.0,PI
2018-03-16,27.9,0.5,PI
2018-03-17,27.6,1.9,PI
2018-03-18,26.5,6.0,PI
2018-03-19,26.4,9.5,PI
2018-03-20,26.3,4.8,PI
2018-03-21,27.1,1.9,PI
2018-03-22,26.2,18.3,PI
2018-03-23,25.3,14.3,PI
2018-03-24,25.9,3.8,PI
2018-03-25,25.0,56.6,PI
2018-03-26,24.1,18.3,PI
2018-03-27,25.8,16.1,PI
2018-03-28,25.2,16.8,PI
2018-03-29,25.1,21.6,PI
2018-03-30,25.1,32.8,PI
2018-03-31,25.6,8.3,PI
2018-04-01,25.7,8.0,PI
2018-04-02,25.3,13.8,PI
2018-04-03,26.2,5.8,PI
2018-04-04,25.3,21.1,PI
2018-04-05,25.3,3.1,PI
2018-04-06,25.4,14.2,PI
2018-04-07,25.0,10.7,PI
2018-04-08,25.1,24.1,PI
2018-04-09,25.1,22.6,PI
2018-04-10,24.0,7.5,PI
2018-04-11,24.9,1.2,PI
2018-04-12,24.9,16.8,PI
2018-04-13,25.0,17.2,PI
2018-04-14,26.1,3.0,PI
2018-04-15,25.9,8.9,PI
2018-04-16,25.5,6.2,PI
2018-04-17,25.0,2.3,PI
2018-04-18,26.1,3.6,PI
2018-04-19,26.4,1.0,PI
2018-04-20,26.7,0.3,PI
2018-04-21,26.9,0.8,PI
2018-04-22,25.9,11.4,PI
2018-04-23,26.8,1.0,PI
2018-04-24,27.0,0.6,PI
2018-04-25,27.2,0.2,PI
2018-04-26,27.5,0.1,PI
2018-04-27,27.4,2.9,PI
2018-04-28,27.2,4.3,PI
2018-04-29,26.8,6.0,PI
2018-04-30,26.1,5.8,PI
2018-05-01,25.7,6.9,PI
2018-05-02,25.6,5.0,PI
2018-05-03,26.4,1.2,PI
2018-05-04,26.8,0.7,PI
2018-05-05,26.8,0.0,PI
2018-05-06,27.0,0.3,PI
2018-05-07,26.4,0.4,PI
2018-05-08,26.1,0.0,PI
2018-05-09,26.6,2.8,PI
2018-05-10,26.4,0.3,PI
2018-05-11,26.8,0.5,PI
2018-05-12,25.5,14.3,PI
2018-05-13,25.9,11.7,PI
2018-05-14,26.9,2.7,PI
2018-05-15,26.8,0.5,PI
2018-05-16,25.8,6.3,PI
2018-05-17,26.3,1.5,PI
2018-05-18,27.0,2.3,PI
2018-05-19,26.7,1.2,PI
2018-05-20,26.3,0.2,PI
2018-05-21,26.6,11.7,PI
2018-05-22,25.7,9.5,PI
2018-05-23,27.0,0.2,PI
2018-05-24,27.0,0.1,PI
2018-05-25,26.9,0.2,PI
2018-05-26,27.2,0.2,PI
2018-05-27,27.8,0.4,PI
2018-05-28,27.5,0.3,PI
2018-05-29,28.0,0.0,PI
2018-05-30,28.3,0.0,PI
2018-05-31,28.0,0.0,PI
2018-06-01,28.1,0.1,PI
2018-06-02,28.4,0.0,PI
2018-06-03,28.8,0.6,PI
2018-06-04,28.5,0.2,PI
2018-06-05,28.7,3.3,PI
2018-06-06,27.9,0.1,PI
2018-06-07,28.5,0.4,PI
2018-06-08,27.6,1.1,PI
2018-06-09,28.0,0.2,PI
2018-06-10,28.0,0.0,PI
2018-06-11,27.6,0.0,PI
2018-06-12,27.8,0.0,PI
2018-06-13,27.8,0.0,PI
2018-06-14,28.1,0.0,PI
2018-06-15,28.6,0.1,PI
2018-06-16,28.3,0.0,PI
2018-06-17,28.1,0.0,PI
2018-06-18,26.7,2.2,PI
2018-06-19,26.4,2.9,PI
2018-06-20,27.1,0.9,PI
2018-06-21,27.2,0.0,PI
2018-06-22,28.2,0.0,PI
2018-06-23,28.1,0.0,PI
2018-06-24,27.3,0.0,PI
2018-06-25,26.6,0.0,PI
2018-06-26,27.0,0.0,PI
2018-06-27,27.3,0.0,PI
2018-06-28,27.7,0.0,PI
2018-06-29,28.3,0.0,PI
2018-06-30,28.3,0.0,PI
2018-07-01,28.2,0.0,PI
2018-07-02,27.2,0.3,PI
2018-07-03,27.6,0.7,PI
2018-07-04,27.7,0.2,PI
2018-07-05,27.4,0.0,PI
2018-07-06,28.1,0.0,PI
2018-07-07,24.8,18.3,PI
2018-07-08,26.6,0.0,PI
2018-07-09,27.1,0.2,PI
2018-07-10,26.7,0.5,PI
2018-07-11,27.2,0.1,PI
2018-07-12,27.4,0.3,PI
2018-07-13,28.3,0.5,PI
2018-07-14,27.8,0.0,PI
2018-07-15,27.8,0.0,PI
2018-07-16,28.8,0.0,PI
2018-07-17,28.5,0.0,PI
2018-07-18,28.7,0.0,PI
2018-07-19,29.0,0.0,PI
2018-07-20,28.4,0.0,PI
2018-07-21,27.7,0.0,PI
2018-07-22,29.2,0.0,PI
2018-07-23,29.9,0.2,PI
2018-07-24,29.5,0.0,PI
2018-07-25,29.7,0.0,PI
2018-07-26,29.9,0.0,PI
2018-07-27,30.0,0.0,PI
2018-07-28,30.2,0.0,PI
2018-07-29,29.7,0.0,PI
2018-07-30,29.3,0.5,PI
2018-07-31,28.9,0.0,PI
2018-08-01,29.1,1.1,PI
2018-08-02,28.1,4.8,PI
2018-08-03,28.5,0.5,PI
2018-08-04,27.9,0.6,PI
2018-08-05,28.5,0.1,PI
2018-08-06,29.6,0.0,PI
2018-08-07,29.0,0.0,PI
2018-08-08,29.5,0.2,PI
2018-08-09,28.2,1.0,PI
2018-08-10,27.9,0.6,PI
2018-08-11,28.3,0.3,PI
2018-08-12,29.2,0.0,PI
2018-08-13,28.7,0.1,PI
2018-08-14,29.2,0.2,PI
2018-08-15,29.7,0.3,PI
2018-08-16,29.5,0.1,PI
2018-08-17,29.5,0.0,PI
2018-08-18,29.2,0.0,PI
2018-08-19,28.5,0.0,PI
2018-08-20,29.4,0.0,PI
2018-08-21,29.5,0.0,PI
2018-08-22,28.9,0.0,PI
2018-08-23,28.9,0.0,PI
2018-08-24,29.9,0.0,PI
2018-08-25,29.7,0.0,PI
2018-08-26,29.8,0.1,PI
2018-08-27,29.4,0.0,PI
2018-08-28,30.0,0.0,PI
2018-08-29,29.6,0.0,PI
2018-08-30,30.0,0.0,PI
2018-08-31,28.9,0.0,PI
2018-09-01,28.7,0.0,PI
2018-09-02,29.7,0.0,PI
2018-09-03,30.0,0.9,PI
2018-09-04,31.1,0.0,PI
2018-09-05,30.3,0.0,PI
2018-09-06,27.3,6.4,PI
2018-09-07,29.4,1.2,PI
2018-09-08,29.6,0.0,PI
2018-09-09,29.9,0.2,PI
2018-09-10,30.1,0.1,PI
2018-09-11,30.3,0.0,PI
2018-09-12,30.9,0.0,PI
2018-09-13,30.7,0.0,PI
2018-09-14,30.5,0.0,PI
2018-09-15,30.1,0.0,PI
2018-09-16,31.0,0.0,PI
2018-09-17,31.2,0.0,PI
2018-09-18,31.4,0.0,PI
2018-09-19,30.6,0.0,PI
2018-09-20,30.9,0.0,PI
2018-09-21,30.7,0.0,PI
2018-09-22,30.9,0.0,PI
2018-09-23,30.6,0.1,PI
2018-09-24,31.0,0.0,PI
2018-09-25,30.8,0.0,PI
2018-09-26,31.1,0.0,PI
2018-09-27,31.3,0.0,PI
2018-09-28,31.1,0.0,PI
2018-09-29,31.2,0.0,PI
2018-09-30,30.6,0.4,PI
2018-10-01,30.8,0.2,PI
2018-10-02,30.8,0.1,PI
2018-10-03,31.0,0.0,PI
2018-10-04,31.0,0.0,PI
2018-10-05,30.8,0.0,PI
2018-10-06,27.8,4.1,PI
2018-10-07,29.5,0.3,PI
2018-10-08,30.8,0.2,PI
2018-10-09,31.6,0.0,PI
2018-10-10,31.2,0.0,PI
2018-10-11,31.2,0.1,PI
2018-10-12,31.0,0.0,PI
2018-10-13,30.9,0.2,PI
2018-10-14,29.9,0.4,PI
2018-10-15,27.7,4.9,PI
2018-10-16,28.0,0.8,PI
2018-10-17,28.0,3.9,PI
2018-10-18,29.2,2.2,PI
2018-10-19,30.8,0.0,PI
2018-10-20,31.6,0.0,PI
2018-10-21,30.1,0.4,PI
2018-10-22,30.1,1.0,PI
2018-10-23,30.6,0.3,PI
2018-10-24,31.7,0.0,PI
2018-10-25,31.9,0.0,PI
2018-10-26,32.2,0.0,PI
2018-10-27,31.6,0.0,PI
2018-10-28,31.8,0.1,PI
2018-10-29,31.8,0.0,PI
2018-10-30,31.7,0.2,PI
2018-10-31,31.5,0.5,PI
2016-09-01,22.5,4.5,RJ
2016-09-02,23.0,1.6,RJ
2016-09-03,23.3,0.0,RJ
2016-09-04,24.4,0.0,RJ
2016-09-05,24.0,0.0,RJ
2016-09-06,24.6,0.0,RJ
2016-09-07,23.8,0.7,RJ
2016-09-08,21.8,2.4,RJ
2016-09-09,21.5,0.6,RJ
2016-09-10,22.5,0.7,RJ
2016-09-11,24.0,0.0,RJ
2016-09-12,25.4,0.0,RJ
2016-09-13,27.4,0.0,RJ
2016-09-14,25.1,0.0,RJ
2016-09-15,23.6,0.0,RJ
2016-09-16,21.4,0.0,RJ
2016-09-17,23.3,0.0,RJ
2016-09-18,26.3,0.1,RJ
2016-09-19,25.0,0.8,RJ
2016-09-20,20.3,15.9,RJ
2016-09-21,19.6,1.5,RJ
2016-09-22,19.7,0.2,RJ
2016-09-23,21.5,0.0,RJ
2016-09-24,22.4,0.7,RJ
2016-09-25,19.9,12.1,RJ
2016-09-26,19.8,0.7,RJ
2016-09-27,20.2,0.0,RJ
2016-09-28,20.7,0.0,RJ
2016-09-29,22.6,0.0,RJ
2016-09-30,19.9,5.3,RJ
2016-10-01,19.1,10.0,RJ
2016-10-02,19.1,3.8,RJ
2016-10-03,20.5,7.8,RJ
2016-10-04,20.5,29.8,RJ
2016-10-05,20.5,3.8,RJ
2016-10-06,19.8,10.9,RJ
2016-10-07,20.6,0.7,RJ
2016-10-08,21.4,0.0,RJ
2016-10-09,21.9,1.6,RJ
2016-10-10,20.6,2.4,RJ
2016-10-11,21.2,0.0,RJ
2016-10-12,23.6,0.1,RJ
2016-10-13,25.6,0.0,RJ
2016-10-14,26.1,3.0,RJ
2016-10-15,24.8,8.7,RJ
2016-10-16,27.2,0.6,RJ
2016-10-17,27.7,0.0,RJ
2016-10-18,27.6,0.2,RJ
2016-10-19,27.7,0.3,RJ
2016-10-20,28.4,0.0,RJ
2016-10-21,25.5,1.4,RJ
2016-10-22,23.2,4.6,RJ
2016-10-23,23.4,0.2,RJ
2016-10-24,24.3,0.0,RJ
2016-10-25,23.9,8.2,RJ
2016-10-26,24.1,9.3,RJ
2016-10-27,27.9,1.6,RJ
2016-10-28,22.2,5.0,RJ
2016-10-29,20.8,0.8,RJ
2016-10-30,20.2,0.3,RJ
2016-10-31,22.0,0.0,RJ
2016-11-01,24.8,0.0,RJ
2016-11-02,27.1,0.0,RJ
2016-11-03,26.1,12.4,RJ
2016-11-04,21.7,33.1,RJ
2016-11-05,21.7,10.9,RJ
2016-11-06,22.9,2.0,RJ
2016-11-07,23.5,5.9,RJ
2016-11-08,24.3,6.4,RJ
2016-11-09,25.6,0.2,RJ
2016-11-10,27.4,3.8,RJ
2016-11-11,26.4,2.9,RJ
2016-11-12,23.3,30.4,RJ
2016-11-13,22.0,25.7,RJ
2016-11-14,21.7,53.4,RJ
2016-11-15,23.9,9.2,RJ
2016-11-16,24.4,2.7,RJ
2016-11-17,24.8,3.4,RJ
2016-11-18,22.2,28.5,RJ
2016-11-19,20.0,0.4,RJ
2016-11-20,19.4,0.0,RJ
2016-11-21,22.3,0.0,RJ
2016-11-22,23.5,2.1,RJ
2016-11-23,22.9,4.4,RJ
2016-11-24,23.5,0.7,RJ
2016-11-25,23.3,0.0,RJ
2016-11-26,23.9,0.0,RJ
2016-11-27,25.2,0.0,RJ
2016-11-28,27.3,0.0,RJ
2016-11-29,25.6,9.5,RJ
2016-11-30,22.3,6.3,RJ
2016-12-01,21.6,0.1,RJ
2016-12-02,22.9,0.0,RJ
2016-12-03,25.8,0.0,RJ
2016-12-04,25.5,32.2,RJ
2016-12-05,23.3,3.7,RJ
2016-12-06,23.8,0.0,RJ
2016-12-07,25.2,0.0,RJ
2016-12-08,26.9,5.3,RJ
2016-12-09,27.0,6.1,RJ
2016-12-10,26.9,4.8,RJ
2016-12-11,29.0,2.5,RJ
2016-12-12,27.1,35.4,RJ
2016-12-13,27.6,18.2,RJ
2016-12-14,26.0,31.5,RJ
2016-12-15,22.0,12.7,RJ
2016-12-16,22.0,0.7,RJ
2016-12-17,22.8,1.7,RJ
2016-12-18,24.2,4.4,RJ
2016-12-19,25.6,1.5,RJ
2016-12-20,27.0,0.0,RJ
2016-12-21,27.6,0.4,RJ
2016-12-22,28.0,4.4,RJ
2016-12-23,28.6,5.7,RJ
2016-12-24,28.9,2.5,RJ
2016-12-25,28.0,0.4,RJ
2016-12-26,29.2,1.2,RJ
2016-12-27,31.4,0.0,RJ
2016-12-28,31.1,0.2,RJ
2016-12-29,29.1,0.0,RJ
2016-12-30,30.7,1.4,RJ
2016-12-31,31.3,0.5,RJ
2017-01-01,29.8,0.0,RJ
2017-01-02,29.2,0.1,RJ
2017-01-03,27.6,7.0,RJ
2017-01-04,29.5,0.2,RJ
2017-01-05,30.2,3.4,RJ
2017-01-06,28.2,4.8,RJ
2017-01-07,27.9,5.3,RJ
2017-01-08,27.9,6.7,RJ
2017-01-09,29.9,3.7,RJ
2017-01-10,29.5,5.7,RJ
2017-01-11,28.3,15.6,RJ
2017-01-12,26.0,36.6,RJ
2017-01-13,25.4,11.8,RJ
2017-01-14,26.5,1.4,RJ
2017-01-15,27.4,1.5,RJ
2017-01-16,28.3,4.0,RJ
2017-01-17,28.7,0.0,RJ
2017-01-18,29.0,0.0,RJ
2017-01-19,26.9,4.3,RJ
2017-01-20,25.8,3.2,RJ
2017-01-21,26.2,0.4,RJ
2017-01-22,26.4,0.7,RJ
2017-01-23,27.3,0.2,RJ
2017-01-24,28.1,0.0,RJ
2017-01-25,29.7,1.3,RJ
2017-01-26,29.3,0.0,RJ
2017-01-27,28.0,0.7,RJ
2017-01-28,28.1,1.2,RJ
2017-01-29,27.6,0.0,RJ
2017-01-30,27.0,0.0,RJ
2017-01-31,26.5,3.0,RJ
2017-02-01,27.2,0.2,RJ
2017-02-02,27.8,6.4,RJ
2017-02-03,28.4,0.1,RJ
2017-02-04,28.3,0.1,RJ
2017-02-05,28.3,4.4,RJ
2017-02-06,29.0,0.5,RJ
2017-02-07,27.5,6.6,RJ
2017-02-08,26.1,3.9,RJ
2017-02-09,26.0,0.3,RJ
2017-02-10,26.4,0.2,RJ
2017-02-11,27.5,0.0,RJ
2017-02-12,28.5,0.0,RJ
2017-02-13,28.7,0.2,RJ
2017-02-14,28.0,0.6,RJ
2017-02-15,28.1,0.0,RJ
2017-02-16,27.5,0.0,RJ
2017-02-17,27.9,0.0,RJ
2017-02-18,28.1,0.0,RJ
2017-02-19,28.3,0.0,RJ
2017-02-20,27.8,0.0,RJ
2017-02-21,27.2,0.2,RJ
2017-02-22,27.6,0.0,RJ
2017-02-23,29.0,0.0,RJ
2017-02-24,28.2,0.1,RJ
2017-02-25,27.1,0.1,RJ
2017-02-26,26.1,12.8,RJ
2017-02-27,26.7,2.3,RJ
2017-02-28,27.7,0.4,RJ
2017-03-01,29.7,1.3,RJ
2017-03-02,29.1,0.0,RJ
2017-03-03,27.7,0.7,RJ
2017-03-04,28.6,2.3,RJ
2017-03-05,28.8,6.0,RJ
2017-03-06,26.7,10.5,RJ
2017-03-07,26.4,13.4,RJ
2017-03-08,25.6,6.0,RJ
2017-03-09,26.6,1.6,RJ
2017-03-10,28.5,0.0,RJ
2017-03-11,28.0,0.0,RJ
2017-03-12,28.1,0.0,RJ
2017-03-13,27.1,5.8,RJ
2017-03-14,25.6,4.7,RJ
2017-03-15,25.6,0.6,RJ
2017-03-16,26.9,0.0,RJ
2017-03-17,27.4,3.0,RJ
2017-03-18,24.3,42.6,RJ
2017-03-19,23.0,21.9,RJ
2017-03-20,23.0,39.9,RJ
2017-03-21,23.8,2.4,RJ
2017-03-22,23.7,0.7,RJ
2017-03-23,23.7,0.6,RJ
2017-03-24,24.2,0.0,RJ
2017-03-25,24.5,0.0,RJ
2017-03-26,24.6,0.2,RJ
2017-03-27,24.3,1.0,RJ
2017-03-28,23.5,3.3,RJ
2017-03-29,23.0,0.9,RJ
2017-03-30,22.8,3.1,RJ
2017-03-31,22.5,2.2,RJ
2017-04-01,22.5,9.6,RJ
2017-04-02,22.7,5.2,RJ
2017-04-03,23.5,0.8,RJ
2017-04-04,24.1,0.1,RJ
2017-04-05,25.4,0.0,RJ
2017-04-06,26.5,1.1,RJ
2017-04-07,25.2,12.9,RJ
2017-04-08,25.1,6.8,RJ
2017-04-09,25.3,1.8,RJ
2017-04-10,25.4,1.6,RJ
2017-04-11,25.7,0.0,RJ
2017-04-12,24.6,6.6,RJ
2017-04-13,23.0,4.9,RJ
2017-04-14,23.7,1.5,RJ
2017-04-15,24.1,0.5,RJ
2017-04-16,24.6,0.0,RJ
2017-04-17,24.6,1.3,RJ
2017-04-18,23.8,0.6,RJ
2017-04-19,22.8,0.7,RJ
2017-04-20,23.1,0.0,RJ
2017-04-21,24.5,0.0,RJ
2017-04-22,23.4,7.3,RJ
2017-04-23,22.9,4.3,RJ
2017-04-24,22.8,0.4,RJ
2017-04-25,23.4,0.0,RJ
2017-04-26,25.5,0.0,RJ
2017-04-27,24.2,4.4,RJ
2017-04-28,21.5,5.0,RJ
2017-04-29,21.0,3.2,RJ
2017-04-30,21.6,2.1,RJ
2017-05-01,22.2,0.1,RJ
2017-05-02,21.7,0.5,RJ
2017-05-03,21.6,0.0,RJ
2017-05-04,22.2,0.0,RJ
2017-05-05,22.4,1.1,RJ
2017-05-06,22.1,4.7,RJ
2017-05-07,22.1,1.4,RJ
2017-05-08,22.0,0.5,RJ
2017-05-09,22.8,0.0,RJ
2017-05-10,22.5,0.9,RJ
2017-05-11,22.0,4.1,RJ
2017-05-12,20.9,1.0,RJ
2017-05-13,21.5,0.0,RJ
2017-05-14,24.6,0.0,RJ
2017-05-15,23.1,1.3,RJ
2017-05-16,21.8,1.0,RJ
2017-05-17,21.2,1.0,RJ
2017-05-18,21.1,2.8,RJ
2017-05-19,19.8,43.1,RJ
2017-05-20,21.6,0.3,RJ
2017-05-21,22.7,1.4,RJ
2017-05-22,22.4,12.0,RJ
2017-05-23,21.3,0.3,RJ
2017-05-24,21.1,0.0,RJ
2017-05-25,22.4,0.0,RJ
2017-05-26,23.2,0.0,RJ
2017-05-27,22.5,0.0,RJ
2017-05-28,21.4,0.0,RJ
2017-05-29,21.1,0.0,RJ
2017-05-30,21.1,0.0,RJ
2017-05-31,20.9,0.0,RJ
2017-06-01,22.8,0.2,RJ
2017-06-02,21.2,0.1,RJ
2017-06-03,20.7,1.4,RJ
2017-06-04,21.3,0.0,RJ
2017-06-05,23.4,1.2,RJ
2017-06-06,22.8,0.0,RJ
2017-06-07,23.2,0.0,RJ
2017-06-08,24.6,0.0,RJ
2017-06-09,24.0,0.4,RJ
2017-06-10,19.1,0.3,RJ
2017-06-11,18.5,0.0,RJ
2017-06-12,19.9,2.0,RJ
2017-06-13,20.7,3.5,RJ
2017-06-14,21.0,6.8,RJ
2017-06-15,20.5,4.2,RJ
2017-06-16,20.2,0.0,RJ
2017-06-17,20.6,0.0,RJ
2017-06-18,22.6,0.0,RJ
2017-06-19,23.1,1.7,RJ
2017-06-20,21.2,7.7,RJ
2017-06-21,20.5,24.4,RJ
2017-06-22,20.7,3.7,RJ
2017-06-23,20.5,0.7,RJ
2017-06-24,20.7,1.2,RJ
2017-06-25,20.2,0.1,RJ
2017-06-26,20.0,0.1,RJ
2017-06-27,19.9,0.0,RJ
2017-06-28,20.9,0.0,RJ
2017-06-29,20.6,0.0,RJ
2017-06-30,21.6,0.0,RJ
2017-07-01,20.9,3.9,RJ
2017-07-02,19.7,1.9,RJ
2017-07-03,18.2,4.0,RJ
2017-07-04,18.2,0.1,RJ
2017-07-05,19.1,0.9,RJ
2017-07-06,19.3,0.1,RJ
2017-07-07,20.0,0.7,RJ
2017-07-08,20.1,0.4,RJ
2017-07-09,20.4,0.0,RJ
2017-07-10,20.5,0.0,RJ
2017-07-11,19.9,0.0,RJ
2017-07-12,20.0,0.0,RJ
2017-07-13,20.8,0.0,RJ
2017-07-14,20.5,0.0,RJ
2017-07-15,20.8,0.0,RJ
2017-07-16,21.9,0.0,RJ
2017-07-17,22.5,0.0,RJ
2017-07-18,19.4,4.3,RJ
2017-07-19,17.8,4.1,RJ
2017-07-20,19.3,0.0,RJ
2017-07-21,19.8,0.0,RJ
2017-07-22,20.1,0.0,RJ
2017-07-23,20.2,0.1,RJ
2017-07-24,20.3,0.0,RJ
2017-07-25,20.9,0.0,RJ
2017-07-26,20.5,0.0,RJ
2017-07-27,20.2,0.0,RJ
2017-07-28,20.1,0.0,RJ
2017-07-29,21.2,1.3,RJ
2017-07-30,20.3,0.0,RJ
2017-07-31,20.6,0.0,RJ
2017-08-01,20.4,0.0,RJ
2017-08-02,21.5,0.0,RJ
2017-08-03,23.7,1.3,RJ
2017-08-04,20.3,1.7,RJ
2017-08-05,19.6,3.4,RJ
2017-08-06,18.6,0.4,RJ
2017-08-07,18.9,0.0,RJ
2017-08-08,21.2,0.0,RJ
2017-08-09,24.4,0.0,RJ
2017-08-10,21.1,0.9,RJ
2017-08-11,19.6,5.8,RJ
2017-08-12,19.7,0.0,RJ
2017-08-13,20.4,0.0,RJ
2017-08-14,21.3,0.0,RJ
2017-08-15,20.8,0.2,RJ
2017-08-16,19.9,2.8,RJ
2017-08-17,20.0,14.9,RJ
2017-08-18,20.3,6.4,RJ
2017-08-19,21.3,4.4,RJ
2017-08-20,22.2,4.3,RJ
2017-08-21,18.8,5.6,RJ
2017-08-22,19.1,1.3,RJ
2017-08-23,19.6,0.3,RJ
2017-08-24,19.9,0.0,RJ
2017-08-25,19.1,0.0,RJ
2017-08-26,19.2,0.0,RJ
2017-08-27,19.1,0.0,RJ
2017-08-28,19.8,0.0,RJ
2017-08-29,19.8,0.0,RJ
2017-08-30,22.4,0.0,RJ
2017-08-31,20.8,1.2,RJ
2017-09-01,20.2,2.0,RJ
2017-09-02,20.3,0.0,RJ
2017-09-03,20.6,0.0,RJ
2017-09-04,20.6,0.0,RJ
2017-09-05,21.9,0.0,RJ
2017-09-06,20.4,0.0,RJ
2017-09-07,19.7,0.0,RJ
2017-09-08,20.7,0.0,RJ
2017-09-09,21.7,0.0,RJ
2017-09-10,22.6,0.0,RJ
2017-09-11,23.6,0.0,RJ
2017-09-12,23.1,0.0,RJ
2017-09-13,22.9,0.0,RJ
2017-09-14,23.9,0.0,RJ
2017-09-15,24.0,0.0,RJ
2017-09-16,22.2,0.0,RJ
2017-09-17,23.3,0.0,RJ
2017-09-18,21.2,0.0,RJ
2017-09-19,21.5,0.0,RJ
2017-09-20,22.4,0.0,RJ
2017-09-21,22.4,0.0,RJ
2017-09-22,23.3,0.0,RJ
2017-09-23,24.2,0.0,RJ
2017-09-24,21.4,0.3,RJ
2017-09-25,21.4,0.1,RJ
2017-09-26,22.0,0.0,RJ
2017-09-27,23.3,0.0,RJ
2017-09-28,22.5,0.0,RJ
2017-09-29,22.2,0.3,RJ
2017-09-30,22.1,11.8,RJ
2017-10-01,23.9,0.0,RJ
2017-10-02,25.8,0.2,RJ
2017-10-03,22.1,10.9,RJ
2017-10-04,21.1,1.2,RJ
2017-10-05,22.9,0.0,RJ
2017-10-06,24.3,0.0,RJ
2017-10-07,23.3,0.0,RJ
2017-10-08,23.5,0.0,RJ
2017-10-09,24.3,0.0,RJ
2017-10-10,24.8,0.0,RJ
2017-10-11,24.8,0.0,RJ
2017-10-12,23.4,0.0,RJ
2017-10-13,22.9,0.0,RJ
2017-10-14,22.9,0.0,RJ
2017-10-15,21.9,2.2,RJ
2017-10-16,21.4,0.7,RJ
2017-10-17,22.8,0.0,RJ
2017-10-18,24.9,0.0,RJ
2017-10-19,26.2,0.0,RJ
2017-10-20,24.8,0.0,RJ
2017-10-21,23.8,0.1,RJ
2017-10-22,24.9,2.1,RJ
2017-10-23,20.9,14.7,RJ
2017-10-24,20.8,0.7,RJ
2017-10-25,22.9,0.0,RJ
2017-10-26,23.6,2.3,RJ
2017-10-27,24.6,2.6,RJ
2017-10-28,26.2,1.2,RJ
2017-10-29,24.2,0.1,RJ
2017-10-30,23.6,0.8,RJ
2017-10-31,23.5,2.7,RJ
2017-11-01,22.0,0.6,RJ
2017-11-02,22.0,0.6,RJ
2017-11-03,23.9,0.0,RJ
2017-11-04,27.6,0.0,RJ
2017-11-05,24.8,0.5,RJ
2017-11-06,22.1,4.5,RJ
2017-11-07,21.8,1.5,RJ
2017-11-08,22.0,0.4,RJ
2017-11-09,23.4,0.0,RJ
2017-11-10,25.8,0.0,RJ
2017-11-11,23.2,12.1,RJ
2017-11-12,23.2,0.0,RJ
2017-11-13,22.3,0.0,RJ
2017-11-14,21.8,0.0,RJ
2017-11-15,23.4,0.0,RJ
2017-11-16,27.1,0.0,RJ
2017-11-17,27.1,0.2,RJ
2017-11-18,26.7,0.2,RJ
2017-11-19,24.2,7.0,RJ
2017-11-20,22.8,52.6,RJ
2017-11-21,23.8,0.1,RJ
2017-11-22,23.0,17.4,RJ
2017-11-23,21.7,8.1,RJ
2017-11-24,22.3,0.0,RJ
2017-11-25,24.9,0.0,RJ
2017-11-26,27.8,0.0,RJ
2017-11-27,25.5,7.4,RJ
2017-11-28,23.0,9.6,RJ
2017-11-29,22.5,1.3,RJ
2017-11-30,22.5,2.8,RJ
2017-12-01,22.3,30.6,RJ
2017-12-02,23.2,2.3,RJ
2017-12-03,23.6,0.9,RJ
2017-12-04,24.2,0.2,RJ
2017-12-05,23.9,2.4,RJ
2017-12-06,23.2,0.0,RJ
2017-12-07,24.5,0.0,RJ
2017-12-08,23.7,21.6,RJ
2017-12-09,23.9,1.8,RJ
2017-12-10,23.5,1.8,RJ
2017-12-11,24.4,0.1,RJ
2017-12-12,22.5,2.4,RJ
2017-12-13,23.2,0.0,RJ
2017-12-14,23.7,0.0,RJ
2017-12-15,25.4,0.0,RJ
2017-12-16,25.1,0.0,RJ
2017-12-17,28.2,0.0,RJ
2017-12-18,27.5,0.0,RJ
2017-12-19,25.6,1.1,RJ
2017-12-20,26.1,0.1,RJ
2017-12-21,25.7,4.1,RJ
2017-12-22,25.9,2.6,RJ
2017-12-23,27.7,1.0,RJ
2017-12-24,28.6,0.0,RJ
2017-12-25,26.8,0.3,RJ
2017-12-26,26.0,1.1,RJ
2017-12-27,26.1,0.0,RJ
2017-12-28,25.4,5.3,RJ
2017-12-29,25.4,12.7,RJ
2017-12-30,26.0,2.5,RJ
2017-12-31,27.5,0.3,RJ
2018-01-01,26.9,0.0,RJ
2018-01-02,28.0,0.1,RJ
2018-01-03,27.7,11.0,RJ
2018-01-04,24.4,33.9,RJ
2018-01-05,23.7,16.8,RJ
2018-01-06,26.2,1.7,RJ
2018-01-07,24.4,26.7,RJ
2018-01-08,23.9,76.1,RJ
2018-01-09,25.0,0.3,RJ
2018-01-10,25.8,0.0,RJ
2018-01-11,25.9,0.1,RJ
2018-01-12,26.2,0.3,RJ
2018-01-13,26.8,0.0,RJ
2018-01-14,27.2,0.0,RJ
2018-01-15,28.6,0.3,RJ
2018-01-16,27.6,0.0,RJ
2018-01-17,27.3,0.0,RJ
2018-01-18,29.2,0.0,RJ
2018-01-19,27.7,0.0,RJ
2018-01-20,26.7,0.7,RJ
2018-01-21,26.2,0.0,RJ
2018-01-22,27.5,0.5,RJ
2018-01-23,28.0,0.0,RJ
2018-01-24,28.9,0.1,RJ
2018-01-25,27.8,3.3,RJ
2018-01-26,25.8,5.4,RJ
2018-01-27,24.7,9.0,RJ
2018-01-28,25.7,0.1,RJ
2018-01-29,26.7,7.7,RJ
2018-01-30,23.9,35.1,RJ
2018-01-31,24.2,3.2,RJ
2018-02-01,24.6,1.7,RJ
2018-02-02,25.1,1.0,RJ
2018-02-03,24.9,3.7,RJ
2018-02-04,25.0,0.3,RJ
2018-02-05,22.7,18.3,RJ
2018-02-06,23.9,5.5,RJ
2018-02-07,24.9,4.2,RJ
2018-02-08,25.4,0.0,RJ
2018-02-09,26.1,0.0,RJ
2018-02-10,28.0,0.2,RJ
2018-02-11,28.4,0.0,RJ
2018-02-12,29.0,0.4,RJ
2018-02-13,26.9,4.9,RJ
2018-02-14,25.9,7.2,RJ
2018-02-15,25.9,1.5,RJ
2018-02-16,25.4,3.3,RJ
2018-02-17,25.3,3.1,RJ
2018-02-18,25.4,5.7,RJ
2018-02-19,26.2,0.1,RJ
2018-02-20,28.1,0.0,RJ
2018-02-21,28.0,32.1,RJ
2018-02-22,25.7,14.1,RJ
2018-02-23,25.2,8.9,RJ
2018-02-24,25.0,1.8,RJ
2018-02-25,25.1,2.1,RJ
2018-02-26,25.5,5.5,RJ
2018-02-27,25.0,18.5,RJ
2018-02-28,26.0,0.0,RJ
2018-03-01,26.2,0.0,RJ
2018-03-02,26.8,0.5,RJ
2018-03-03,26.5,21.0,RJ
2018-03-04,26.6,1.7,RJ
2018-03-05,27.0,1.5,RJ
2018-03-06,26.8,0.8,RJ
2018-03-07,26.6,3.2,RJ
2018-03-08,25.1,22.2,RJ
2018-03-09,25.1,3.1,RJ
2018-03-10,25.3,3.7,RJ
2018-03-11,25.7,1.7,RJ
2018-03-12,27.0,0.0,RJ
2018-03-13,26.4,0.6,RJ
2018-03-14,27.0,0.0,RJ
2018-03-15,28.2,1.0,RJ
2018-03-16,28.4,1.2,RJ
2018-03-17,26.4,0.1,RJ
2018-03-18,25.8,0.5,RJ
2018-03-19,27.5,0.0,RJ
2018-03-20,27.5,7.2,RJ
2018-03-21,25.7,18.4,RJ
2018-03-22,24.9,21.9,RJ
2018-03-23,26.1,0.2,RJ
2018-03-24,26.9,0.1,RJ
2018-03-25,27.1,0.0,RJ
2018-03-26,27.3,0.0,RJ
2018-03-27,26.3,0.0,RJ
2018-03-28,26.0,0.1,RJ
2018-03-29,25.5,0.0,RJ
2018-03-30,25.4,0.1,RJ
2018-03-31,25.8,0.0,RJ
2018-04-01,27.0,0.0,RJ
2018-04-02,27.5,4.3,RJ
2018-04-03,26.7,10.4,RJ
2018-04-04,25.2,3.0,RJ
2018-04-05,25.1,0.3,RJ
2018-04-06,25.1,5.0,RJ
2018-04-07,25.1,0.8,RJ
2018-04-08,24.8,1.7,RJ
2018-04-09,24.9,0.8,RJ
2018-04-10,24.9,0.0,RJ
2018-04-11,24.7,0.1,RJ
2018-04-12,25.1,0.0,RJ
2018-04-13,25.9,0.0,RJ
2018-04-14,25.2,2.7,RJ
2018-04-15,23.4,27.3,RJ
2018-04-16,22.8,14.9,RJ
2018-04-17,22.8,2.2,RJ
2018-04-18,22.5,0.0,RJ
2018-04-19,22.5,0.0,RJ
2018-04-20,22.9,0.0,RJ
2018-04-21,23.4,0.2,RJ
2018-04-22,23.1,0.1,RJ
2018-04-23,22.9,0.1,RJ
2018-04-24,23.8,0.0,RJ
2018-04-25,23.5,0.0,RJ
2018-04-26,23.7,0.0,RJ
2018-04-27,23.9,0.3,RJ
2018-04-28,24.0,0.0,RJ
2018-04-29,23.3,0.1,RJ
2018-04-30,23.4,0.0,RJ
2018-05-01,23.8,0.8,RJ
2018-05-02,23.0,2.5,RJ
2018-05-03,23.2,0.9,RJ
2018-05-04,23.6,0.0,RJ
2018-05-05,23.8,0.0,RJ
2018-05-06,23.2,2.1,RJ
2018-05-07,22.7,3.5,RJ
2018-05-08,22.2,7.8,RJ
2018-05-09,22.1,1.6,RJ
2018-05-10,22.4,0.0,RJ
2018-05-11,22.9,0.0,RJ
2018-05-12,24.5,0.6,RJ
2018-05-13,22.7,11.4,RJ
2018-05-14,22.6,0.9,RJ
2018-05-15,23.4,0.0,RJ
2018-05-16,24.2,2.5,RJ
2018-05-17,22.5,1.5,RJ
2018-05-18,23.5,0.0,RJ
2018-05-19,25.1,1.6,RJ
2018-05-20,21.3,3.6,RJ
2018-05-21,20.0,0.0,RJ
2018-05-22,19.3,0.0,RJ
2018-05-23,19.9,0.0,RJ
2018-05-24,20.8,0.4,RJ
2018-05-25,20.4,2.0,RJ
2018-05-26,21.0,0.6,RJ
2018-05-27,20.6,0.0,RJ
2018-05-28,20.5,0.3,RJ
2018-05-29,21.1,0.0,RJ
2018-05-30,20.5,0.0,RJ
2018-05-31,20.8,0.0,RJ
2018-06-01,22.8,0.0,RJ
2018-06-02,23.8,0.0,RJ
2018-06-03,21.9,7.2,RJ
2018-06-04,20.1,2.9,RJ
2018-06-05,20.1,0.2,RJ
2018-06-06,21.6,2.4,RJ
2018-06-07,21.5,0.8,RJ
2018-06-08,21.2,3.1,RJ
2018-06-09,20.3,0.0,RJ
2018-06-10,21.8,0.0,RJ
2018-06-11,22.9,0.0,RJ
2018-06-12,24.6,0.0,RJ
2018-06-13,23.1,3.4,RJ
2018-06-14,21.1,10.9,RJ
2018-06-15,20.1,6.9,RJ
2018-06-16,20.6,2.7,RJ
2018-06-17,21.0,1.8,RJ
2018-06-18,20.7,2.4,RJ
2018-06-19,20.5,0.3,RJ
2018-06-20,20.4,0.0,RJ
2018-06-21,21.0,0.0,RJ
2018-06-22,22.6,0.0,RJ
2018-06-23,21.8,0.0,RJ
2018-06-24,23.6,0.0,RJ
2018-06-25,21.4,0.0,RJ
2018-06-26,24.2,0.0,RJ
2018-06-27,21.5,0.0,RJ
2018-06-28,22.4,0.0,RJ
2018-06-29,22.1,0.0,RJ
2018-06-30,22.2,0.0,RJ
2018-07-01,21.3,0.0,RJ
2018-07-02,22.3,0.0,RJ
2018-07-03,23.1,2.8,RJ
2018-07-04,21.2,27.7,RJ
2018-07-05,22.1,0.0,RJ
2018-07-06,22.1,0.0,RJ
2018-07-07,21.2,0.0,RJ
2018-07-08,23.3,0.0,RJ
2018-07-09,22.4,0.8,RJ
2018-07-10,19.5,13.4,RJ
2018-07-11,18.5,5.7,RJ
2018-07-12,18.4,1.0,RJ
2018-07-13,19.2,0.0,RJ
2018-07-14,20.0,0.0,RJ
2018-07-15,21.4,0.0,RJ
2018-07-16,23.0,0.0,RJ
2018-07-17,20.9,0.0,RJ
2018-07-18,21.5,0.0,RJ
2018-07-19,22.2,0.0,RJ
2018-07-20,21.7,0.0,RJ
2018-07-21,22.9,0.4,RJ
2018-07-22,21.9,4.9,RJ
2018-07-23,21.7,0.0,RJ
2018-07-24,21.3,0.5,RJ
2018-07-25,21.2,1.4,RJ
2018-07-26,20.9,0.0,RJ
2018-07-27,21.2,0.0,RJ
2018-07-28,21.8,0.0,RJ
2018-07-29,23.2,0.0,RJ
2018-07-30,22.8,1.9,RJ
2018-07-31,21.2,7.5,RJ
2018-08-01,20.2,4.9,RJ
2018-08-02,20.1,3.9,RJ
2018-08-03,20.5,8.1,RJ
2018-08-04,20.7,3.1,RJ
2018-08-05,21.1,0.0,RJ
2018-08-06,19.6,9.6,RJ
2018-08-07,19.5,3.5,RJ
2018-08-08,20.0,0.2,RJ
2018-08-09,21.7,0.2,RJ
2018-08-10,19.9,2.8,RJ
2018-08-11,19.0,0.1,RJ
2018-08-12,19.7,0.0,RJ
2018-08-13,19.4,0.3,RJ
2018-08-14,19.7,1.2,RJ
2018-08-15,19.7,0.2,RJ
2018-08-16,20.1,1.5,RJ
2018-08-17,19.7,6.1,RJ
2018-08-18,19.6,1.7,RJ
2018-08-19,19.8,0.0,RJ
2018-08-20,20.6,0.0,RJ
2018-08-21,20.8,0.0,RJ
2018-08-22,20.7,0.0,RJ
2018-08-23,22.3,0.0,RJ
2018-08-24,23.6,0.0,RJ
2018-08-25,23.5,0.8,RJ
2018-08-26,19.7,5.3,RJ
2018-08-27,19.0,6.5,RJ
2018-08-28,19.9,0.1,RJ
2018-08-29,20.1,0.0,RJ
2018-08-30,22.0,0.0,RJ
2018-08-31,23.8,0.0,RJ
2018-09-01,22.9,0.0,RJ
2018-09-02,22.6,0.0,RJ
2018-09-03,21.5,0.5,RJ
2018-09-04,20.6,6.4,RJ
2018-09-05,19.5,2.8,RJ
2018-09-06,19.5,2.9,RJ
2018-09-07,20.1,0.0,RJ
2018-09-08,19.7,0.0,RJ
2018-09-09,20.2,0.0,RJ
2018-09-10,20.7,0.9,RJ
2018-09-11,20.6,0.1,RJ
2018-09-12,20.7,0.5,RJ
2018-09-13,21.2,0.0,RJ
2018-09-14,21.3,11.3,RJ
2018-09-15,21.8,3.9,RJ
2018-09-16,21.0,0.8,RJ
2018-09-17,20.6,2.9,RJ
2018-09-18,24.2,0.0,RJ
2018-09-19,25.4,0.0,RJ
2018-09-20,25.4,0.7,RJ
2018-09-21,23.5,8.2,RJ
2018-09-22,22.8,0.0,RJ
2018-09-23,23.0,0.0,RJ
2018-09-24,23.4,0.0,RJ
2018-09-25,23.3,0.0,RJ
2018-09-26,24.7,0.0,RJ
2018-09-27,24.5,1.3,RJ
2018-09-28,23.7,1.4,RJ
2018-09-29,23.4,1.3,RJ
2018-09-30,24.5,0.0,RJ
2018-10-01,24.7,0.5,RJ
2018-10-02,25.6,0.0,RJ
2018-10-03,25.5,0.0,RJ
2018-10-04,24.5,1.0,RJ
2018-10-05,21.6,11.2,RJ
2018-10-06,20.9,4.1,RJ
2018-10-07,21.7,0.7,RJ
2018-10-08,22.8,2.2,RJ
2018-10-09,23.5,5.5,RJ
2018-10-10,25.0,14.9,RJ
2018-10-11,23.2,7.4,RJ
2018-10-12,23.2,3.6,RJ
2018-10-13,26.8,4.8,RJ
2018-10-14,23.3,1.9,RJ
2018-10-15,21.8,2.5,RJ
2018-10-16,22.4,2.2,RJ
2018-10-17,24.1,0.3,RJ
2018-10-18,24.4,0.0,RJ
2018-10-19,23.5,5.3,RJ
2018-10-20,21.5,2.1,RJ
2018-10-21,20.2,1.8,RJ
2018-10-22,21.6,0.0,RJ
2018-10-23,23.0,0.0,RJ
2018-10-24,22.9,3.8,RJ
2018-10-25,22.5,8.9,RJ
2018-10-26,22.8,0.6,RJ
2018-10-27,24.8,13.4,RJ
2018-10-28,22.3,2.7,RJ
2018-10-29,21.4,0.0,RJ
2018-10-30,21.9,0.0,RJ
2018-10-31,24.0,0.1,RJ
2016-09-01,25.9,1.6,RN
2016-09-02,25.4,0.5,RN
2016-09-03,25.1,3.0,RN
2016-09-04,25.6,0.5,RN
2016-09-05,25.3,1.1,RN
2016-09-06,25.3,1.1,RN
2016-09-07,25.8,0.0,RN
2016-09-08,25.8,0.0,RN
2016-09-09,25.8,0.0,RN
2016-09-10,24.7,3.5,RN
2016-09-11,25.1,2.8,RN
2016-09-12,25.4,0.3,RN
2016-09-13,25.6,0.0,RN
2016-09-14,25.7,0.0,RN
2016-09-15,26.1,0.0,RN
2016-09-16,26.2,1.0,RN
2016-09-17,25.8,0.2,RN
2016-09-18,25.8,0.0,RN
2016-09-19,25.8,0.0,RN
2016-09-20,26.4,0.0,RN
2016-09-21,26.4,0.4,RN
2016-09-22,26.7,1.0,RN
2016-09-23,26.3,0.9,RN
2016-09-24,26.4,0.2,RN
2016-09-25,26.0,0.0,RN
2016-09-26,26.6,0.0,RN
2016-09-27,26.8,0.0,RN
2016-09-28,26.4,1.6,RN
2016-09-29,26.6,0.1,RN
2016-09-30,26.7,1.4,RN
2016-10-01,26.5,2.9,RN
2016-10-02,26.4,1.1,RN
2016-10-03,26.5,0.4,RN
2016-10-04,26.3,0.5,RN
2016-10-05,26.2,1.0,RN
2016-10-06,26.6,0.0,RN
2016-10-07,26.6,0.0,RN
2016-10-08,27.0,0.0,RN
2016-10-09,26.9,0.0,RN
2016-10-10,26.6,0.5,RN
2016-10-11,26.4,0.1,RN
2016-10-12,25.7,2.1,RN
2016-10-13,26.1,1.4,RN
2016-10-14,26.3,1.1,RN
2016-10-15,26.5,0.5,RN
2016-10-16,26.5,1.1,RN
2016-10-17,26.0,1.7,RN
2016-10-18,26.6,0.3,RN
2016-10-19,26.9,0.2,RN
2016-10-20,26.8,0.0,RN
2016-10-21,26.9,0.3,RN
2016-10-22,26.8,0.4,RN
2016-10-23,26.7,0.6,RN
2016-10-24,26.2,1.3,RN
2016-10-25,26.3,2.0,RN
2016-10-26,26.4,0.1,RN
2016-10-27,26.8,0.0,RN
2016-10-28,26.6,0.1,RN
2016-10-29,26.9,0.4,RN
2016-10-30,26.7,1.5,RN
2016-10-31,26.8,1.1,RN
2016-11-01,26.6,0.8,RN
2016-11-02,26.4,1.9,RN
2016-11-03,26.2,2.2,RN
2016-11-04,26.5,0.6,RN
2016-11-05,26.2,0.7,RN
2016-11-06,26.4,1.6,RN
2016-11-07,26.4,1.3,RN
2016-11-08,26.4,2.2,RN
2016-11-09,26.5,1.5,RN
2016-11-10,26.7,0.9,RN
2016-11-11,26.9,0.0,RN
2016-11-12,26.4,1.7,RN
2016-11-13,26.6,0.4,RN
2016-11-14,26.8,0.6,RN
2016-11-15,26.7,1.2,RN
2016-11-16,26.7,0.9,RN
2016-11-17,26.5,1.5,RN
2016-11-18,26.9,1.0,RN
2016-11-19,26.9,0.1,RN
2016-11-20,26.9,0.0,RN
2016-11-21,27.0,0.7,RN
2016-11-22,27.0,0.8,RN
2016-11-23,26.8,0.0,RN
2016-11-24,27.0,0.0,RN
2016-11-25,27.1,0.0,RN
2016-11-26,27.2,0.0,RN
2016-11-27,27.3,0.1,RN
2016-11-28,27.4,0.0,RN
2016-11-29,27.4,0.4,RN
2016-11-30,27.4,0.1,RN
2016-12-01,27.3,0.4,RN
2016-12-02,27.1,1.2,RN
2016-12-03,27.3,0.0,RN
2016-12-04,27.0,1.3,RN
2016-12-05,27.4,1.1,RN
2016-12-06,27.4,0.0,RN
2016-12-07,27.3,0.0,RN
2016-12-08,27.4,0.0,RN
2016-12-09,27.3,0.0,RN
2016-12-10,27.3,0.3,RN
2016-12-11,27.4,0.0,RN
2016-12-12,27.0,0.0,RN
2016-12-13,27.3,0.0,RN
2016-12-14,27.3,0.0,RN
2016-12-15,26.7,2.0,RN
2016-12-16,27.0,1.9,RN
2016-12-17,26.6,3.7,RN
2016-12-18,26.6,1.2,RN
2016-12-19,26.7,1.5,RN
2016-12-20,27.0,0.9,RN
2016-12-21,26.9,2.5,RN
2016-12-22,26.5,7.1,RN
2016-12-23,26.7,2.2,RN
2016-12-24,27.0,0.1,RN
2016-12-25,27.1,0.6,RN
2016-12-26,27.2,1.5,RN
2016-12-27,27.3,0.9,RN
2016-12-28,25.6,5.7,RN
2016-12-29,26.2,4.0,RN
2016-12-30,26.6,0.9,RN
2016-12-31,27.3,0.0,RN
2017-01-01,27.0,0.6,RN
2017-01-02,26.7,0.4,RN
2017-01-03,27.3,0.2,RN
2017-01-04,26.9,2.5,RN
2017-01-05,26.9,5.2,RN
2017-01-06,27.2,0.1,RN
2017-01-07,26.9,1.0,RN
2017-01-08,26.9,1.5,RN
2017-01-09,27.1,1.8,RN
2017-01-10,27.3,1.0,RN
2017-01-11,27.3,0.8,RN
2017-01-12,27.4,0.4,RN
2017-01-13,27.5,0.1,RN
2017-01-14,27.3,0.3,RN
2017-01-15,27.5,0.2,RN
2017-01-16,27.3,0.9,RN
2017-01-17,27.7,0.0,RN
2017-01-18,27.5,1.2,RN
2017-01-19,27.4,0.5,RN
2017-01-20,27.1,0.2,RN
2017-01-21,27.7,0.0,RN
2017-01-22,24.8,45.4,RN
2017-01-23,26.6,5.0,RN
2017-01-24,27.1,1.2,RN
2017-01-25,27.0,0.2,RN
2017-01-26,27.5,0.0,RN
2017-01-27,27.3,1.9,RN
2017-01-28,26.4,3.5,RN
2017-01-29,27.2,0.3,RN
2017-01-30,27.4,0.0,RN
2017-01-31,26.1,6.4,RN
2017-02-01,27.0,2.8,RN
2017-02-02,27.3,1.1,RN
2017-02-03,27.4,0.2,RN
2017-02-04,27.2,0.7,RN
2017-02-05,27.3,1.0,RN
2017-02-06,27.5,0.3,RN
2017-02-07,27.3,0.3,RN
2017-02-08,27.4,0.1,RN
2017-02-09,27.1,3.6,RN
2017-02-10,27.2,3.3,RN
2017-02-11,27.4,2.0,RN
2017-02-12,26.1,3.6,RN
2017-02-13,27.0,2.0,RN
2017-02-14,27.0,3.7,RN
2017-02-15,27.5,0.0,RN
2017-02-16,27.2,0.1,RN
2017-02-17,27.3,2.9,RN
2017-02-18,26.3,9.8,RN
2017-02-19,26.9,8.0,RN
2017-02-20,27.0,4.1,RN
2017-02-21,27.4,0.8,RN
2017-02-22,27.4,0.4,RN
2017-02-23,27.4,1.4,RN
2017-02-24,26.6,3.7,RN
2017-02-25,27.3,0.0,RN
2017-02-26,27.3,1.9,RN
2017-02-27,26.4,5.1,RN
2017-02-28,26.4,4.5,RN
2017-03-01,26.5,7.0,RN
2017-03-02,25.6,14.0,RN
2017-03-03,26.7,2.3,RN
2017-03-04,26.6,2.4,RN
2017-03-05,27.2,1.6,RN
2017-03-06,27.2,1.6,RN
2017-03-07,26.8,20.3,RN
2017-03-08,27.2,1.5,RN
2017-03-09,26.9,2.6,RN
2017-03-10,27.0,2.6,RN
2017-03-11,26.4,5.9,RN
2017-03-12,25.3,15.1,RN
2017-03-13,26.6,2.3,RN
2017-03-14,26.9,5.3,RN
2017-03-15,26.5,4.8,RN
2017-03-16,26.4,4.6,RN
2017-03-17,27.1,1.1,RN
2017-03-18,27.0,0.4,RN
2017-03-19,27.2,1.1,RN
2017-03-20,27.2,3.1,RN
2017-03-21,27.2,2.0,RN
2017-03-22,26.7,22.4,RN
2017-03-23,25.8,14.1,RN
2017-03-24,26.5,2.6,RN
2017-03-25,26.8,3.2,RN
2017-03-26,27.2,1.0,RN
2017-03-27,27.3,6.2,RN
2017-03-28,27.8,0.6,RN
2017-03-29,26.9,11.7,RN
2017-03-30,26.7,13.1,RN
2017-03-31,26.4,10.5,RN
2017-04-01,26.9,5.9,RN
2017-04-02,26.2,9.1,RN
2017-04-03,27.9,1.1,RN
2017-04-04,27.0,3.8,RN
2017-04-05,26.8,7.1,RN
2017-04-06,27.1,2.3,RN
2017-04-07,27.0,0.0,RN
2017-04-08,27.1,6.2,RN
2017-04-09,26.6,4.2,RN
2017-04-10,25.3,46.0,RN
2017-04-11,25.6,13.1,RN
2017-04-12,26.2,15.3,RN
2017-04-13,26.3,9.6,RN
2017-04-14,27.3,4.4,RN
2017-04-15,27.2,2.7,RN
2017-04-16,27.0,3.5,RN
2017-04-17,27.0,0.7,RN
2017-04-18,26.8,0.0,RN
2017-04-19,26.9,3.9,RN
2017-04-20,26.8,0.1,RN
2017-04-21,26.9,2.1,RN
2017-04-22,26.4,12.3,RN
2017-04-23,26.5,20.9,RN
2017-04-24,27.1,1.3,RN
2017-04-25,26.7,2.1,RN
2017-04-26,27.1,0.0,RN
2017-04-27,26.6,25.8,RN
2017-04-28,26.1,23.5,RN
2017-04-29,26.1,8.7,RN
2017-04-30,25.9,8.7,RN
2017-05-01,26.6,0.2,RN
2017-05-02,25.4,8.6,RN
2017-05-03,25.9,1.8,RN
2017-05-04,25.8,6.2,RN
2017-05-05,26.4,0.8,RN
2017-05-06,26.2,1.1,RN
2017-05-07,25.8,10.0,RN
2017-05-08,24.6,30.7,RN
2017-05-09,25.4,11.5,RN
2017-05-10,26.5,0.2,RN
2017-05-11,26.6,0.2,RN
2017-05-12,26.5,0.7,RN
2017-05-13,26.5,0.0,RN
2017-05-14,26.7,0.0,RN
2017-05-15,26.9,0.4,RN
2017-05-16,27.2,0.0,RN
2017-05-17,27.5,1.6,RN
2017-05-18,27.2,1.9,RN
2017-05-19,26.8,1.6,RN
2017-05-20,26.9,1.9,RN
2017-05-21,27.7,0.0,RN
2017-05-22,26.8,2.6,RN
2017-05-23,27.0,0.0,RN
2017-05-24,26.5,0.1,RN
2017-05-25,26.4,0.9,RN
2017-05-26,26.4,1.1,RN
2017-05-27,26.6,3.8,RN
2017-05-28,25.2,30.7,RN
2017-05-29,23.8,41.0,RN
2017-05-30,24.4,5.2,RN
2017-05-31,25.9,3.4,RN
2017-06-01,25.5,3.2,RN
2017-06-02,26.5,3.0,RN
2017-06-03,26.2,3.0,RN
2017-06-04,25.8,3.9,RN
2017-06-05,25.7,1.8,RN
2017-06-06,26.0,1.2,RN
2017-06-07,26.5,1.7,RN
2017-06-08,26.8,0.5,RN
2017-06-09,26.1,1.9,RN
2017-06-10,25.7,2.0,RN
2017-06-11,26.2,2.8,RN
2017-06-12,25.8,0.2,RN
2017-06-13,25.7,1.6,RN
2017-06-14,25.9,0.4,RN
2017-06-15,24.9,2.5,RN
2017-06-16,25.3,0.4,RN
2017-06-17,25.7,0.5,RN
2017-06-18,25.4,3.4,RN
2017-06-19,25.5,0.3,RN
2017-06-20,25.4,1.2,RN
2017-06-21,25.3,3.4,RN
2017-06-22,25.6,0.0,RN
2017-06-23,25.2,13.3,RN
2017-06-24,24.7,14.5,RN
2017-06-25,23.9,14.6,RN
2017-06-26,24.4,5.2,RN
2017-06-27,24.8,9.2,RN
2017-06-28,23.7,15.6,RN
2017-06-29,23.9,14.9,RN
2017-06-30,24.1,29.7,RN
2017-07-01,23.4,18.7,RN
2017-07-02,24.7,2.7,RN
2017-07-03,24.7,0.5,RN
2017-07-04,24.7,0.1,RN
2017-07-05,24.0,14.5,RN
2017-07-06,23.5,12.1,RN
2017-07-07,24.0,6.6,RN
2017-07-08,24.1,4.2,RN
2017-07-09,24.0,3.4,RN
2017-07-10,23.5,53.7,RN
2017-07-11,23.1,124.9,RN
2017-07-12,24.3,1.2,RN
2017-07-13,24.4,0.0,RN
2017-07-14,24.6,0.0,RN
2017-07-15,24.1,0.9,RN
2017-07-16,24.5,0.6,RN
2017-07-17,24.1,1.2,RN
2017-07-18,23.6,8.1,RN
2017-07-19,24.3,3.5,RN
2017-07-20,23.9,5.7,RN
2017-07-21,24.1,26.1,RN
2017-07-22,24.4,1.2,RN
2017-07-23,23.8,5.7,RN
2017-07-24,24.2,2.1,RN
2017-07-25,24.4,0.2,RN
2017-07-26,24.0,1.8,RN
2017-07-27,23.5,14.2,RN
2017-07-28,22.4,68.9,RN
2017-07-29,23.6,1.6,RN
2017-07-30,24.3,4.1,RN
2017-07-31,23.3,11.7,RN
2017-08-01,24.3,2.5,RN
2017-08-02,24.8,1.5,RN
2017-08-03,24.5,0.0,RN
2017-08-04,24.5,0.0,RN
2017-08-05,25.2,0.0,RN
2017-08-06,24.9,0.0,RN
2017-08-07,24.3,0.5,RN
2017-08-08,24.4,0.0,RN
2017-08-09,24.8,0.2,RN
2017-08-10,24.9,0.6,RN
2017-08-11,24.8,0.9,RN
2017-08-12,25.0,0.2,RN
2017-08-13,24.9,0.3,RN
2017-08-14,24.6,1.2,RN
2017-08-15,24.6,0.2,RN
2017-08-16,24.8,0.3,RN
2017-08-17,24.4,4.2,RN
2017-08-18,24.9,2.2,RN
2017-08-19,25.1,2.4,RN
2017-08-20,25.2,1.7,RN
2017-08-21,25.2,0.2,RN
2017-08-22,25.1,0.4,RN
2017-08-23,24.4,1.5,RN
2017-08-24,25.0,0.8,RN
2017-08-25,24.8,1.9,RN
2017-08-26,24.6,0.5,RN
2017-08-27,24.4,2.0,RN
2017-08-28,24.9,0.5,RN
2017-08-29,25.2,0.1,RN
2017-08-30,25.5,0.5,RN
2017-08-31,25.3,0.8,RN
2017-09-01,25.7,0.0,RN
2017-09-02,25.3,0.0,RN
2017-09-03,24.5,0.0,RN
2017-09-04,24.9,1.1,RN
2017-09-05,25.1,1.7,RN
2017-09-06,25.0,5.6,RN
2017-09-07,24.7,3.3,RN
2017-09-08,24.7,0.9,RN
2017-09-09,24.4,3.7,RN
2017-09-10,24.6,3.0,RN
2017-09-11,25.2,0.7,RN
2017-09-12,25.1,0.8,RN
2017-09-13,24.9,0.8,RN
2017-09-14,24.9,0.4,RN
2017-09-15,25.0,0.1,RN
2017-09-16,24.6,1.3,RN
2017-09-17,24.9,0.5,RN
2017-09-18,25.3,0.8,RN
2017-09-19,25.6,0.2,RN
2017-09-20,24.8,1.4,RN
2017-09-21,24.9,1.2,RN
2017-09-22,25.3,2.9,RN
2017-09-23,25.1,0.3,RN
2017-09-24,25.2,0.1,RN
2017-09-25,25.4,0.4,RN
2017-09-26,25.3,0.6,RN
2017-09-27,25.4,2.2,RN
2017-09-28,25.6,0.8,RN
2017-09-29,25.4,1.4,RN
2017-09-30,25.9,0.0,RN
2017-10-01,25.8,0.7,RN
2017-10-02,25.9,2.0,RN
2017-10-03,25.8,2.2,RN
2017-10-04,25.8,1.3,RN
2017-10-05,25.9,1.9,RN
2017-10-06,25.8,0.3,RN
2017-10-07,25.9,0.0,RN
2017-10-08,26.0,0.3,RN
2017-10-09,25.8,1.1,RN
2017-10-10,25.4,1.2,RN
2017-10-11,25.8,1.2,RN
2017-10-12,26.3,0.1,RN
2017-10-13,26.1,0.6,RN
2017-10-14,25.9,0.8,RN
2017-10-15,26.4,0.0,RN
2017-10-16,26.1,3.5,RN
2017-10-17,26.3,0.2,RN
2017-10-18,25.7,3.0,RN
2017-10-19,26.3,1.0,RN
2017-10-20,25.6,4.9,RN
2017-10-21,26.0,3.3,RN
2017-10-22,26.1,0.4,RN
2017-10-23,26.0,0.7,RN
2017-10-24,26.1,1.8,RN
2017-10-25,26.4,0.4,RN
2017-10-26,26.1,3.6,RN
2017-10-27,26.2,1.2,RN
2017-10-28,25.8,4.4,RN
2017-10-29,26.2,1.5,RN
2017-10-30,26.3,0.6,RN
2017-10-31,26.4,1.2,RN
2017-11-01,26.6,0.4,RN
2017-11-02,26.5,1.4,RN
2017-11-03,26.4,1.1,RN
2017-11-04,26.4,0.4,RN
2017-11-05,26.1,2.6,RN
2017-11-06,26.3,0.2,RN
2017-11-07,26.6,0.0,RN
2017-11-08,26.2,1.6,RN
2017-11-09,26.2,1.4,RN
2017-11-10,26.4,0.3,RN
2017-11-11,26.3,2.0,RN
2017-11-12,26.5,0.4,RN
2017-11-13,26.8,0.1,RN
2017-11-14,26.4,2.9,RN
2017-11-15,26.4,1.4,RN
2017-11-16,26.6,1.3,RN
2017-11-17,26.7,0.2,RN
2017-11-18,26.3,1.4,RN
2017-11-19,26.7,0.1,RN
2017-11-20,26.9,0.0,RN
2017-11-21,26.8,0.6,RN
2017-11-22,26.8,0.4,RN
2017-11-23,27.0,0.6,RN
2017-11-24,26.9,0.1,RN
2017-11-25,26.6,1.0,RN
2017-11-26,27.0,0.0,RN
2017-11-27,26.8,0.7,RN
2017-11-28,27.0,0.1,RN
2017-11-29,27.0,0.4,RN
2017-11-30,27.0,1.8,RN
2017-12-01,26.6,1.7,RN
2017-12-02,26.4,2.2,RN
2017-12-03,26.5,1.2,RN
2017-12-04,26.5,2.4,RN
2017-12-05,26.6,1.6,RN
2017-12-06,27.0,0.1,RN
2017-12-07,27.2,0.0,RN
2017-12-08,26.9,2.4,RN
2017-12-09,27.2,0.6,RN
2017-12-10,27.2,1.1,RN
2017-12-11,27.2,0.4,RN
2017-12-12,27.3,0.9,RN
2017-12-13,26.9,1.3,RN
2017-12-14,26.0,4.3,RN
2017-12-15,26.8,3.2,RN
2017-12-16,27.4,0.0,RN
2017-12-17,27.3,2.2,RN
2017-12-18,27.2,1.3,RN
2017-12-19,27.3,1.2,RN
2017-12-20,26.8,0.7,RN
2017-12-21,26.8,3.9,RN
2017-12-22,27.0,3.3,RN
2017-12-23,26.8,5.5,RN
2017-12-24,26.9,3.0,RN
2017-12-25,26.4,6.2,RN
2017-12-26,27.3,1.0,RN
2017-12-27,27.2,1.4,RN
2017-12-28,27.5,0.0,RN
2017-12-29,27.5,0.0,RN
2017-12-30,27.4,0.6,RN
2017-12-31,26.9,5.1,RN
2018-01-01,26.9,3.2,RN
2018-01-02,27.0,1.8,RN
2018-01-03,27.2,0.1,RN
2018-01-04,27.5,0.2,RN
2018-01-05,27.0,2.0,RN
2018-01-06,26.6,3.2,RN
2018-01-07,27.2,0.4,RN
2018-01-08,26.8,2.5,RN
2018-01-09,26.6,1.8,RN
2018-01-10,26.0,5.1,RN
2018-01-11,26.0,5.0,RN
2018-01-12,27.1,0.1,RN
2018-01-13,26.9,2.0,RN
2018-01-14,26.6,7.7,RN
2018-01-15,26.3,8.8,RN
2018-01-16,26.9,1.4,RN
2018-01-17,26.7,2.5,RN
2018-01-18,25.9,2.6,RN
2018-01-19,25.3,8.2,RN
2018-01-20,25.1,15.6,RN
2018-01-21,26.1,3.2,RN
2018-01-22,26.7,1.4,RN
2018-01-23,25.6,9.9,RN
2018-01-24,26.1,5.8,RN
2018-01-25,26.6,0.3,RN
2018-01-26,26.9,0.0,RN
2018-01-27,26.8,0.1,RN
2018-01-28,26.8,1.4,RN
2018-01-29,27.0,0.6,RN
2018-01-30,27.2,0.6,RN
2018-01-31,27.2,2.2,RN
2018-02-01,27.3,0.8,RN
2018-02-02,27.0,2.0,RN
2018-02-03,27.1,1.0,RN
2018-02-04,27.2,0.1,RN
2018-02-05,27.2,0.6,RN
2018-02-06,27.1,3.0,RN
2018-02-07,27.7,1.3,RN
2018-02-08,26.2,9.2,RN
2018-02-09,25.5,15.9,RN
2018-02-10,25.0,13.0,RN
2018-02-11,26.3,0.9,RN
2018-02-12,26.3,1.5,RN
2018-02-13,25.8,4.5,RN
2018-02-14,23.7,44.8,RN
2018-02-15,25.4,9.1,RN
2018-02-16,24.6,31.9,RN
2018-02-17,24.7,25.0,RN
2018-02-18,25.9,3.8,RN
2018-02-19,26.3,3.6,RN
2018-02-20,26.8,0.3,RN
2018-02-21,26.7,0.8,RN
2018-02-22,25.5,16.3,RN
2018-02-23,26.1,7.3,RN
2018-02-24,26.1,1.9,RN
2018-02-25,26.2,1.6,RN
2018-02-26,26.8,0.2,RN
2018-02-27,26.7,0.9,RN
2018-02-28,26.4,13.4,RN
2018-03-01,24.8,35.2,RN
2018-03-02,25.4,19.5,RN
2018-03-03,25.9,2.7,RN
2018-03-04,27.1,2.2,RN
2018-03-05,26.6,7.6,RN
2018-03-06,26.8,5.2,RN
2018-03-07,27.4,0.2,RN
2018-03-08,27.1,0.3,RN
2018-03-09,27.1,2.4,RN
2018-03-10,26.9,1.5,RN
2018-03-11,27.5,0.3,RN
2018-03-12,27.5,0.6,RN
2018-03-13,27.5,4.2,RN
2018-03-14,27.5,1.1,RN
2018-03-15,27.2,1.9,RN
2018-03-16,27.0,0.4,RN
2018-03-17,26.9,0.6,RN
2018-03-18,27.4,0.1,RN
2018-03-19,27.6,0.3,RN
2018-03-20,27.8,0.0,RN
2018-03-21,27.4,1.5,RN
2018-03-22,27.7,1.3,RN
2018-03-23,27.3,0.7,RN
2018-03-24,27.2,0.4,RN
2018-03-25,26.0,11.0,RN
2018-03-26,26.1,2.9,RN
2018-03-27,26.9,1.5,RN
2018-03-28,25.4,18.8,RN
2018-03-29,24.4,34.0,RN
2018-03-30,24.8,15.4,RN
2018-03-31,25.9,1.6,RN
2018-04-01,26.0,6.7,RN
2018-04-02,25.8,8.0,RN
2018-04-03,26.4,2.2,RN
2018-04-04,27.3,0.2,RN
2018-04-05,26.9,0.5,RN
2018-04-06,26.3,5.2,RN
2018-04-07,25.6,5.6,RN
2018-04-08,25.6,10.0,RN
2018-04-09,25.1,13.2,RN
2018-04-10,25.1,18.6,RN
2018-04-11,24.5,17.2,RN
2018-04-12,24.3,31.7,RN
2018-04-13,24.5,20.8,RN
2018-04-14,25.6,3.6,RN
2018-04-15,25.6,6.1,RN
2018-04-16,24.7,13.9,RN
2018-04-17,25.1,19.4,RN
2018-04-18,26.3,1.2,RN
2018-04-19,26.1,0.7,RN
2018-04-20,25.9,1.8,RN
2018-04-21,25.7,2.7,RN
2018-04-22,25.7,2.3,RN
2018-04-23,25.5,3.2,RN
2018-04-24,26.5,0.2,RN
2018-04-25,26.0,6.4,RN
2018-04-26,25.3,22.4,RN
2018-04-27,25.9,3.4,RN
2018-04-28,25.9,2.1,RN
2018-04-29,25.5,16.0,RN
2018-04-30,24.5,19.6,RN
2018-05-01,26.0,1.4,RN
2018-05-02,25.9,1.1,RN
2018-05-03,25.8,0.9,RN
2018-05-04,26.1,0.1,RN
2018-05-05,25.6,1.7,RN
2018-05-06,25.4,5.2,RN
2018-05-07,25.3,4.0,RN
2018-05-08,25.7,4.5,RN
2018-05-09,24.8,6.0,RN
2018-05-10,25.4,5.7,RN
2018-05-11,25.7,1.9,RN
2018-05-12,25.9,2.1,RN
2018-05-13,26.0,1.5,RN
2018-05-14,26.1,0.6,RN
2018-05-15,25.9,3.3,RN
2018-05-16,25.6,4.0,RN
2018-05-17,24.5,21.3,RN
2018-05-18,25.3,2.1,RN
2018-05-19,26.0,0.2,RN
2018-05-20,25.5,9.7,RN
2018-05-21,26.4,2.9,RN
2018-05-22,26.1,1.3,RN
2018-05-23,25.8,0.3,RN
2018-05-24,25.7,0.6,RN
2018-05-25,25.0,2.5,RN
2018-05-26,25.4,0.2,RN
2018-05-27,25.9,0.1,RN
2018-05-28,25.6,1.0,RN
2018-05-29,25.6,0.1,RN
2018-05-30,25.6,0.0,RN
2018-05-31,25.1,2.3,RN
2018-06-01,25.4,0.2,RN
2018-06-02,25.2,5.9,RN
2018-06-03,24.9,17.0,RN
2018-06-04,25.2,0.5,RN
2018-06-05,25.1,0.0,RN
2018-06-06,25.5,0.2,RN
2018-06-07,25.4,11.6,RN
2018-06-08,25.7,7.1,RN
2018-06-09,25.5,2.7,RN
2018-06-10,25.3,1.9,RN
2018-06-11,25.4,0.7,RN
2018-06-12,24.9,1.3,RN
2018-06-13,25.7,1.8,RN
2018-06-14,24.9,3.1,RN
2018-06-15,24.9,2.2,RN
2018-06-16,23.4,20.9,RN
2018-06-17,24.2,7.1,RN
2018-06-18,24.4,6.1,RN
2018-06-19,24.7,1.6,RN
2018-06-20,24.6,0.0,RN
2018-06-21,24.8,0.6,RN
2018-06-22,25.1,1.5,RN
2018-06-23,24.9,0.3,RN
2018-06-24,24.7,2.4,RN
2018-06-25,24.8,1.2,RN
2018-06-26,24.3,1.6,RN
2018-06-27,24.7,0.8,RN
2018-06-28,24.8,0.5,RN
2018-06-29,24.3,0.4,RN
2018-06-30,24.4,0.0,RN
2018-07-01,25.2,0.0,RN
2018-07-02,25.0,0.9,RN
2018-07-03,25.3,0.0,RN
2018-07-04,25.0,0.0,RN
2018-07-05,24.9,0.8,RN
2018-07-06,23.7,93.0,RN
2018-07-07,24.6,20.2,RN
2018-07-08,24.7,0.3,RN
2018-07-09,24.6,18.4,RN
2018-07-10,23.1,41.9,RN
2018-07-11,24.1,12.1,RN
2018-07-12,23.9,15.0,RN
2018-07-13,24.4,3.2,RN
2018-07-14,24.4,0.3,RN
2018-07-15,24.6,0.0,RN
2018-07-16,24.8,1.1,RN
2018-07-17,24.2,1.2,RN
2018-07-18,23.7,4.0,RN
2018-07-19,24.0,1.1,RN
2018-07-20,24.3,2.5,RN
2018-07-21,23.9,6.1,RN
2018-07-22,23.9,8.3,RN
2018-07-23,24.6,0.3,RN
2018-07-24,24.7,0.2,RN
2018-07-25,24.8,0.5,RN
2018-07-26,24.5,2.5,RN
2018-07-27,23.7,6.1,RN
2018-07-28,24.4,5.0,RN
2018-07-29,24.6,2.2,RN
2018-07-30,24.2,3.2,RN
2018-07-31,24.2,3.7,RN
2018-08-01,24.4,2.2,RN
2018-08-02,25.0,1.0,RN
2018-08-03,24.8,0.0,RN
2018-08-04,24.9,0.0,RN
2018-08-05,25.5,0.9,RN
2018-08-06,25.5,0.2,RN
2018-08-07,25.0,3.8,RN
2018-08-08,25.0,0.2,RN
2018-08-09,24.0,3.9,RN
2018-08-10,24.7,2.2,RN
2018-08-11,25.3,0.7,RN
2018-08-12,25.0,2.0,RN
2018-08-13,25.5,0.9,RN
2018-08-14,25.3,2.3,RN
2018-08-15,25.6,0.7,RN
2018-08-16,25.1,3.5,RN
2018-08-17,25.0,1.0,RN
2018-08-18,24.5,0.9,RN
2018-08-19,25.0,1.6,RN
2018-08-20,25.2,0.3,RN
2018-08-21,24.8,1.3,RN
2018-08-22,24.9,0.0,RN
2018-08-23,24.7,0.0,RN
2018-08-24,24.6,0.7,RN
2018-08-25,24.7,1.9,RN
2018-08-26,24.9,2.2,RN
2018-08-27,24.8,0.5,RN
2018-08-28,24.9,1.0,RN
2018-08-29,24.6,0.3,RN
2018-08-30,24.2,0.6,RN
2018-08-31,24.9,0.0,RN
2018-09-01,24.9,0.0,RN
2018-09-02,24.7,2.3,RN
2018-09-03,25.2,0.9,RN
2018-09-04,25.6,0.0,RN
2018-09-05,25.9,0.0,RN
2018-09-06,25.7,0.0,RN
2018-09-07,24.8,2.2,RN
2018-09-08,24.8,0.1,RN
2018-09-09,25.0,0.1,RN
2018-09-10,24.6,3.1,RN
2018-09-11,24.6,3.6,RN
2018-09-12,25.4,0.0,RN
2018-09-13,25.4,0.0,RN
2018-09-14,25.1,0.1,RN
2018-09-15,25.6,0.3,RN
2018-09-16,25.5,1.9,RN
2018-09-17,25.8,1.0,RN
2018-09-18,25.7,2.0,RN
2018-09-19,26.0,0.4,RN
2018-09-20,26.0,0.3,RN
2018-09-21,25.8,0.3,RN
2018-09-22,25.1,2.6,RN
2018-09-23,25.8,0.4,RN
2018-09-24,26.0,0.2,RN
2018-09-25,26.0,0.3,RN
2018-09-26,26.2,0.0,RN
2018-09-27,25.7,2.4,RN
2018-09-28,26.2,0.5,RN
2018-09-29,25.9,0.6,RN
2018-09-30,26.3,0.0,RN
2018-10-01,26.2,0.2,RN
2018-10-02,26.0,0.2,RN
2018-10-03,26.1,1.7,RN
2018-10-04,26.2,2.1,RN
2018-10-05,26.2,0.9,RN
2018-10-06,26.5,0.2,RN
2018-10-07,25.7,5.6,RN
2018-10-08,26.4,0.0,RN
2018-10-09,26.0,0.7,RN
2018-10-10,26.4,0.4,RN
2018-10-11,26.4,0.3,RN
2018-10-12,26.4,0.1,RN
2018-10-13,26.0,3.0,RN
2018-10-14,26.5,0.6,RN
2018-10-15,26.6,0.0,RN
2018-10-16,26.6,1.8,RN
2018-10-17,26.7,0.5,RN
2018-10-18,26.5,0.0,RN
2018-10-19,26.6,0.6,RN
2018-10-20,26.6,0.0,RN
2018-10-21,26.6,2.3,RN
2018-10-22,26.7,0.1,RN
2018-10-23,26.7,0.7,RN
2018-10-24,26.6,0.2,RN
2018-10-25,26.7,0.9,RN
2018-10-26,26.9,0.3,RN
2018-10-27,26.7,0.8,RN
2018-10-28,26.5,0.4,RN
2018-10-29,26.9,1.8,RN
2018-10-30,26.7,1.4,RN
2018-10-31,26.6,0.9,RN
2016-09-01,15.0,0.0,RS
2016-09-02,15.0,0.9,RS
2016-09-03,15.2,15.8,RS
2016-09-04,16.4,12.4,RS
2016-09-05,17.6,13.3,RS
2016-09-06,13.9,8.9,RS
2016-09-07,13.1,0.2,RS
2016-09-08,14.9,0.1,RS
2016-09-09,16.1,0.0,RS
2016-09-10,17.7,0.0,RS
2016-09-11,17.5,0.0,RS
2016-09-12,21.5,0.3,RS
2016-09-13,20.4,14.9,RS
2016-09-14,15.0,0.0,RS
2016-09-15,14.1,0.0,RS
2016-09-16,14.0,0.0,RS
2016-09-17,18.1,0.0,RS
2016-09-18,17.4,0.0,RS
2016-09-19,15.1,0.1,RS
2016-09-20,14.8,0.3,RS
2016-09-21,17.1,0.0,RS
2016-09-22,17.5,0.0,RS
2016-09-23,15.4,0.0,RS
2016-09-24,14.0,0.0,RS
2016-09-25,13.4,0.0,RS
2016-09-26,13.3,0.0,RS
2016-09-27,14.1,0.0,RS
2016-09-28,16.7,0.0,RS
2016-09-29,15.1,0.3,RS
2016-09-30,15.2,0.0,RS
2016-10-01,16.7,0.0,RS
2016-10-02,17.9,0.0,RS
2016-10-03,18.5,0.0,RS
2016-10-04,18.1,0.2,RS
2016-10-05,17.5,2.8,RS
2016-10-06,16.1,7.2,RS
2016-10-07,17.6,0.2,RS
2016-10-08,17.8,0.8,RS
2016-10-09,15.3,0.0,RS
2016-10-10,16.1,0.0,RS
2016-10-11,19.1,2.0,RS
2016-10-12,21.8,0.0,RS
2016-10-13,21.3,14.5,RS
2016-10-14,20.5,0.0,RS
2016-10-15,21.1,0.5,RS
2016-10-16,22.6,0.6,RS
2016-10-17,21.7,33.6,RS
2016-10-18,19.0,30.4,RS
2016-10-19,21.6,34.1,RS
2016-10-20,20.5,0.1,RS
2016-10-21,17.1,0.0,RS
2016-10-22,17.0,0.0,RS
2016-10-23,20.4,7.6,RS
2016-10-24,22.5,0.6,RS
2016-10-25,20.8,7.5,RS
2016-10-26,21.6,18.6,RS
2016-10-27,17.1,2.8,RS
2016-10-28,15.0,0.0,RS
2016-10-29,16.3,0.0,RS
2016-10-30,18.3,0.0,RS
2016-10-31,22.4,0.0,RS
2016-11-01,23.6,4.8,RS
2016-11-02,19.0,20.8,RS
2016-11-03,15.8,0.0,RS
2016-11-04,18.0,0.0,RS
2016-11-05,20.2,0.0,RS
2016-11-06,21.9,0.0,RS
2016-11-07,23.7,0.0,RS
2016-11-08,23.4,0.0,RS
2016-11-09,21.9,20.0,RS
2016-11-10,22.5,1.5,RS
2016-11-11,19.2,2.9,RS
2016-11-12,16.8,0.0,RS
2016-11-13,20.0,0.0,RS
2016-11-14,22.4,0.0,RS
2016-11-15,23.3,0.0,RS
2016-11-16,22.5,0.9,RS
2016-11-17,19.2,9.7,RS
2016-11-18,15.2,2.0,RS
2016-11-19,17.7,0.0,RS
2016-11-20,19.5,0.0,RS
2016-11-21,20.1,0.0,RS
2016-11-22,18.0,0.0,RS
2016-11-23,18.6,0.0,RS
2016-11-24,20.4,0.0,RS
2016-11-25,21.6,1.8,RS
2016-11-26,24.9,0.0,RS
2016-11-27,25.4,24.8,RS
2016-11-28,21.5,8.8,RS
2016-11-29,20.1,0.0,RS
2016-11-30,18.8,0.0,RS
2016-12-01,20.8,0.0,RS
2016-12-02,23.7,0.0,RS
2016-12-03,21.8,15.6,RS
2016-12-04,20.3,12.2,RS
2016-12-05,20.8,0.0,RS
2016-12-06,23.4,0.0,RS
2016-12-07,23.5,0.0,RS
2016-12-08,23.0,4.1,RS
2016-12-09,20.5,0.0,RS
2016-12-10,23.4,1.2,RS
2016-12-11,25.5,0.0,RS
2016-12-12,24.6,0.0,RS
2016-12-13,24.8,3.5,RS
2016-12-14,21.1,1.5,RS
2016-12-15,19.6,0.0,RS
2016-12-16,21.7,0.0,RS
2016-12-17,24.9,0.0,RS
2016-12-18,25.4,4.6,RS
2016-12-19,25.1,16.8,RS
2016-12-20,24.7,4.4,RS
2016-12-21,25.4,0.0,RS
2016-12-22,27.2,0.4,RS
2016-12-23,28.1,7.1,RS
2016-12-24,25.6,1.8,RS
2016-12-25,26.6,0.2,RS
2016-12-26,30.0,0.9,RS
2016-12-27,26.0,3.9,RS
2016-12-28,24.0,4.0,RS
2016-12-29,24.1,26.1,RS
2016-12-30,25.6,4.5,RS
2016-12-31,26.3,3.8,RS
2017-01-01,26.8,2.7,RS
2017-01-02,25.9,6.1,RS
2017-01-03,26.8,2.4,RS
2017-01-04,26.6,25.7,RS
2017-01-05,25.2,10.8,RS
2017-01-06,23.9,0.7,RS
2017-01-07,24.8,0.0,RS
2017-01-08,26.2,0.2,RS
2017-01-09,27.5,3.3,RS
2017-01-10,25.6,27.6,RS
2017-01-11,24.6,0.7,RS
2017-01-12,24.0,0.0,RS
2017-01-13,25.5,0.0,RS
2017-01-14,25.9,0.1,RS
2017-01-15,26.3,0.1,RS
2017-01-16,27.0,0.5,RS
2017-01-17,25.9,0.4,RS
2017-01-18,25.6,0.4,RS
2017-01-19,23.7,0.0,RS
2017-01-20,24.0,0.0,RS
2017-01-21,24.2,0.0,RS
2017-01-22,25.0,0.5,RS
2017-01-23,25.6,1.8,RS
2017-01-24,26.9,0.3,RS
2017-01-25,24.1,15.6,RS
2017-01-26,21.6,6.2,RS
2017-01-27,21.5,1.1,RS
2017-01-28,22.9,0.1,RS
2017-01-29,25.4,0.2,RS
2017-01-30,26.7,0.7,RS
2017-01-31,26.5,0.3,RS
2017-02-01,25.4,1.3,RS
2017-02-02,25.5,11.0,RS
2017-02-03,25.8,2.7,RS
2017-02-04,27.1,0.0,RS
2017-02-05,27.8,0.1,RS
2017-02-06,23.5,0.0,RS
2017-02-07,22.6,0.0,RS
2017-02-08,23.3,0.1,RS
2017-02-09,26.1,0.2,RS
2017-02-10,27.2,0.1,RS
2017-02-11,24.2,6.2,RS
2017-02-12,24.7,17.8,RS
2017-02-13,25.1,35.4,RS
2017-02-14,25.5,59.2,RS
2017-02-15,26.3,2.0,RS
2017-02-16,27.0,3.3,RS
2017-02-17,26.3,6.0,RS
2017-02-18,27.9,3.6,RS
2017-02-19,27.2,6.2,RS
2017-02-20,27.6,0.0,RS
2017-02-21,27.1,5.9,RS
2017-02-22,26.3,0.0,RS
2017-02-23,26.4,3.3,RS
2017-02-24,25.7,0.4,RS
2017-02-25,25.6,0.8,RS
2017-02-26,25.3,0.6,RS
2017-02-27,25.7,0.0,RS
2017-02-28,25.9,0.1,RS
2017-03-01,25.9,1.0,RS
2017-03-02,27.3,0.0,RS
2017-03-03,27.1,16.1,RS
2017-03-04,25.4,14.5,RS
2017-03-05,24.4,1.9,RS
2017-03-06,24.9,0.1,RS
2017-03-07,25.0,0.3,RS
2017-03-08,25.7,0.6,RS
2017-03-09,26.6,4.8,RS
2017-03-10,23.8,20.8,RS
2017-03-11,23.1,3.0,RS
2017-03-12,22.7,22.4,RS
2017-03-13,18.7,0.0,RS
2017-03-14,19.4,0.0,RS
2017-03-15,23.9,0.0,RS
2017-03-16,23.7,8.8,RS
2017-03-17,19.0,0.6,RS
2017-03-18,19.5,0.5,RS
2017-03-19,20.1,0.6,RS
2017-03-20,21.3,0.1,RS
2017-03-21,21.8,0.1,RS
2017-03-22,23.0,0.0,RS
2017-03-23,22.5,8.1,RS
2017-03-24,21.7,0.0,RS
2017-03-25,22.1,1.2,RS
2017-03-26,23.0,0.2,RS
2017-03-27,22.6,1.0,RS
2017-03-28,22.5,0.2,RS
2017-03-29,22.1,0.2,RS
2017-03-30,21.5,0.0,RS
2017-03-31,21.6,0.0,RS
2017-04-01,21.8,0.0,RS
2017-04-02,22.1,0.1,RS
2017-04-03,23.4,0.0,RS
2017-04-04,24.4,0.0,RS
2017-04-05,23.4,6.3,RS
2017-04-06,21.9,0.1,RS
2017-04-07,22.2,0.0,RS
2017-04-08,23.7,0.0,RS
2017-04-09,23.9,10.5,RS
2017-04-10,25.5,4.1,RS
2017-04-11,20.8,3.6,RS
2017-04-12,18.7,0.0,RS
2017-04-13,18.3,0.0,RS
2017-04-14,19.9,0.4,RS
2017-04-15,21.2,5.0,RS
2017-04-16,20.2,3.3,RS
2017-04-17,19.5,0.5,RS
2017-04-18,19.5,0.1,RS
2017-04-19,21.1,0.0,RS
2017-04-20,21.8,1.9,RS
2017-04-21,21.3,4.8,RS
2017-04-22,17.8,0.0,RS
2017-04-23,17.3,0.0,RS
2017-04-24,18.2,5.0,RS
2017-04-25,19.4,19.0,RS
2017-04-26,17.3,49.8,RS
2017-04-27,14.3,0.0,RS
2017-04-28,13.4,0.0,RS
2017-04-29,14.1,0.0,RS
2017-04-30,15.1,0.0,RS
2017-05-01,15.5,0.0,RS
2017-05-02,18.3,0.0,RS
2017-05-03,20.1,0.0,RS
2017-05-04,19.7,0.9,RS
2017-05-05,18.9,0.0,RS
2017-05-06,20.6,0.6,RS
2017-05-07,21.2,0.0,RS
2017-05-08,21.0,3.5,RS
2017-05-09,19.7,0.6,RS
2017-05-10,16.5,0.0,RS
2017-05-11,15.3,0.0,RS
2017-05-12,17.1,17.5,RS
2017-05-13,17.6,41.4,RS
2017-05-14,17.2,3.0,RS
2017-05-15,16.1,0.1,RS
2017-05-16,16.8,0.2,RS
2017-05-17,17.1,0.0,RS
2017-05-18,18.9,0.1,RS
2017-05-19,19.8,4.3,RS
2017-05-20,20.4,5.0,RS
2017-05-21,16.5,14.9,RS
2017-05-22,14.8,0.0,RS
2017-05-23,17.4,4.8,RS
2017-05-24,20.0,4.3,RS
2017-05-25,21.1,18.4,RS
2017-05-26,20.0,51.9,RS
2017-05-27,17.6,9.4,RS
2017-05-28,17.9,31.5,RS
2017-05-29,18.0,5.4,RS
2017-05-30,16.6,4.1,RS
2017-05-31,16.5,9.9,RS
2017-06-01,16.2,51.5,RS
2017-06-02,15.3,0.5,RS
2017-06-03,14.6,0.0,RS
2017-06-04,16.6,14.3,RS
2017-06-05,16.7,2.6,RS
2017-06-06,16.8,4.8,RS
2017-06-07,16.7,36.0,RS
2017-06-08,17.1,78.5,RS
2017-06-09,12.7,3.5,RS
2017-06-10,12.6,0.0,RS
2017-06-11,12.6,0.0,RS
2017-06-12,12.2,0.0,RS
2017-06-13,12.9,0.0,RS
2017-06-14,13.6,0.0,RS
2017-06-15,15.8,0.0,RS
2017-06-16,18.2,0.0,RS
2017-06-17,20.5,0.0,RS
2017-06-18,17.9,2.5,RS
2017-06-19,10.1,0.0,RS
2017-06-20,8.9,0.0,RS
2017-06-21,11.9,0.0,RS
2017-06-22,15.5,0.0,RS
2017-06-23,17.2,0.0,RS
2017-06-24,19.1,0.0,RS
2017-06-25,18.6,0.0,RS
2017-06-26,16.5,0.0,RS
2017-06-27,18.0,0.0,RS
2017-06-28,18.6,0.0,RS
2017-06-29,18.2,0.0,RS
2017-06-30,16.2,8.6,RS
2017-07-01,12.4,0.0,RS
2017-07-02,11.6,0.0,RS
2017-07-03,12.8,0.0,RS
2017-07-04,14.2,0.0,RS
2017-07-05,16.3,0.0,RS
2017-07-06,15.5,0.0,RS
2017-07-07,16.2,0.0,RS
2017-07-08,17.7,0.0,RS
2017-07-09,17.5,0.0,RS
2017-07-10,18.7,0.6,RS
2017-07-11,16.9,3.5,RS
2017-07-12,18.2,5.3,RS
2017-07-13,18.7,0.0,RS
2017-07-14,19.8,0.0,RS
2017-07-15,21.8,0.0,RS
2017-07-16,17.0,8.9,RS
2017-07-17,8.5,11.3,RS
2017-07-18,6.7,0.0,RS
2017-07-19,7.1,0.0,RS
2017-07-20,10.4,0.0,RS
2017-07-21,11.0,0.0,RS
2017-07-22,12.4,0.0,RS
2017-07-23,15.3,0.0,RS
2017-07-24,20.1,0.0,RS
2017-07-25,19.6,0.0,RS
2017-07-26,18.2,0.0,RS
2017-07-27,17.0,0.0,RS
2017-07-28,17.4,0.0,RS
2017-07-29,18.4,0.0,RS
2017-07-30,18.7,0.0,RS
2017-07-31,18.7,0.0,RS
2017-08-01,19.1,0.0,RS
2017-08-02,16.9,11.1,RS
2017-08-03,15.7,9.9,RS
2017-08-04,13.8,0.0,RS
2017-08-05,14.7,0.0,RS
2017-08-06,14.1,0.0,RS
2017-08-07,15.4,0.0,RS
2017-08-08,18.3,4.8,RS
2017-08-09,14.8,0.0,RS
2017-08-10,15.4,0.0,RS
2017-08-11,17.7,4.0,RS
2017-08-12,18.2,1.8,RS
2017-08-13,17.2,36.3,RS
2017-08-14,14.6,1.1,RS
2017-08-15,14.2,0.0,RS
2017-08-16,15.1,0.0,RS
2017-08-17,14.5,0.0,RS
2017-08-18,16.0,0.0,RS
2017-08-19,18.2,4.7,RS
2017-08-20,14.3,15.1,RS
2017-08-21,11.2,0.0,RS
2017-08-22,13.3,0.0,RS
2017-08-23,17.6,0.0,RS
2017-08-24,21.2,0.0,RS
2017-08-25,21.9,0.0,RS
2017-08-26,21.2,0.0,RS
2017-08-27,19.0,1.4,RS
2017-08-28,19.8,0.4,RS
2017-08-29,24.1,0.0,RS
2017-08-30,18.0,5.9,RS
2017-08-31,16.4,0.0,RS
2017-09-01,18.3,0.0,RS
2017-09-02,20.6,0.0,RS
2017-09-03,22.8,0.0,RS
2017-09-04,24.7,0.0,RS
2017-09-05,18.6,4.5,RS
2017-09-06,18.3,1.7,RS
2017-09-07,21.5,0.0,RS
2017-09-08,22.3,0.0,RS
2017-09-09,21.4,0.0,RS
2017-09-10,24.3,0.0,RS
2017-09-11,22.8,2.2,RS
2017-09-12,18.0,20.0,RS
2017-09-13,19.5,0.8,RS
2017-09-14,20.3,13.6,RS
2017-09-15,17.3,45.5,RS
2017-09-16,17.0,38.8,RS
2017-09-17,17.6,10.8,RS
2017-09-18,16.9,0.0,RS
2017-09-19,18.9,0.0,RS
2017-09-20,21.9,0.0,RS
2017-09-21,22.9,0.0,RS
2017-09-22,20.4,2.0,RS
2017-09-23,18.4,4.2,RS
2017-09-24,18.5,0.0,RS
2017-09-25,20.8,0.0,RS
2017-09-26,22.0,0.0,RS
2017-09-27,20.6,1.2,RS
2017-09-28,18.3,0.7,RS
2017-09-29,17.0,13.9,RS
2017-09-30,18.6,16.7,RS
2017-10-01,20.3,2.0,RS
2017-10-02,17.5,0.3,RS
2017-10-03,17.0,0.0,RS
2017-10-04,20.5,0.0,RS
2017-10-05,21.2,0.0,RS
2017-10-06,21.3,11.8,RS
2017-10-07,18.3,0.0,RS
2017-10-08,18.3,6.0,RS
2017-10-09,20.7,0.6,RS
2017-10-10,20.9,23.8,RS
2017-10-11,18.5,55.8,RS
2017-10-12,19.6,52.3,RS
2017-10-13,20.5,11.6,RS
2017-10-14,17.3,2.1,RS
2017-10-15,17.2,0.0,RS
2017-10-16,19.2,0.0,RS
2017-10-17,21.8,0.0,RS
2017-10-18,23.9,2.0,RS
2017-10-19,20.6,17.3,RS
2017-10-20,19.6,0.0,RS
2017-10-21,20.5,7.3,RS
2017-10-22,16.8,1.5,RS
2017-10-23,14.7,0.0,RS
2017-10-24,17.7,0.0,RS
2017-10-25,19.6,0.0,RS
2017-10-26,20.9,0.1,RS
2017-10-27,21.4,33.3,RS
2017-10-28,18.7,1.9,RS
2017-10-29,20.1,0.1,RS
2017-10-30,21.8,11.9,RS
2017-10-31,18.3,0.0,RS
2017-11-01,18.1,0.0,RS
2017-11-02,20.2,0.0,RS
2017-11-03,21.9,1.2,RS
2017-11-04,19.0,9.5,RS
2017-11-05,18.4,0.0,RS
2017-11-06,18.9,0.0,RS
2017-11-07,20.6,0.0,RS
2017-11-08,19.5,7.9,RS
2017-11-09,21.6,7.4,RS
2017-11-10,19.6,6.2,RS
2017-11-11,20.3,0.0,RS
2017-11-12,19.3,0.0,RS
2017-11-13,20.5,0.0,RS
2017-11-14,21.5,0.0,RS
2017-11-15,25.3,0.0,RS
2017-11-16,21.8,11.4,RS
2017-11-17,20.3,1.0,RS
2017-11-18,21.1,6.4,RS
2017-11-19,18.2,0.2,RS
2017-11-20,19.8,0.0,RS
2017-11-21,19.5,13.7,RS
2017-11-22,17.3,0.6,RS
2017-11-23,19.0,0.0,RS
2017-11-24,20.6,0.0,RS
2017-11-25,18.6,45.4,RS
2017-11-26,19.0,18.4,RS
2017-11-27,21.3,0.0,RS
2017-11-28,20.4,0.4,RS
2017-11-29,19.6,0.0,RS
2017-11-30,20.0,0.0,RS
2017-12-01,20.8,0.1,RS
2017-12-02,22.5,0.0,RS
2017-12-03,23.1,0.5,RS
2017-12-04,21.2,7.9,RS
2017-12-05,21.0,0.1,RS
2017-12-06,24.0,0.4,RS
2017-12-07,23.4,15.2,RS
2017-12-08,23.0,0.0,RS
2017-12-09,22.1,0.0,RS
2017-12-10,24.2,0.7,RS
2017-12-11,20.6,0.1,RS
2017-12-12,20.0,0.0,RS
2017-12-13,24.0,0.0,RS
2017-12-14,26.3,0.0,RS
2017-12-15,25.3,0.7,RS
2017-12-16,27.1,0.0,RS
2017-12-17,27.3,11.1,RS
2017-12-18,20.4,0.1,RS
2017-12-19,22.6,1.2,RS
2017-12-20,23.8,0.7,RS
2017-12-21,24.2,0.0,RS
2017-12-22,25.6,0.2,RS
2017-12-23,25.4,30.4,RS
2017-12-24,21.7,2.6,RS
2017-12-25,20.6,0.0,RS
2017-12-26,22.4,0.0,RS
2017-12-27,24.0,0.0,RS
2017-12-28,24.9,0.0,RS
2017-12-29,24.9,4.8,RS
2017-12-30,24.4,0.8,RS
2017-12-31,25.1,0.0,RS
2018-01-01,24.9,5.3,RS
2018-01-02,23.7,13.1,RS
2018-01-03,23.7,0.2,RS
2018-01-04,24.9,0.0,RS
2018-01-05,26.9,0.0,RS
2018-01-06,23.9,1.2,RS
2018-01-07,22.3,0.0,RS
2018-01-08,23.2,0.0,RS
2018-01-09,24.0,0.0,RS
2018-01-10,25.2,20.1,RS
2018-01-11,24.6,6.1,RS
2018-01-12,24.5,1.1,RS
2018-01-13,25.3,0.4,RS
2018-01-14,25.5,7.3,RS
2018-01-15,25.6,7.4,RS
2018-01-16,24.4,0.8,RS
2018-01-17,24.8,2.4,RS
2018-01-18,25.2,11.2,RS
2018-01-19,24.6,0.2,RS
2018-01-20,23.8,0.0,RS
2018-01-21,23.7,13.7,RS
2018-01-22,25.0,4.8,RS
2018-01-23,25.6,3.5,RS
2018-01-24,25.5,10.6,RS
2018-01-25,23.7,1.0,RS
2018-01-26,22.1,0.0,RS
2018-01-27,24.0,0.0,RS
2018-01-28,24.5,3.6,RS
2018-01-29,22.9,1.2,RS
2018-01-30,23.0,1.5,RS
2018-01-31,23.2,0.0,RS
2018-02-01,23.4,0.0,RS
2018-02-02,23.3,0.0,RS
2018-02-03,23.3,0.4,RS
2018-02-04,22.9,0.0,RS
2018-02-05,23.4,0.0,RS
2018-02-06,23.9,0.0,RS
2018-02-07,24.5,0.0,RS
2018-02-08,25.6,0.0,RS
2018-02-09,27.2,0.2,RS
2018-02-10,26.8,1.5,RS
2018-02-11,24.0,6.0,RS
2018-02-12,21.4,1.8,RS
2018-02-13,20.6,0.0,RS
2018-02-14,21.9,0.0,RS
2018-02-15,22.6,0.0,RS
2018-02-16,23.6,0.0,RS
2018-02-17,24.2,0.0,RS
2018-02-18,25.2,0.0,RS
2018-02-19,23.8,5.3,RS
2018-02-20,23.8,25.2,RS
2018-02-21,22.7,15.0,RS
2018-02-22,21.8,1.9,RS
2018-02-23,22.3,1.8,RS
2018-02-24,23.1,0.0,RS
2018-02-25,23.3,0.5,RS
2018-02-26,23.7,0.7,RS
2018-02-27,23.2,6.3,RS
2018-02-28,23.9,0.5,RS
2018-03-01,24.9,0.5,RS
2018-03-02,24.8,1.1,RS
2018-03-03,24.1,0.0,RS
2018-03-04,24.3,6.8,RS
2018-03-05,24.6,0.5,RS
2018-03-06,23.6,6.8,RS
2018-03-07,21.6,0.0,RS
2018-03-08,21.0,0.0,RS
2018-03-09,21.8,0.0,RS
2018-03-10,24.3,0.0,RS
2018-03-11,26.0,0.2,RS
2018-03-12,20.7,3.9,RS
2018-03-13,20.8,0.2,RS
2018-03-14,23.8,0.5,RS
2018-03-15,23.5,40.2,RS
2018-03-16,21.0,0.0,RS
2018-03-17,22.9,0.2,RS
2018-03-18,26.6,1.7,RS
2018-03-19,22.6,17.6,RS
2018-03-20,19.1,13.9,RS
2018-03-21,19.2,1.1,RS
2018-03-22,19.8,0.5,RS
2018-03-23,22.9,0.1,RS
2018-03-24,24.5,19.1,RS
2018-03-25,21.4,12.7,RS
2018-03-26,19.5,0.3,RS
2018-03-27,21.3,0.9,RS
2018-03-28,22.6,1.6,RS
2018-03-29,23.0,12.2,RS
2018-03-30,23.6,0.1,RS
2018-03-31,22.3,22.1,RS
2018-04-01,22.3,7.6,RS
2018-04-02,21.4,15.0,RS
2018-04-03,21.4,4.3,RS
2018-04-04,20.6,3.3,RS
2018-04-05,20.8,0.3,RS
2018-04-06,20.9,0.0,RS
2018-04-07,22.5,0.0,RS
2018-04-08,23.3,0.0,RS
2018-04-09,23.6,0.0,RS
2018-04-10,23.9,0.0,RS
2018-04-11,25.0,0.0,RS
2018-04-12,26.2,0.4,RS
2018-04-13,20.8,3.5,RS
2018-04-14,20.1,0.0,RS
2018-04-15,20.6,0.3,RS
2018-04-16,20.7,0.0,RS
2018-04-17,20.7,0.0,RS
2018-04-18,21.8,0.0,RS
2018-04-19,22.1,0.0,RS
2018-04-20,23.2,0.0,RS
2018-04-21,21.8,12.8,RS
2018-04-22,22.5,2.3,RS
2018-04-23,23.9,4.9,RS
2018-04-24,23.8,0.2,RS
2018-04-25,23.8,0.8,RS
2018-04-26,23.4,0.0,RS
2018-04-27,23.8,0.0,RS
2018-04-28,24.4,0.0,RS
2018-04-29,24.4,0.0,RS
2018-04-30,24.0,2.3,RS
2018-05-01,20.8,3.4,RS
2018-05-02,21.1,2.0,RS
2018-05-03,23.1,0.0,RS
2018-05-04,21.9,0.0,RS
2018-05-05,21.7,0.0,RS
2018-05-06,21.9,0.3,RS
2018-05-07,21.0,0.1,RS
2018-05-08,21.1,0.0,RS
2018-05-09,21.5,0.0,RS
2018-05-10,22.7,0.0,RS
2018-05-11,20.9,7.0,RS
2018-05-12,18.0,0.1,RS
2018-05-13,16.0,0.0,RS
2018-05-14,17.6,0.0,RS
2018-05-15,18.7,3.7,RS
2018-05-16,17.0,0.1,RS
2018-05-17,15.8,0.0,RS
2018-05-18,16.7,33.2,RS
2018-05-19,14.3,24.8,RS
2018-05-20,12.9,0.1,RS
2018-05-21,13.6,0.0,RS
2018-05-22,13.2,0.1,RS
2018-05-23,11.6,0.0,RS
2018-05-24,10.5,0.0,RS
2018-05-25,12.0,0.0,RS
2018-05-26,14.4,0.0,RS
2018-05-27,17.4,0.0,RS
2018-05-28,19.1,0.0,RS
2018-05-29,19.0,0.0,RS
2018-05-30,19.6,0.0,RS
2018-05-31,19.3,1.3,RS
2018-06-01,18.9,20.5,RS
2018-06-02,14.3,3.4,RS
2018-06-03,10.9,0.0,RS
2018-06-04,14.4,2.6,RS
2018-06-05,14.3,1.7,RS
2018-06-06,12.2,2.4,RS
2018-06-07,11.4,0.0,RS
2018-06-08,10.8,0.0,RS
2018-06-09,11.6,0.0,RS
2018-06-10,19.3,3.6,RS
2018-06-11,20.9,28.4,RS
2018-06-12,17.9,7.4,RS
2018-06-13,11.2,0.1,RS
2018-06-14,9.0,0.0,RS
2018-06-15,8.2,0.0,RS
2018-06-16,6.8,0.0,RS
2018-06-17,7.3,0.0,RS
2018-06-18,9.3,0.0,RS
2018-06-19,11.4,0.0,RS
2018-06-20,14.3,0.0,RS
2018-06-21,16.5,2.7,RS
2018-06-22,12.0,0.0,RS
2018-06-23,16.1,10.7,RS
2018-06-24,12.2,21.2,RS
2018-06-25,12.4,16.4,RS
2018-06-26,11.9,0.0,RS
2018-06-27,11.7,0.0,RS
2018-06-28,15.2,9.2,RS
2018-06-29,16.5,3.1,RS
2018-06-30,15.2,0.0,RS
2018-07-01,16.6,0.0,RS
2018-07-02,18.1,7.6,RS
2018-07-03,11.6,0.5,RS
2018-07-04,10.2,5.7,RS
2018-07-05,12.4,10.7,RS
2018-07-06,14.9,2.6,RS
2018-07-07,17.3,8.1,RS
2018-07-08,13.7,0.1,RS
2018-07-09,12.0,8.3,RS
2018-07-10,12.4,4.1,RS
2018-07-11,11.1,0.0,RS
2018-07-12,10.5,0.0,RS
2018-07-13,11.6,0.0,RS
2018-07-14,15.1,0.0,RS
2018-07-15,19.8,1.5,RS
2018-07-16,15.9,19.9,RS
2018-07-17,18.1,28.1,RS
2018-07-18,20.3,0.5,RS
2018-07-19,20.5,0.0,RS
2018-07-20,20.3,9.7,RS
2018-07-21,10.5,0.2,RS
2018-07-22,11.7,0.0,RS
2018-07-23,13.1,11.2,RS
2018-07-24,12.9,20.4,RS
2018-07-25,14.6,30.8,RS
2018-07-26,15.9,13.2,RS
2018-07-27,13.3,0.6,RS
2018-07-28,15.4,10.8,RS
2018-07-29,13.6,1.1,RS
2018-07-30,13.3,0.0,RS
2018-07-31,11.9,0.0,RS
2018-08-01,10.7,0.0,RS
2018-08-02,12.5,0.0,RS
2018-08-03,15.8,0.0,RS
2018-08-04,15.3,0.9,RS
2018-08-05,11.9,0.0,RS
2018-08-06,11.9,0.0,RS
2018-08-07,13.4,0.0,RS
2018-08-08,14.6,6.1,RS
2018-08-09,10.9,5.8,RS
2018-08-10,9.9,0.8,RS
2018-08-11,12.8,0.8,RS
2018-08-12,14.6,0.0,RS
2018-08-13,14.9,0.0,RS
2018-08-14,15.2,0.2,RS
2018-08-15,13.4,0.0,RS
2018-08-16,13.5,0.0,RS
2018-08-17,15.2,0.0,RS
2018-08-18,15.3,0.0,RS
2018-08-19,16.1,2.7,RS
2018-08-20,10.2,14.3,RS
2018-08-21,10.7,16.2,RS
2018-08-22,12.6,5.7,RS
2018-08-23,12.9,0.4,RS
2018-08-24,17.7,17.7,RS
2018-08-25,11.9,0.1,RS
2018-08-26,9.1,0.0,RS
2018-08-27,10.1,0.0,RS
2018-08-28,12.9,0.0,RS
2018-08-29,17.7,0.1,RS
2018-08-30,19.3,12.0,RS
2018-08-31,17.0,66.0,RS
2018-09-01,17.1,45.3,RS
2018-09-02,17.7,21.2,RS
2018-09-03,15.9,7.6,RS
2018-09-04,14.8,2.6,RS
2018-09-05,13.6,0.0,RS
2018-09-06,15.4,0.0,RS
2018-09-07,16.9,0.0,RS
2018-09-08,16.6,0.0,RS
2018-09-09,17.1,0.1,RS
2018-09-10,17.6,0.0,RS
2018-09-11,16.3,0.1,RS
2018-09-12,17.4,0.0,RS
2018-09-13,18.7,0.0,RS
2018-09-14,17.4,23.2,RS
2018-09-15,17.2,22.6,RS
2018-09-16,18.7,0.0,RS
2018-09-17,18.4,3.7,RS
2018-09-18,18.8,1.3,RS
2018-09-19,20.1,0.0,RS
2018-09-20,18.4,0.1,RS
2018-09-21,20.5,0.0,RS
2018-09-22,23.1,0.0,RS
2018-09-23,21.6,8.2,RS
2018-09-24,20.1,23.0,RS
2018-09-25,19.3,10.6,RS
2018-09-26,21.9,0.4,RS
2018-09-27,20.7,1.9,RS
2018-09-28,21.3,0.1,RS
2018-09-29,23.6,1.1,RS
2018-09-30,23.5,4.4,RS
2018-10-01,22.2,7.8,RS
2018-10-02,17.2,23.6,RS
2018-10-03,16.9,5.8,RS
2018-10-04,17.5,0.1,RS
2018-10-05,15.8,0.0,RS
2018-10-06,15.4,0.0,RS
2018-10-07,19.3,0.0,RS
2018-10-08,22.0,1.4,RS
2018-10-09,22.7,1.9,RS
2018-10-10,19.8,0.8,RS
2018-10-11,17.9,0.0,RS
2018-10-12,20.7,4.5,RS
2018-10-13,18.5,9.3,RS
2018-10-14,17.6,1.0,RS
2018-10-15,18.9,0.0,RS
2018-10-16,20.7,0.0,RS
2018-10-17,23.5,0.6,RS
2018-10-18,23.0,0.1,RS
2018-10-19,20.1,1.2,RS
2018-10-20,17.1,0.3,RS
2018-10-21,18.0,0.0,RS
2018-10-22,20.9,0.0,RS
2018-10-23,20.4,0.1,RS
2018-10-24,19.0,0.3,RS
2018-10-25,21.3,0.1,RS
2018-10-26,21.1,4.9,RS
2018-10-27,18.7,2.9,RS
2018-10-28,17.9,0.2,RS
2018-10-29,19.1,0.1,RS
2018-10-30,22.9,0.4,RS
2018-10-31,23.2,10.9,RS
2016-09-01,26.7,3.0,RO
2016-09-02,26.1,5.9,RO
2016-09-03,25.8,14.5,RO
2016-09-04,25.8,0.0,RO
2016-09-05,25.0,0.0,RO
2016-09-06,25.3,0.0,RO
2016-09-07,26.8,0.0,RO
2016-09-08,27.5,0.0,RO
2016-09-09,28.8,0.1,RO
2016-09-10,29.7,0.0,RO
2016-09-11,29.4,0.7,RO
2016-09-12,28.9,0.8,RO
2016-09-13,29.3,0.0,RO
2016-09-14,28.2,7.9,RO
2016-09-15,25.4,11.7,RO
2016-09-16,26.6,2.1,RO
2016-09-17,27.7,1.0,RO
2016-09-18,27.7,1.6,RO
2016-09-19,27.4,2.8,RO
2016-09-20,27.6,1.4,RO
2016-09-21,27.1,3.8,RO
2016-09-22,27.2,2.6,RO
2016-09-23,27.8,12.3,RO
2016-09-24,25.1,22.3,RO
2016-09-25,26.5,3.0,RO
2016-09-26,26.2,8.4,RO
2016-09-27,26.6,2.2,RO
2016-09-28,27.2,9.4,RO
2016-09-29,26.4,9.7,RO
2016-09-30,27.0,1.5,RO
2016-10-01,27.4,5.6,RO
2016-10-02,26.9,0.6,RO
2016-10-03,26.6,7.1,RO
2016-10-04,27.5,0.3,RO
2016-10-05,27.8,1.5,RO
2016-10-06,25.3,18.7,RO
2016-10-07,26.3,1.6,RO
2016-10-08,26.5,10.3,RO
2016-10-09,27.5,5.0,RO
2016-10-10,27.0,19.1,RO
2016-10-11,25.6,9.2,RO
2016-10-12,27.5,0.3,RO
2016-10-13,28.4,0.8,RO
2016-10-14,27.3,6.1,RO
2016-10-15,28.2,0.3,RO
2016-10-16,29.0,0.0,RO
2016-10-17,29.1,0.9,RO
2016-10-18,29.6,0.4,RO
2016-10-19,29.5,0.5,RO
2016-10-20,29.7,4.1,RO
2016-10-21,25.9,22.6,RO
2016-10-22,27.0,2.9,RO
2016-10-23,26.2,17.9,RO
2016-10-24,26.8,3.0,RO
2016-10-25,26.7,5.9,RO
2016-10-26,26.4,18.0,RO
2016-10-27,23.9,31.2,RO
2016-10-28,22.9,8.6,RO
2016-10-29,25.2,2.8,RO
2016-10-30,26.2,13.5,RO
2016-10-31,25.5,6.3,RO
2016-11-01,26.5,3.3,RO
2016-11-02,27.7,7.8,RO
2016-11-03,24.4,19.2,RO
2016-11-04,25.1,3.0,RO
2016-11-05,26.9,5.0,RO
2016-11-06,26.6,10.0,RO
2016-11-07,26.7,1.6,RO
2016-11-08,27.1,3.7,RO
2016-11-09,26.9,0.9,RO
2016-11-10,26.5,13.7,RO
2016-11-11,26.3,7.6,RO
2016-11-12,26.8,10.8,RO
2016-11-13,25.3,21.8,RO
2016-11-14,26.3,3.1,RO
2016-11-15,27.8,1.7,RO
2016-11-16,27.2,39.0,RO
2016-11-17,25.4,19.5,RO
2016-11-18,25.2,2.5,RO
2016-11-19,25.3,0.3,RO
2016-11-20,26.5,1.1,RO
2016-11-21,26.0,16.2,RO
2016-11-22,26.5,4.8,RO
2016-11-23,26.2,7.7,RO
2016-11-24,27.4,1.4,RO
2016-11-25,27.4,1.3,RO
2016-11-26,25.8,31.4,RO
2016-11-27,27.1,0.4,RO
2016-11-28,27.5,2.5,RO
2016-11-29,27.2,9.6,RO
2016-11-30,27.7,5.0,RO
2016-12-01,27.0,6.1,RO
2016-12-02,26.7,5.7,RO
2016-12-03,26.4,13.9,RO
2016-12-04,25.4,14.2,RO
2016-12-05,25.5,8.1,RO
2016-12-06,26.4,2.9,RO
2016-12-07,26.4,1.5,RO
2016-12-08,26.6,12.0,RO
2016-12-09,26.2,10.6,RO
2016-12-10,25.5,15.7,RO
2016-12-11,26.2,10.7,RO
2016-12-12,26.0,9.1,RO
2016-12-13,26.3,6.1,RO
2016-12-14,25.5,23.7,RO
2016-12-15,25.1,9.0,RO
2016-12-16,25.3,14.2,RO
2016-12-17,24.1,9.9,RO
2016-12-18,25.2,3.0,RO
2016-12-19,24.8,20.5,RO
2016-12-20,25.0,24.7,RO
2016-12-21,24.5,13.2,RO
2016-12-22,24.7,18.0,RO
2016-12-23,25.0,15.5,RO
2016-12-24,26.8,4.9,RO
2016-12-25,26.2,17.7,RO
2016-12-26,24.9,25.3,RO
2016-12-27,25.9,9.4,RO
2016-12-28,25.6,12.6,RO
2016-12-29,25.2,10.1,RO
2016-12-30,25.6,12.0,RO
2016-12-31,25.7,7.0,RO
2017-01-01,25.9,4.1,RO
2017-01-02,25.8,15.0,RO
2017-01-03,25.4,5.6,RO
2017-01-04,25.6,6.5,RO
2017-01-05,26.2,9.6,RO
2017-01-06,26.4,6.5,RO
2017-01-07,25.5,12.2,RO
2017-01-08,25.7,9.4,RO
2017-01-09,25.9,6.6,RO
2017-01-10,26.4,7.6,RO
2017-01-11,25.5,14.3,RO
2017-01-12,25.2,6.7,RO
2017-01-13,25.3,14.7,RO
2017-01-14,25.8,6.4,RO
2017-01-15,25.7,9.0,RO
2017-01-16,25.7,16.2,RO
2017-01-17,25.2,0.4,RO
2017-01-18,25.8,3.3,RO
2017-01-19,25.3,37.3,RO
2017-01-20,24.1,24.6,RO
2017-01-21,25.2,13.8,RO
2017-01-22,24.2,19.5,RO
2017-01-23,26.0,0.2,RO
2017-01-24,27.1,0.1,RO
2017-01-25,27.6,0.2,RO
2017-01-26,25.3,22.3,RO
2017-01-27,25.7,18.6,RO
2017-01-28,25.2,15.3,RO
2017-01-29,25.2,28.8,RO
2017-01-30,25.8,6.5,RO
2017-01-31,24.8,17.7,RO
2017-02-01,25.5,12.3,RO
2017-02-02,26.1,11.7,RO
2017-02-03,26.3,7.0,RO
2017-02-04,25.5,30.3,RO
2017-02-05,25.6,13.7,RO
2017-02-06,26.5,8.6,RO
2017-02-07,25.6,21.6,RO
2017-02-08,25.0,12.6,RO
2017-02-09,25.6,7.6,RO
2017-02-10,26.2,11.5,RO
2017-02-11,25.1,44.4,RO
2017-02-12,25.4,33.9,RO
2017-02-13,25.1,19.1,RO
2017-02-14,25.3,23.7,RO
2017-02-15,24.6,13.9,RO
2017-02-16,25.6,4.7,RO
2017-02-17,25.4,13.0,RO
2017-02-18,27.3,3.7,RO
2017-02-19,26.2,18.0,RO
2017-02-20,27.7,2.0,RO
2017-02-21,24.8,12.3,RO
2017-02-22,24.6,6.0,RO
2017-02-23,25.1,15.4,RO
2017-02-24,24.6,8.4,RO
2017-02-25,25.1,15.6,RO
2017-02-26,24.9,22.6,RO
2017-02-27,25.0,11.9,RO
2017-02-28,25.6,6.6,RO
2017-03-01,26.0,4.9,RO
2017-03-02,25.6,25.9,RO
2017-03-03,26.6,3.2,RO
2017-03-04,27.2,3.6,RO
2017-03-05,25.9,20.0,RO
2017-03-06,26.7,14.4,RO
2017-03-07,26.3,22.7,RO
2017-03-08,26.0,4.4,RO
2017-03-09,25.8,4.5,RO
2017-03-10,25.7,18.2,RO
2017-03-11,25.8,2.4,RO
2017-03-12,25.2,13.8,RO
2017-03-13,25.7,7.6,RO
2017-03-14,25.8,2.4,RO
2017-03-15,26.9,0.3,RO
2017-03-16,26.8,9.6,RO
2017-03-17,24.0,30.2,RO
2017-03-18,24.6,12.4,RO
2017-03-19,24.4,25.6,RO
2017-03-20,24.0,20.2,RO
2017-03-21,24.5,15.8,RO
2017-03-22,26.3,0.2,RO
2017-03-23,26.7,8.4,RO
2017-03-24,25.5,21.3,RO
2017-03-25,26.1,0.6,RO
2017-03-26,26.3,1.2,RO
2017-03-27,26.8,17.8,RO
2017-03-28,25.2,35.9,RO
2017-03-29,25.5,1.9,RO
2017-03-30,26.9,5.9,RO
2017-03-31,25.5,18.6,RO
2017-04-01,26.6,0.4,RO
2017-04-02,26.4,2.9,RO
2017-04-03,25.7,22.4,RO
2017-04-04,25.3,6.0,RO
2017-04-05,26.1,13.1,RO
2017-04-06,26.0,20.0,RO
2017-04-07,25.5,9.9,RO
2017-04-08,26.5,1.9,RO
2017-04-09,26.1,8.5,RO
2017-04-10,26.1,8.0,RO
2017-04-11,25.3,9.4,RO
2017-04-12,25.8,4.8,RO
2017-04-13,25.8,5.9,RO
2017-04-14,25.7,29.5,RO
2017-04-15,26.1,7.0,RO
2017-04-16,26.0,6.9,RO
2017-04-17,25.8,26.1,RO
2017-04-18,25.4,12.0,RO
2017-04-19,26.3,0.7,RO
2017-04-20,26.0,11.0,RO
2017-04-21,26.1,14.1,RO
2017-04-22,25.4,23.2,RO
2017-04-23,25.3,19.9,RO
2017-04-24,26.3,1.5,RO
2017-04-25,27.0,4.2,RO
2017-04-26,26.7,4.2,RO
2017-04-27,24.5,49.4,RO
2017-04-28,24.5,0.6,RO
2017-04-29,25.5,1.3,RO
2017-04-30,25.2,2.7,RO
2017-05-01,25.4,17.2,RO
2017-05-02,26.1,7.5,RO
2017-05-03,25.4,19.3,RO
2017-05-04,26.5,0.7,RO
2017-05-05,26.7,1.5,RO
2017-05-06,26.2,3.6,RO
2017-05-07,26.9,1.5,RO
2017-05-08,26.2,10.5,RO
2017-05-09,25.9,13.0,RO
2017-05-10,26.7,0.8,RO
2017-05-11,26.4,6.2,RO
2017-05-12,26.3,5.2,RO
2017-05-13,26.2,4.1,RO
2017-05-14,26.1,13.8,RO
2017-05-15,26.2,4.4,RO
2017-05-16,26.2,4.6,RO
2017-05-17,26.2,4.7,RO
2017-05-18,26.1,11.0,RO
2017-05-19,27.0,0.6,RO
2017-05-20,26.8,1.6,RO
2017-05-21,26.2,8.7,RO
2017-05-22,26.0,4.1,RO
2017-05-23,25.1,29.0,RO
2017-05-24,26.2,0.9,RO
2017-05-25,26.6,0.6,RO
2017-05-26,26.3,7.4,RO
2017-05-27,26.6,6.4,RO
2017-05-28,25.6,0.4,RO
2017-05-29,25.6,0.7,RO
2017-05-30,25.6,1.3,RO
2017-05-31,25.2,5.9,RO
2017-06-01,24.0,8.1,RO
2017-06-02,24.7,0.2,RO
2017-06-03,25.2,2.6,RO
2017-06-04,25.6,3.3,RO
2017-06-05,25.8,2.7,RO
2017-06-06,26.5,0.1,RO
2017-06-07,26.4,0.0,RO
2017-06-08,26.4,1.2,RO
2017-06-09,26.4,3.5,RO
2017-06-10,24.2,1.1,RO
2017-06-11,23.7,0.0,RO
2017-06-12,25.2,0.2,RO
2017-06-13,25.8,0.0,RO
2017-06-14,26.3,0.0,RO
2017-06-15,26.3,0.0,RO
2017-06-16,26.2,0.0,RO
2017-06-17,26.6,0.0,RO
2017-06-18,26.7,0.3,RO
2017-06-19,27.0,0.0,RO
2017-06-20,24.1,0.0,RO
2017-06-21,23.3,0.0,RO
2017-06-22,25.1,0.0,RO
2017-06-23,25.9,0.1,RO
2017-06-24,26.6,0.0,RO
2017-06-25,26.6,0.0,RO
2017-06-26,26.6,0.0,RO
2017-06-27,26.2,0.0,RO
2017-06-28,26.3,0.0,RO
2017-06-29,25.4,0.0,RO
2017-06-30,26.4,0.0,RO
2017-07-01,26.1,0.0,RO
2017-07-02,26.7,0.0,RO
2017-07-03,26.2,0.0,RO
2017-07-04,26.3,0.0,RO
2017-07-05,26.8,0.0,RO
2017-07-06,27.3,0.0,RO
2017-07-07,26.5,0.0,RO
2017-07-08,26.2,0.0,RO
2017-07-09,26.6,0.0,RO
2017-07-10,26.8,0.0,RO
2017-07-11,25.7,0.0,RO
2017-07-12,25.3,0.0,RO
2017-07-13,25.5,0.0,RO
2017-07-14,26.1,0.0,RO
2017-07-15,26.6,0.0,RO
2017-07-16,27.2,0.0,RO
2017-07-17,28.0,0.0,RO
2017-07-18,21.6,0.0,RO
2017-07-19,20.8,0.0,RO
2017-07-20,22.6,0.0,RO
2017-07-21,24.6,0.0,RO
2017-07-22,26.7,0.0,RO
2017-07-23,27.5,0.0,RO
2017-07-24,27.5,0.0,RO
2017-07-25,27.7,0.0,RO
2017-07-26,27.2,0.0,RO
2017-07-27,26.7,0.0,RO
2017-07-28,26.4,0.0,RO
2017-07-29,26.4,0.0,RO
2017-07-30,26.9,0.0,RO
2017-07-31,26.4,0.0,RO
2017-08-01,27.0,0.0,RO
2017-08-02,27.4,0.0,RO
2017-08-03,28.1,0.0,RO
2017-08-04,26.8,0.0,RO
2017-08-05,27.6,0.0,RO
2017-08-06,27.9,0.0,RO
2017-08-07,28.5,0.0,RO
2017-08-08,28.5,0.1,RO
2017-08-09,27.8,2.7,RO
2017-08-10,27.1,10.3,RO
2017-08-11,26.1,0.1,RO
2017-08-12,27.0,0.1,RO
2017-08-13,27.6,1.1,RO
2017-08-14,27.8,0.2,RO
2017-08-15,28.0,0.2,RO
2017-08-16,28.0,0.7,RO
2017-08-17,26.4,7.7,RO
2017-08-18,26.0,5.8,RO
2017-08-19,27.9,0.0,RO
2017-08-20,28.4,0.4,RO
2017-08-21,27.4,1.5,RO
2017-08-22,26.1,0.1,RO
2017-08-23,27.3,0.0,RO
2017-08-24,27.9,0.1,RO
2017-08-25,27.2,0.6,RO
2017-08-26,27.7,0.1,RO
2017-08-27,28.1,0.0,RO
2017-08-28,28.4,0.3,RO
2017-08-29,28.6,0.7,RO
2017-08-30,28.3,2.0,RO
2017-08-31,28.2,1.5,RO
2017-09-01,26.9,6.9,RO
2017-09-02,27.0,1.7,RO
2017-09-03,28.5,0.0,RO
2017-09-04,28.9,0.0,RO
2017-09-05,28.8,0.0,RO
2017-09-06,28.0,0.0,RO
2017-09-07,27.7,4.4,RO
2017-09-08,27.7,2.6,RO
2017-09-09,27.0,3.7,RO
2017-09-10,27.2,7.9,RO
2017-09-11,28.0,3.2,RO
2017-09-12,26.6,7.0,RO
2017-09-13,27.8,0.0,RO
2017-09-14,28.3,0.1,RO
2017-09-15,28.0,0.7,RO
2017-09-16,28.1,6.5,RO
2017-09-17,27.6,0.0,RO
2017-09-18,27.4,0.0,RO
2017-09-19,28.1,0.0,RO
2017-09-20,28.9,0.0,RO
2017-09-21,29.2,0.3,RO
2017-09-22,27.2,6.1,RO
2017-09-23,27.9,3.4,RO
2017-09-24,26.3,16.4,RO
2017-09-25,26.9,0.8,RO
2017-09-26,26.5,8.3,RO
2017-09-27,26.6,3.2,RO
2017-09-28,27.5,3.2,RO
2017-09-29,28.1,1.7,RO
2017-09-30,27.4,3.1,RO
2017-10-01,27.2,0.6,RO
2017-10-02,27.8,0.0,RO
2017-10-03,25.7,9.5,RO
2017-10-04,26.7,3.0,RO
2017-10-05,28.3,0.0,RO
2017-10-06,27.6,3.7,RO
2017-10-07,26.2,12.9,RO
2017-10-08,26.1,21.2,RO
2017-10-09,27.5,0.0,RO
2017-10-10,28.3,0.2,RO
2017-10-11,28.4,3.6,RO
2017-10-12,27.4,0.5,RO
2017-10-13,27.7,5.8,RO
2017-10-14,25.6,17.0,RO
2017-10-15,26.1,1.5,RO
2017-10-16,28.2,0.7,RO
2017-10-17,28.1,2.1,RO
2017-10-18,28.4,0.6,RO
2017-10-19,28.4,0.2,RO
2017-10-20,27.2,3.9,RO
2017-10-21,25.9,5.6,RO
2017-10-22,25.9,10.9,RO
2017-10-23,25.0,18.0,RO
2017-10-24,26.4,4.4,RO
2017-10-25,26.8,1.4,RO
2017-10-26,27.6,0.8,RO
2017-10-27,26.8,6.5,RO
2017-10-28,26.6,15.9,RO
2017-10-29,26.7,3.2,RO
2017-10-30,26.0,5.8,RO
2017-10-31,27.3,0.0,RO
2017-11-01,27.0,5.2,RO
2017-11-02,25.8,7.7,RO
2017-11-03,27.3,6.4,RO
2017-11-04,26.0,6.0,RO
2017-11-05,26.0,26.8,RO
2017-11-06,25.4,46.3,RO
2017-11-07,26.2,0.3,RO
2017-11-08,27.8,3.4,RO
2017-11-09,26.6,12.6,RO
2017-11-10,25.7,17.5,RO
2017-11-11,26.1,11.1,RO
2017-11-12,26.1,7.8,RO
2017-11-13,25.5,27.2,RO
2017-11-14,25.3,20.4,RO
2017-11-15,26.0,2.9,RO
2017-11-16,26.2,12.1,RO
2017-11-17,25.5,13.0,RO
2017-11-18,26.2,3.7,RO
2017-11-19,26.1,2.1,RO
2017-11-20,24.8,33.6,RO
2017-11-21,26.2,0.0,RO
2017-11-22,26.6,0.0,RO
2017-11-23,27.3,2.7,RO
2017-11-24,25.9,14.2,RO
2017-11-25,25.7,8.7,RO
2017-11-26,25.8,24.5,RO
2017-11-27,27.2,0.5,RO
2017-11-28,26.7,17.8,RO
2017-11-29,25.9,9.3,RO
2017-11-30,25.9,12.3,RO
2017-12-01,26.1,17.6,RO
2017-12-02,25.7,10.6,RO
2017-12-03,27.2,2.5,RO
2017-12-04,26.2,20.5,RO
2017-12-05,26.3,26.2,RO
2017-12-06,25.9,16.5,RO
2017-12-07,27.1,0.9,RO
2017-12-08,26.8,9.4,RO
2017-12-09,27.0,14.3,RO
2017-12-10,26.2,54.5,RO
2017-12-11,24.4,50.5,RO
2017-12-12,25.5,7.5,RO
2017-12-13,24.7,18.6,RO
2017-12-14,26.2,3.4,RO
2017-12-15,25.3,4.4,RO
2017-12-16,25.1,20.7,RO
2017-12-17,25.6,5.4,RO
2017-12-18,25.6,12.3,RO
2017-12-19,24.9,21.3,RO
2017-12-20,25.2,8.7,RO
2017-12-21,25.1,17.0,RO
2017-12-22,25.3,28.2,RO
2017-12-23,25.5,22.6,RO
2017-12-24,25.2,16.6,RO
2017-12-25,24.5,28.3,RO
2017-12-26,24.6,26.5,RO
2017-12-27,25.1,2.4,RO
2017-12-28,24.7,6.3,RO
2017-12-29,25.0,8.0,RO
2017-12-30,25.3,12.7,RO
2017-12-31,26.1,2.2,RO
2018-01-01,25.6,7.3,RO
2018-01-02,25.9,15.6,RO
2018-01-03,25.9,14.6,RO
2018-01-04,25.8,2.0,RO
2018-01-05,25.7,20.9,RO
2018-01-06,25.3,24.7,RO
2018-01-07,24.1,19.2,RO
2018-01-08,24.1,13.2,RO
2018-01-09,25.5,4.2,RO
2018-01-10,24.5,21.0,RO
2018-01-11,24.4,16.1,RO
2018-01-12,25.6,3.7,RO
2018-01-13,26.1,5.3,RO
2018-01-14,24.5,7.9,RO
2018-01-15,26.1,14.6,RO
2018-01-16,25.7,12.9,RO
2018-01-17,24.8,7.6,RO
2018-01-18,25.9,3.3,RO
2018-01-19,26.6,8.3,RO
2018-01-20,26.0,7.8,RO
2018-01-21,26.7,0.7,RO
2018-01-22,25.3,24.8,RO
2018-01-23,26.2,8.9,RO
2018-01-24,25.4,21.9,RO
2018-01-25,25.8,30.2,RO
2018-01-26,26.1,5.8,RO
2018-01-27,26.4,2.6,RO
2018-01-28,26.4,14.7,RO
2018-01-29,26.0,22.2,RO
2018-01-30,25.9,29.7,RO
2018-01-31,26.3,11.4,RO
2018-02-01,25.7,14.8,RO
2018-02-02,25.6,21.9,RO
2018-02-03,25.3,4.6,RO
2018-02-04,25.8,8.3,RO
2018-02-05,25.3,2.8,RO
2018-02-06,25.2,12.5,RO
2018-02-07,24.6,30.5,RO
2018-02-08,26.2,0.8,RO
2018-02-09,26.5,3.7,RO
2018-02-10,25.3,17.3,RO
2018-02-11,25.7,0.8,RO
2018-02-12,26.5,5.0,RO
2018-02-13,24.2,43.0,RO
2018-02-14,24.9,15.2,RO
2018-02-15,25.0,15.2,RO
2018-02-16,25.7,26.7,RO
2018-02-17,26.0,4.2,RO
2018-02-18,25.8,12.2,RO
2018-02-19,25.4,8.8,RO
2018-02-20,25.6,4.0,RO
2018-02-21,25.4,16.6,RO
2018-02-22,25.0,21.0,RO
2018-02-23,24.0,21.9,RO
2018-02-24,24.0,20.5,RO
2018-02-25,24.4,9.8,RO
2018-02-26,25.7,10.3,RO
2018-02-27,24.4,7.0,RO
2018-02-28,26.7,0.0,RO
2018-03-01,26.7,14.8,RO
2018-03-02,25.8,13.4,RO
2018-03-03,25.9,3.2,RO
2018-03-04,26.7,1.0,RO
2018-03-05,26.9,2.9,RO
2018-03-06,27.6,9.6,RO
2018-03-07,25.0,25.7,RO
2018-03-08,26.2,2.9,RO
2018-03-09,26.3,9.9,RO
2018-03-10,25.5,11.6,RO
2018-03-11,25.8,16.2,RO
2018-03-12,26.1,10.8,RO
2018-03-13,25.3,14.6,RO
2018-03-14,25.6,3.8,RO
2018-03-15,26.1,1.0,RO
2018-03-16,24.8,14.7,RO
2018-03-17,25.1,7.3,RO
2018-03-18,25.4,9.7,RO
2018-03-19,25.7,9.1,RO
2018-03-20,25.8,11.3,RO
2018-03-21,25.2,18.0,RO
2018-03-22,25.5,10.8,RO
2018-03-23,25.4,16.7,RO
2018-03-24,25.4,17.5,RO
2018-03-25,24.8,9.3,RO
2018-03-26,24.9,9.0,RO
2018-03-27,24.1,21.2,RO
2018-03-28,25.7,7.4,RO
2018-03-29,25.7,11.2,RO
2018-03-30,26.4,6.9,RO
2018-03-31,24.6,39.2,RO
2018-04-01,24.9,29.1,RO
2018-04-02,25.1,15.3,RO
2018-04-03,25.7,10.4,RO
2018-04-04,24.9,9.6,RO
2018-04-05,25.2,2.5,RO
2018-04-06,25.1,12.5,RO
2018-04-07,25.0,22.0,RO
2018-04-08,24.7,20.6,RO
2018-04-09,25.7,2.6,RO
2018-04-10,25.6,9.0,RO
2018-04-11,24.6,29.0,RO
2018-04-12,24.2,26.4,RO
2018-04-13,25.0,9.8,RO
2018-04-14,24.8,21.3,RO
2018-04-15,24.2,26.5,RO
2018-04-16,24.2,19.3,RO
2018-04-17,24.9,6.1,RO
2018-04-18,25.4,5.9,RO
2018-04-19,25.9,3.8,RO
2018-04-20,25.3,11.7,RO
2018-04-21,25.8,12.5,RO
2018-04-22,26.3,2.5,RO
2018-04-23,26.3,1.1,RO
2018-04-24,25.9,3.8,RO
2018-04-25,25.4,5.8,RO
2018-04-26,25.4,25.3,RO
2018-04-27,26.2,5.4,RO
2018-04-28,25.5,17.1,RO
2018-04-29,25.8,9.5,RO
2018-04-30,25.7,9.0,RO
2018-05-01,26.0,4.3,RO
2018-05-02,25.1,25.5,RO
2018-05-03,25.5,10.0,RO
2018-05-04,25.6,3.3,RO
2018-05-05,25.5,13.2,RO
2018-05-06,24.8,18.3,RO
2018-05-07,25.8,5.1,RO
2018-05-08,25.6,10.3,RO
2018-05-09,26.2,3.4,RO
2018-05-10,26.0,0.9,RO
2018-05-11,26.3,0.8,RO
2018-05-12,26.3,3.5,RO
2018-05-13,24.6,17.3,RO
2018-05-14,25.3,4.7,RO
2018-05-15,25.6,0.9,RO
2018-05-16,24.7,21.2,RO
2018-05-17,25.0,8.4,RO
2018-05-18,25.2,5.3,RO
2018-05-19,24.9,25.9,RO
2018-05-20,23.7,4.2,RO
2018-05-21,23.4,0.0,RO
2018-05-22,25.0,0.2,RO
2018-05-23,25.2,1.7,RO
2018-05-24,25.4,0.7,RO
2018-05-25,26.1,0.1,RO
2018-05-26,25.5,2.4,RO
2018-05-27,26.0,0.7,RO
2018-05-28,26.2,0.8,RO
2018-05-29,26.3,0.4,RO
2018-05-30,25.9,1.1,RO
2018-05-31,25.8,5.8,RO
2018-06-01,26.0,1.4,RO
2018-06-02,25.9,5.7,RO
2018-06-03,24.5,0.2,RO
2018-06-04,22.9,0.0,RO
2018-06-05,23.0,0.0,RO
2018-06-06,22.8,0.1,RO
2018-06-07,23.6,0.4,RO
2018-06-08,23.7,3.0,RO
2018-06-09,25.1,0.8,RO
2018-06-10,25.6,1.7,RO
2018-06-11,25.4,2.6,RO
2018-06-12,26.2,0.4,RO
2018-06-13,25.6,1.5,RO
2018-06-14,25.4,0.7,RO
2018-06-15,24.0,0.2,RO
2018-06-16,23.6,0.0,RO
2018-06-17,22.9,0.0,RO
2018-06-18,23.8,0.0,RO
2018-06-19,24.1,0.0,RO
2018-06-20,24.6,0.2,RO
2018-06-21,25.5,0.0,RO
2018-06-22,25.1,1.0,RO
2018-06-23,26.2,0.0,RO
2018-06-24,25.9,0.0,RO
2018-06-25,26.2,0.0,RO
2018-06-26,26.6,0.0,RO
2018-06-27,25.8,0.0,RO
2018-06-28,25.5,0.0,RO
2018-06-29,25.5,0.0,RO
2018-06-30,26.0,0.0,RO
2018-07-01,26.6,0.0,RO
2018-07-02,26.1,0.0,RO
2018-07-03,26.7,0.0,RO
2018-07-04,26.2,0.0,RO
2018-07-05,26.4,0.0,RO
2018-07-06,26.5,0.0,RO
2018-07-07,26.5,0.0,RO
2018-07-08,25.8,0.0,RO
2018-07-09,26.6,0.0,RO
2018-07-10,23.0,0.0,RO
2018-07-11,22.4,0.0,RO
2018-07-12,25.1,0.0,RO
2018-07-13,25.7,0.0,RO
2018-07-14,26.7,0.0,RO
2018-07-15,26.9,0.1,RO
2018-07-16,26.7,0.6,RO
2018-07-17,27.2,0.0,RO
2018-07-18,27.7,0.0,RO
2018-07-19,27.1,0.0,RO
2018-07-20,27.7,0.2,RO
2018-07-21,27.3,0.0,RO
2018-07-22,25.3,0.0,RO
2018-07-23,26.6,0.0,RO
2018-07-24,27.0,0.0,RO
2018-07-25,25.9,0.0,RO
2018-07-26,26.3,0.0,RO
2018-07-27,26.3,0.0,RO
2018-07-28,26.4,0.0,RO
2018-07-29,27.2,0.0,RO
2018-07-30,27.8,0.0,RO
2018-07-31,27.6,1.3,RO
2018-08-01,25.9,4.4,RO
2018-08-02,26.6,0.0,RO
2018-08-03,27.4,0.4,RO
2018-08-04,27.8,0.2,RO
2018-08-05,25.8,8.1,RO
2018-08-06,25.8,0.0,RO
2018-08-07,27.2,0.0,RO
2018-08-08,28.0,0.0,RO
2018-08-09,27.8,3.9,RO
2018-08-10,26.4,0.1,RO
2018-08-11,27.8,0.0,RO
2018-08-12,28.0,0.0,RO
2018-08-13,28.0,0.2,RO
2018-08-14,27.6,7.3,RO
2018-08-15,25.1,13.4,RO
2018-08-16,25.3,10.7,RO
2018-08-17,27.0,0.6,RO
2018-08-18,27.7,0.0,RO
2018-08-19,26.9,7.0,RO
2018-08-20,24.7,14.7,RO
2018-08-21,23.9,1.2,RO
2018-08-22,24.8,0.0,RO
2018-08-23,26.2,0.0,RO
2018-08-24,26.8,0.1,RO
2018-08-25,25.9,13.7,RO
2018-08-26,25.4,0.2,RO
2018-08-27,24.6,0.0,RO
2018-08-28,26.3,0.0,RO
2018-08-29,27.0,0.7,RO
2018-08-30,26.8,1.1,RO
2018-08-31,27.7,0.1,RO
2018-09-01,27.5,0.5,RO
2018-09-02,27.8,1.0,RO
2018-09-03,25.8,3.2,RO
2018-09-04,25.3,0.0,RO
2018-09-05,24.7,0.0,RO
2018-09-06,26.0,0.0,RO
2018-09-07,27.6,0.0,RO
2018-09-08,28.5,0.0,RO
2018-09-09,28.5,0.0,RO
2018-09-10,27.7,0.8,RO
2018-09-11,28.7,0.0,RO
2018-09-12,28.7,1.7,RO
2018-09-13,28.6,0.1,RO
2018-09-14,27.1,3.8,RO
2018-09-15,26.8,4.8,RO
2018-09-16,25.4,3.9,RO
2018-09-17,27.5,0.3,RO
2018-09-18,26.8,3.3,RO
2018-09-19,27.7,0.7,RO
2018-09-20,27.3,3.8,RO
2018-09-21,27.1,8.4,RO
2018-09-22,26.4,18.6,RO
2018-09-23,27.2,0.0,RO
2018-09-24,28.4,0.8,RO
2018-09-25,28.5,1.0,RO
2018-09-26,27.2,7.6,RO
2018-09-27,27.3,8.4,RO
2018-09-28,26.5,2.1,RO
2018-09-29,26.9,7.6,RO
2018-09-30,26.9,13.9,RO
2018-10-01,26.4,14.3,RO
2018-10-02,26.4,8.7,RO
2018-10-03,26.6,9.5,RO
2018-10-04,26.3,5.6,RO
2018-10-05,26.6,15.3,RO
2018-10-06,26.4,19.3,RO
2018-10-07,27.2,4.0,RO
2018-10-08,26.8,13.3,RO
2018-10-09,26.6,6.8,RO
2018-10-10,26.4,8.0,RO
2018-10-11,25.6,2.4,RO
2018-10-12,26.2,2.4,RO
2018-10-13,26.6,4.4,RO
2018-10-14,27.2,2.5,RO
2018-10-15,27.8,1.1,RO
2018-10-16,28.8,0.4,RO
2018-10-17,28.9,0.5,RO
2018-10-18,28.1,1.3,RO
2018-10-19,27.8,6.4,RO
2018-10-20,26.4,11.6,RO
2018-10-21,26.0,7.2,RO
2018-10-22,26.3,15.9,RO
2018-10-23,27.1,14.2,RO
2018-10-24,25.7,15.4,RO
2018-10-25,26.5,0.5,RO
2018-10-26,28.5,2.0,RO
2018-10-27,27.7,0.7,RO
2018-10-28,28.2,0.4,RO
2018-10-29,27.1,10.2,RO
2018-10-30,26.3,8.9,RO
2018-10-31,26.7,5.2,RO
2016-09-01,27.1,0.3,RR
2016-09-02,25.5,22.4,RR
2016-09-03,25.1,2.6,RR
2016-09-04,25.9,0.7,RR
2016-09-05,26.9,2.9,RR
2016-09-06,26.0,14.1,RR
2016-09-07,25.7,2.9,RR
2016-09-08,25.7,6.7,RR
2016-09-09,26.5,0.0,RR
2016-09-10,26.2,11.8,RR
2016-09-11,25.8,16.1,RR
2016-09-12,26.4,3.7,RR
2016-09-13,26.8,0.0,RR
2016-09-14,27.1,0.3,RR
2016-09-15,27.2,7.3,RR
2016-09-16,25.1,18.4,RR
2016-09-17,25.3,1.4,RR
2016-09-18,26.6,0.4,RR
2016-09-19,27.1,0.2,RR
2016-09-20,27.2,0.6,RR
2016-09-21,26.5,1.0,RR
2016-09-22,26.2,5.9,RR
2016-09-23,26.9,0.3,RR
2016-09-24,27.3,0.9,RR
2016-09-25,26.9,2.3,RR
2016-09-26,27.5,0.3,RR
2016-09-27,27.6,0.0,RR
2016-09-28,27.5,0.7,RR
2016-09-29,27.2,20.8,RR
2016-09-30,27.3,1.8,RR
2016-10-01,27.4,2.5,RR
2016-10-02,26.8,3.9,RR
2016-10-03,27.6,0.0,RR
2016-10-04,28.5,0.0,RR
2016-10-05,28.2,0.1,RR
2016-10-06,28.6,0.3,RR
2016-10-07,28.7,0.0,RR
2016-10-08,28.0,0.3,RR
2016-10-09,26.0,10.8,RR
2016-10-10,26.8,5.2,RR
2016-10-11,27.7,0.1,RR
2016-10-12,28.3,0.0,RR
2016-10-13,26.9,16.5,RR
2016-10-14,27.5,0.6,RR
2016-10-15,28.4,0.7,RR
2016-10-16,28.1,0.0,RR
2016-10-17,29.0,0.0,RR
2016-10-18,29.0,0.0,RR
2016-10-19,29.5,0.0,RR
2016-10-20,29.1,0.0,RR
2016-10-21,29.0,0.1,RR
2016-10-22,27.3,5.3,RR
2016-10-23,26.1,9.4,RR
2016-10-24,26.8,3.4,RR
2016-10-25,27.2,1.4,RR
2016-10-26,27.4,4.1,RR
2016-10-27,28.1,0.0,RR
2016-10-28,27.9,0.6,RR
2016-10-29,26.6,5.1,RR
2016-10-30,25.9,7.1,RR
2016-10-31,26.0,0.7,RR
2016-11-01,27.4,0.3,RR
2016-11-02,28.6,0.1,RR
2016-11-03,29.1,0.0,RR
2016-11-04,28.4,0.0,RR
2016-11-05,27.0,9.5,RR
2016-11-06,25.7,12.8,RR
2016-11-07,26.4,2.5,RR
2016-11-08,27.2,4.1,RR
2016-11-09,28.0,1.1,RR
2016-11-10,28.3,0.0,RR
2016-11-11,28.5,0.3,RR
2016-11-12,28.9,0.1,RR
2016-11-13,29.2,0.0,RR
2016-11-14,28.4,0.0,RR
2016-11-15,28.5,0.9,RR
2016-11-16,28.0,6.3,RR
2016-11-17,27.6,4.4,RR
2016-11-18,26.2,8.2,RR
2016-11-19,27.2,0.7,RR
2016-11-20,27.0,3.8,RR
2016-11-21,26.6,4.9,RR
2016-11-22,26.2,13.6,RR
2016-11-23,25.9,3.6,RR
2016-11-24,27.7,0.2,RR
2016-11-25,28.2,1.5,RR
2016-11-26,28.6,0.1,RR
2016-11-27,28.4,0.0,RR
2016-11-28,28.3,0.0,RR
2016-11-29,28.8,0.0,RR
2016-11-30,28.8,0.0,RR
2016-12-01,28.9,0.0,RR
2016-12-02,28.6,3.0,RR
2016-12-03,28.5,0.2,RR
2016-12-04,28.7,0.0,RR
2016-12-05,28.7,0.0,RR
2016-12-06,29.0,0.0,RR
2016-12-07,29.1,0.4,RR
2016-12-08,28.9,0.7,RR
2016-12-09,29.2,0.0,RR
2016-12-10,29.6,0.0,RR
2016-12-11,28.9,0.4,RR
2016-12-12,27.8,4.8,RR
2016-12-13,27.2,5.0,RR
2016-12-14,26.5,4.4,RR
2016-12-15,26.1,5.0,RR
2016-12-16,26.9,4.1,RR
2016-12-17,25.9,5.1,RR
2016-12-18,27.0,0.0,RR
2016-12-19,27.2,0.4,RR
2016-12-20,26.0,6.6,RR
2016-12-21,25.6,1.4,RR
2016-12-22,26.0,5.3,RR
2016-12-23,25.7,10.4,RR
2016-12-24,25.7,6.6,RR
2016-12-25,26.5,8.5,RR
2016-12-26,26.2,2.0,RR
2016-12-27,26.2,0.9,RR
2016-12-28,26.1,6.0,RR
2016-12-29,27.0,1.3,RR
2016-12-30,26.9,8.4,RR
2016-12-31,27.0,1.3,RR
2017-01-01,27.2,0.2,RR
2017-01-02,27.3,0.1,RR
2017-01-03,27.0,0.1,RR
2017-01-04,26.4,3.1,RR
2017-01-05,26.9,0.5,RR
2017-01-06,27.8,0.3,RR
2017-01-07,27.6,0.2,RR
2017-01-08,27.0,1.0,RR
2017-01-09,27.2,0.0,RR
2017-01-10,27.6,0.0,RR
2017-01-11,27.6,0.0,RR
2017-01-12,28.0,0.0,RR
2017-01-13,26.7,4.8,RR
2017-01-14,26.8,6.1,RR
2017-01-15,27.8,0.9,RR
2017-01-16,27.8,1.2,RR
2017-01-17,27.9,3.8,RR
2017-01-18,26.7,3.5,RR
2017-01-19,27.0,0.0,RR
2017-01-20,27.6,0.0,RR
2017-01-21,27.9,1.0,RR
2017-01-22,25.7,15.8,RR
2017-01-23,25.8,4.3,RR
2017-01-24,26.6,6.0,RR
2017-01-25,27.1,0.1,RR
2017-01-26,28.0,0.0,RR
2017-01-27,28.0,0.6,RR
2017-01-28,26.8,8.1,RR
2017-01-29,25.4,6.7,RR
2017-01-30,25.3,16.3,RR
2017-01-31,26.0,2.6,RR
2017-02-01,26.5,0.0,RR
2017-02-02,27.4,0.1,RR
2017-02-03,27.3,0.3,RR
2017-02-04,27.7,0.3,RR
2017-02-05,26.6,4.2,RR
2017-02-06,25.9,4.5,RR
2017-02-07,26.3,1.9,RR
2017-02-08,27.1,0.0,RR
2017-02-09,27.0,0.0,RR
2017-02-10,27.3,0.0,RR
2017-02-11,27.1,0.0,RR
2017-02-12,27.1,0.0,RR
2017-02-13,27.3,0.0,RR
2017-02-14,28.2,0.0,RR
2017-02-15,28.3,0.7,RR
2017-02-16,27.2,3.0,RR
2017-02-17,26.8,0.7,RR
2017-02-18,27.6,4.6,RR
2017-02-19,26.6,4.7,RR
2017-02-20,27.2,2.6,RR
2017-02-21,27.1,12.2,RR
2017-02-22,25.5,16.3,RR
2017-02-23,25.4,15.2,RR
2017-02-24,26.0,1.8,RR
2017-02-25,26.2,1.9,RR
2017-02-26,26.8,0.0,RR
2017-02-27,27.0,0.9,RR
2017-02-28,27.0,4.1,RR
2017-03-01,27.2,2.2,RR
2017-03-02,27.7,1.0,RR
2017-03-03,26.3,5.6,RR
2017-03-04,26.8,0.7,RR
2017-03-05,27.1,0.1,RR
2017-03-06,26.1,8.7,RR
2017-03-07,26.5,2.8,RR
2017-03-08,26.2,0.1,RR
2017-03-09,25.9,11.5,RR
2017-03-10,25.1,20.5,RR
2017-03-11,25.4,16.0,RR
2017-03-12,26.4,0.3,RR
2017-03-13,26.9,0.0,RR
2017-03-14,26.8,0.0,RR
2017-03-15,26.9,0.0,RR
2017-03-16,27.6,0.0,RR
2017-03-17,28.2,0.0,RR
2017-03-18,28.5,0.0,RR
2017-03-19,27.6,11.7,RR
2017-03-20,24.8,58.0,RR
2017-03-21,25.7,3.7,RR
2017-03-22,26.3,0.2,RR
2017-03-23,26.6,11.4,RR
2017-03-24,27.1,17.5,RR
2017-03-25,27.3,0.2,RR
2017-03-26,27.4,0.4,RR
2017-03-27,27.7,0.3,RR
2017-03-28,27.6,2.6,RR
2017-03-29,25.9,27.9,RR
2017-03-30,26.1,1.7,RR
2017-03-31,26.9,0.0,RR
2017-04-01,27.6,2.1,RR
2017-04-02,28.2,0.5,RR
2017-04-03,27.3,0.0,RR
2017-04-04,27.8,0.0,RR
2017-04-05,28.2,0.0,RR
2017-04-06,27.6,0.0,RR
2017-04-07,27.2,2.1,RR
2017-04-08,26.3,17.1,RR
2017-04-09,26.9,0.0,RR
2017-04-10,26.7,0.1,RR
2017-04-11,27.3,10.4,RR
2017-04-12,26.4,16.9,RR
2017-04-13,25.6,14.8,RR
2017-04-14,26.9,5.9,RR
2017-04-15,26.0,8.7,RR
2017-04-16,25.9,14.7,RR
2017-04-17,25.8,25.3,RR
2017-04-18,26.4,4.9,RR
2017-04-19,26.6,0.6,RR
2017-04-20,27.4,0.4,RR
2017-04-21,27.8,0.0,RR
2017-04-22,28.3,0.0,RR
2017-04-23,27.3,4.4,RR
2017-04-24,27.5,6.1,RR
2017-04-25,27.6,3.4,RR
2017-04-26,27.7,1.4,RR
2017-04-27,27.7,2.4,RR
2017-04-28,27.3,7.6,RR
2017-04-29,25.1,26.4,RR
2017-04-30,25.0,15.0,RR
2017-05-01,25.6,13.8,RR
2017-05-02,24.9,41.2,RR
2017-05-03,25.2,20.8,RR
2017-05-04,25.3,12.0,RR
2017-05-05,24.9,30.0,RR
2017-05-06,26.3,11.0,RR
2017-05-07,26.1,19.2,RR
2017-05-08,25.4,16.4,RR
2017-05-09,25.3,13.6,RR
2017-05-10,25.6,3.3,RR
2017-05-11,25.6,13.2,RR
2017-05-12,25.8,6.9,RR
2017-05-13,26.0,4.4,RR
2017-05-14,26.8,9.4,RR
2017-05-15,26.1,18.3,RR
2017-05-16,25.0,33.8,RR
2017-05-17,24.1,16.2,RR
2017-05-18,26.4,1.0,RR
2017-05-19,26.8,0.0,RR
2017-05-20,26.8,3.8,RR
2017-05-21,26.1,16.6,RR
2017-05-22,27.0,4.9,RR
2017-05-23,26.7,8.5,RR
2017-05-24,27.4,1.3,RR
2017-05-25,27.5,0.2,RR
2017-05-26,27.4,0.4,RR
2017-05-27,27.7,0.8,RR
2017-05-28,27.1,3.2,RR
2017-05-29,26.4,14.6,RR
2017-05-30,25.9,31.2,RR
2017-05-31,26.1,6.5,RR
2017-06-01,26.9,0.5,RR
2017-06-02,26.5,13.2,RR
2017-06-03,26.9,8.6,RR
2017-06-04,27.4,0.6,RR
2017-06-05,27.0,5.1,RR
2017-06-06,25.6,30.8,RR
2017-06-07,25.1,19.0,RR
2017-06-08,25.0,34.7,RR
2017-06-09,25.4,10.0,RR
2017-06-10,25.7,3.4,RR
2017-06-11,26.8,1.3,RR
2017-06-12,26.1,14.4,RR
2017-06-13,25.4,18.0,RR
2017-06-14,26.3,1.3,RR
2017-06-15,26.7,8.2,RR
2017-06-16,25.9,12.9,RR
2017-06-17,25.3,35.6,RR
2017-06-18,25.6,15.1,RR
2017-06-19,25.7,18.3,RR
2017-06-20,25.0,19.7,RR
2017-06-21,25.8,4.8,RR
2017-06-22,24.2,27.1,RR
2017-06-23,24.8,26.4,RR
2017-06-24,24.9,14.5,RR
2017-06-25,25.5,5.9,RR
2017-06-26,25.1,15.6,RR
2017-06-27,25.5,3.6,RR
2017-06-28,25.7,9.2,RR
2017-06-29,24.7,20.2,RR
2017-06-30,25.7,1.5,RR
2017-07-01,24.5,15.5,RR
2017-07-02,25.4,7.3,RR
2017-07-03,25.9,6.4,RR
2017-07-04,24.7,17.9,RR
2017-07-05,25.4,28.5,RR
2017-07-06,25.7,13.8,RR
2017-07-07,25.5,29.1,RR
2017-07-08,24.9,11.4,RR
2017-07-09,25.2,3.9,RR
2017-07-10,25.0,16.4,RR
2017-07-11,25.0,23.5,RR
2017-07-12,24.7,15.7,RR
2017-07-13,24.4,13.6,RR
2017-07-14,25.3,2.7,RR
2017-07-15,26.0,3.8,RR
2017-07-16,24.9,25.8,RR
2017-07-17,25.2,20.4,RR
2017-07-18,25.9,11.4,RR
2017-07-19,25.1,22.8,RR
2017-07-20,25.0,6.7,RR
2017-07-21,23.8,10.4,RR
2017-07-22,24.2,3.5,RR
2017-07-23,25.0,4.2,RR
2017-07-24,25.8,8.4,RR
2017-07-25,26.1,2.9,RR
2017-07-26,25.2,14.7,RR
2017-07-27,25.5,16.3,RR
2017-07-28,25.0,8.0,RR
2017-07-29,25.5,7.9,RR
2017-07-30,26.2,7.4,RR
2017-07-31,24.9,15.5,RR
2017-08-01,25.6,8.9,RR
2017-08-02,25.4,14.4,RR
2017-08-03,25.8,9.3,RR
2017-08-04,25.4,6.9,RR
2017-08-05,25.8,5.0,RR
2017-08-06,26.2,4.6,RR
2017-08-07,26.5,3.2,RR
2017-08-08,26.9,1.3,RR
2017-08-09,26.2,19.9,RR
2017-08-10,26.9,1.9,RR
2017-08-11,27.1,0.9,RR
2017-08-12,27.6,0.5,RR
2017-08-13,27.6,1.6,RR
2017-08-14,27.4,2.9,RR
2017-08-15,26.9,0.5,RR
2017-08-16,26.4,7.9,RR
2017-08-17,27.3,5.7,RR
2017-08-18,27.6,3.8,RR
2017-08-19,27.6,2.7,RR
2017-08-20,28.0,0.6,RR
2017-08-21,28.3,0.0,RR
2017-08-22,27.1,4.6,RR
2017-08-23,27.0,3.9,RR
2017-08-24,26.5,2.3,RR
2017-08-25,26.0,10.7,RR
2017-08-26,25.6,22.5,RR
2017-08-27,26.4,5.4,RR
2017-08-28,26.5,12.3,RR
2017-08-29,26.6,8.9,RR
2017-08-30,26.3,9.7,RR
2017-08-31,26.6,10.1,RR
2017-09-01,26.1,15.5,RR
2017-09-02,26.4,16.4,RR
2017-09-03,26.8,3.3,RR
2017-09-04,26.1,4.7,RR
2017-09-05,26.4,2.8,RR
2017-09-06,26.2,2.9,RR
2017-09-07,27.2,0.5,RR
2017-09-08,27.6,0.1,RR
2017-09-09,27.3,0.7,RR
2017-09-10,27.8,0.7,RR
2017-09-11,27.7,1.5,RR
2017-09-12,26.4,16.6,RR
2017-09-13,26.1,3.7,RR
2017-09-14,27.0,1.9,RR
2017-09-15,27.1,5.2,RR
2017-09-16,27.1,7.7,RR
2017-09-17,25.4,26.4,RR
2017-09-18,25.7,8.6,RR
2017-09-19,26.3,8.0,RR
2017-09-20,26.6,1.9,RR
2017-09-21,26.8,7.7,RR
2017-09-22,26.1,15.6,RR
2017-09-23,27.7,0.3,RR
2017-09-24,27.1,1.1,RR
2017-09-25,27.1,4.3,RR
2017-09-26,26.8,2.6,RR
2017-09-27,26.4,3.4,RR
2017-09-28,26.1,3.5,RR
2017-09-29,26.5,8.5,RR
2017-09-30,27.1,3.6,RR
2017-10-01,27.5,0.3,RR
2017-10-02,28.0,0.3,RR
2017-10-03,26.5,9.4,RR
2017-10-04,27.0,3.4,RR
2017-10-05,27.2,1.4,RR
2017-10-06,26.9,4.2,RR
2017-10-07,25.5,9.2,RR
2017-10-08,26.0,3.9,RR
2017-10-09,26.1,9.1,RR
2017-10-10,26.4,9.2,RR
2017-10-11,27.0,3.5,RR
2017-10-12,27.3,5.6,RR
2017-10-13,26.7,19.0,RR
2017-10-14,26.6,13.1,RR
2017-10-15,27.7,0.5,RR
2017-10-16,28.0,1.6,RR
2017-10-17,27.3,2.3,RR
2017-10-18,27.4,1.4,RR
2017-10-19,28.0,0.3,RR
2017-10-20,28.0,0.8,RR
2017-10-21,28.0,0.3,RR
2017-10-22,28.1,0.1,RR
2017-10-23,28.2,0.2,RR
2017-10-24,26.6,14.2,RR
2017-10-25,25.6,21.4,RR
2017-10-26,26.4,25.4,RR
2017-10-27,27.3,0.0,RR
2017-10-28,27.9,1.3,RR
2017-10-29,27.6,6.1,RR
2017-10-30,27.2,4.8,RR
2017-10-31,26.6,11.0,RR
2017-11-01,26.5,9.5,RR
2017-11-02,27.7,0.4,RR
2017-11-03,27.5,6.8,RR
2017-11-04,27.3,7.3,RR
2017-11-05,28.0,3.2,RR
2017-11-06,27.5,4.0,RR
2017-11-07,26.7,1.1,RR
2017-11-08,27.5,0.8,RR
2017-11-09,28.0,0.0,RR
2017-11-10,28.2,0.0,RR
2017-11-11,27.7,1.9,RR
2017-11-12,27.2,4.3,RR
2017-11-13,27.9,0.4,RR
2017-11-14,27.9,0.2,RR
2017-11-15,26.8,6.5,RR
2017-11-16,27.9,0.1,RR
2017-11-17,28.3,0.1,RR
2017-11-18,28.7,0.0,RR
2017-11-19,28.7,0.0,RR
2017-11-20,28.9,0.0,RR
2017-11-21,28.7,0.0,RR
2017-11-22,28.9,0.3,RR
2017-11-23,28.3,3.5,RR
2017-11-24,28.4,5.2,RR
2017-11-25,27.5,0.9,RR
2017-11-26,28.2,0.0,RR
2017-11-27,28.2,3.0,RR
2017-11-28,28.5,0.3,RR
2017-11-29,28.5,3.1,RR
2017-11-30,28.9,0.6,RR
2017-12-01,29.6,0.4,RR
2017-12-02,28.8,2.8,RR
2017-12-03,29.3,0.9,RR
2017-12-04,30.2,0.0,RR
2017-12-05,29.7,0.1,RR
2017-12-06,28.9,0.3,RR
2017-12-07,29.3,0.0,RR
2017-12-08,29.2,0.3,RR
2017-12-09,29.4,0.0,RR
2017-12-10,29.7,0.2,RR
2017-12-11,29.9,0.0,RR
2017-12-12,29.9,0.0,RR
2017-12-13,29.9,0.3,RR
2017-12-14,29.0,0.1,RR
2017-12-15,29.4,0.0,RR
2017-12-16,29.1,0.0,RR
2017-12-17,29.7,0.0,RR
2017-12-18,29.6,0.0,RR
2017-12-19,28.8,0.6,RR
2017-12-20,28.0,0.5,RR
2017-12-21,28.9,0.5,RR
2017-12-22,29.1,0.3,RR
2017-12-23,29.1,0.1,RR
2017-12-24,27.9,0.8,RR
2017-12-25,27.4,3.1,RR
2017-12-26,27.7,0.2,RR
2017-12-27,26.5,21.9,RR
2017-12-28,26.2,2.5,RR
2017-12-29,25.9,20.5,RR
2017-12-30,26.0,14.0,RR
2017-12-31,25.7,20.9,RR
2018-01-01,26.4,2.5,RR
2018-01-02,27.0,0.4,RR
2018-01-03,26.8,0.8,RR
2018-01-04,27.1,0.2,RR
2018-01-05,27.0,0.3,RR
2018-01-06,26.9,0.0,RR
2018-01-07,27.3,0.0,RR
2018-01-08,27.4,0.0,RR
2018-01-09,27.5,0.1,RR
2018-01-10,27.7,1.0,RR
2018-01-11,28.6,0.0,RR
2018-01-12,28.3,3.6,RR
2018-01-13,28.5,0.2,RR
2018-01-14,28.7,0.1,RR
2018-01-15,27.9,0.6,RR
2018-01-16,28.2,5.0,RR
2018-01-17,27.5,1.3,RR
2018-01-18,27.4,0.4,RR
2018-01-19,27.3,0.5,RR
2018-01-20,28.3,0.0,RR
2018-01-21,28.6,0.0,RR
2018-01-22,28.8,0.0,RR
2018-01-23,28.8,0.0,RR
2018-01-24,26.8,0.7,RR
2018-01-25,27.5,0.0,RR
2018-01-26,28.6,0.7,RR
2018-01-27,29.7,0.0,RR
2018-01-28,29.4,0.0,RR
2018-01-29,29.3,0.0,RR
2018-01-30,29.8,0.0,RR
2018-01-31,29.8,0.0,RR
2018-02-01,29.8,0.0,RR
2018-02-02,29.6,0.2,RR
2018-02-03,30.4,0.0,RR
2018-02-04,29.7,0.1,RR
2018-02-05,29.7,0.0,RR
2018-02-06,29.3,0.6,RR
2018-02-07,29.4,0.0,RR
2018-02-08,29.8,0.0,RR
2018-02-09,29.8,0.0,RR
2018-02-10,29.5,0.0,RR
2018-02-11,29.0,1.1,RR
2018-02-12,28.7,0.4,RR
2018-02-13,28.7,0.0,RR
2018-02-14,28.6,0.6,RR
2018-02-15,29.1,0.9,RR
2018-02-16,26.8,9.1,RR
2018-02-17,25.8,7.0,RR
2018-02-18,27.0,0.2,RR
2018-02-19,28.0,0.0,RR
2018-02-20,28.6,0.0,RR
2018-02-21,28.7,0.0,RR
2018-02-22,28.6,0.0,RR
2018-02-23,29.2,0.0,RR
2018-02-24,28.4,0.0,RR
2018-02-25,29.4,1.3,RR
2018-02-26,29.5,0.9,RR
2018-02-27,29.8,0.0,RR
2018-02-28,30.1,1.7,RR
2018-03-01,30.6,0.0,RR
2018-03-02,30.7,0.2,RR
2018-03-03,28.2,7.1,RR
2018-03-04,26.3,12.5,RR
2018-03-05,26.9,13.8,RR
2018-03-06,26.8,23.9,RR
2018-03-07,27.9,0.9,RR
2018-03-08,27.7,0.0,RR
2018-03-09,27.8,0.0,RR
2018-03-10,28.1,0.0,RR
2018-03-11,28.4,0.0,RR
2018-03-12,28.5,0.0,RR
2018-03-13,28.3,0.1,RR
2018-03-14,28.9,0.0,RR
2018-03-15,29.2,0.0,RR
2018-03-16,29.5,0.0,RR
2018-03-17,29.3,0.3,RR
2018-03-18,29.6,0.5,RR
2018-03-19,30.0,0.0,RR
2018-03-20,30.8,0.1,RR
2018-03-21,30.7,0.1,RR
2018-03-22,29.9,0.0,RR
2018-03-23,30.0,0.0,RR
2018-03-24,30.7,0.0,RR
2018-03-25,30.9,0.0,RR
2018-03-26,30.0,0.5,RR
2018-03-27,30.7,0.1,RR
2018-03-28,29.6,0.8,RR
2018-03-29,29.4,0.6,RR
2018-03-30,29.6,0.1,RR
2018-03-31,30.0,0.0,RR
2018-04-01,30.6,0.0,RR
2018-04-02,30.0,0.0,RR
2018-04-03,27.0,3.5,RR
2018-04-04,28.5,0.5,RR
2018-04-05,28.1,0.1,RR
2018-04-06,27.6,0.3,RR
2018-04-07,29.7,2.5,RR
2018-04-08,28.5,2.9,RR
2018-04-09,27.6,1.1,RR
2018-04-10,27.9,0.3,RR
2018-04-11,29.1,0.0,RR
2018-04-12,29.4,0.0,RR
2018-04-13,29.7,0.3,RR
2018-04-14,28.6,6.3,RR
2018-04-15,27.5,7.2,RR
2018-04-16,25.4,18.1,RR
2018-04-17,25.6,8.0,RR
2018-04-18,26.0,7.5,RR
2018-04-19,27.9,0.5,RR
2018-04-20,27.0,5.6,RR
2018-04-21,24.9,13.8,RR
2018-04-22,25.7,14.2,RR
2018-04-23,24.7,18.5,RR
2018-04-24,25.4,11.6,RR
2018-04-25,27.2,0.6,RR
2018-04-26,25.0,20.7,RR
2018-04-27,24.7,23.0,RR
2018-04-28,25.3,13.2,RR
2018-04-29,24.8,11.8,RR
2018-04-30,25.0,12.1,RR
2018-05-01,24.9,21.5,RR
2018-05-02,24.7,28.4,RR
2018-05-03,25.6,3.2,RR
2018-05-04,25.9,10.4,RR
2018-05-05,25.9,7.4,RR
2018-05-06,26.0,6.6,RR
2018-05-07,25.4,11.5,RR
2018-05-08,24.9,7.2,RR
2018-05-09,25.2,9.3,RR
2018-05-10,24.2,21.5,RR
2018-05-11,24.8,6.8,RR
2018-05-12,25.7,12.6,RR
2018-05-13,25.5,11.7,RR
2018-05-14,25.7,10.4,RR
2018-05-15,25.8,2.0,RR
2018-05-16,26.1,0.2,RR
2018-05-17,26.0,3.1,RR
2018-05-18,25.3,13.9,RR
2018-05-19,26.3,4.5,RR
2018-05-20,25.3,15.9,RR
2018-05-21,25.5,18.1,RR
2018-05-22,25.6,22.0,RR
2018-05-23,25.2,18.4,RR
2018-05-24,24.9,20.6,RR
2018-05-25,24.8,55.1,RR
2018-05-26,25.0,20.7,RR
2018-05-27,24.5,42.9,RR
2018-05-28,25.8,2.7,RR
2018-05-29,25.3,9.6,RR
2018-05-30,26.2,5.2,RR
2018-05-31,25.4,13.8,RR
2018-06-01,25.6,13.0,RR
2018-06-02,25.4,12.5,RR
2018-06-03,25.5,10.4,RR
2018-06-04,25.0,7.7,RR
2018-06-05,25.1,23.5,RR
2018-06-06,25.4,27.8,RR
2018-06-07,25.6,18.2,RR
2018-06-08,24.6,22.4,RR
2018-06-09,25.1,12.3,RR
2018-06-10,26.5,2.4,RR
2018-06-11,26.4,5.6,RR
2018-06-12,25.5,15.0,RR
2018-06-13,24.8,24.4,RR
2018-06-14,25.2,7.7,RR
2018-06-15,25.3,1.0,RR
2018-06-16,25.1,9.8,RR
2018-06-17,24.6,20.1,RR
2018-06-18,24.5,16.8,RR
2018-06-19,24.3,24.4,RR
2018-06-20,24.2,32.0,RR
2018-06-21,24.3,9.4,RR
2018-06-22,25.1,12.0,RR
2018-06-23,25.2,18.9,RR
2018-06-24,24.7,18.4,RR
2018-06-25,24.6,11.1,RR
2018-06-26,24.8,3.9,RR
2018-06-27,25.4,10.6,RR
2018-06-28,24.8,21.1,RR
2018-06-29,24.5,31.2,RR
2018-06-30,24.2,15.9,RR
2018-07-01,24.8,7.6,RR
2018-07-02,24.4,35.8,RR
2018-07-03,24.5,9.1,RR
2018-07-04,25.2,3.3,RR
2018-07-05,24.8,12.1,RR
2018-07-06,25.6,5.1,RR
2018-07-07,24.6,34.4,RR
2018-07-08,25.1,8.1,RR
2018-07-09,25.3,14.5,RR
2018-07-10,24.5,3.9,RR
2018-07-11,24.8,9.2,RR
2018-07-12,24.4,33.4,RR
2018-07-13,24.5,16.6,RR
2018-07-14,25.8,2.1,RR
2018-07-15,25.5,7.9,RR
2018-07-16,24.9,16.7,RR
2018-07-17,25.4,31.3,RR
2018-07-18,25.2,15.6,RR
2018-07-19,25.6,21.5,RR
2018-07-20,25.3,6.7,RR
2018-07-21,25.5,8.9,RR
2018-07-22,25.4,14.8,RR
2018-07-23,25.6,2.5,RR
2018-07-24,24.5,32.7,RR
2018-07-25,24.2,24.4,RR
2018-07-26,24.6,30.8,RR
2018-07-27,24.9,4.8,RR
2018-07-28,25.5,23.7,RR
2018-07-29,24.5,15.8,RR
2018-07-30,25.6,16.7,RR
2018-07-31,25.2,11.1,RR
2018-08-01,25.7,9.5,RR
2018-08-02,25.8,10.1,RR
2018-08-03,25.1,13.9,RR
2018-08-04,25.7,4.6,RR
2018-08-05,25.7,6.1,RR
2018-08-06,25.6,2.9,RR
2018-08-07,25.6,12.9,RR
2018-08-08,25.2,9.7,RR
2018-08-09,26.2,1.0,RR
2018-08-10,26.5,3.7,RR
2018-08-11,26.7,3.7,RR
2018-08-12,25.7,10.7,RR
2018-08-13,25.3,14.3,RR
2018-08-14,26.8,1.2,RR
2018-08-15,27.1,0.7,RR
2018-08-16,27.2,0.5,RR
2018-08-17,27.0,6.6,RR
2018-08-18,26.0,14.6,RR
2018-08-19,25.9,16.2,RR
2018-08-20,26.7,0.5,RR
2018-08-21,26.7,4.3,RR
2018-08-22,26.4,5.3,RR
2018-08-23,26.7,2.8,RR
2018-08-24,26.8,3.7,RR
2018-08-25,27.0,4.0,RR
2018-08-26,26.9,4.6,RR
2018-08-27,24.8,27.8,RR
2018-08-28,26.0,0.8,RR
2018-08-29,26.2,30.0,RR
2018-08-30,26.2,12.0,RR
2018-08-31,26.0,14.9,RR
2018-09-01,27.1,1.9,RR
2018-09-02,26.2,17.4,RR
2018-09-03,25.4,5.3,RR
2018-09-04,26.7,7.3,RR
2018-09-05,24.8,19.1,RR
2018-09-06,25.6,8.3,RR
2018-09-07,26.0,9.2,RR
2018-09-08,25.9,7.7,RR
2018-09-09,25.1,10.8,RR
2018-09-10,25.9,10.5,RR
2018-09-11,25.9,13.9,RR
2018-09-12,26.2,4.5,RR
2018-09-13,25.8,5.2,RR
2018-09-14,26.9,0.6,RR
2018-09-15,27.3,0.1,RR
2018-09-16,26.9,2.8,RR
2018-09-17,26.7,7.5,RR
2018-09-18,27.5,0.3,RR
2018-09-19,27.6,0.9,RR
2018-09-20,27.6,0.6,RR
2018-09-21,27.5,1.0,RR
2018-09-22,28.3,0.2,RR
2018-09-23,28.0,0.0,RR
2018-09-24,28.2,0.7,RR
2018-09-25,28.0,0.1,RR
2018-09-26,28.1,1.5,RR
2018-09-27,26.5,13.1,RR
2018-09-28,27.0,3.7,RR
2018-09-29,28.1,1.1,RR
2018-09-30,28.5,0.0,RR
2018-10-01,28.2,0.0,RR
2018-10-02,28.7,0.0,RR
2018-10-03,28.9,0.1,RR
2018-10-04,29.1,0.0,RR
2018-10-05,29.1,0.1,RR
2018-10-06,29.2,0.0,RR
2018-10-07,29.4,0.1,RR
2018-10-08,29.8,0.0,RR
2018-10-09,30.5,0.0,RR
2018-10-10,30.2,0.0,RR
2018-10-11,30.5,0.0,RR
2018-10-12,28.6,2.1,RR
2018-10-13,29.3,3.4,RR
2018-10-14,30.0,0.0,RR
2018-10-15,30.6,0.0,RR
2018-10-16,30.7,0.3,RR
2018-10-17,29.2,3.8,RR
2018-10-18,29.0,16.4,RR
2018-10-19,26.4,31.5,RR
2018-10-20,27.3,1.3,RR
2018-10-21,28.2,2.2,RR
2018-10-22,25.0,20.4,RR
2018-10-23,27.4,0.8,RR
2018-10-24,28.0,0.0,RR
2018-10-25,28.3,0.0,RR
2018-10-26,28.5,0.6,RR
2018-10-27,28.5,0.1,RR
2018-10-28,28.8,0.0,RR
2018-10-29,29.0,0.0,RR
2018-10-30,29.2,0.7,RR
2018-10-31,28.9,1.5,RR
2016-09-01,17.8,0.0,SC
2016-09-02,17.7,0.0,SC
2016-09-03,18.3,6.5,SC
2016-09-04,18.8,43.2,SC
2016-09-05,18.8,2.5,SC
2016-09-06,18.9,8.7,SC
2016-09-07,16.7,0.0,SC
2016-09-08,16.4,0.0,SC
2016-09-09,17.5,0.3,SC
2016-09-10,18.7,0.0,SC
2016-09-11,19.5,0.0,SC
2016-09-12,20.5,2.4,SC
2016-09-13,21.4,8.0,SC
2016-09-14,19.6,0.0,SC
2016-09-15,16.4,0.0,SC
2016-09-16,17.3,0.0,SC
2016-09-17,18.9,0.1,SC
2016-09-18,20.9,3.0,SC
2016-09-19,17.1,4.5,SC
2016-09-20,16.9,0.0,SC
2016-09-21,17.4,1.2,SC
2016-09-22,17.6,0.0,SC
2016-09-23,18.7,0.0,SC
2016-09-24,15.1,0.0,SC
2016-09-25,15.1,0.1,SC
2016-09-26,15.4,0.0,SC
2016-09-27,16.2,0.0,SC
2016-09-28,17.7,0.0,SC
2016-09-29,17.7,0.0,SC
2016-09-30,16.2,0.0,SC
2016-10-01,17.1,3.8,SC
2016-10-02,18.1,0.5,SC
2016-10-03,17.8,12.6,SC
2016-10-04,17.7,13.1,SC
2016-10-05,17.6,4.2,SC
2016-10-06,16.2,31.3,SC
2016-10-07,17.6,1.3,SC
2016-10-08,18.5,0.7,SC
2016-10-09,17.0,0.3,SC
2016-10-10,17.5,0.0,SC
2016-10-11,18.1,2.3,SC
2016-10-12,20.1,2.4,SC
2016-10-13,20.8,20.7,SC
2016-10-14,20.5,0.8,SC
2016-10-15,20.4,0.0,SC
2016-10-16,22.7,3.2,SC
2016-10-17,23.4,1.6,SC
2016-10-18,22.0,1.0,SC
2016-10-19,21.6,1.2,SC
2016-10-20,23.2,0.4,SC
2016-10-21,18.7,0.2,SC
2016-10-22,18.8,0.0,SC
2016-10-23,20.4,0.0,SC
2016-10-24,21.8,1.0,SC
2016-10-25,20.3,25.3,SC
2016-10-26,20.6,35.1,SC
2016-10-27,22.3,2.3,SC
2016-10-28,18.4,0.0,SC
2016-10-29,17.8,0.0,SC
2016-10-30,18.7,0.0,SC
2016-10-31,20.8,0.8,SC
2016-11-01,22.2,0.0,SC
2016-11-02,23.1,7.5,SC
2016-11-03,18.0,0.5,SC
2016-11-04,19.7,0.0,SC
2016-11-05,20.6,0.1,SC
2016-11-06,21.2,1.1,SC
2016-11-07,22.5,0.6,SC
2016-11-08,22.4,0.0,SC
2016-11-09,22.5,4.9,SC
2016-11-10,23.4,0.2,SC
2016-11-11,22.6,4.3,SC
2016-11-12,19.0,0.0,SC
2016-11-13,20.1,0.1,SC
2016-11-14,21.3,0.3,SC
2016-11-15,21.9,4.6,SC
2016-11-16,21.8,18.6,SC
2016-11-17,21.4,17.4,SC
2016-11-18,18.3,0.1,SC
2016-11-19,18.6,0.0,SC
2016-11-20,20.1,0.0,SC
2016-11-21,21.7,0.2,SC
2016-11-22,19.3,0.6,SC
2016-11-23,19.7,5.0,SC
2016-11-24,20.4,0.0,SC
2016-11-25,21.2,0.7,SC
2016-11-26,22.6,2.2,SC
2016-11-27,23.4,0.6,SC
2016-11-28,24.2,14.7,SC
2016-11-29,21.2,3.7,SC
2016-11-30,20.5,0.0,SC
2016-12-01,20.5,0.0,SC
2016-12-02,22.3,0.2,SC
2016-12-03,22.1,60.5,SC
2016-12-04,20.3,5.3,SC
2016-12-05,21.2,0.0,SC
2016-12-06,22.2,0.0,SC
2016-12-07,22.8,0.1,SC
2016-12-08,22.4,1.5,SC
2016-12-09,21.5,5.9,SC
2016-12-10,21.3,27.2,SC
2016-12-11,24.3,24.7,SC
2016-12-12,22.9,1.5,SC
2016-12-13,24.8,3.2,SC
2016-12-14,21.4,0.0,SC
2016-12-15,20.5,0.0,SC
2016-12-16,21.0,2.3,SC
2016-12-17,21.9,4.2,SC
2016-12-18,23.6,1.6,SC
2016-12-19,24.8,0.2,SC
2016-12-20,23.9,10.4,SC
2016-12-21,23.8,3.3,SC
2016-12-22,24.8,3.7,SC
2016-12-23,25.8,11.2,SC
2016-12-24,25.3,16.0,SC
2016-12-25,24.3,1.0,SC
2016-12-26,26.6,0.2,SC
2016-12-27,27.8,1.4,SC
2016-12-28,25.8,0.7,SC
2016-12-29,25.8,4.4,SC
2016-12-30,26.1,5.1,SC
2016-12-31,26.4,18.3,SC
2017-01-01,27.7,0.0,SC
2017-01-02,26.9,0.5,SC
2017-01-03,26.2,2.0,SC
2017-01-04,27.3,0.2,SC
2017-01-05,27.1,10.4,SC
2017-01-06,25.5,1.1,SC
2017-01-07,24.9,7.5,SC
2017-01-08,26.5,0.0,SC
2017-01-09,28.2,1.4,SC
2017-01-10,28.1,3.4,SC
2017-01-11,25.6,7.0,SC
2017-01-12,25.0,0.1,SC
2017-01-13,24.7,0.0,SC
2017-01-14,26.4,0.0,SC
2017-01-15,26.5,1.1,SC
2017-01-16,26.9,1.3,SC
2017-01-17,26.2,4.1,SC
2017-01-18,26.6,1.0,SC
2017-01-19,25.2,1.5,SC
2017-01-20,25.2,0.0,SC
2017-01-21,24.6,1.6,SC
2017-01-22,25.0,7.4,SC
2017-01-23,25.2,6.7,SC
2017-01-24,26.2,0.1,SC
2017-01-25,26.4,4.2,SC
2017-01-26,24.3,20.8,SC
2017-01-27,23.4,4.2,SC
2017-01-28,22.9,11.3,SC
2017-01-29,24.8,4.2,SC
2017-01-30,25.4,7.6,SC
2017-01-31,23.9,14.9,SC
2017-02-01,24.3,4.3,SC
2017-02-02,25.0,18.1,SC
2017-02-03,26.2,0.2,SC
2017-02-04,26.5,0.9,SC
2017-02-05,27.1,0.1,SC
2017-02-06,26.0,0.7,SC
2017-02-07,24.4,0.0,SC
2017-02-08,24.3,0.3,SC
2017-02-09,25.0,2.4,SC
2017-02-10,25.4,2.9,SC
2017-02-11,25.1,13.7,SC
2017-02-12,24.8,34.5,SC
2017-02-13,25.8,18.0,SC
2017-02-14,26.4,6.6,SC
2017-02-15,26.9,1.2,SC
2017-02-16,27.1,0.0,SC
2017-02-17,26.7,0.0,SC
2017-02-18,26.7,0.0,SC
2017-02-19,27.3,0.0,SC
2017-02-20,27.0,0.1,SC
2017-02-21,26.8,0.5,SC
2017-02-22,26.6,0.1,SC
2017-02-23,27.5,0.0,SC
2017-02-24,26.6,0.9,SC
2017-02-25,26.0,3.0,SC
2017-02-26,25.5,3.3,SC
2017-02-27,25.4,1.7,SC
2017-02-28,26.3,6.2,SC
2017-03-01,27.2,0.0,SC
2017-03-02,27.0,2.4,SC
2017-03-03,27.6,0.6,SC
2017-03-04,27.6,3.1,SC
2017-03-05,26.6,7.8,SC
2017-03-06,25.5,2.2,SC
2017-03-07,25.3,9.8,SC
2017-03-08,24.6,5.0,SC
2017-03-09,26.0,3.6,SC
2017-03-10,26.9,0.4,SC
2017-03-11,25.4,0.2,SC
2017-03-12,26.8,0.1,SC
2017-03-13,23.1,0.0,SC
2017-03-14,23.0,0.0,SC
2017-03-15,24.3,2.4,SC
2017-03-16,25.6,0.0,SC
2017-03-17,22.5,1.4,SC
2017-03-18,22.2,0.3,SC
2017-03-19,21.8,6.2,SC
2017-03-20,22.3,4.5,SC
2017-03-21,22.7,3.7,SC
2017-03-22,22.7,7.0,SC
2017-03-23,21.9,24.7,SC
2017-03-24,23.1,8.3,SC
2017-03-25,22.9,0.2,SC
2017-03-26,22.9,2.7,SC
2017-03-27,22.8,2.6,SC
2017-03-28,22.5,8.7,SC
2017-03-29,22.5,1.5,SC
2017-03-30,21.6,1.1,SC
2017-03-31,21.7,0.7,SC
2017-04-01,22.3,2.5,SC
2017-04-02,21.7,7.4,SC
2017-04-03,22.0,9.4,SC
2017-04-04,23.2,0.4,SC
2017-04-05,23.5,7.5,SC
2017-04-06,23.2,1.1,SC
2017-04-07,23.1,1.3,SC
2017-04-08,23.5,5.4,SC
2017-04-09,23.4,5.8,SC
2017-04-10,23.7,5.8,SC
2017-04-11,24.2,0.3,SC
2017-04-12,21.8,0.0,SC
2017-04-13,20.7,0.3,SC
2017-04-14,22.2,0.1,SC
2017-04-15,23.0,0.2,SC
2017-04-16,22.4,8.8,SC
2017-04-17,20.9,5.3,SC
2017-04-18,20.7,3.1,SC
2017-04-19,21.3,2.1,SC
2017-04-20,22.8,2.2,SC
2017-04-21,23.6,6.2,SC
2017-04-22,21.4,0.3,SC
2017-04-23,20.4,0.0,SC
2017-04-24,20.8,1.2,SC
2017-04-25,22.4,5.2,SC
2017-04-26,23.1,13.0,SC
2017-04-27,17.0,0.0,SC
2017-04-28,17.4,0.0,SC
2017-04-29,17.4,0.0,SC
2017-04-30,17.6,0.0,SC
2017-05-01,18.9,0.0,SC
2017-05-02,19.7,1.2,SC
2017-05-03,20.4,2.1,SC
2017-05-04,20.9,2.0,SC
2017-05-05,20.9,0.4,SC
2017-05-06,20.5,0.1,SC
2017-05-07,21.0,1.3,SC
2017-05-08,20.7,2.8,SC
2017-05-09,21.1,0.3,SC
2017-05-10,20.0,0.3,SC
2017-05-11,19.2,0.0,SC
2017-05-12,19.3,0.0,SC
2017-05-13,21.0,0.2,SC
2017-05-14,20.5,6.4,SC
2017-05-15,18.7,0.0,SC
2017-05-16,18.7,0.0,SC
2017-05-17,18.8,1.4,SC
2017-05-18,20.0,9.7,SC
2017-05-19,19.6,38.4,SC
2017-05-20,20.7,8.8,SC
2017-05-21,21.1,10.1,SC
2017-05-22,19.2,0.0,SC
2017-05-23,18.9,0.5,SC
2017-05-24,20.9,3.0,SC
2017-05-25,21.2,0.1,SC
2017-05-26,22.5,2.5,SC
2017-05-27,19.6,31.9,SC
2017-05-28,19.7,20.7,SC
2017-05-29,21.0,2.7,SC
2017-05-30,18.5,17.5,SC
2017-05-31,17.6,52.3,SC
2017-06-01,19.9,8.4,SC
2017-06-02,18.2,0.0,SC
2017-06-03,18.1,0.2,SC
2017-06-04,19.0,31.9,SC
2017-06-05,18.7,55.9,SC
2017-06-06,19.3,11.8,SC
2017-06-07,19.3,0.5,SC
2017-06-08,21.7,1.1,SC
2017-06-09,16.8,4.6,SC
2017-06-10,13.8,0.0,SC
2017-06-11,14.8,0.0,SC
2017-06-12,15.5,0.0,SC
2017-06-13,15.9,0.0,SC
2017-06-14,16.7,0.0,SC
2017-06-15,18.0,0.0,SC
2017-06-16,18.5,0.0,SC
2017-06-17,19.2,0.0,SC
2017-06-18,20.9,0.0,SC
2017-06-19,13.9,5.8,SC
2017-06-20,14.0,0.0,SC
2017-06-21,15.8,0.2,SC
2017-06-22,18.2,0.3,SC
2017-06-23,19.4,1.2,SC
2017-06-24,19.1,1.3,SC
2017-06-25,19.3,0.1,SC
2017-06-26,17.6,0.0,SC
2017-06-27,19.0,0.0,SC
2017-06-28,19.2,0.0,SC
2017-06-29,18.8,0.0,SC
2017-06-30,18.1,1.9,SC
2017-07-01,16.7,0.1,SC
2017-07-02,15.1,0.0,SC
2017-07-03,15.6,0.4,SC
2017-07-04,17.5,0.5,SC
2017-07-05,17.6,0.9,SC
2017-07-06,17.1,0.0,SC
2017-07-07,17.9,1.3,SC
2017-07-08,18.2,0.0,SC
2017-07-09,17.1,0.5,SC
2017-07-10,17.8,0.0,SC
2017-07-11,18.6,0.0,SC
2017-07-12,18.0,0.0,SC
2017-07-13,18.2,0.0,SC
2017-07-14,19.2,0.0,SC
2017-07-15,19.3,0.0,SC
2017-07-16,19.7,0.0,SC
2017-07-17,13.3,8.5,SC
2017-07-18,10.8,1.1,SC
2017-07-19,11.9,0.0,SC
2017-07-20,14.6,0.0,SC
2017-07-21,15.0,0.0,SC
2017-07-22,14.8,0.0,SC
2017-07-23,17.0,0.0,SC
2017-07-24,18.4,0.0,SC
2017-07-25,19.7,0.0,SC
2017-07-26,17.8,0.0,SC
2017-07-27,18.1,0.0,SC
2017-07-28,17.9,0.2,SC
2017-07-29,19.0,0.0,SC
2017-07-30,19.8,0.3,SC
2017-07-31,18.1,0.0,SC
2017-08-01,18.4,0.0,SC
2017-08-02,19.2,0.7,SC
2017-08-03,18.0,28.7,SC
2017-08-04,16.5,0.0,SC
2017-08-05,16.4,0.0,SC
2017-08-06,17.3,0.0,SC
2017-08-07,17.7,0.0,SC
2017-08-08,18.8,0.9,SC
2017-08-09,17.9,0.0,SC
2017-08-10,16.5,0.5,SC
2017-08-11,18.6,0.6,SC
2017-08-12,19.5,0.1,SC
2017-08-13,19.5,4.1,SC
2017-08-14,18.0,0.3,SC
2017-08-15,17.4,0.0,SC
2017-08-16,18.0,0.0,SC
2017-08-17,17.0,0.0,SC
2017-08-18,17.7,0.0,SC
2017-08-19,19.7,0.7,SC
2017-08-20,17.4,28.6,SC
2017-08-21,14.3,0.0,SC
2017-08-22,16.0,0.4,SC
2017-08-23,18.9,1.5,SC
2017-08-24,19.5,0.0,SC
2017-08-25,19.4,0.2,SC
2017-08-26,19.1,0.0,SC
2017-08-27,19.4,0.0,SC
2017-08-28,19.5,0.0,SC
2017-08-29,19.7,0.0,SC
2017-08-30,19.8,0.0,SC
2017-08-31,18.2,0.9,SC
2017-09-01,18.8,0.0,SC
2017-09-02,19.7,0.5,SC
2017-09-03,19.5,0.0,SC
2017-09-04,20.0,0.0,SC
2017-09-05,20.2,0.0,SC
2017-09-06,19.4,0.0,SC
2017-09-07,20.5,0.0,SC
2017-09-08,20.2,0.0,SC
2017-09-09,20.1,0.0,SC
2017-09-10,20.7,0.2,SC
2017-09-11,21.2,0.0,SC
2017-09-12,20.8,0.0,SC
2017-09-13,20.7,0.0,SC
2017-09-14,21.4,0.0,SC
2017-09-15,21.4,0.0,SC
2017-09-16,21.2,0.1,SC
2017-09-17,19.7,0.0,SC
2017-09-18,19.4,0.0,SC
2017-09-19,20.8,0.0,SC
2017-09-20,21.1,0.0,SC
2017-09-21,21.3,0.0,SC
2017-09-22,21.4,0.0,SC
2017-09-23,20.9,0.9,SC
2017-09-24,20.1,0.0,SC
2017-09-25,20.5,0.2,SC
2017-09-26,21.3,0.2,SC
2017-09-27,21.2,0.2,SC
2017-09-28,20.2,2.1,SC
2017-09-29,18.6,16.0,SC
2017-09-30,19.5,65.0,SC
2017-10-01,22.0,0.0,SC
2017-10-02,20.9,17.0,SC
2017-10-03,19.4,2.1,SC
2017-10-04,19.1,0.0,SC
2017-10-05,20.8,0.0,SC
2017-10-06,21.6,5.2,SC
2017-10-07,20.6,1.9,SC
2017-10-08,19.2,20.0,SC
2017-10-09,21.4,0.1,SC
2017-10-10,21.9,0.1,SC
2017-10-11,22.3,0.6,SC
2017-10-12,21.7,0.1,SC
2017-10-13,22.3,0.0,SC
2017-10-14,19.9,5.2,SC
2017-10-15,19.4,0.0,SC
2017-10-16,20.4,0.0,SC
2017-10-17,21.3,0.1,SC
2017-10-18,22.4,0.0,SC
2017-10-19,22.3,3.5,SC
2017-10-20,20.8,0.2,SC
2017-10-21,21.0,10.3,SC
2017-10-22,19.3,1.0,SC
2017-10-23,17.7,0.0,SC
2017-10-24,18.8,0.0,SC
2017-10-25,20.3,7.4,SC
2017-10-26,21.8,2.4,SC
2017-10-27,23.8,1.8,SC
2017-10-28,23.8,0.0,SC
2017-10-29,21.0,0.5,SC
2017-10-30,21.7,1.4,SC
2017-10-31,21.2,0.1,SC
2017-11-01,19.7,0.0,SC
2017-11-02,20.4,0.0,SC
2017-11-03,21.3,0.1,SC
2017-11-04,20.6,14.3,SC
2017-11-05,19.9,0.0,SC
2017-11-06,20.2,0.5,SC
2017-11-07,20.5,2.1,SC
2017-11-08,20.4,3.5,SC
2017-11-09,21.7,1.2,SC
2017-11-10,21.5,20.2,SC
2017-11-11,21.2,0.0,SC
2017-11-12,20.3,0.0,SC
2017-11-13,19.5,0.0,SC
2017-11-14,21.0,0.0,SC
2017-11-15,21.5,0.0,SC
2017-11-16,24.4,1.5,SC
2017-11-17,21.1,3.5,SC
2017-11-18,21.8,22.2,SC
2017-11-19,20.4,0.7,SC
2017-11-20,21.8,0.0,SC
2017-11-21,22.8,1.9,SC
2017-11-22,20.1,0.2,SC
2017-11-23,20.1,0.0,SC
2017-11-24,22.4,0.0,SC
2017-11-25,22.3,6.9,SC
2017-11-26,22.4,3.7,SC
2017-11-27,21.9,0.0,SC
2017-11-28,22.2,0.2,SC
2017-11-29,21.4,4.0,SC
2017-11-30,20.8,8.2,SC
2017-12-01,21.2,4.0,SC
2017-12-02,21.9,3.9,SC
2017-12-03,22.5,0.4,SC
2017-12-04,23.4,17.5,SC
2017-12-05,23.1,0.6,SC
2017-12-06,22.8,3.4,SC
2017-12-07,23.5,1.3,SC
2017-12-08,23.1,0.1,SC
2017-12-09,22.5,0.0,SC
2017-12-10,23.7,0.0,SC
2017-12-11,23.0,0.3,SC
2017-12-12,21.9,0.0,SC
2017-12-13,22.6,0.2,SC
2017-12-14,24.2,0.1,SC
2017-12-15,24.9,0.0,SC
2017-12-16,24.7,0.1,SC
2017-12-17,25.6,0.8,SC
2017-12-18,23.1,0.7,SC
2017-12-19,23.4,0.9,SC
2017-12-20,23.7,15.2,SC
2017-12-21,24.1,6.9,SC
2017-12-22,24.6,0.0,SC
2017-12-23,26.6,4.6,SC
2017-12-24,23.7,23.6,SC
2017-12-25,22.1,0.0,SC
2017-12-26,22.9,0.1,SC
2017-12-27,25.0,3.7,SC
2017-12-28,24.8,1.6,SC
2017-12-29,23.2,16.6,SC
2017-12-30,22.8,63.4,SC
2017-12-31,23.9,3.0,SC
2018-01-01,24.7,0.2,SC
2018-01-02,25.7,7.9,SC
2018-01-03,24.2,5.2,SC
2018-01-04,24.7,0.0,SC
2018-01-05,25.1,0.0,SC
2018-01-06,24.9,3.5,SC
2018-01-07,23.1,3.6,SC
2018-01-08,23.2,0.0,SC
2018-01-09,22.6,10.9,SC
2018-01-10,22.5,37.4,SC
2018-01-11,22.8,48.5,SC
2018-01-12,24.2,5.5,SC
2018-01-13,24.8,6.0,SC
2018-01-14,26.5,3.3,SC
2018-01-15,27.6,0.0,SC
2018-01-16,25.5,3.2,SC
2018-01-17,25.4,9.2,SC
2018-01-18,27.6,3.3,SC
2018-01-19,24.5,1.8,SC
2018-01-20,24.2,0.0,SC
2018-01-21,24.2,7.1,SC
2018-01-22,25.4,1.8,SC
2018-01-23,27.2,0.0,SC
2018-01-24,26.7,3.5,SC
2018-01-25,24.5,1.6,SC
2018-01-26,23.6,0.1,SC
2018-01-27,23.7,1.1,SC
2018-01-28,24.8,0.9,SC
2018-01-29,25.0,1.0,SC
2018-01-30,22.6,0.7,SC
2018-01-31,23.7,2.6,SC
2018-02-01,23.7,1.4,SC
2018-02-02,23.6,0.0,SC
2018-02-03,23.3,0.7,SC
2018-02-04,23.3,0.9,SC
2018-02-05,23.2,2.0,SC
2018-02-06,23.4,0.9,SC
2018-02-07,24.3,1.8,SC
2018-02-08,24.9,0.5,SC
2018-02-09,26.1,0.5,SC
2018-02-10,26.3,9.2,SC
2018-02-11,25.0,36.2,SC
2018-02-12,22.7,46.5,SC
2018-02-13,22.5,0.4,SC
2018-02-14,22.7,0.0,SC
2018-02-15,22.6,0.4,SC
2018-02-16,23.2,0.1,SC
2018-02-17,23.2,0.5,SC
2018-02-18,23.6,0.3,SC
2018-02-19,23.8,9.9,SC
2018-02-20,24.9,9.8,SC
2018-02-21,24.6,2.3,SC
2018-02-22,23.5,1.5,SC
2018-02-23,22.8,0.0,SC
2018-02-24,23.3,2.1,SC
2018-02-25,23.6,2.2,SC
2018-02-26,24.4,0.7,SC
2018-02-27,24.8,0.0,SC
2018-02-28,25.4,3.9,SC
2018-03-01,25.2,14.2,SC
2018-03-02,25.2,5.4,SC
2018-03-03,24.8,0.0,SC
2018-03-04,24.0,10.1,SC
2018-03-05,25.4,2.0,SC
2018-03-06,25.1,0.1,SC
2018-03-07,23.3,0.6,SC
2018-03-08,23.3,0.0,SC
2018-03-09,23.7,0.0,SC
2018-03-10,24.9,5.0,SC
2018-03-11,26.2,0.0,SC
2018-03-12,23.4,4.8,SC
2018-03-13,23.6,0.0,SC
2018-03-14,25.0,5.3,SC
2018-03-15,26.2,0.0,SC
2018-03-16,23.7,0.0,SC
2018-03-17,24.4,0.1,SC
2018-03-18,25.6,0.2,SC
2018-03-19,25.4,0.3,SC
2018-03-20,22.4,8.5,SC
2018-03-21,22.7,0.2,SC
2018-03-22,22.2,0.0,SC
2018-03-23,24.5,3.6,SC
2018-03-24,25.9,2.1,SC
2018-03-25,25.5,2.9,SC
2018-03-26,21.3,19.8,SC
2018-03-27,22.7,10.7,SC
2018-03-28,24.0,13.6,SC
2018-03-29,23.5,24.9,SC
2018-03-30,23.8,6.5,SC
2018-03-31,23.6,14.0,SC
2018-04-01,24.6,1.6,SC
2018-04-02,25.5,0.3,SC
2018-04-03,23.4,0.5,SC
2018-04-04,22.4,3.5,SC
2018-04-05,22.0,4.3,SC
2018-04-06,22.3,1.1,SC
2018-04-07,23.1,0.1,SC
2018-04-08,23.9,0.0,SC
2018-04-09,23.4,0.7,SC
2018-04-10,23.4,2.7,SC
2018-04-11,23.8,0.1,SC
2018-04-12,24.1,0.0,SC
2018-04-13,23.7,1.8,SC
2018-04-14,22.4,2.2,SC
2018-04-15,22.2,1.5,SC
2018-04-16,21.8,1.0,SC
2018-04-17,21.2,1.5,SC
2018-04-18,21.9,0.8,SC
2018-04-19,22.2,0.0,SC
2018-04-20,22.4,0.0,SC
2018-04-21,22.6,0.0,SC
2018-04-22,22.8,0.0,SC
2018-04-23,22.8,0.0,SC
2018-04-24,22.9,0.1,SC
2018-04-25,23.0,0.3,SC
2018-04-26,23.1,0.9,SC
2018-04-27,23.5,0.5,SC
2018-04-28,24.2,0.0,SC
2018-04-29,23.3,0.0,SC
2018-04-30,25.4,0.0,SC
2018-05-01,23.2,3.0,SC
2018-05-02,22.8,1.9,SC
2018-05-03,23.5,2.6,SC
2018-05-04,23.8,0.0,SC
2018-05-05,23.9,0.0,SC
2018-05-06,23.0,5.3,SC
2018-05-07,22.1,2.6,SC
2018-05-08,21.6,2.2,SC
2018-05-09,21.5,1.0,SC
2018-05-10,22.0,0.2,SC
2018-05-11,22.6,0.7,SC
2018-05-12,21.3,0.0,SC
2018-05-13,20.2,0.2,SC
2018-05-14,20.7,0.6,SC
2018-05-15,22.5,0.0,SC
2018-05-16,20.7,0.2,SC
2018-05-17,19.6,0.9,SC
2018-05-18,21.5,0.7,SC
2018-05-19,19.3,16.6,SC
2018-05-20,17.0,2.3,SC
2018-05-21,15.9,0.0,SC
2018-05-22,16.6,0.0,SC
2018-05-23,16.7,0.0,SC
2018-05-24,16.0,0.0,SC
2018-05-25,17.2,0.0,SC
2018-05-26,18.6,0.0,SC
2018-05-27,19.7,0.0,SC
2018-05-28,19.9,0.4,SC
2018-05-29,20.1,2.3,SC
2018-05-30,19.7,1.5,SC
2018-05-31,19.6,0.0,SC
2018-06-01,20.3,0.0,SC
2018-06-02,18.2,3.1,SC
2018-06-03,16.0,0.0,SC
2018-06-04,16.3,1.5,SC
2018-06-05,17.7,10.7,SC
2018-06-06,16.0,0.0,SC
2018-06-07,15.4,0.0,SC
2018-06-08,14.1,0.0,SC
2018-06-09,15.7,0.0,SC
2018-06-10,18.3,0.5,SC
2018-06-11,20.9,0.0,SC
2018-06-12,21.5,6.6,SC
2018-06-13,17.6,0.0,SC
2018-06-14,14.2,0.0,SC
2018-06-15,13.5,0.2,SC
2018-06-16,13.1,0.0,SC
2018-06-17,14.3,0.2,SC
2018-06-18,16.1,0.6,SC
2018-06-19,17.6,0.0,SC
2018-06-20,16.9,0.0,SC
2018-06-21,18.2,0.0,SC
2018-06-22,17.0,0.0,SC
2018-06-23,18.1,0.0,SC
2018-06-24,16.4,0.4,SC
2018-06-25,18.0,2.7,SC
2018-06-26,16.3,8.6,SC
2018-06-27,17.0,4.7,SC
2018-06-28,17.7,0.0,SC
2018-06-29,18.8,0.1,SC
2018-06-30,18.1,2.1,SC
2018-07-01,17.8,0.0,SC
2018-07-02,19.2,0.2,SC
2018-07-03,15.3,0.1,SC
2018-07-04,13.0,7.4,SC
2018-07-05,15.9,0.0,SC
2018-07-06,16.7,0.0,SC
2018-07-07,19.2,0.2,SC
2018-07-08,18.2,0.0,SC
2018-07-09,16.7,0.0,SC
2018-07-10,14.9,0.2,SC
2018-07-11,14.1,0.0,SC
2018-07-12,13.8,0.0,SC
2018-07-13,14.1,0.0,SC
2018-07-14,15.3,0.0,SC
2018-07-15,18.5,0.0,SC
2018-07-16,19.0,3.3,SC
2018-07-17,19.3,2.8,SC
2018-07-18,18.7,0.0,SC
2018-07-19,18.4,0.0,SC
2018-07-20,19.4,0.0,SC
2018-07-21,15.4,0.6,SC
2018-07-22,15.5,0.0,SC
2018-07-23,17.7,0.0,SC
2018-07-24,16.1,4.5,SC
2018-07-25,16.2,36.8,SC
2018-07-26,17.3,0.0,SC
2018-07-27,17.9,0.0,SC
2018-07-28,17.9,0.0,SC
2018-07-29,17.3,12.3,SC
2018-07-30,15.9,0.0,SC
2018-07-31,15.0,1.0,SC
2018-08-01,14.2,0.0,SC
2018-08-02,14.8,5.1,SC
2018-08-03,16.4,8.8,SC
2018-08-04,16.6,0.0,SC
2018-08-05,15.9,0.0,SC
2018-08-06,14.6,0.0,SC
2018-08-07,14.9,0.0,SC
2018-08-08,16.2,0.5,SC
2018-08-09,16.2,2.1,SC
2018-08-10,14.3,0.0,SC
2018-08-11,15.3,0.0,SC
2018-08-12,15.1,0.0,SC
2018-08-13,16.1,0.1,SC
2018-08-14,16.5,0.0,SC
2018-08-15,16.4,0.0,SC
2018-08-16,15.9,0.0,SC
2018-08-17,16.4,0.0,SC
2018-08-18,16.6,0.1,SC
2018-08-19,18.0,0.0,SC
2018-08-20,15.8,2.4,SC
2018-08-21,12.8,16.0,SC
2018-08-22,14.7,12.9,SC
2018-08-23,15.8,2.1,SC
2018-08-24,18.0,3.1,SC
2018-08-25,17.3,8.8,SC
2018-08-26,11.7,0.0,SC
2018-08-27,12.4,0.0,SC
2018-08-28,16.3,0.0,SC
2018-08-29,18.2,0.0,SC
2018-08-30,18.4,0.0,SC
2018-08-31,18.3,2.7,SC
2018-09-01,18.4,16.5,SC
2018-09-02,18.6,23.0,SC
2018-09-03,17.2,33.1,SC
2018-09-04,17.3,7.3,SC
2018-09-05,15.5,0.0,SC
2018-09-06,15.7,0.0,SC
2018-09-07,16.8,0.0,SC
2018-09-08,17.1,0.0,SC
2018-09-09,17.9,0.0,SC
2018-09-10,17.7,6.7,SC
2018-09-11,17.0,6.3,SC
2018-09-12,17.4,11.8,SC
2018-09-13,18.5,1.6,SC
2018-09-14,18.4,11.1,SC
2018-09-15,18.2,10.6,SC
2018-09-16,18.6,3.1,SC
2018-09-17,18.5,5.6,SC
2018-09-18,19.7,0.1,SC
2018-09-19,19.9,0.0,SC
2018-09-20,20.4,6.1,SC
2018-09-21,21.1,0.1,SC
2018-09-22,21.0,0.0,SC
2018-09-23,21.8,0.0,SC
2018-09-24,21.7,0.1,SC
2018-09-25,21.1,2.3,SC
2018-09-26,21.5,7.8,SC
2018-09-27,21.3,3.5,SC
2018-09-28,21.5,3.4,SC
2018-09-29,21.8,1.8,SC
2018-09-30,22.5,0.1,SC
2018-10-01,23.5,0.0,SC
2018-10-02,21.2,32.8,SC
2018-10-03,20.3,19.0,SC
2018-10-04,19.4,3.8,SC
2018-10-05,18.3,0.0,SC
2018-10-06,18.2,0.1,SC
2018-10-07,19.2,2.0,SC
2018-10-08,20.8,8.4,SC
2018-10-09,22.7,0.0,SC
2018-10-10,21.5,0.4,SC
2018-10-11,20.0,2.3,SC
2018-10-12,20.6,0.2,SC
2018-10-13,20.3,20.8,SC
2018-10-14,18.5,5.6,SC
2018-10-15,19.2,1.1,SC
2018-10-16,19.8,5.2,SC
2018-10-17,21.8,3.8,SC
2018-10-18,23.5,1.9,SC
2018-10-19,21.5,0.0,SC
2018-10-20,19.0,0.4,SC
2018-10-21,19.0,1.0,SC
2018-10-22,20.7,0.0,SC
2018-10-23,20.9,3.6,SC
2018-10-24,20.0,2.1,SC
2018-10-25,19.8,8.3,SC
2018-10-26,20.9,20.7,SC
2018-10-27,22.2,2.8,SC
2018-10-28,19.1,0.2,SC
2018-10-29,19.8,1.4,SC
2018-10-30,21.4,0.2,SC
2018-10-31,21.0,12.2,SC
2016-09-01,16.8,0.0,SP
2016-09-02,17.5,0.0,SP
2016-09-03,19.3,1.0,SP
2016-09-04,20.2,0.3,SP
2016-09-05,19.0,0.4,SP
2016-09-06,19.0,18.7,SP
2016-09-07,17.8,1.3,SP
2016-09-08,15.9,0.1,SP
2016-09-09,15.8,0.0,SP
2016-09-10,18.2,0.0,SP
2016-09-11,20.0,0.0,SP
2016-09-12,22.6,0.0,SP
2016-09-13,24.4,0.0,SP
2016-09-14,21.9,0.0,SP
2016-09-15,16.1,0.0,SP
2016-09-16,15.0,0.2,SP
2016-09-17,18.9,0.1,SP
2016-09-18,22.1,0.0,SP
2016-09-19,19.8,1.8,SP
2016-09-20,14.3,1.7,SP
2016-09-21,14.4,0.0,SP
2016-09-22,16.1,0.0,SP
2016-09-23,18.3,0.0,SP
2016-09-24,16.9,0.0,SP
2016-09-25,15.2,3.2,SP
2016-09-26,14.8,0.0,SP
2016-09-27,15.0,0.0,SP
2016-09-28,17.1,0.0,SP
2016-09-29,17.4,0.0,SP
2016-09-30,15.4,0.0,SP
2016-10-01,15.1,0.0,SP
2016-10-02,16.8,0.0,SP
2016-10-03,16.8,22.8,SP
2016-10-04,17.2,6.1,SP
2016-10-05,16.1,0.0,SP
2016-10-06,16.7,8.0,SP
2016-10-07,15.1,1.1,SP
2016-10-08,17.9,0.0,SP
2016-10-09,17.3,0.0,SP
2016-10-10,16.5,0.0,SP
2016-10-11,17.9,1.5,SP
2016-10-12,20.0,1.0,SP
2016-10-13,22.5,16.6,SP
2016-10-14,21.8,15.6,SP
2016-10-15,21.3,5.3,SP
2016-10-16,24.4,0.0,SP
2016-10-17,25.5,0.1,SP
2016-10-18,24.3,0.2,SP
2016-10-19,25.4,0.1,SP
2016-10-20,25.3,11.2,SP
2016-10-21,20.2,3.3,SP
2016-10-22,17.7,0.0,SP
2016-10-23,19.5,0.0,SP
2016-10-24,21.0,18.8,SP
2016-10-25,20.2,23.5,SP
2016-10-26,22.4,3.2,SP
2016-10-27,22.1,7.9,SP
2016-10-28,16.2,0.0,SP
2016-10-29,14.8,0.0,SP
2016-10-30,16.6,0.0,SP
2016-10-31,19.6,1.5,SP
2016-11-01,22.6,0.3,SP
2016-11-02,23.6,1.8,SP
2016-11-03,18.6,30.9,SP
2016-11-04,17.1,1.5,SP
2016-11-05,17.2,0.0,SP
2016-11-06,19.2,5.5,SP
2016-11-07,19.8,5.4,SP
2016-11-08,20.3,0.8,SP
2016-11-09,22.1,19.0,SP
2016-11-10,22.7,1.7,SP
2016-11-11,23.0,4.8,SP
2016-11-12,18.2,25.4,SP
2016-11-13,17.6,18.7,SP
2016-11-14,18.3,12.1,SP
2016-11-15,19.3,0.9,SP
2016-11-16,21.1,6.5,SP
2016-11-17,21.5,1.5,SP
2016-11-18,16.4,5.5,SP
2016-11-19,14.9,0.0,SP
2016-11-20,15.8,0.0,SP
2016-11-21,19.2,0.0,SP
2016-11-22,19.4,0.6,SP
2016-11-23,19.3,20.7,SP
2016-11-24,20.1,1.0,SP
2016-11-25,20.5,0.3,SP
2016-11-26,21.6,0.5,SP
2016-11-27,23.3,0.4,SP
2016-11-28,24.5,8.6,SP
2016-11-29,20.5,15.5,SP
2016-11-30,16.2,0.1,SP
2016-12-01,17.0,0.1,SP
2016-12-02,19.8,0.4,SP
2016-12-03,22.3,12.8,SP
2016-12-04,21.4,3.3,SP
2016-12-05,19.0,0.5,SP
2016-12-06,20.9,0.0,SP
2016-12-07,23.3,0.0,SP
2016-12-08,23.8,6.3,SP
2016-12-09,22.1,7.3,SP
2016-12-10,23.4,5.2,SP
2016-12-11,22.9,3.5,SP
2016-12-12,21.7,18.1,SP
2016-12-13,24.1,1.4,SP
2016-12-14,21.1,3.5,SP
2016-12-15,16.6,0.0,SP
2016-12-16,17.4,0.0,SP
2016-12-17,19.8,0.0,SP
2016-12-18,21.1,2.4,SP
2016-12-19,22.5,11.4,SP
2016-12-20,22.9,7.0,SP
2016-12-21,23.0,6.1,SP
2016-12-22,23.7,3.9,SP
2016-12-23,24.7,0.9,SP
2016-12-24,24.7,2.0,SP
2016-12-25,23.5,3.8,SP
2016-12-26,26.0,0.0,SP
2016-12-27,27.0,0.0,SP
2016-12-28,25.9,3.3,SP
2016-12-29,25.3,0.0,SP
2016-12-30,25.8,0.0,SP
2016-12-31,25.7,4.7,SP
2017-01-01,24.8,2.0,SP
2017-01-02,23.9,5.1,SP
2017-01-03,23.1,5.0,SP
2017-01-04,23.5,7.3,SP
2017-01-05,24.7,3.0,SP
2017-01-06,23.0,2.7,SP
2017-01-07,22.7,8.5,SP
2017-01-08,24.1,3.3,SP
2017-01-09,24.0,8.0,SP
2017-01-10,23.9,5.2,SP
2017-01-11,22.8,10.8,SP
2017-01-12,20.8,39.8,SP
2017-01-13,21.4,4.7,SP
2017-01-14,22.3,0.6,SP
2017-01-15,22.9,6.5,SP
2017-01-16,22.4,21.0,SP
2017-01-17,21.5,24.5,SP
2017-01-18,21.2,22.0,SP
2017-01-19,20.6,24.0,SP
2017-01-20,19.7,13.0,SP
2017-01-21,19.3,34.1,SP
2017-01-22,19.4,18.2,SP
2017-01-23,20.9,10.8,SP
2017-01-24,22.3,13.6,SP
2017-01-25,23.2,6.4,SP
2017-01-26,21.6,19.8,SP
2017-01-27,21.4,11.8,SP
2017-01-28,21.9,3.2,SP
2017-01-29,22.5,1.0,SP
2017-01-30,22.3,3.7,SP
2017-01-31,21.6,4.7,SP
2017-02-01,20.6,12.1,SP
2017-02-02,21.1,10.2,SP
2017-02-03,22.0,2.7,SP
2017-02-04,22.3,10.1,SP
2017-02-05,23.3,3.0,SP
2017-02-06,23.6,1.0,SP
2017-02-07,22.0,2.0,SP
2017-02-08,21.8,0.8,SP
2017-02-09,20.9,0.0,SP
2017-02-10,21.5,1.0,SP
2017-02-11,23.3,0.1,SP
2017-02-12,24.2,0.8,SP
2017-02-13,24.0,0.2,SP
2017-02-14,23.8,0.0,SP
2017-02-15,23.9,0.0,SP
2017-02-16,23.3,0.7,SP
2017-02-17,23.9,0.0,SP
2017-02-18,24.0,0.0,SP
2017-02-19,24.3,0.0,SP
2017-02-20,23.7,0.2,SP
2017-02-21,23.1,0.5,SP
2017-02-22,24.2,0.0,SP
2017-02-23,24.7,4.3,SP
2017-02-24,23.9,2.6,SP
2017-02-25,21.0,5.5,SP
2017-02-26,21.2,1.5,SP
2017-02-27,21.6,0.9,SP
2017-02-28,23.0,6.1,SP
2017-03-01,23.5,4.7,SP
2017-03-02,23.0,12.3,SP
2017-03-03,22.3,34.7,SP
2017-03-04,22.5,5.8,SP
2017-03-05,22.4,4.5,SP
2017-03-06,21.8,22.1,SP
2017-03-07,22.3,12.7,SP
2017-03-08,21.7,8.2,SP
2017-03-09,22.7,2.3,SP
2017-03-10,24.6,0.0,SP
2017-03-11,23.0,2.2,SP
2017-03-12,24.5,0.0,SP
2017-03-13,21.4,6.8,SP
2017-03-14,21.1,2.9,SP
2017-03-15,21.7,3.2,SP
2017-03-16,23.2,0.0,SP
2017-03-17,21.9,10.4,SP
2017-03-18,19.1,6.5,SP
2017-03-19,17.6,2.5,SP
2017-03-20,18.1,1.7,SP
2017-03-21,18.2,0.6,SP
2017-03-22,19.2,0.2,SP
2017-03-23,19.2,1.1,SP
2017-03-24,20.4,0.0,SP
2017-03-25,19.8,2.0,SP
2017-03-26,19.3,0.0,SP
2017-03-27,19.1,1.1,SP
2017-03-28,18.8,3.1,SP
2017-03-29,18.1,0.3,SP
2017-03-30,17.9,1.1,SP
2017-03-31,17.0,0.4,SP
2017-04-01,17.1,1.1,SP
2017-04-02,18.1,1.5,SP
2017-04-03,19.5,0.2,SP
2017-04-04,20.8,0.0,SP
2017-04-05,23.0,0.1,SP
2017-04-06,21.7,8.2,SP
2017-04-07,19.9,12.1,SP
2017-04-08,20.8,0.9,SP
2017-04-09,21.2,1.6,SP
2017-04-10,22.0,1.7,SP
2017-04-11,23.1,0.0,SP
2017-04-12,19.1,3.4,SP
2017-04-13,17.6,1.5,SP
2017-04-14,18.5,0.0,SP
2017-04-15,19.5,0.0,SP
2017-04-16,21.4,0.0,SP
2017-04-17,18.8,1.5,SP
2017-04-18,17.3,0.0,SP
2017-04-19,16.7,0.0,SP
2017-04-20,19.3,0.3,SP
2017-04-21,20.3,17.9,SP
2017-04-22,17.8,4.8,SP
2017-04-23,17.2,1.3,SP
2017-04-24,18.4,0.0,SP
2017-04-25,21.0,0.1,SP
2017-04-26,20.6,11.9,SP
2017-04-27,16.8,8.0,SP
2017-04-28,14.2,1.0,SP
2017-04-29,15.5,1.2,SP
2017-04-30,16.6,0.4,SP
2017-05-01,16.9,0.0,SP
2017-05-02,17.1,0.1,SP
2017-05-03,17.5,0.0,SP
2017-05-04,18.8,0.4,SP
2017-05-05,18.4,16.5,SP
2017-05-06,17.0,1.3,SP
2017-05-07,17.6,0.5,SP
2017-05-08,17.4,0.1,SP
2017-05-09,18.6,0.0,SP
2017-05-10,17.9,0.1,SP
2017-05-11,16.6,2.4,SP
2017-05-12,16.3,0.0,SP
2017-05-13,19.2,0.0,SP
2017-05-14,20.4,0.8,SP
2017-05-15,17.2,0.0,SP
2017-05-16,16.2,0.0,SP
2017-05-17,16.5,0.1,SP
2017-05-18,16.8,14.1,SP
2017-05-19,16.4,18.5,SP
2017-05-20,17.7,0.6,SP
2017-05-21,18.1,22.9,SP
2017-05-22,17.3,7.1,SP
2017-05-23,16.3,0.0,SP
2017-05-24,17.3,1.9,SP
2017-05-25,19.2,0.0,SP
2017-05-26,20.5,0.0,SP
2017-05-27,18.8,0.0,SP
2017-05-28,18.6,0.1,SP
2017-05-29,18.8,0.0,SP
2017-05-30,17.7,0.9,SP
2017-05-31,18.6,0.0,SP
2017-06-01,17.5,0.9,SP
2017-06-02,14.5,0.0,SP
2017-06-03,16.1,0.0,SP
2017-06-04,19.0,0.0,SP
2017-06-05,18.7,10.8,SP
2017-06-06,19.2,7.9,SP
2017-06-07,21.1,0.0,SP
2017-06-08,21.3,0.0,SP
2017-06-09,18.0,0.4,SP
2017-06-10,12.3,0.0,SP
2017-06-11,12.2,0.0,SP
2017-06-12,15.0,0.1,SP
2017-06-13,15.4,9.2,SP
2017-06-14,15.3,0.8,SP
2017-06-15,16.3,0.0,SP
2017-06-16,16.1,0.0,SP
2017-06-17,16.7,0.0,SP
2017-06-18,17.1,0.0,SP
2017-06-19,16.7,0.6,SP
2017-06-20,14.5,1.0,SP
2017-06-21,15.6,0.6,SP
2017-06-22,16.3,0.0,SP
2017-06-23,15.8,0.0,SP
2017-06-24,16.1,0.0,SP
2017-06-25,15.8,0.0,SP
2017-06-26,15.3,0.0,SP
2017-06-27,15.6,0.0,SP
2017-06-28,16.7,0.0,SP
2017-06-29,17.2,0.0,SP
2017-06-30,16.9,0.0,SP
2017-07-01,15.1,0.8,SP
2017-07-02,12.5,0.3,SP
2017-07-03,11.9,0.5,SP
2017-07-04,11.2,0.0,SP
2017-07-05,12.1,0.0,SP
2017-07-06,13.0,0.0,SP
2017-07-07,14.1,0.0,SP
2017-07-08,15.0,0.0,SP
2017-07-09,15.6,0.0,SP
2017-07-10,15.8,0.1,SP
2017-07-11,16.2,0.0,SP
2017-07-12,14.7,0.0,SP
2017-07-13,15.5,0.0,SP
2017-07-14,16.3,0.0,SP
2017-07-15,16.8,0.0,SP
2017-07-16,17.7,0.0,SP
2017-07-17,18.2,0.2,SP
2017-07-18,10.8,3.0,SP
2017-07-19,10.3,0.1,SP
2017-07-20,14.6,0.2,SP
2017-07-21,16.7,0.0,SP
2017-07-22,15.1,0.0,SP
2017-07-23,17.2,0.0,SP
2017-07-24,16.7,0.0,SP
2017-07-25,17.0,0.0,SP
2017-07-26,16.6,0.0,SP
2017-07-27,15.5,0.0,SP
2017-07-28,14.7,0.0,SP
2017-07-29,16.0,0.0,SP
2017-07-30,16.1,0.0,SP
2017-07-31,15.9,0.0,SP
2017-08-01,15.2,0.0,SP
2017-08-02,17.3,0.0,SP
2017-08-03,18.0,0.6,SP
2017-08-04,13.8,0.6,SP
2017-08-05,13.3,1.8,SP
2017-08-06,13.4,0.0,SP
2017-08-07,15.6,0.0,SP
2017-08-08,18.7,0.0,SP
2017-08-09,21.6,0.0,SP
2017-08-10,15.8,0.0,SP
2017-08-11,15.6,0.0,SP
2017-08-12,17.5,0.0,SP
2017-08-13,21.3,0.0,SP
2017-08-14,18.7,0.1,SP
2017-08-15,14.5,3.4,SP
2017-08-16,15.2,4.2,SP
2017-08-17,14.5,6.9,SP
2017-08-18,15.6,4.0,SP
2017-08-19,16.2,4.2,SP
2017-08-20,16.6,8.6,SP
2017-08-21,12.0,3.0,SP
2017-08-22,13.0,0.0,SP
2017-08-23,15.4,0.0,SP
2017-08-24,15.2,0.0,SP
2017-08-25,15.7,0.0,SP
2017-08-26,17.0,0.0,SP
2017-08-27,17.2,0.0,SP
2017-08-28,16.0,0.0,SP
2017-08-29,17.2,0.0,SP
2017-08-30,20.5,0.0,SP
2017-08-31,15.9,0.0,SP
2017-09-01,16.0,0.0,SP
2017-09-02,16.0,0.0,SP
2017-09-03,16.5,0.0,SP
2017-09-04,18.2,0.0,SP
2017-09-05,19.1,0.0,SP
2017-09-06,17.9,0.0,SP
2017-09-07,18.6,0.0,SP
2017-09-08,20.0,0.0,SP
2017-09-09,20.8,0.0,SP
2017-09-10,21.4,0.0,SP
2017-09-11,22.8,0.0,SP
2017-09-12,21.5,0.0,SP
2017-09-13,21.4,0.0,SP
2017-09-14,23.9,0.0,SP
2017-09-15,23.1,0.0,SP
2017-09-16,20.7,0.0,SP
2017-09-17,21.3,0.0,SP
2017-09-18,19.7,0.2,SP
2017-09-19,19.7,0.0,SP
2017-09-20,18.8,0.0,SP
2017-09-21,20.9,0.0,SP
2017-09-22,22.6,0.0,SP
2017-09-23,21.4,0.2,SP
2017-09-24,19.2,0.5,SP
2017-09-25,18.3,0.0,SP
2017-09-26,18.2,0.0,SP
2017-09-27,21.0,0.1,SP
2017-09-28,19.9,0.7,SP
2017-09-29,18.1,8.3,SP
2017-09-30,18.1,22.0,SP
2017-10-01,19.2,0.3,SP
2017-10-02,19.9,5.0,SP
2017-10-03,17.4,2.2,SP
2017-10-04,16.3,0.0,SP
2017-10-05,20.0,0.1,SP
2017-10-06,23.0,1.5,SP
2017-10-07,18.3,9.4,SP
2017-10-08,20.1,4.7,SP
2017-10-09,22.0,2.7,SP
2017-10-10,23.0,2.4,SP
2017-10-11,23.8,0.3,SP
2017-10-12,24.0,1.6,SP
2017-10-13,25.1,0.2,SP
2017-10-14,22.2,1.9,SP
2017-10-15,17.1,0.2,SP
2017-10-16,17.6,0.0,SP
2017-10-17,19.9,0.0,SP
2017-10-18,23.6,0.0,SP
2017-10-19,25.1,0.0,SP
2017-10-20,20.5,2.7,SP
2017-10-21,22.1,1.1,SP
2017-10-22,20.2,12.6,SP
2017-10-23,15.7,1.6,SP
2017-10-24,16.4,0.4,SP
2017-10-25,19.8,0.5,SP
2017-10-26,21.5,1.4,SP
2017-10-27,20.9,7.3,SP
2017-10-28,21.6,0.4,SP
2017-10-29,20.4,3.4,SP
2017-10-30,19.5,5.1,SP
2017-10-31,18.5,2.4,SP
2017-11-01,16.1,0.3,SP
2017-11-02,16.7,0.0,SP
2017-11-03,20.6,0.0,SP
2017-11-04,22.8,4.3,SP
2017-11-05,18.4,2.7,SP
2017-11-06,16.4,0.6,SP
2017-11-07,16.6,0.0,SP
2017-11-08,18.4,0.0,SP
2017-11-09,19.7,18.5,SP
2017-11-10,21.8,9.2,SP
2017-11-11,18.0,6.1,SP
2017-11-12,18.9,0.0,SP
2017-11-13,17.6,0.0,SP
2017-11-14,17.6,0.0,SP
2017-11-15,21.5,0.0,SP
2017-11-16,22.9,0.8,SP
2017-11-17,22.0,2.4,SP
2017-11-18,21.6,14.2,SP
2017-11-19,20.4,10.1,SP
2017-11-20,19.2,2.5,SP
2017-11-21,21.4,4.2,SP
2017-11-22,19.3,2.1,SP
2017-11-23,17.1,0.6,SP
2017-11-24,19.4,0.2,SP
2017-11-25,21.4,0.1,SP
2017-11-26,21.6,10.5,SP
2017-11-27,21.2,12.9,SP
2017-11-28,19.4,0.4,SP
2017-11-29,18.2,0.1,SP
2017-11-30,17.7,0.3,SP
2017-12-01,18.6,14.0,SP
2017-12-02,19.0,0.9,SP
2017-12-03,20.6,0.7,SP
2017-12-04,21.5,0.1,SP
2017-12-05,21.4,0.8,SP
2017-12-06,21.0,1.1,SP
2017-12-07,21.3,9.8,SP
2017-12-08,21.1,9.0,SP
2017-12-09,20.3,2.2,SP
2017-12-10,20.9,0.6,SP
2017-12-11,20.9,6.0,SP
2017-12-12,17.5,0.9,SP
2017-12-13,18.5,0.0,SP
2017-12-14,21.1,0.0,SP
2017-12-15,21.9,0.0,SP
2017-12-16,22.8,0.0,SP
2017-12-17,24.1,3.4,SP
2017-12-18,22.3,4.2,SP
2017-12-19,21.9,2.3,SP
2017-12-20,22.5,4.1,SP
2017-12-21,20.1,10.0,SP
2017-12-22,20.9,6.2,SP
2017-12-23,22.8,0.0,SP
2017-12-24,23.6,0.1,SP
2017-12-25,21.6,7.8,SP
2017-12-26,22.0,9.7,SP
2017-12-27,22.2,9.3,SP
2017-12-28,21.1,10.6,SP
2017-12-29,21.0,13.6,SP
2017-12-30,21.4,22.4,SP
2017-12-31,21.1,13.4,SP
2018-01-01,22.5,1.6,SP
2018-01-02,22.2,1.1,SP
2018-01-03,21.2,3.4,SP
2018-01-04,20.9,0.0,SP
2018-01-05,20.3,3.0,SP
2018-01-06,21.3,9.4,SP
2018-01-07,18.2,12.0,SP
2018-01-08,18.8,25.5,SP
2018-01-09,19.5,11.7,SP
2018-01-10,21.5,0.6,SP
2018-01-11,21.8,5.3,SP
2018-01-12,20.9,1.3,SP
2018-01-13,20.9,2.3,SP
2018-01-14,22.8,11.2,SP
2018-01-15,22.8,7.2,SP
2018-01-16,22.3,12.3,SP
2018-01-17,22.8,6.0,SP
2018-01-18,23.9,7.5,SP
2018-01-19,22.5,8.6,SP
2018-01-20,21.7,13.2,SP
2018-01-21,22.2,4.3,SP
2018-01-22,23.7,3.9,SP
2018-01-23,24.3,1.6,SP
2018-01-24,23.2,23.4,SP
2018-01-25,22.2,3.5,SP
2018-01-26,20.3,1.6,SP
2018-01-27,19.8,0.3,SP
2018-01-28,22.1,7.0,SP
2018-01-29,22.3,14.5,SP
2018-01-30,19.0,8.5,SP
2018-01-31,19.5,0.8,SP
2018-02-01,19.8,0.4,SP
2018-02-02,20.3,0.4,SP
2018-02-03,19.7,1.2,SP
2018-02-04,18.4,0.5,SP
2018-02-05,19.3,0.7,SP
2018-02-06,19.4,2.3,SP
2018-02-07,20.4,0.1,SP
2018-02-08,21.5,0.0,SP
2018-02-09,23.4,0.0,SP
2018-02-10,23.7,4.0,SP
2018-02-11,23.8,0.6,SP
2018-02-12,23.5,4.2,SP
2018-02-13,19.0,3.2,SP
2018-02-14,18.7,7.0,SP
2018-02-15,19.5,2.5,SP
2018-02-16,19.4,0.9,SP
2018-02-17,19.6,1.7,SP
2018-02-18,20.5,5.0,SP
2018-02-19,21.5,1.9,SP
2018-02-20,22.4,1.1,SP
2018-02-21,22.9,1.5,SP
2018-02-22,22.1,1.3,SP
2018-02-23,20.5,4.6,SP
2018-02-24,19.7,1.2,SP
2018-02-25,19.6,0.6,SP
2018-02-26,20.2,15.9,SP
2018-02-27,21.2,2.3,SP
2018-02-28,21.9,0.1,SP
2018-03-01,22.4,3.6,SP
2018-03-02,22.9,1.8,SP
2018-03-03,21.9,1.6,SP
2018-03-04,22.0,8.1,SP
2018-03-05,22.7,3.1,SP
2018-03-06,22.4,1.5,SP
2018-03-07,22.0,12.8,SP
2018-03-08,20.7,1.3,SP
2018-03-09,20.5,0.8,SP
2018-03-10,20.7,17.6,SP
2018-03-11,21.9,0.0,SP
2018-03-12,22.9,0.0,SP
2018-03-13,22.8,1.8,SP
2018-03-14,23.5,14.0,SP
2018-03-15,23.6,3.8,SP
2018-03-16,23.8,0.8,SP
2018-03-17,22.3,1.5,SP
2018-03-18,21.6,0.0,SP
2018-03-19,24.2,0.1,SP
2018-03-20,23.3,4.5,SP
2018-03-21,21.5,2.4,SP
2018-03-22,20.4,1.6,SP
2018-03-23,22.2,0.6,SP
2018-03-24,22.6,1.7,SP
2018-03-25,23.7,0.0,SP
2018-03-26,21.6,1.7,SP
2018-03-27,21.2,6.7,SP
2018-03-28,21.3,11.8,SP
2018-03-29,21.2,2.3,SP
2018-03-30,21.1,2.7,SP
2018-03-31,21.5,6.6,SP
2018-04-01,21.8,6.4,SP
2018-04-02,21.6,1.3,SP
2018-04-03,20.8,4.6,SP
2018-04-04,19.8,0.6,SP
2018-04-05,20.2,0.5,SP
2018-04-06,19.8,2.8,SP
2018-04-07,20.1,0.6,SP
2018-04-08,20.1,0.2,SP
2018-04-09,19.9,0.8,SP
2018-04-10,20.0,0.1,SP
2018-04-11,19.7,0.0,SP
2018-04-12,20.5,0.1,SP
2018-04-13,21.5,0.0,SP
2018-04-14,20.5,1.5,SP
2018-04-15,18.4,1.1,SP
2018-04-16,17.5,0.7,SP
2018-04-17,17.1,0.4,SP
2018-04-18,16.8,0.0,SP
2018-04-19,17.0,0.0,SP
2018-04-20,16.8,0.0,SP
2018-04-21,16.8,0.0,SP
2018-04-22,18.5,0.3,SP
2018-04-23,19.1,0.2,SP
2018-04-24,19.2,0.6,SP
2018-04-25,19.8,0.3,SP
2018-04-26,20.4,0.0,SP
2018-04-27,21.0,0.1,SP
2018-04-28,20.9,1.0,SP
2018-04-29,20.6,0.1,SP
2018-04-30,21.4,0.0,SP
2018-05-01,20.1,0.4,SP
2018-05-02,20.0,0.7,SP
2018-05-03,21.0,0.2,SP
2018-05-04,21.4,0.0,SP
2018-05-05,20.8,0.0,SP
2018-05-06,19.8,1.6,SP
2018-05-07,19.1,1.8,SP
2018-05-08,18.2,0.6,SP
2018-05-09,18.1,0.0,SP
2018-05-10,18.7,0.0,SP
2018-05-11,19.5,0.0,SP
2018-05-12,19.5,0.8,SP
2018-05-13,17.6,0.1,SP
2018-05-14,18.1,0.0,SP
2018-05-15,18.6,0.6,SP
2018-05-16,19.8,2.3,SP
2018-05-17,18.6,0.5,SP
2018-05-18,19.9,1.8,SP
2018-05-19,18.8,14.1,SP
2018-05-20,12.5,0.0,SP
2018-05-21,12.5,0.0,SP
2018-05-22,14.4,0.0,SP
2018-05-23,14.6,0.0,SP
2018-05-24,15.3,0.0,SP
2018-05-25,16.2,0.2,SP
2018-05-26,16.6,1.1,SP
2018-05-27,16.5,0.0,SP
2018-05-28,15.7,0.0,SP
2018-05-29,15.9,0.0,SP
2018-05-30,16.2,0.0,SP
2018-05-31,17.1,0.0,SP
2018-06-01,18.0,0.0,SP
2018-06-02,19.6,0.0,SP
2018-06-03,15.7,1.7,SP
2018-06-04,14.4,0.4,SP
2018-06-05,15.6,0.6,SP
2018-06-06,16.7,2.6,SP
2018-06-07,17.4,27.8,SP
2018-06-08,15.6,1.7,SP
2018-06-09,16.1,0.0,SP
2018-06-10,19.1,0.0,SP
2018-06-11,20.2,0.0,SP
2018-06-12,21.6,0.5,SP
2018-06-13,19.7,14.7,SP
2018-06-14,14.7,6.9,SP
2018-06-15,14.0,1.1,SP
2018-06-16,13.7,0.6,SP
2018-06-17,14.5,0.1,SP
2018-06-18,15.6,0.1,SP
2018-06-19,16.5,0.0,SP
2018-06-20,17.3,0.0,SP
2018-06-21,17.6,0.0,SP
2018-06-22,17.2,0.0,SP
2018-06-23,18.7,0.0,SP
2018-06-24,19.4,0.0,SP
2018-06-25,18.9,0.0,SP
2018-06-26,19.6,0.0,SP
2018-06-27,17.0,0.0,SP
2018-06-28,18.3,0.0,SP
2018-06-29,18.1,0.0,SP
2018-06-30,18.3,0.0,SP
2018-07-01,17.3,0.0,SP
2018-07-02,18.7,0.0,SP
2018-07-03,17.1,0.4,SP
2018-07-04,17.2,0.0,SP
2018-07-05,19.1,0.0,SP
2018-07-06,18.8,0.0,SP
2018-07-07,17.9,0.0,SP
2018-07-08,19.0,0.0,SP
2018-07-09,16.2,2.0,SP
2018-07-10,11.5,1.0,SP
2018-07-11,10.8,0.9,SP
2018-07-12,11.2,0.0,SP
2018-07-13,13.4,0.0,SP
2018-07-14,16.5,0.0,SP
2018-07-15,17.6,0.0,SP
2018-07-16,18.5,0.0,SP
2018-07-17,17.4,0.0,SP
2018-07-18,18.6,0.0,SP
2018-07-19,19.4,0.0,SP
2018-07-20,20.1,0.0,SP
2018-07-21,18.2,0.1,SP
2018-07-22,16.6,0.1,SP
2018-07-23,17.7,0.0,SP
2018-07-24,15.6,0.0,SP
2018-07-25,16.9,0.1,SP
2018-07-26,17.9,0.0,SP
2018-07-27,18.6,0.0,SP
2018-07-28,19.5,0.0,SP
2018-07-29,20.8,0.0,SP
2018-07-30,17.9,6.7,SP
2018-07-31,14.7,8.3,SP
2018-08-01,12.7,5.4,SP
2018-08-02,14.3,3.7,SP
2018-08-03,14.2,25.5,SP
2018-08-04,15.6,0.1,SP
2018-08-05,15.8,0.9,SP
2018-08-06,13.0,9.7,SP
2018-08-07,13.3,0.0,SP
2018-08-08,17.2,0.9,SP
2018-08-09,18.5,4.9,SP
2018-08-10,13.2,0.0,SP
2018-08-11,12.6,0.0,SP
2018-08-12,11.9,0.0,SP
2018-08-13,12.6,0.0,SP
2018-08-14,15.3,0.0,SP
2018-08-15,13.7,0.0,SP
2018-08-16,14.6,0.3,SP
2018-08-17,14.4,0.8,SP
2018-08-18,15.1,0.0,SP
2018-08-19,16.6,0.0,SP
2018-08-20,18.3,0.0,SP
2018-08-21,17.1,0.0,SP
2018-08-22,17.3,0.2,SP
2018-08-23,19.4,0.0,SP
2018-08-24,21.6,0.0,SP
2018-08-25,18.3,4.2,SP
2018-08-26,12.7,2.9,SP
2018-08-27,12.7,0.1,SP
2018-08-28,15.9,0.0,SP
2018-08-29,16.7,0.0,SP
2018-08-30,19.5,0.0,SP
2018-08-31,20.3,0.0,SP
2018-09-01,20.3,0.0,SP
2018-09-02,20.5,0.0,SP
2018-09-03,17.9,2.4,SP
2018-09-04,12.6,7.9,SP
2018-09-05,12.3,1.6,SP
2018-09-06,12.9,0.0,SP
2018-09-07,15.7,0.0,SP
2018-09-08,15.2,0.0,SP
2018-09-09,15.4,0.0,SP
2018-09-10,16.1,0.0,SP
2018-09-11,15.7,0.1,SP
2018-09-12,16.2,0.0,SP
2018-09-13,17.4,0.4,SP
2018-09-14,17.3,14.3,SP
2018-09-15,17.4,3.0,SP
2018-09-16,16.2,0.0,SP
2018-09-17,16.3,6.4,SP
2018-09-18,19.7,0.5,SP
2018-09-19,21.4,1.2,SP
2018-09-20,19.4,6.8,SP
2018-09-21,19.5,3.3,SP
2018-09-22,18.3,0.0,SP
2018-09-23,20.6,0.0,SP
2018-09-24,19.7,0.0,SP
2018-09-25,19.4,0.0,SP
2018-09-26,22.2,1.6,SP
2018-09-27,20.9,9.0,SP
2018-09-28,18.7,1.3,SP
2018-09-29,20.1,0.8,SP
2018-09-30,20.7,28.9,SP
2018-10-01,20.7,5.8,SP
2018-10-02,21.7,0.1,SP
2018-10-03,22.7,3.3,SP
2018-10-04,19.1,0.7,SP
2018-10-05,15.7,0.9,SP
2018-10-06,15.1,6.5,SP
2018-10-07,16.7,9.7,SP
2018-10-08,18.5,16.1,SP
2018-10-09,21.0,14.1,SP
2018-10-10,20.7,1.3,SP
2018-10-11,18.2,5.4,SP
2018-10-12,20.1,0.5,SP
2018-10-13,22.9,0.9,SP
2018-10-14,18.1,2.3,SP
2018-10-15,18.5,5.3,SP
2018-10-16,19.5,2.7,SP
2018-10-17,22.0,4.5,SP
2018-10-18,23.0,1.2,SP
2018-10-19,19.2,2.1,SP
2018-10-20,15.4,0.4,SP
2018-10-21,14.7,0.0,SP
2018-10-22,17.4,0.0,SP
2018-10-23,19.9,0.6,SP
2018-10-24,17.5,15.7,SP
2018-10-25,18.2,9.5,SP
2018-10-26,20.0,5.1,SP
2018-10-27,21.3,6.9,SP
2018-10-28,15.9,0.6,SP
2018-10-29,15.6,0.1,SP
2018-10-30,17.5,0.0,SP
2018-10-31,21.5,0.0,SP
2016-09-01,24.5,2.6,SE
2016-09-02,24.0,2.4,SE
2016-09-03,23.7,4.5,SE
2016-09-04,23.6,2.3,SE
2016-09-05,23.6,3.9,SE
2016-09-06,23.6,2.5,SE
2016-09-07,23.3,3.9,SE
2016-09-08,24.3,0.2,SE
2016-09-09,23.4,3.5,SE
2016-09-10,23.0,4.4,SE
2016-09-11,23.7,3.2,SE
2016-09-12,24.4,0.4,SE
2016-09-13,24.3,0.5,SE
2016-09-14,24.4,1.9,SE
2016-09-15,25.0,0.0,SE
2016-09-16,25.4,0.0,SE
2016-09-17,24.8,1.1,SE
2016-09-18,24.4,0.6,SE
2016-09-19,24.8,0.0,SE
2016-09-20,25.3,0.0,SE
2016-09-21,25.4,0.0,SE
2016-09-22,25.4,1.1,SE
2016-09-23,24.9,1.8,SE
2016-09-24,25.2,0.8,SE
2016-09-25,25.4,0.0,SE
2016-09-26,25.3,0.0,SE
2016-09-27,25.9,0.0,SE
2016-09-28,25.6,0.2,SE
2016-09-29,25.5,0.0,SE
2016-09-30,25.7,0.1,SE
2016-10-01,25.7,1.0,SE
2016-10-02,25.6,0.0,SE
2016-10-03,25.8,0.0,SE
2016-10-04,25.6,0.5,SE
2016-10-05,25.9,0.0,SE
2016-10-06,26.5,0.1,SE
2016-10-07,27.6,0.0,SE
2016-10-08,26.7,0.0,SE
2016-10-09,26.2,0.0,SE
2016-10-10,25.8,1.1,SE
2016-10-11,25.4,1.4,SE
2016-10-12,25.3,1.1,SE
2016-10-13,25.2,1.4,SE
2016-10-14,25.1,2.5,SE
2016-10-15,25.6,0.0,SE
2016-10-16,24.9,2.0,SE
2016-10-17,24.8,1.6,SE
2016-10-18,25.7,0.2,SE
2016-10-19,25.7,0.0,SE
2016-10-20,25.6,0.4,SE
2016-10-21,25.7,0.6,SE
2016-10-22,25.7,1.0,SE
2016-10-23,25.6,1.1,SE
2016-10-24,25.4,1.2,SE
2016-10-25,25.7,0.4,SE
2016-10-26,25.7,0.5,SE
2016-10-27,25.7,0.0,SE
2016-10-28,26.2,0.0,SE
2016-10-29,26.3,0.3,SE
2016-10-30,25.7,1.7,SE
2016-10-31,25.9,0.3,SE
2016-11-01,25.8,0.2,SE
2016-11-02,25.6,1.2,SE
2016-11-03,25.8,0.6,SE
2016-11-04,25.8,0.7,SE
2016-11-05,25.0,3.6,SE
2016-11-06,24.2,3.7,SE
2016-11-07,25.2,2.1,SE
2016-11-08,25.9,0.0,SE
2016-11-09,25.9,0.7,SE
2016-11-10,26.1,0.1,SE
2016-11-11,26.4,0.4,SE
2016-11-12,26.1,1.7,SE
2016-11-13,26.2,0.0,SE
2016-11-14,26.1,0.0,SE
2016-11-15,26.6,0.5,SE
2016-11-16,26.8,0.0,SE
2016-11-17,26.8,0.0,SE
2016-11-18,26.5,0.0,SE
2016-11-19,27.0,0.0,SE
2016-11-20,26.9,0.0,SE
2016-11-21,26.0,1.7,SE
2016-11-22,26.2,0.0,SE
2016-11-23,26.3,0.0,SE
2016-11-24,27.1,0.0,SE
2016-11-25,26.6,0.0,SE
2016-11-26,26.3,0.0,SE
2016-11-27,26.3,0.9,SE
2016-11-28,26.3,0.0,SE
2016-11-29,26.4,0.0,SE
2016-11-30,26.9,0.0,SE
2016-12-01,26.8,1.3,SE
2016-12-02,26.3,0.5,SE
2016-12-03,26.8,0.0,SE
2016-12-04,27.0,0.2,SE
2016-12-05,27.6,0.0,SE
2016-12-06,27.6,0.0,SE
2016-12-07,27.4,0.0,SE
2016-12-08,27.1,0.0,SE
2016-12-09,26.9,0.0,SE
2016-12-10,26.7,0.0,SE
2016-12-11,27.1,0.0,SE
2016-12-12,27.5,0.0,SE
2016-12-13,27.2,0.0,SE
2016-12-14,26.9,0.0,SE
2016-12-15,26.7,0.6,SE
2016-12-16,26.4,0.1,SE
2016-12-17,25.1,6.4,SE
2016-12-18,26.7,0.1,SE
2016-12-19,26.1,2.0,SE
2016-12-20,25.2,3.6,SE
2016-12-21,25.6,1.8,SE
2016-12-22,26.6,0.4,SE
2016-12-23,26.4,0.6,SE
2016-12-24,26.6,0.0,SE
2016-12-25,26.4,0.5,SE
2016-12-26,26.6,1.2,SE
2016-12-27,26.9,0.0,SE
2016-12-28,26.8,0.3,SE
2016-12-29,26.5,1.7,SE
2016-12-30,26.3,0.8,SE
2016-12-31,26.9,0.0,SE
2017-01-01,27.3,1.2,SE
2017-01-02,27.0,0.4,SE
2017-01-03,27.4,0.2,SE
2017-01-04,27.2,1.2,SE
2017-01-05,27.2,0.6,SE
2017-01-06,26.5,1.2,SE
2017-01-07,25.8,4.1,SE
2017-01-08,26.6,0.1,SE
2017-01-09,27.1,2.6,SE
2017-01-10,27.0,0.4,SE
2017-01-11,27.7,0.6,SE
2017-01-12,27.4,0.6,SE
2017-01-13,27.3,0.4,SE
2017-01-14,27.1,1.5,SE
2017-01-15,27.1,1.6,SE
2017-01-16,26.6,2.4,SE
2017-01-17,26.8,1.0,SE
2017-01-18,27.3,0.7,SE
2017-01-19,27.3,0.3,SE
2017-01-20,27.1,0.3,SE
2017-01-21,27.2,0.7,SE
2017-01-22,27.3,3.9,SE
2017-01-23,27.7,1.6,SE
2017-01-24,27.1,2.3,SE
2017-01-25,27.2,0.7,SE
2017-01-26,27.3,0.0,SE
2017-01-27,26.8,3.6,SE
2017-01-28,27.1,2.2,SE
2017-01-29,27.1,1.1,SE
2017-01-30,27.1,1.5,SE
2017-01-31,27.5,1.0,SE
2017-02-01,27.7,1.4,SE
2017-02-02,27.6,0.6,SE
2017-02-03,27.9,0.0,SE
2017-02-04,27.8,0.1,SE
2017-02-05,27.9,0.0,SE
2017-02-06,27.8,0.0,SE
2017-02-07,27.9,0.0,SE
2017-02-08,27.9,0.1,SE
2017-02-09,27.4,2.4,SE
2017-02-10,26.9,2.6,SE
2017-02-11,27.0,1.7,SE
2017-02-12,26.9,3.6,SE
2017-02-13,26.9,3.1,SE
2017-02-14,27.4,1.1,SE
2017-02-15,27.5,0.4,SE
2017-02-16,27.0,1.8,SE
2017-02-17,27.0,1.8,SE
2017-02-18,26.9,1.1,SE
2017-02-19,27.2,0.8,SE
2017-02-20,25.6,17.9,SE
2017-02-21,26.5,3.9,SE
2017-02-22,26.9,2.5,SE
2017-02-23,27.3,1.4,SE
2017-02-24,27.7,0.1,SE
2017-02-25,27.1,1.1,SE
2017-02-26,27.5,1.0,SE
2017-02-27,27.4,2.3,SE
2017-02-28,27.3,5.6,SE
2017-03-01,28.0,0.2,SE
2017-03-02,27.3,1.8,SE
2017-03-03,27.0,1.8,SE
2017-03-04,27.4,0.0,SE
2017-03-05,27.5,0.0,SE
2017-03-06,27.7,1.3,SE
2017-03-07,27.8,2.1,SE
2017-03-08,28.0,1.6,SE
2017-03-09,27.7,0.5,SE
2017-03-10,27.2,1.6,SE
2017-03-11,27.0,2.8,SE
2017-03-12,26.6,5.4,SE
2017-03-13,26.6,3.6,SE
2017-03-14,27.3,3.8,SE
2017-03-15,26.6,4.4,SE
2017-03-16,26.7,5.5,SE
2017-03-17,25.9,12.6,SE
2017-03-18,26.4,6.4,SE
2017-03-19,27.4,0.9,SE
2017-03-20,27.4,0.1,SE
2017-03-21,27.4,0.7,SE
2017-03-22,27.4,0.6,SE
2017-03-23,26.6,3.0,SE
2017-03-24,26.9,3.2,SE
2017-03-25,26.9,3.0,SE
2017-03-26,27.9,0.5,SE
2017-03-27,28.0,0.1,SE
2017-03-28,28.1,0.2,SE
2017-03-29,28.5,0.1,SE
2017-03-30,27.9,2.2,SE
2017-03-31,27.8,2.2,SE
2017-04-01,27.4,4.8,SE
2017-04-02,26.6,11.9,SE
2017-04-03,27.0,9.1,SE
2017-04-04,27.4,1.9,SE
2017-04-05,26.4,8.6,SE
2017-04-06,27.4,1.7,SE
2017-04-07,27.2,2.1,SE
2017-04-08,26.6,5.5,SE
2017-04-09,27.0,2.4,SE
2017-04-10,27.2,1.1,SE
2017-04-11,26.9,2.9,SE
2017-04-12,27.0,2.1,SE
2017-04-13,27.0,9.4,SE
2017-04-14,25.9,20.8,SE
2017-04-15,26.8,7.4,SE
2017-04-16,26.3,6.3,SE
2017-04-17,26.5,2.4,SE
2017-04-18,27.0,0.0,SE
2017-04-19,26.6,2.7,SE
2017-04-20,25.5,7.3,SE
2017-04-21,26.1,1.5,SE
2017-04-22,26.6,1.6,SE
2017-04-23,27.3,1.8,SE
2017-04-24,27.3,2.7,SE
2017-04-25,26.8,1.6,SE
2017-04-26,26.5,2.9,SE
2017-04-27,26.1,4.3,SE
2017-04-28,26.9,4.8,SE
2017-04-29,25.4,20.4,SE
2017-04-30,25.8,6.6,SE
2017-05-01,25.9,3.3,SE
2017-05-02,26.6,0.5,SE
2017-05-03,26.0,4.3,SE
2017-05-04,26.1,5.9,SE
2017-05-05,26.5,5.1,SE
2017-05-06,26.9,0.3,SE
2017-05-07,26.1,1.3,SE
2017-05-08,26.5,0.6,SE
2017-05-09,25.8,3.8,SE
2017-05-10,26.4,1.7,SE
2017-05-11,26.4,0.0,SE
2017-05-12,25.9,1.9,SE
2017-05-13,25.1,4.7,SE
2017-05-14,25.6,0.8,SE
2017-05-15,26.6,0.0,SE
2017-05-16,27.0,0.0,SE
2017-05-17,27.5,0.4,SE
2017-05-18,25.7,8.8,SE
2017-05-19,24.9,16.5,SE
2017-05-20,25.6,15.8,SE
2017-05-21,26.7,1.5,SE
2017-05-22,26.3,9.3,SE
2017-05-23,24.9,21.3,SE
2017-05-24,25.0,15.8,SE
2017-05-25,25.9,8.2,SE
2017-05-26,25.0,7.0,SE
2017-05-27,25.1,17.4,SE
2017-05-28,26.1,0.1,SE
2017-05-29,25.4,2.2,SE
2017-05-30,24.6,4.9,SE
2017-05-31,25.5,3.8,SE
2017-06-01,26.0,3.7,SE
2017-06-02,25.5,6.4,SE
2017-06-03,26.0,3.2,SE
2017-06-04,25.8,2.0,SE
2017-06-05,25.8,1.1,SE
2017-06-06,25.9,1.7,SE
2017-06-07,26.0,2.8,SE
2017-06-08,25.4,3.2,SE
2017-06-09,25.5,2.7,SE
2017-06-10,25.3,1.6,SE
2017-06-11,25.0,10.3,SE
2017-06-12,25.2,4.0,SE
2017-06-13,25.0,9.5,SE
2017-06-14,25.6,0.3,SE
2017-06-15,24.9,2.6,SE
2017-06-16,24.2,10.2,SE
2017-06-17,24.9,3.1,SE
2017-06-18,24.1,25.9,SE
2017-06-19,25.2,3.9,SE
2017-06-20,23.6,16.8,SE
2017-06-21,24.7,10.9,SE
2017-06-22,24.5,6.6,SE
2017-06-23,23.7,19.0,SE
2017-06-24,24.2,7.7,SE
2017-06-25,24.8,2.7,SE
2017-06-26,24.4,4.1,SE
2017-06-27,24.8,4.8,SE
2017-06-28,25.1,1.6,SE
2017-06-29,24.0,18.5,SE
2017-06-30,23.8,20.7,SE
2017-07-01,24.3,4.3,SE
2017-07-02,23.9,6.2,SE
2017-07-03,23.9,7.5,SE
2017-07-04,23.1,7.8,SE
2017-07-05,23.1,4.6,SE
2017-07-06,23.9,0.6,SE
2017-07-07,24.1,3.0,SE
2017-07-08,23.2,8.3,SE
2017-07-09,24.4,3.0,SE
2017-07-10,24.3,4.1,SE
2017-07-11,24.1,5.7,SE
2017-07-12,24.0,2.7,SE
2017-07-13,23.7,3.4,SE
2017-07-14,24.2,0.0,SE
2017-07-15,23.8,2.0,SE
2017-07-16,24.4,0.0,SE
2017-07-17,24.0,1.6,SE
2017-07-18,23.7,1.7,SE
2017-07-19,23.7,2.5,SE
2017-07-20,24.0,2.2,SE
2017-07-21,24.4,1.4,SE
2017-07-22,24.2,1.1,SE
2017-07-23,23.5,8.7,SE
2017-07-24,24.1,3.4,SE
2017-07-25,23.9,2.7,SE
2017-07-26,23.7,5.2,SE
2017-07-27,23.9,1.5,SE
2017-07-28,23.3,8.8,SE
2017-07-29,23.8,1.2,SE
2017-07-30,23.3,7.5,SE
2017-07-31,23.2,3.4,SE
2017-08-01,22.8,5.3,SE
2017-08-02,23.6,1.7,SE
2017-08-03,23.7,0.2,SE
2017-08-04,23.6,0.0,SE
2017-08-05,23.9,0.9,SE
2017-08-06,23.6,2.3,SE
2017-08-07,23.9,1.8,SE
2017-08-08,23.4,2.4,SE
2017-08-09,23.8,2.1,SE
2017-08-10,24.2,1.5,SE
2017-08-11,24.2,1.3,SE
2017-08-12,24.2,0.9,SE
2017-08-13,24.0,0.5,SE
2017-08-14,23.5,0.0,SE
2017-08-15,23.0,2.4,SE
2017-08-16,23.1,1.5,SE
2017-08-17,23.7,3.9,SE
2017-08-18,23.6,3.9,SE
2017-08-19,23.2,11.8,SE
2017-08-20,23.8,3.9,SE
2017-08-21,24.1,2.4,SE
2017-08-22,24.3,4.1,SE
2017-08-23,23.8,7.0,SE
2017-08-24,23.3,10.9,SE
2017-08-25,23.1,5.5,SE
2017-08-26,23.9,0.2,SE
2017-08-27,23.3,5.5,SE
2017-08-28,23.5,1.9,SE
2017-08-29,22.8,7.1,SE
2017-08-30,23.8,3.2,SE
2017-08-31,24.0,2.6,SE
2017-09-01,23.8,4.6,SE
2017-09-02,24.1,0.6,SE
2017-09-03,23.1,7.1,SE
2017-09-04,22.7,23.3,SE
2017-09-05,23.3,19.4,SE
2017-09-06,23.4,12.1,SE
2017-09-07,24.0,7.7,SE
2017-09-08,24.0,2.5,SE
2017-09-09,24.4,2.7,SE
2017-09-10,24.4,2.0,SE
2017-09-11,24.1,2.6,SE
2017-09-12,24.0,4.2,SE
2017-09-13,24.0,3.0,SE
2017-09-14,24.0,2.8,SE
2017-09-15,23.8,5.1,SE
2017-09-16,23.9,7.9,SE
2017-09-17,23.4,8.6,SE
2017-09-18,23.8,7.5,SE
2017-09-19,24.3,7.0,SE
2017-09-20,24.0,2.2,SE
2017-09-21,23.4,4.8,SE
2017-09-22,23.6,6.0,SE
2017-09-23,24.0,1.6,SE
2017-09-24,23.6,6.1,SE
2017-09-25,23.9,4.2,SE
2017-09-26,24.3,2.2,SE
2017-09-27,24.8,5.4,SE
2017-09-28,24.9,1.6,SE
2017-09-29,24.8,1.7,SE
2017-09-30,24.7,0.0,SE
2017-10-01,24.9,0.3,SE
2017-10-02,25.1,0.6,SE
2017-10-03,25.0,1.2,SE
2017-10-04,25.1,2.6,SE
2017-10-05,25.0,1.5,SE
2017-10-06,24.2,3.9,SE
2017-10-07,24.0,3.9,SE
2017-10-08,24.4,1.3,SE
2017-10-09,24.4,2.9,SE
2017-10-10,24.1,3.4,SE
2017-10-11,24.6,2.3,SE
2017-10-12,24.6,1.4,SE
2017-10-13,25.2,0.1,SE
2017-10-14,24.9,3.0,SE
2017-10-15,25.3,0.7,SE
2017-10-16,25.0,1.8,SE
2017-10-17,24.7,3.5,SE
2017-10-18,23.7,10.1,SE
2017-10-19,25.3,1.8,SE
2017-10-20,25.5,3.0,SE
2017-10-21,25.6,1.9,SE
2017-10-22,25.2,2.3,SE
2017-10-23,25.1,1.3,SE
2017-10-24,25.1,2.6,SE
2017-10-25,25.2,3.7,SE
2017-10-26,25.3,5.6,SE
2017-10-27,25.8,0.4,SE
2017-10-28,25.6,0.8,SE
2017-10-29,25.8,0.3,SE
2017-10-30,25.9,0.2,SE
2017-10-31,26.1,0.1,SE
2017-11-01,26.3,0.0,SE
2017-11-02,26.5,0.8,SE
2017-11-03,26.0,1.6,SE
2017-11-04,25.6,2.6,SE
2017-11-05,25.8,0.1,SE
2017-11-06,25.9,0.3,SE
2017-11-07,25.7,1.4,SE
2017-11-08,25.1,3.9,SE
2017-11-09,25.3,2.8,SE
2017-11-10,25.7,2.2,SE
2017-11-11,26.0,0.5,SE
2017-11-12,26.6,0.0,SE
2017-11-13,26.6,0.0,SE
2017-11-14,26.4,1.1,SE
2017-11-15,25.7,3.7,SE
2017-11-16,25.8,1.3,SE
2017-11-17,25.6,0.0,SE
2017-11-18,25.8,0.5,SE
2017-11-19,26.1,0.3,SE
2017-11-20,26.2,0.0,SE
2017-11-21,26.0,0.6,SE
2017-11-22,26.2,0.0,SE
2017-11-23,26.4,0.3,SE
2017-11-24,25.9,4.0,SE
2017-11-25,26.0,2.0,SE
2017-11-26,25.9,2.0,SE
2017-11-27,26.0,0.9,SE
2017-11-28,26.3,0.0,SE
2017-11-29,26.2,1.5,SE
2017-11-30,26.4,1.3,SE
2017-12-01,26.6,0.0,SE
2017-12-02,26.6,0.0,SE
2017-12-03,26.5,0.8,SE
2017-12-04,26.9,0.7,SE
2017-12-05,26.9,0.1,SE
2017-12-06,26.8,0.2,SE
2017-12-07,26.6,1.0,SE
2017-12-08,27.2,0.3,SE
2017-12-09,27.7,2.1,SE
2017-12-10,26.3,17.7,SE
2017-12-11,26.5,1.0,SE
2017-12-12,27.0,0.0,SE
2017-12-13,26.5,0.2,SE
2017-12-14,26.4,0.0,SE
2017-12-15,26.3,0.4,SE
2017-12-16,26.4,1.7,SE
2017-12-17,25.9,5.8,SE
2017-12-18,26.1,2.9,SE
2017-12-19,26.6,0.3,SE
2017-12-20,26.2,0.9,SE
2017-12-21,26.2,1.6,SE
2017-12-22,26.8,0.8,SE
2017-12-23,26.4,2.6,SE
2017-12-24,26.2,1.4,SE
2017-12-25,26.5,0.7,SE
2017-12-26,26.9,0.0,SE
2017-12-27,26.9,0.0,SE
2017-12-28,26.8,1.0,SE
2017-12-29,26.9,0.2,SE
2017-12-30,27.3,0.0,SE
2017-12-31,27.4,0.2,SE
2018-01-01,27.3,0.2,SE
2018-01-02,27.3,0.0,SE
2018-01-03,27.4,0.0,SE
2018-01-04,27.5,1.0,SE
2018-01-05,27.4,0.1,SE
2018-01-06,26.7,2.1,SE
2018-01-07,26.3,3.6,SE
2018-01-08,26.9,0.0,SE
2018-01-09,26.4,2.5,SE
2018-01-10,26.7,3.3,SE
2018-01-11,26.5,5.7,SE
2018-01-12,26.0,1.0,SE
2018-01-13,27.0,2.8,SE
2018-01-14,27.0,1.6,SE
2018-01-15,27.4,0.2,SE
2018-01-16,26.7,1.0,SE
2018-01-17,26.8,5.7,SE
2018-01-18,27.0,1.0,SE
2018-01-19,27.0,1.8,SE
2018-01-20,27.0,1.2,SE
2018-01-21,27.0,1.4,SE
2018-01-22,26.8,1.6,SE
2018-01-23,26.3,1.8,SE
2018-01-24,26.3,4.0,SE
2018-01-25,26.7,0.0,SE
2018-01-26,26.9,0.1,SE
2018-01-27,27.0,1.8,SE
2018-01-28,27.2,1.5,SE
2018-01-29,26.8,3.0,SE
2018-01-30,27.0,1.7,SE
2018-01-31,27.5,1.3,SE
2018-02-01,27.4,0.6,SE
2018-02-02,27.5,0.1,SE
2018-02-03,27.5,0.0,SE
2018-02-04,27.5,0.5,SE
2018-02-05,27.4,1.0,SE
2018-02-06,27.6,1.4,SE
2018-02-07,27.4,2.5,SE
2018-02-08,27.5,1.8,SE
2018-02-09,27.3,1.2,SE
2018-02-10,26.8,4.1,SE
2018-02-11,26.9,0.9,SE
2018-02-12,26.5,2.3,SE
2018-02-13,25.6,9.3,SE
2018-02-14,26.2,5.3,SE
2018-02-15,25.8,3.9,SE
2018-02-16,27.1,1.6,SE
2018-02-17,25.8,11.5,SE
2018-02-18,26.0,7.8,SE
2018-02-19,26.8,1.4,SE
2018-02-20,26.8,1.6,SE
2018-02-21,26.8,1.6,SE
2018-02-22,27.2,2.5,SE
2018-02-23,27.3,2.5,SE
2018-02-24,27.2,1.3,SE
2018-02-25,27.2,0.0,SE
2018-02-26,26.7,2.3,SE
2018-02-27,27.0,1.1,SE
2018-02-28,26.0,2.7,SE
2018-03-01,25.8,6.6,SE
2018-03-02,25.5,20.8,SE
2018-03-03,26.3,3.3,SE
2018-03-04,26.8,0.4,SE
2018-03-05,27.2,0.0,SE
2018-03-06,27.7,0.1,SE
2018-03-07,27.8,0.1,SE
2018-03-08,27.7,0.6,SE
2018-03-09,27.5,0.2,SE
2018-03-10,27.2,0.3,SE
2018-03-11,27.3,0.4,SE
2018-03-12,27.8,1.6,SE
2018-03-13,28.1,0.2,SE
2018-03-14,27.5,0.0,SE
2018-03-15,27.1,0.3,SE
2018-03-16,27.1,0.0,SE
2018-03-17,27.2,0.6,SE
2018-03-18,27.0,2.0,SE
2018-03-19,26.9,1.0,SE
2018-03-20,27.5,0.4,SE
2018-03-21,27.3,2.2,SE
2018-03-22,27.4,2.3,SE
2018-03-23,26.5,8.8,SE
2018-03-24,25.2,22.5,SE
2018-03-25,26.5,3.4,SE
2018-03-26,26.0,4.7,SE
2018-03-27,26.8,2.9,SE
2018-03-28,26.9,3.3,SE
2018-03-29,26.5,2.5,SE
2018-03-30,26.5,1.5,SE
2018-03-31,26.5,1.3,SE
2018-04-01,27.1,0.5,SE
2018-04-02,27.5,0.0,SE
2018-04-03,27.4,0.0,SE
2018-04-04,27.3,0.8,SE
2018-04-05,26.9,0.9,SE
2018-04-06,26.6,4.0,SE
2018-04-07,26.6,4.0,SE
2018-04-08,27.2,0.0,SE
2018-04-09,27.0,1.2,SE
2018-04-10,26.5,2.4,SE
2018-04-11,25.9,4.3,SE
2018-04-12,25.5,19.4,SE
2018-04-13,26.6,2.6,SE
2018-04-14,26.7,0.5,SE
2018-04-15,26.5,1.1,SE
2018-04-16,26.8,0.7,SE
2018-04-17,26.4,1.5,SE
2018-04-18,26.8,0.1,SE
2018-04-19,26.5,2.6,SE
2018-04-20,25.4,7.0,SE
2018-04-21,25.1,23.9,SE
2018-04-22,26.9,3.5,SE
2018-04-23,26.9,0.0,SE
2018-04-24,25.6,9.5,SE
2018-04-25,26.7,1.4,SE
2018-04-26,26.6,0.5,SE
2018-04-27,26.3,2.3,SE
2018-04-28,26.5,2.1,SE
2018-04-29,25.8,3.7,SE
2018-04-30,26.6,5.0,SE
2018-05-01,26.0,4.4,SE
2018-05-02,26.5,2.9,SE
2018-05-03,26.4,3.8,SE
2018-05-04,26.2,2.5,SE
2018-05-05,26.7,0.9,SE
2018-05-06,25.8,3.6,SE
2018-05-07,25.0,21.4,SE
2018-05-08,25.5,5.9,SE
2018-05-09,26.2,0.1,SE
2018-05-10,25.2,2.2,SE
2018-05-11,25.2,2.2,SE
2018-05-12,25.2,0.6,SE
2018-05-13,25.9,0.8,SE
2018-05-14,26.4,0.9,SE
2018-05-15,25.1,23.7,SE
2018-05-16,25.5,7.6,SE
2018-05-17,25.6,1.4,SE
2018-05-18,25.1,3.7,SE
2018-05-19,25.8,0.3,SE
2018-05-20,25.3,0.2,SE
2018-05-21,25.6,0.9,SE
2018-05-22,25.9,3.4,SE
2018-05-23,25.8,2.6,SE
2018-05-24,25.0,4.5,SE
2018-05-25,25.8,3.2,SE
2018-05-26,25.3,2.6,SE
2018-05-27,25.0,4.2,SE
2018-05-28,25.3,3.4,SE
2018-05-29,24.5,9.4,SE
2018-05-30,24.6,8.7,SE
2018-05-31,25.0,4.0,SE
2018-06-01,24.7,4.9,SE
2018-06-02,24.9,11.7,SE
2018-06-03,25.4,7.6,SE
2018-06-04,25.7,3.1,SE
2018-06-05,25.4,1.5,SE
2018-06-06,24.8,0.5,SE
2018-06-07,25.1,4.6,SE
2018-06-08,25.0,4.7,SE
2018-06-09,25.5,1.8,SE
2018-06-10,25.2,4.6,SE
2018-06-11,25.7,1.3,SE
2018-06-12,24.7,5.1,SE
2018-06-13,25.6,1.4,SE
2018-06-14,24.8,2.4,SE
2018-06-15,25.2,2.1,SE
2018-06-16,24.4,3.9,SE
2018-06-17,24.1,7.3,SE
2018-06-18,23.4,13.7,SE
2018-06-19,24.1,7.1,SE
2018-06-20,24.5,3.9,SE
2018-06-21,24.9,2.4,SE
2018-06-22,24.9,2.2,SE
2018-06-23,25.3,1.1,SE
2018-06-24,25.6,0.0,SE
2018-06-25,24.8,1.7,SE
2018-06-26,23.7,4.6,SE
2018-06-27,24.5,1.7,SE
2018-06-28,24.8,1.4,SE
2018-06-29,24.5,2.9,SE
2018-06-30,24.7,0.0,SE
2018-07-01,23.4,6.6,SE
2018-07-02,23.8,7.4,SE
2018-07-03,24.2,2.4,SE
2018-07-04,24.2,1.2,SE
2018-07-05,24.3,3.4,SE
2018-07-06,24.5,6.2,SE
2018-07-07,24.6,1.9,SE
2018-07-08,24.0,2.4,SE
2018-07-09,24.8,1.1,SE
2018-07-10,24.1,2.3,SE
2018-07-11,24.2,2.6,SE
2018-07-12,24.8,2.1,SE
2018-07-13,24.8,0.4,SE
2018-07-14,24.4,1.6,SE
2018-07-15,23.9,3.2,SE
2018-07-16,24.4,1.0,SE
2018-07-17,24.9,1.3,SE
2018-07-18,24.5,2.8,SE
2018-07-19,23.1,8.4,SE
2018-07-20,23.4,5.0,SE
2018-07-21,24.0,1.0,SE
2018-07-22,24.7,0.8,SE
2018-07-23,24.3,2.4,SE
2018-07-24,24.5,2.1,SE
2018-07-25,24.1,3.8,SE
2018-07-26,24.4,1.3,SE
2018-07-27,23.3,4.7,SE
2018-07-28,23.4,6.3,SE
2018-07-29,23.7,0.9,SE
2018-07-30,23.6,2.7,SE
2018-07-31,24.4,2.3,SE
2018-08-01,24.6,0.1,SE
2018-08-02,24.4,1.3,SE
2018-08-03,24.3,0.1,SE
2018-08-04,24.1,0.6,SE
2018-08-05,24.9,0.0,SE
2018-08-06,25.0,0.4,SE
2018-08-07,24.9,0.7,SE
2018-08-08,24.4,3.5,SE
2018-08-09,24.5,0.6,SE
2018-08-10,24.8,0.4,SE
2018-08-11,25.0,0.0,SE
2018-08-12,25.2,0.1,SE
2018-08-13,25.3,2.2,SE
2018-08-14,25.3,0.3,SE
2018-08-15,25.2,0.1,SE
2018-08-16,25.3,1.7,SE
2018-08-17,24.7,2.9,SE
2018-08-18,24.9,1.1,SE
2018-08-19,24.6,3.2,SE
2018-08-20,24.9,1.8,SE
2018-08-21,24.8,2.0,SE
2018-08-22,24.3,3.5,SE
2018-08-23,24.5,2.1,SE
2018-08-24,24.6,1.7,SE
2018-08-25,24.4,1.9,SE
2018-08-26,24.6,1.0,SE
2018-08-27,24.3,2.7,SE
2018-08-28,23.9,5.5,SE
2018-08-29,23.9,3.4,SE
2018-08-30,24.4,1.4,SE
2018-08-31,24.2,1.4,SE
2018-09-01,24.4,0.4,SE
2018-09-02,24.4,3.0,SE
2018-09-03,24.7,0.3,SE
2018-09-04,24.8,0.5,SE
2018-09-05,25.1,0.0,SE
2018-09-06,25.0,2.3,SE
2018-09-07,24.7,2.2,SE
2018-09-08,24.5,2.8,SE
2018-09-09,24.7,1.6,SE
2018-09-10,25.1,0.3,SE
2018-09-11,24.6,1.9,SE
2018-09-12,24.8,0.0,SE
2018-09-13,25.0,0.0,SE
2018-09-14,25.0,0.4,SE
2018-09-15,25.2,1.3,SE
2018-09-16,25.8,0.9,SE
2018-09-17,25.8,0.6,SE
2018-09-18,25.9,0.2,SE
2018-09-19,25.9,1.3,SE
2018-09-20,25.8,1.0,SE
2018-09-21,25.5,1.3,SE
2018-09-22,25.5,1.0,SE
2018-09-23,25.4,1.6,SE
2018-09-24,25.6,1.6,SE
2018-09-25,25.8,1.6,SE
2018-09-26,25.5,2.0,SE
2018-09-27,25.8,0.8,SE
2018-09-28,25.7,1.1,SE
2018-09-29,26.2,0.7,SE
2018-09-30,25.8,2.2,SE
2018-10-01,25.8,0.8,SE
2018-10-02,25.5,1.3,SE
2018-10-03,25.7,1.2,SE
2018-10-04,26.0,1.1,SE
2018-10-05,25.8,0.4,SE
2018-10-06,25.6,2.4,SE
2018-10-07,25.5,2.9,SE
2018-10-08,25.8,1.3,SE
2018-10-09,26.1,0.0,SE
2018-10-10,25.9,0.6,SE
2018-10-11,26.1,0.1,SE
2018-10-12,26.1,0.5,SE
2018-10-13,25.4,1.5,SE
2018-10-14,26.1,0.4,SE
2018-10-15,26.1,1.2,SE
2018-10-16,26.3,1.8,SE
2018-10-17,25.6,4.3,SE
2018-10-18,25.8,1.5,SE
2018-10-19,26.6,0.0,SE
2018-10-20,26.8,0.0,SE
2018-10-21,27.1,0.4,SE
2018-10-22,25.9,4.7,SE
2018-10-23,26.2,3.0,SE
2018-10-24,26.3,0.2,SE
2018-10-25,26.6,0.1,SE
2018-10-26,26.8,0.2,SE
2018-10-27,27.0,0.0,SE
2018-10-28,27.2,0.0,SE
2018-10-29,27.4,0.0,SE
2018-10-30,26.8,1.9,SE
2018-10-31,26.5,2.0,SE
2016-09-01,31.6,0.0,TO
2016-09-02,32.3,0.0,TO
2016-09-03,31.2,0.0,TO
2016-09-04,31.0,0.0,TO
2016-09-05,31.6,0.0,TO
2016-09-06,32.2,0.0,TO
2016-09-07,32.2,0.0,TO
2016-09-08,32.4,0.0,TO
2016-09-09,31.7,0.0,TO
2016-09-10,31.2,0.0,TO
2016-09-11,31.2,0.0,TO
2016-09-12,30.9,0.0,TO
2016-09-13,31.1,0.0,TO
2016-09-14,31.8,0.0,TO
2016-09-15,32.4,0.0,TO
2016-09-16,31.3,0.2,TO
2016-09-17,30.7,0.9,TO
2016-09-18,31.1,0.0,TO
2016-09-19,31.3,0.0,TO
2016-09-20,31.1,0.0,TO
2016-09-21,31.3,0.0,TO
2016-09-22,29.2,4.4,TO
2016-09-23,26.7,8.3,TO
2016-09-24,28.0,5.7,TO
2016-09-25,27.2,9.4,TO
2016-09-26,25.6,7.5,TO
2016-09-27,26.8,0.8,TO
2016-09-28,26.9,10.7,TO
2016-09-29,26.6,14.2,TO
2016-09-30,26.9,2.0,TO
2016-10-01,27.4,2.6,TO
2016-10-02,29.0,0.0,TO
2016-10-03,29.6,0.0,TO
2016-10-04,27.9,3.1,TO
2016-10-05,27.4,0.4,TO
2016-10-06,28.0,0.4,TO
2016-10-07,27.8,0.2,TO
2016-10-08,27.7,14.6,TO
2016-10-09,27.4,10.3,TO
2016-10-10,28.6,0.0,TO
2016-10-11,29.4,0.0,TO
2016-10-12,29.0,0.0,TO
2016-10-13,29.9,0.0,TO
2016-10-14,30.2,0.0,TO
2016-10-15,30.2,0.0,TO
2016-10-16,30.8,0.0,TO
2016-10-17,30.6,0.0,TO
2016-10-18,30.1,0.0,TO
2016-10-19,29.4,3.7,TO
2016-10-20,27.2,15.8,TO
2016-10-21,26.4,20.0,TO
2016-10-22,27.6,1.4,TO
2016-10-23,28.0,6.2,TO
2016-10-24,27.7,4.1,TO
2016-10-25,27.4,0.6,TO
2016-10-26,28.8,0.9,TO
2016-10-27,26.3,19.8,TO
2016-10-28,27.0,6.3,TO
2016-10-29,27.5,0.2,TO
2016-10-30,27.4,9.2,TO
2016-10-31,27.8,1.4,TO
2016-11-01,27.5,2.3,TO
2016-11-02,29.0,0.0,TO
2016-11-03,30.4,0.0,TO
2016-11-04,30.3,0.0,TO
2016-11-05,30.8,0.0,TO
2016-11-06,30.9,0.0,TO
2016-11-07,29.4,0.0,TO
2016-11-08,28.3,3.8,TO
2016-11-09,27.6,5.0,TO
2016-11-10,26.6,16.6,TO
2016-11-11,28.3,2.5,TO
2016-11-12,25.2,57.6,TO
2016-11-13,25.2,18.5,TO
2016-11-14,27.0,3.4,TO
2016-11-15,25.7,12.3,TO
2016-11-16,26.4,11.3,TO
2016-11-17,25.7,24.7,TO
2016-11-18,25.2,17.1,TO
2016-11-19,27.1,8.4,TO
2016-11-20,24.7,39.9,TO
2016-11-21,26.1,10.7,TO
2016-11-22,27.4,2.3,TO
2016-11-23,28.7,0.0,TO
2016-11-24,29.3,0.2,TO
2016-11-25,29.1,1.5,TO
2016-11-26,29.4,0.0,TO
2016-11-27,29.0,0.0,TO
2016-11-28,29.6,0.0,TO
2016-11-29,29.9,0.0,TO
2016-11-30,28.7,1.0,TO
2016-12-01,26.4,33.4,TO
2016-12-02,26.7,13.8,TO
2016-12-03,28.0,1.3,TO
2016-12-04,26.2,11.2,TO
2016-12-05,27.4,0.6,TO
2016-12-06,27.6,8.1,TO
2016-12-07,26.1,18.0,TO
2016-12-08,26.4,9.0,TO
2016-12-09,27.3,2.1,TO
2016-12-10,26.9,34.1,TO
2016-12-11,26.7,17.5,TO
2016-12-12,26.8,16.2,TO
2016-12-13,25.5,25.8,TO
2016-12-14,25.4,14.8,TO
2016-12-15,25.7,11.9,TO
2016-12-16,26.7,4.4,TO
2016-12-17,26.0,3.8,TO
2016-12-18,26.4,0.1,TO
2016-12-19,26.9,0.5,TO
2016-12-20,26.6,2.6,TO
2016-12-21,26.8,1.3,TO
2016-12-22,28.3,0.0,TO
2016-12-23,29.1,0.0,TO
2016-12-24,29.6,0.0,TO
2016-12-25,28.7,0.4,TO
2016-12-26,28.0,3.1,TO
2016-12-27,26.7,15.8,TO
2016-12-28,28.3,0.0,TO
2016-12-29,28.5,0.3,TO
2016-12-30,28.3,0.0,TO
2016-12-31,27.5,0.0,TO
2017-01-01,27.7,0.2,TO
2017-01-02,27.3,3.0,TO
2017-01-03,25.5,6.5,TO
2017-01-04,25.0,4.7,TO
2017-01-05,26.5,3.8,TO
2017-01-06,26.6,0.5,TO
2017-01-07,27.1,1.0,TO
2017-01-08,25.6,21.2,TO
2017-01-09,26.0,2.7,TO
2017-01-10,26.5,0.4,TO
2017-01-11,25.4,8.5,TO
2017-01-12,25.2,15.0,TO
2017-01-13,26.4,9.3,TO
2017-01-14,24.6,18.7,TO
2017-01-15,25.3,0.7,TO
2017-01-16,25.0,33.8,TO
2017-01-17,25.9,7.8,TO
2017-01-18,23.8,13.6,TO
2017-01-19,24.9,0.5,TO
2017-01-20,25.5,17.9,TO
2017-01-21,25.2,8.3,TO
2017-01-22,25.1,1.9,TO
2017-01-23,25.3,6.5,TO
2017-01-24,24.5,7.5,TO
2017-01-25,25.3,0.4,TO
2017-01-26,25.7,9.1,TO
2017-01-27,25.2,11.1,TO
2017-01-28,25.7,11.6,TO
2017-01-29,25.6,4.8,TO
2017-01-30,26.8,0.6,TO
2017-01-31,25.6,1.7,TO
2017-02-01,25.1,10.7,TO
2017-02-02,24.8,28.6,TO
2017-02-03,26.2,8.9,TO
2017-02-04,26.7,9.3,TO
2017-02-05,26.3,8.1,TO
2017-02-06,26.7,6.2,TO
2017-02-07,25.5,15.7,TO
2017-02-08,25.3,9.1,TO
2017-02-09,25.0,15.2,TO
2017-02-10,24.2,11.5,TO
2017-02-11,23.9,21.9,TO
2017-02-12,24.0,13.7,TO
2017-02-13,24.0,17.6,TO
2017-02-14,24.5,4.1,TO
2017-02-15,25.2,0.2,TO
2017-02-16,25.1,0.2,TO
2017-02-17,27.1,0.6,TO
2017-02-18,24.9,12.6,TO
2017-02-19,25.1,14.2,TO
2017-02-20,24.9,1.2,TO
2017-02-21,24.6,19.3,TO
2017-02-22,25.2,0.5,TO
2017-02-23,25.0,5.3,TO
2017-02-24,25.7,6.2,TO
2017-02-25,25.2,14.0,TO
2017-02-26,23.7,14.1,TO
2017-02-27,25.5,4.0,TO
2017-02-28,24.2,21.0,TO
2017-03-01,24.8,0.9,TO
2017-03-02,25.1,6.7,TO
2017-03-03,26.0,6.3,TO
2017-03-04,26.2,4.0,TO
2017-03-05,26.8,1.0,TO
2017-03-06,26.4,3.6,TO
2017-03-07,26.0,2.7,TO
2017-03-08,26.1,4.9,TO
2017-03-09,25.5,3.0,TO
2017-03-10,26.5,1.6,TO
2017-03-11,25.8,2.3,TO
2017-03-12,25.6,7.6,TO
2017-03-13,25.1,4.6,TO
2017-03-14,25.9,7.0,TO
2017-03-15,24.9,10.1,TO
2017-03-16,26.0,0.8,TO
2017-03-17,25.2,14.9,TO
2017-03-18,24.1,16.0,TO
2017-03-19,25.9,0.6,TO
2017-03-20,25.8,10.0,TO
2017-03-21,25.5,1.9,TO
2017-03-22,25.5,2.7,TO
2017-03-23,26.4,0.5,TO
2017-03-24,25.8,9.4,TO
2017-03-25,25.6,1.0,TO
2017-03-26,25.2,1.2,TO
2017-03-27,24.8,9.0,TO
2017-03-28,25.2,0.6,TO
2017-03-29,26.2,2.6,TO
2017-03-30,25.2,12.2,TO
2017-03-31,25.5,23.5,TO
2017-04-01,25.9,7.6,TO
2017-04-02,24.8,18.7,TO
2017-04-03,24.3,15.0,TO
2017-04-04,25.7,16.2,TO
2017-04-05,26.4,1.5,TO
2017-04-06,25.7,6.0,TO
2017-04-07,25.2,5.0,TO
2017-04-08,25.9,0.1,TO
2017-04-09,26.3,0.1,TO
2017-04-10,26.6,0.2,TO
2017-04-11,26.1,3.4,TO
2017-04-12,26.3,0.8,TO
2017-04-13,27.2,2.7,TO
2017-04-14,26.0,9.6,TO
2017-04-15,26.9,0.4,TO
2017-04-16,27.5,0.5,TO
2017-04-17,26.8,1.5,TO
2017-04-18,26.3,3.0,TO
2017-04-19,25.7,5.6,TO
2017-04-20,26.2,0.7,TO
2017-04-21,25.9,1.3,TO
2017-04-22,26.1,6.5,TO
2017-04-23,25.6,3.4,TO
2017-04-24,26.3,1.4,TO
2017-04-25,25.7,10.2,TO
2017-04-26,26.0,1.6,TO
2017-04-27,27.1,0.2,TO
2017-04-28,26.3,6.2,TO
2017-04-29,27.0,0.5,TO
2017-04-30,27.2,0.0,TO
2017-05-01,26.7,0.0,TO
2017-05-02,26.5,0.0,TO
2017-05-03,26.9,0.0,TO
2017-05-04,27.5,0.0,TO
2017-05-05,27.3,0.0,TO
2017-05-06,27.4,0.0,TO
2017-05-07,27.7,0.0,TO
2017-05-08,27.5,0.0,TO
2017-05-09,27.8,0.0,TO
2017-05-10,27.5,0.0,TO
2017-05-11,27.7,0.0,TO
2017-05-12,27.0,0.4,TO
2017-05-13,27.1,0.2,TO
2017-05-14,27.5,0.0,TO
2017-05-15,27.2,0.0,TO
2017-05-16,27.9,0.0,TO
2017-05-17,27.6,0.1,TO
2017-05-18,26.4,3.3,TO
2017-05-19,26.3,1.8,TO
2017-05-20,26.2,4.0,TO
2017-05-21,27.3,0.5,TO
2017-05-22,27.9,0.0,TO
2017-05-23,27.4,0.2,TO
2017-05-24,26.6,2.5,TO
2017-05-25,27.5,0.3,TO
2017-05-26,27.7,0.0,TO
2017-05-27,27.6,0.0,TO
2017-05-28,27.2,0.0,TO
2017-05-29,27.1,0.0,TO
2017-05-30,27.1,0.0,TO
2017-05-31,27.2,0.0,TO
2017-06-01,27.8,0.0,TO
2017-06-02,28.1,0.2,TO
2017-06-03,28.2,0.0,TO
2017-06-04,27.8,0.1,TO
2017-06-05,27.2,0.0,TO
2017-06-06,27.0,0.0,TO
2017-06-07,26.8,0.0,TO
2017-06-08,26.7,0.0,TO
2017-06-09,26.1,0.0,TO
2017-06-10,26.9,0.0,TO
2017-06-11,27.4,0.0,TO
2017-06-12,27.3,0.0,TO
2017-06-13,26.4,0.0,TO
2017-06-14,26.4,0.0,TO
2017-06-15,26.4,0.0,TO
2017-06-16,25.8,0.0,TO
2017-06-17,25.5,0.0,TO
2017-06-18,25.9,0.0,TO
2017-06-19,25.7,0.0,TO
2017-06-20,25.9,0.0,TO
2017-06-21,26.3,0.0,TO
2017-06-22,26.0,0.0,TO
2017-06-23,25.3,0.0,TO
2017-06-24,26.7,0.0,TO
2017-06-25,25.5,0.0,TO
2017-06-26,24.7,0.0,TO
2017-06-27,25.5,0.0,TO
2017-06-28,25.4,0.0,TO
2017-06-29,25.4,0.0,TO
2017-06-30,25.9,0.0,TO
2017-07-01,26.3,0.0,TO
2017-07-02,25.7,0.0,TO
2017-07-03,26.2,0.0,TO
2017-07-04,25.1,0.0,TO
2017-07-05,24.1,0.0,TO
2017-07-06,23.7,0.0,TO
2017-07-07,24.7,0.0,TO
2017-07-08,25.6,0.0,TO
2017-07-09,24.7,0.0,TO
2017-07-10,24.5,0.0,TO
2017-07-11,26.1,0.0,TO
2017-07-12,26.9,0.0,TO
2017-07-13,26.4,0.0,TO
2017-07-14,25.1,0.0,TO
2017-07-15,24.5,0.0,TO
2017-07-16,24.9,0.0,TO
2017-07-17,25.2,0.0,TO
2017-07-18,25.2,0.0,TO
2017-07-19,25.8,0.0,TO
2017-07-20,26.0,0.0,TO
2017-07-21,26.5,0.0,TO
2017-07-22,27.3,0.0,TO
2017-07-23,26.7,0.0,TO
2017-07-24,26.4,0.0,TO
2017-07-25,26.0,0.0,TO
2017-07-26,25.6,0.0,TO
2017-07-27,24.9,0.0,TO
2017-07-28,25.1,0.0,TO
2017-07-29,26.0,0.0,TO
2017-07-30,25.7,0.0,TO
2017-07-31,24.8,0.0,TO
2017-08-01,25.1,0.0,TO
2017-08-02,26.0,0.0,TO
2017-08-03,27.3,0.0,TO
2017-08-04,27.9,0.0,TO
2017-08-05,28.3,0.0,TO
2017-08-06,28.3,0.0,TO
2017-08-07,28.1,0.0,TO
2017-08-08,27.9,0.0,TO
2017-08-09,28.5,0.0,TO
2017-08-10,29.4,0.0,TO
2017-08-11,28.4,0.0,TO
2017-08-12,28.8,0.0,TO
2017-08-13,28.6,0.0,TO
2017-08-14,29.2,0.0,TO
2017-08-15,29.2,0.0,TO
2017-08-16,28.3,0.0,TO
2017-08-17,28.7,0.0,TO
2017-08-18,29.1,0.0,TO
2017-08-19,29.2,0.0,TO
2017-08-20,29.6,0.0,TO
2017-08-21,29.4,0.0,TO
2017-08-22,28.9,0.0,TO
2017-08-23,28.9,0.0,TO
2017-08-24,28.1,0.0,TO
2017-08-25,28.5,0.0,TO
2017-08-26,28.7,0.0,TO
2017-08-27,28.9,0.0,TO
2017-08-28,29.3,0.0,TO
2017-08-29,29.7,0.0,TO
2017-08-30,30.5,0.0,TO
2017-08-31,30.3,0.0,TO
2017-09-01,30.4,0.0,TO
2017-09-02,29.4,0.0,TO
2017-09-03,28.3,0.0,TO
2017-09-04,27.9,0.0,TO
2017-09-05,28.7,0.0,TO
2017-09-06,29.3,0.0,TO
2017-09-07,30.3,0.0,TO
2017-09-08,30.4,0.0,TO
2017-09-09,30.7,0.0,TO
2017-09-10,30.0,0.0,TO
2017-09-11,30.1,0.0,TO
2017-09-12,29.5,0.0,TO
2017-09-13,29.5,0.0,TO
2017-09-14,30.0,0.0,TO
2017-09-15,30.3,0.0,TO
2017-09-16,29.4,0.0,TO
2017-09-17,29.0,0.0,TO
2017-09-18,30.5,0.0,TO
2017-09-19,31.1,0.0,TO
2017-09-20,30.7,0.0,TO
2017-09-21,29.9,0.0,TO
2017-09-22,30.1,0.0,TO
2017-09-23,30.7,0.0,TO
2017-09-24,31.1,0.0,TO
2017-09-25,31.0,0.0,TO
2017-09-26,31.5,0.0,TO
2017-09-27,31.3,0.0,TO
2017-09-28,31.6,0.0,TO
2017-09-29,31.6,0.0,TO
2017-09-30,29.9,0.7,TO
2017-10-01,28.4,1.7,TO
2017-10-02,29.9,0.2,TO
2017-10-03,27.2,2.4,TO
2017-10-04,29.8,0.0,TO
2017-10-05,31.2,0.0,TO
2017-10-06,31.8,0.0,TO
2017-10-07,31.6,0.0,TO
2017-10-08,30.5,0.0,TO
2017-10-09,29.2,0.4,TO
2017-10-10,29.7,0.2,TO
2017-10-11,29.9,0.0,TO
2017-10-12,30.4,0.5,TO
2017-10-13,30.6,0.1,TO
2017-10-14,30.3,0.1,TO
2017-10-15,30.4,0.2,TO
2017-10-16,28.0,9.0,TO
2017-10-17,29.4,0.1,TO
2017-10-18,29.9,0.0,TO
2017-10-19,30.4,0.0,TO
2017-10-20,30.7,0.0,TO
2017-10-21,32.0,0.0,TO
2017-10-22,32.8,0.0,TO
2017-10-23,31.9,0.0,TO
2017-10-24,31.3,0.0,TO
2017-10-25,32.0,0.0,TO
2017-10-26,30.7,0.0,TO
2017-10-27,29.1,0.5,TO
2017-10-28,27.5,3.1,TO
2017-10-29,28.6,1.2,TO
2017-10-30,27.8,17.3,TO
2017-10-31,24.1,28.1,TO
2017-11-01,25.9,0.1,TO
2017-11-02,28.4,0.3,TO
2017-11-03,27.6,2.8,TO
2017-11-04,27.0,0.8,TO
2017-11-05,26.0,7.0,TO
2017-11-06,26.7,5.9,TO
2017-11-07,25.8,13.7,TO
2017-11-08,24.8,11.9,TO
2017-11-09,26.7,1.8,TO
2017-11-10,26.8,3.3,TO
2017-11-11,24.5,18.8,TO
2017-11-12,26.8,0.6,TO
2017-11-13,25.9,12.3,TO
2017-11-14,25.1,9.4,TO
2017-11-15,25.2,4.2,TO
2017-11-16,25.4,2.5,TO
2017-11-17,26.2,2.1,TO
2017-11-18,26.2,29.7,TO
2017-11-19,25.0,4.7,TO
2017-11-20,25.8,9.1,TO
2017-11-21,26.4,5.1,TO
2017-11-22,26.5,0.7,TO
2017-11-23,25.6,20.2,TO
2017-11-24,25.6,1.3,TO
2017-11-25,26.1,4.3,TO
2017-11-26,26.9,1.4,TO
2017-11-27,27.5,0.5,TO
2017-11-28,26.9,3.8,TO
2017-11-29,26.8,0.2,TO
2017-11-30,25.9,42.7,TO
2017-12-01,25.2,14.0,TO
2017-12-02,26.4,0.6,TO
2017-12-03,26.7,8.7,TO
2017-12-04,27.0,5.4,TO
2017-12-05,27.5,0.8,TO
2017-12-06,27.8,2.5,TO
2017-12-07,26.1,20.2,TO
2017-12-08,25.7,2.8,TO
2017-12-09,25.1,2.0,TO
2017-12-10,24.3,3.9,TO
2017-12-11,24.3,9.2,TO
2017-12-12,25.4,9.1,TO
2017-12-13,25.3,17.6,TO
2017-12-14,23.8,33.9,TO
2017-12-15,24.3,18.5,TO
2017-12-16,25.2,10.0,TO
2017-12-17,24.5,9.6,TO
2017-12-18,24.4,14.4,TO
2017-12-19,25.2,11.8,TO
2017-12-20,25.5,0.8,TO
2017-12-21,26.0,1.4,TO
2017-12-22,25.3,8.5,TO
2017-12-23,25.1,9.7,TO
2017-12-24,25.2,14.9,TO
2017-12-25,24.6,7.0,TO
2017-12-26,25.7,0.7,TO
2017-12-27,26.6,0.7,TO
2017-12-28,26.0,1.5,TO
2017-12-29,25.8,10.0,TO
2017-12-30,26.1,3.3,TO
2017-12-31,26.1,2.7,TO
2018-01-01,26.2,4.3,TO
2018-01-02,25.9,9.6,TO
2018-01-03,25.1,11.1,TO
2018-01-04,25.2,1.7,TO
2018-01-05,25.0,16.6,TO
2018-01-06,23.8,5.7,TO
2018-01-07,24.7,2.4,TO
2018-01-08,24.4,11.0,TO
2018-01-09,24.4,6.4,TO
2018-01-10,24.6,6.9,TO
2018-01-11,25.4,5.8,TO
2018-01-12,23.8,26.4,TO
2018-01-13,25.1,4.0,TO
2018-01-14,24.7,8.5,TO
2018-01-15,25.0,2.9,TO
2018-01-16,26.2,0.5,TO
2018-01-17,26.6,0.1,TO
2018-01-18,26.9,0.8,TO
2018-01-19,26.3,3.0,TO
2018-01-20,25.6,1.0,TO
2018-01-21,25.7,12.1,TO
2018-01-22,25.4,15.7,TO
2018-01-23,24.9,2.3,TO
2018-01-24,25.2,0.4,TO
2018-01-25,25.6,0.1,TO
2018-01-26,25.4,5.5,TO
2018-01-27,25.3,18.4,TO
2018-01-28,24.9,11.0,TO
2018-01-29,25.8,13.7,TO
2018-01-30,26.7,1.2,TO
2018-01-31,26.1,4.3,TO
2018-02-01,25.7,18.4,TO
2018-02-02,25.3,24.1,TO
2018-02-03,24.4,25.1,TO
2018-02-04,23.8,23.5,TO
2018-02-05,22.6,48.8,TO
2018-02-06,22.3,36.9,TO
2018-02-07,24.2,2.8,TO
2018-02-08,26.0,5.6,TO
2018-02-09,23.5,58.2,TO
2018-02-10,25.6,0.9,TO
2018-02-11,24.9,22.0,TO
2018-02-12,25.1,7.1,TO
2018-02-13,25.5,8.0,TO
2018-02-14,24.9,17.3,TO
2018-02-15,25.4,1.1,TO
2018-02-16,26.0,0.9,TO
2018-02-17,25.8,14.1,TO
2018-02-18,25.6,7.7,TO
2018-02-19,24.7,11.8,TO
2018-02-20,25.4,1.2,TO
2018-02-21,25.3,27.1,TO
2018-02-22,23.9,9.8,TO
2018-02-23,24.7,1.6,TO
2018-02-24,25.7,2.7,TO
2018-02-25,23.9,17.9,TO
2018-02-26,24.9,0.2,TO
2018-02-27,25.9,0.6,TO
2018-02-28,26.3,6.9,TO
2018-03-01,25.5,8.3,TO
2018-03-02,25.7,0.9,TO
2018-03-03,26.8,0.7,TO
2018-03-04,26.3,12.1,TO
2018-03-05,26.1,12.7,TO
2018-03-06,25.9,0.5,TO
2018-03-07,25.7,3.2,TO
2018-03-08,24.5,28.1,TO
2018-03-09,25.2,2.3,TO
2018-03-10,25.0,2.3,TO
2018-03-11,25.4,1.0,TO
2018-03-12,25.2,9.2,TO
2018-03-13,23.9,25.2,TO
2018-03-14,24.8,0.9,TO
2018-03-15,25.7,2.8,TO
2018-03-16,26.0,5.5,TO
2018-03-17,25.9,4.5,TO
2018-03-18,25.6,1.4,TO
2018-03-19,25.7,13.9,TO
2018-03-20,24.8,14.6,TO
2018-03-21,26.0,12.8,TO
2018-03-22,25.8,1.7,TO
2018-03-23,24.8,8.6,TO
2018-03-24,24.9,1.3,TO
2018-03-25,24.4,30.3,TO
2018-03-26,24.0,15.5,TO
2018-03-27,25.3,0.0,TO
2018-03-28,25.6,5.3,TO
2018-03-29,26.7,0.4,TO
2018-03-30,25.4,14.5,TO
2018-03-31,26.0,0.2,TO
2018-04-01,26.3,0.6,TO
2018-04-02,25.2,4.9,TO
2018-04-03,25.5,1.2,TO
2018-04-04,24.9,2.4,TO
2018-04-05,25.2,1.6,TO
2018-04-06,24.3,2.5,TO
2018-04-07,24.6,15.5,TO
2018-04-08,24.4,8.3,TO
2018-04-09,24.5,8.8,TO
2018-04-10,24.6,16.8,TO
2018-04-11,23.8,27.4,TO
2018-04-12,24.3,0.4,TO
2018-04-13,24.8,3.5,TO
2018-04-14,24.5,18.3,TO
2018-04-15,25.6,0.0,TO
2018-04-16,26.1,2.5,TO
2018-04-17,25.0,7.4,TO
2018-04-18,26.0,0.0,TO
2018-04-19,26.2,0.0,TO
2018-04-20,26.7,0.2,TO
2018-04-21,26.4,0.1,TO
2018-04-22,26.5,0.2,TO
2018-04-23,26.4,1.2,TO
2018-04-24,26.2,2.1,TO
2018-04-25,26.2,0.6,TO
2018-04-26,26.4,0.8,TO
2018-04-27,26.7,0.2,TO
2018-04-28,27.0,0.0,TO
2018-04-29,26.6,0.1,TO
2018-04-30,27.0,0.0,TO
2018-05-01,26.9,0.1,TO
2018-05-02,27.2,0.4,TO
2018-05-03,26.5,0.8,TO
2018-05-04,26.9,0.0,TO
2018-05-05,26.7,0.7,TO
2018-05-06,26.6,0.1,TO
2018-05-07,27.1,0.0,TO
2018-05-08,26.5,0.0,TO
2018-05-09,26.4,0.0,TO
2018-05-10,26.0,0.0,TO
2018-05-11,27.5,0.0,TO
2018-05-12,27.8,0.0,TO
2018-05-13,25.5,2.2,TO
2018-05-14,26.7,2.4,TO
2018-05-15,26.7,0.0,TO
2018-05-16,26.5,0.0,TO
2018-05-17,26.5,0.1,TO
2018-05-18,26.9,0.3,TO
2018-05-19,27.5,0.2,TO
2018-05-20,26.6,0.1,TO
2018-05-21,25.9,4.3,TO
2018-05-22,27.0,0.0,TO
2018-05-23,26.9,0.0,TO
2018-05-24,27.0,0.0,TO
2018-05-25,27.3,0.0,TO
2018-05-26,26.9,0.0,TO
2018-05-27,26.7,0.0,TO
2018-05-28,26.8,0.0,TO
2018-05-29,26.8,0.0,TO
2018-05-30,26.6,0.0,TO
2018-05-31,26.4,0.0,TO
2018-06-01,26.2,0.0,TO
2018-06-02,27.0,0.0,TO
2018-06-03,26.9,0.0,TO
2018-06-04,27.3,0.0,TO
2018-06-05,28.0,0.0,TO
2018-06-06,27.6,0.0,TO
2018-06-07,27.8,0.0,TO
2018-06-08,28.3,0.1,TO
2018-06-09,27.6,0.1,TO
2018-06-10,27.3,0.1,TO
2018-06-11,27.4,0.0,TO
2018-06-12,26.9,0.0,TO
2018-06-13,26.4,0.0,TO
2018-06-14,26.0,0.0,TO
2018-06-15,26.1,0.0,TO
2018-06-16,26.0,0.0,TO
2018-06-17,26.5,0.0,TO
2018-06-18,25.4,0.0,TO
2018-06-19,26.3,0.0,TO
2018-06-20,26.2,0.0,TO
2018-06-21,25.4,0.0,TO
2018-06-22,25.4,0.0,TO
2018-06-23,25.6,0.0,TO
2018-06-24,25.5,0.0,TO
2018-06-25,25.0,0.0,TO
2018-06-26,24.6,0.0,TO
2018-06-27,24.3,0.0,TO
2018-06-28,25.1,0.0,TO
2018-06-29,25.3,0.0,TO
2018-06-30,25.2,0.0,TO
2018-07-01,25.5,0.0,TO
2018-07-02,25.2,0.0,TO
2018-07-03,25.7,0.0,TO
2018-07-04,25.7,0.0,TO
2018-07-05,25.6,0.0,TO
2018-07-06,24.9,0.0,TO
2018-07-07,26.3,0.0,TO
2018-07-08,27.2,0.0,TO
2018-07-09,26.9,0.0,TO
2018-07-10,26.9,0.0,TO
2018-07-11,26.3,0.0,TO
2018-07-12,27.2,0.0,TO
2018-07-13,27.4,0.0,TO
2018-07-14,26.7,0.0,TO
2018-07-15,26.7,0.0,TO
2018-07-16,26.1,0.0,TO
2018-07-17,25.7,0.0,TO
2018-07-18,26.2,0.0,TO
2018-07-19,25.6,0.0,TO
2018-07-20,26.0,0.0,TO
2018-07-21,25.6,0.0,TO
2018-07-22,25.8,0.0,TO
2018-07-23,26.3,0.0,TO
2018-07-24,25.9,0.0,TO
2018-07-25,25.9,0.0,TO
2018-07-26,26.0,0.0,TO
2018-07-27,26.3,0.0,TO
2018-07-28,26.8,0.0,TO
2018-07-29,27.0,0.0,TO
2018-07-30,27.5,0.0,TO
2018-07-31,27.8,0.0,TO
2018-08-01,27.2,0.0,TO
2018-08-02,27.1,0.0,TO
2018-08-03,27.7,0.0,TO
2018-08-04,27.3,0.1,TO
2018-08-05,28.0,0.0,TO
2018-08-06,28.2,0.0,TO
2018-08-07,28.4,0.0,TO
2018-08-08,28.2,0.0,TO
2018-08-09,29.0,0.0,TO
2018-08-10,28.6,0.0,TO
2018-08-11,30.0,0.0,TO
2018-08-12,29.5,0.0,TO
2018-08-13,28.1,1.1,TO
2018-08-14,26.5,3.9,TO
2018-08-15,26.7,0.6,TO
2018-08-16,27.7,0.6,TO
2018-08-17,27.5,0.0,TO
2018-08-18,27.3,0.0,TO
2018-08-19,28.2,0.0,TO
2018-08-20,28.4,0.0,TO
2018-08-21,28.6,0.0,TO
2018-08-22,28.2,0.0,TO
2018-08-23,29.0,0.0,TO
2018-08-24,29.4,0.0,TO
2018-08-25,29.4,0.0,TO
2018-08-26,29.3,0.0,TO
2018-08-27,29.7,0.0,TO
2018-08-28,29.0,0.0,TO
2018-08-29,29.0,0.0,TO
2018-08-30,29.1,0.0,TO
2018-08-31,28.4,0.0,TO
2018-09-01,28.8,0.0,TO
2018-09-02,29.2,0.0,TO
2018-09-03,29.9,0.0,TO
2018-09-04,28.7,0.0,TO
2018-09-05,28.9,0.0,TO
2018-09-06,29.0,0.8,TO
2018-09-07,28.6,0.0,TO
2018-09-08,29.4,0.0,TO
2018-09-09,29.0,0.0,TO
2018-09-10,28.8,0.0,TO
2018-09-11,29.7,0.0,TO
2018-09-12,30.2,0.0,TO
2018-09-13,29.8,0.0,TO
2018-09-14,29.5,0.0,TO
2018-09-15,29.5,0.0,TO
2018-09-16,29.7,0.2,TO
2018-09-17,29.4,0.2,TO
2018-09-18,30.2,0.0,TO
2018-09-19,29.8,1.1,TO
2018-09-20,28.6,0.3,TO
2018-09-21,29.5,0.0,TO
2018-09-22,30.3,0.0,TO
2018-09-23,30.4,0.0,TO
2018-09-24,28.6,1.5,TO
2018-09-25,28.3,1.0,TO
2018-09-26,28.0,0.8,TO
2018-09-27,28.2,0.4,TO
2018-09-28,28.2,2.9,TO
2018-09-29,27.3,8.3,TO
2018-09-30,27.5,3.0,TO
2018-10-01,25.0,11.3,TO
2018-10-02,26.7,2.2,TO
2018-10-03,27.3,2.5,TO
2018-10-04,27.0,0.1,TO
2018-10-05,26.6,1.0,TO
2018-10-06,25.8,8.9,TO
2018-10-07,26.4,4.0,TO
2018-10-08,25.8,22.6,TO
2018-10-09,26.9,1.4,TO
2018-10-10,27.2,0.4,TO
2018-10-11,28.0,0.1,TO
2018-10-12,27.0,1.1,TO
2018-10-13,27.0,0.9,TO
2018-10-14,27.7,1.7,TO
2018-10-15,27.7,1.3,TO
2018-10-16,24.6,21.9,TO
2018-10-17,25.8,0.1,TO
2018-10-18,25.9,4.9,TO
2018-10-19,26.5,9.6,TO
2018-10-20,26.4,1.1,TO
2018-10-21,25.0,4.3,TO
2018-10-22,26.1,0.5,TO
2018-10-23,27.4,1.0,TO
2018-10-24,28.4,0.1,TO
2018-10-25,28.2,0.7,TO
2018-10-26,29.7,0.1,TO
2018-10-27,28.6,1.0,TO
2018-10-28,26.6,1.0,TO
2018-10-29,27.1,0.2,TO
2018-10-30,26.5,6.4,TO
2018-10-31,26.5,1.9,TO
