order_date,product_id,predicted_demand
2018-05-06,008cff0e5792219fae03e570f980b330,1.9774642
2018-05-06,01217a683550744160a91eaa46a92305,1.6968164
2018-05-06,016711f78a6a87696645db0a6a834826,2.8164396
2018-05-06,01a5038835acf17f141c7247956b72d6,1.0120971
2018-05-06,02f8dd9b448d3ec2c73e65a22da1121c,0.90146714
2018-05-06,03aad9707028422f38b0563410912177,4.6073985
2018-05-06,03e9fcb7adffd8c9e14285c979ea59c9,0.8319426
2018-05-06,044f05bc9de36e8a693a83e4bc79dd0d,2.0872357
2018-05-06,045da764883d50dc071cc70c81226cbc,0.7512802
2018-05-06,04ca6bf4b3d9aa78046f0973efe2f4b1,0.88500595
2018-05-06,04caadc7ea07eadcaa8513b4f6ecd8ec,0.8284281
2018-05-06,052413504e5295cd66ec4ced0b310062,3.2358093
2018-05-06,05a9dadb8402b6b7ae3dd28f7da187b5,2.3501437
2018-05-06,060f0122cdc8f25db4a0d7359fdae7b0,2.4613633
2018-05-06,0661920a7a5f19746f501d1190888270,0.994716
2018-05-06,06dce482ace017e78349b6f1fa83a022,1.5790089
2018-05-06,06edb72f1e0c64b14c5b79353f7abea3,11.051959
2018-05-06,06f2166336faca73c644b11eaca22d06,1.7779702
2018-05-06,077599a82ee54960bc4f4c941b0d1359,1.4757106
2018-05-06,07a446d7cf0e22333d2032294c408cca,0.94668233
2018-05-06,07a949f27854f64558f8babcfec441cc,3.1055522
2018-05-06,07ffc018eaf23e086370dea42c74077b,0.76495326
2018-05-06,0983cd4a5cabf1099659ce461511963c,1.604431
2018-05-06,0aabfb375647d9738ad0f7b4ea3653b1,13.731758
2018-05-06,0bbdc963004d9b2fd3427ee3c5ae3608,3.3575852
2018-05-06,0bdd9a52d192d64770e33ae559512478,1.5095286
2018-05-06,0c7ec2b24166d57ac38a9db523711782,2.8736477
2018-05-06,0cd1e5169a1ba33d42fc9f76345a4504,0.76593053
2018-05-06,0cf41187284d7f099adc8415a743ebbd,1.8344635
2018-05-06,0df95ac688e582eb91f23b4b3ffe7ee8,0.74694675
2018-05-06,10070e29929f7c7d609ee3201f236b8e,2.1986508
2018-05-06,103cc8c441a717d9a54fca312ae8ec3c,1.4763831
2018-05-06,10717ff440b2320081989126e858b220,5.1460123
2018-05-06,11fd9d7ba552e1d28872e008acf1e050,3.2241025
2018-05-06,12f066474dfa3c415c169051c5e1967e,3.3848717
2018-05-06,134957eeec87be2414ac629ee0b947a4,2.1156955
2018-05-06,134a6fc4a713a799266ebd6a4f4008d4,4.3643093
2018-05-06,1427b126f61597524866770b05d4eed2,2.238977
2018-05-06,143f3709e0b16bb2f1f5737e74ec15bc,0.83205605
2018-05-06,154e7e31ebfa092203795c972e5804a6,3.9248087
2018-05-06,1613b819ab5dae53aead2dbb4ebdb378,6.2957196
2018-05-06,163e6400e6dadd0fe04775c5e9331fda,2.200331
2018-05-06,16c4e87b98a9370a9cbc3a4658a3f45b,1.1655053
2018-05-06,173e9fe34bfe97f3a5e6dc57fe897b74,29.000208
2018-05-06,1743a97176a0bff38a65331fae2306af,0.9631037
2018-05-06,177d3d5bb9d4d29222a222e3b3554f41,1.832434
2018-05-06,189f163ac190749c553a4835c22aa3a8,1.4030151
2018-05-06,19421075ae0b585f2dc13ff149e2119d,6.214295
2018-05-06,19c91ef95d509ea33eda93495c4d3481,39.561832
2018-05-06,1a0971a6f39f04118207a7308d451e9d,1.0949637
2018-05-06,1a405418406359cc2b8815f93bf359c2,3.2083602
2018-05-06,1b7b45fba5ad23e8117914f8b36e6772,1.6504608
2018-05-06,1cac29154057b66c1cfcb6ff58e2fdbf,0.9657301
2018-05-06,1cc61b32763a4d816212b3507b6b6c59,1.6209222
2018-05-06,1d974de82e60d653a2d1cc79984dcec8,1.45375
2018-05-06,1dec4c88c685d5a07bf01dcb0f8bf9f8,2.1627467
2018-05-06,1dfb36d969d347f56f43590ec42c7b8c,1.4028851
2018-05-06,1fcf5e0632e4af48ee4956c82c8fff3b,0.722649
2018-05-06,2043cae78c8b731c405c7329a05154b2,1.3929312
2018-05-06,20531b0644a0719b8d506c4db3c56609,3.8361294
2018-05-06,21767347dfdabbe42b3ca5846a4cdb48,0.89304036
2018-05-06,21ee06f7fd37a6fe4841865339411674,3.588411
2018-05-06,220bc6afbb138c2e99fffc0f9838afd4,0.8935007
2018-05-06,22234a1dd91ce8e88c7b108d198c40ad,1.5150363
2018-05-06,226be9996759442f90f73b7d24c6baff,6.492545
2018-05-06,232906919fb046e3d050f8dd336b2634,9.003827
2018-05-06,25437c6ccd9cdc28db375f821881224f,0.85150003
2018-05-06,26b2a480ced2900a62bb9431133e95aa,2.1191807
2018-05-06,27855ab0b06ec76e035b2df0aefb5f39,0.9512457
2018-05-06,27c0cea4dc76549f5bd124d9cad0ae3b,1.0143362
2018-05-06,27fdfad2c6a8f91606eb41ea396785c6,1.590581
2018-05-06,2848023ffcfb063bb7aa0d0c447bd116,1.2409579
2018-05-06,286bcf62e47dfc1e51cf0d525bd4d1bf,2.1348748
2018-05-06,28b4eced95a52d9c437a4caf9d311b95,2.8460186
2018-05-06,2a27bdf5d36c733df107a86e44370254,3.1915116
2018-05-06,2ac5c215e10e7251979c895510de4121,0.7145131
2018-05-06,2b4042dfabc3fe9d3f16951a8e1a3b70,1.421846
2018-05-06,2c0c951471371afa81e47d7bf8d20522,1.9961693
2018-05-06,2ccd049c8e7ea210e079a1aa8ad92477,1.4176028
2018-05-06,2daba1ba2b585317701770c97f0a3c0b,1.0088035
2018-05-06,2f20a2013902657c0800ddf524514e4e,0.93445385
2018-05-06,2fd89f236e3e8f4b81b7b74f09f40186,1.6917214
2018-05-06,2ffdf10e724b958c0f7ea69e97d32f64,1.9942014
2018-05-06,30360c8b0b2ac6918f53ab66bc3c306f,0.8519944
2018-05-06,306e6b5dda3397e4a9312f94d82565b5,0.98105276
2018-05-06,30ac6df06dc59ad72cf2f158fc2d904c,5.954665
2018-05-06,30e2b9deadd5211496426065065c71a7,1.6114457
2018-05-06,31a89a7044c5b133cf646404a4e86022,29.473705
2018-05-06,31b8c37adb9572ed34757d9368d987ac,2.395341
2018-05-06,31fd02b02c33827cbde22902cf80338c,2.6741738
2018-05-06,3258acb04d37e2f91f76c9250f3b80a0,1.4609075
2018-05-06,330144665b875c2b4555f88d9f4ed7c1,1.6489238
2018-05-06,3350d0f553c213f918a89ce65d269417,0.59997636
2018-05-06,3354a4e684f5e7199f9407db70ccd92b,5.3796597
2018-05-06,33f17ed3c6906f7a7ae17a0843536db4,1.3449119
2018-05-06,34c8873cadb5465f46b7a20b6eb0215b,5.276876
2018-05-06,353356a910b2a42aa75a888a5d348997,1.7035522
2018-05-06,35aa06ce9cf87fdcb9b19797c981c4a6,1.0075663
2018-05-06,35ebf08a93899d44e756809e11b14754,3.669795
2018-05-06,363218ba55c610b750224f90bdd34be1,5.8365726
2018-05-06,368c6c730842d78016ad823897a372db,156.38867
2018-05-06,371fa349d92646bbeea5873df0bcdc5a,2.1194115
2018-05-06,37bd6327d499dd991f2da7681625bb3c,1.7915127
2018-05-06,387e781bdd254dd8821e6194af0fa8d7,0.9174545
2018-05-06,389ccdc358e8e98aff57a6ed3e038547,0.93448
2018-05-06,389d119b48cf3043d311335e499d9c6b,35.736893
2018-05-06,38ad86e536a0e27c5a4d2dc30964259d,0.91776985
2018-05-06,38b007c8f51a77bde546746ad8af4f64,0.85601526
2018-05-06,3933e8a85308e9e9e9bc428355ba203e,0.9134662
2018-05-06,39a1a3b9314738724fce4b2907ae6686,1.468356
2018-05-06,3a362c0e7f9a69276e2d95869a3e143b,2.539078
2018-05-06,3a97c39e9f9403887cba9e4fe7bd789f,0.9667789
2018-05-06,3b99375795409600e7924e00452855c0,0.8415674
2018-05-06,3bd016185be10ea4b4b2baa6e7dd9e9b,1.5800579
2018-05-06,3c261802e239d1f2dcda5ed49aa14220,0.60882074
2018-05-06,3c4e3782469a0f1ac459dc6c47ebef31,0.7316382
2018-05-06,3c839ed874f2e0444a38bfc8daf5ad5e,4.3754363
2018-05-06,3cb11cc74ce2cf42fd23d867c18a7745,0.87037414
2018-05-06,3cb39171fd36c50097f2dedbbe0dfe6e,3.5390382
2018-05-06,3cf8d7db7dbaeb28f077151adfc59340,1.8417633
2018-05-06,3da76d120922f2c5c94b3ec02db563c9,3.3290381
2018-05-06,3dd2a17168ec895c781a9191c1e95ad7,90.338745
2018-05-06,3f14d740544f37ece8a9e7bc8349797e,12.46346
2018-05-06,3fbc0ef745950c7932d5f2a446189725,90.42399
2018-05-06,409ec48108c4dad2130633a912fe877e,4.969117
2018-05-06,40e8b425d1a26e2d9cb77363523e05ce,2.050918
2018-05-06,40f999464ef29d2a07cfaca1eea4c210,0.99369085
2018-05-06,4180a49d4b879e727ad2c8e82a9f4d87,4.050168
2018-05-06,41905505467674f4496fd2f6e9ebae6f,1.0090697
2018-05-06,419cb1b441eda9b92ebd1a1b96090c26,2.21722
2018-05-06,41c24b8ce92d1a2cac62db5edfd088b2,14.037794
2018-05-06,41db6d8062fcd38410c699743ccc0265,11.80014
2018-05-06,422879e10f46682990de24d770e7f83d,89.847015
2018-05-06,4298b7e67dc399c200662b569563a2b2,17.699028
2018-05-06,42d383bd16effbbd48744a1181adb5ed,0.6087328
2018-05-06,437c05a395e9e47f9762e677a7068ce7,1082.0708
2018-05-06,44fded21627553d1886d459384bbce06,3.1680694
2018-05-06,461ad76d92ef0858a087d05f96b7d6e5,0.980086
2018-05-06,461f43be3bdf8844e65b62d9ac2c7a5a,11.723138
2018-05-06,46444262c3cb20869d7f96985fc0b08a,0.8593788
2018-05-06,47531d889b34bc318d8594a7d53fcdb6,0.894111
2018-05-06,47cd48073d67f91f09cb5ef9496c920b,1.7013606
2018-05-06,4858799008e3cd4fcab9c61fbc63a2a0,0.8339911
2018-05-06,4949bc7693f27596ca18cfe03c5a83b2,0.54527676
2018-05-06,49c5279cc2c4e8ee09dd2871bed03114,0.94450444
2018-05-06,4ae6bbbe40edd8689f356e7d822c6dd3,0.83701086
2018-05-06,4b96786612ebe7463132fce2c4dca136,5.079026
2018-05-06,4c3063dd985fb11ee11451d3bf7a99b0,0.5698496
2018-05-06,4c4dbaeebae887ed4fae3a70530901a1,0.88861513
2018-05-06,4c8b28305f570899b6ded964ddd234a9,1.3603804
2018-05-06,4deb009c36a910076a023947a7929201,15.303763
2018-05-06,4f288e27579d68e616d2712ad669f99e,1.4026157
2018-05-06,4fa33915031a8cde03dd0d3e8fb27f01,1.7481072
2018-05-06,4fe644d766c7566dbc46fb851363cb3b,18.883749
2018-05-06,50e1b118f266b655f613f753914c42db,1.4761022
2018-05-06,51ce083cd2b9078656a94655ab45b8a4,2.1140547
2018-05-06,51d646c5c93e0f1de543528d0e24eadc,1.2711514
2018-05-06,529bb98486625f3590837af3e22e49a4,0.88980895
2018-05-06,53759a2ecddad2bb87a079a1f1519f73,8.118714
2018-05-06,53a72a0b6feec4a5cb40c5c79374b471,1.2817653
2018-05-06,53b36df67ebb7c41585e8d54d6772e08,1373.6115
2018-05-06,53cd3ac003138916806e6f5380fc427c,0.9917844
2018-05-06,53db18171eeeead5f0a7ea398054c298,0.8054507
2018-05-06,5403528d987ad26e8d7cb25940411987,1.2564721
2018-05-06,54f45413afc0d5480c59f5dfeed2d19f,2.1216733
2018-05-06,5526b1ae9ab2688cf600783cece249df,9.933033
2018-05-06,5562c7c7b08835a354f9c65cd4f1d9c3,21.97132
2018-05-06,564f6ff7ae760d6eda6d32c551724036,4.5979056
2018-05-06,5650f9e1f73d0a1c0176988cf2e950d5,1.702243
2018-05-06,566a4f2c4385f36d15c00dfcaae132d1,2.7522428
2018-05-06,568c923625669145cc9a644856fccd14,7.946993
2018-05-06,57e089e3103f5cda6a4ce23b77399bdb,2.8306153
2018-05-06,58727e154e8e85d84052cd22b0136c84,1.3277102
2018-05-06,5956cad5849f642bfdf5d50303952beb,1.0652173
2018-05-06,595fac2a385ac33a80bd5114aec74eb8,5.096652
2018-05-06,5be51b87d3f543e942bb8299c5bd4423,1.4208596
2018-05-06,5c7dfdd3e6d851f08d3cfe8213747ff5,0.7145131
2018-05-06,5c86703f3b01f9df579c3a6232bb908b,1.0800052
2018-05-06,5d3a28908289035ee6394b67a15a2687,0.34363997
2018-05-06,5d5288d3096b9becaa3566f64fe88110,1.0549809
2018-05-06,5d6bea33648f018dbb563f3a2fab09f3,15.584049
2018-05-06,5d7c23067ed3fc8c6e699b9373d5890b,1.9768246
2018-05-06,5e5d267a41f3d8bb608c2f0bd4b4972f,1.5229073
2018-05-06,5ec1f2abfcd415baea5b1729d4cc5f83,1.0144514
2018-05-06,612333e41128203342c1dc089808f3ad,1.4283137
2018-05-06,61d01171a3784bab50137290350e5332,11.82513
2018-05-06,62f5caa3d09aa499e778927db65547eb,0.9620439
2018-05-06,634256dbcd184b3757ffd7632c9fe52a,139.49927
2018-05-06,64976272fa76578e7bb56f6d6d942ef6,0.6740242
2018-05-06,64d33e6bd1b905a31c2f96f584e6a0c8,2.1509707
2018-05-06,655110abedc57d73d3b2150d8ba2092a,3.7672474
2018-05-06,656e6ea7d86cf0008e67b693d33cc357,0.939622
2018-05-06,65dfa5d20f4beb1a0f6aad75c004434f,1.3934021
2018-05-06,677863732107706b878df62cdc8eaf8e,0.9157808
2018-05-06,677d8ace413e0060fa8686cde56eaf10,1.3960203
2018-05-06,67ee002d7de2ab248bef398033830866,5.367075
2018-05-06,6803077179d24889430188e03fafd31a,1.7853043
2018-05-06,683647534fe73616ae97d91a6ef253f4,4.593243
2018-05-06,685919d3ededc26c0ec078b32241025a,1.477296
2018-05-06,688ad0169550f8e2eb0307b61df3ba12,2.244673
2018-05-06,69455f41626a745aea9ee9164cb9eafd,3.6463845
2018-05-06,69523f67543ff9ea6b1a15858fb59b3b,0.9170708
2018-05-06,696c39c44288187022347dcb177ac304,1.6024599
2018-05-06,69b45497bec8e36af6fd1a31b2cd8f9f,0.7858663
2018-05-06,6a23ae3187f1dac41b7210a8c7739d6b,28.053215
2018-05-06,6a29caa68d4bc5536b4447c25de4c937,1.0335759
2018-05-06,6a8631b72a2f8729b91514db87e771c0,4.27798
2018-05-06,6ab6d9589ae19abcee458918d4779fae,1.296106
2018-05-06,6ac3978babf6ca76087369391bb6ce5a,2.2043378
2018-05-06,6c8b2975a4a05d1f36948b20753b29ca,1.6289424
2018-05-06,6cc44821f36f3156c782da72dd634e47,6.1529527
2018-05-06,6ce07ff93c0dbafa9df5c10038e41287,0.83351505
2018-05-06,6d83b30a8dcfb49e62c0a31eb22521fe,0.7799899
2018-05-06,6e0b3bc6a8bcfcca9005f9d220fe4af8,1.3777473
2018-05-06,6e6bc9eb53618579e6184f84ae04dba9,0.9330764
2018-05-06,6ed58ce8373b3d0c7704df9daf21e4d8,1.9835688
2018-05-06,6f3b5b605d91b7439c5e3f5a8dffeea7,40.723618
2018-05-06,703d742887bb9267f89b675608ba7aa0,23.336094
2018-05-06,704ef63ad0ac345842ea734060a83db2,2.860868
2018-05-06,7148a8f67a1564b5a6c5944398357e18,1.7648908
2018-05-06,71540d636652fc682032d3b3c0a180c1,1.3510593
2018-05-06,71f2ce4ae5dfdd3b55a51c7a2d3c4da8,1.0238893
2018-05-06,727a46f0b58a9ef165af9f7ebcfebfa9,19.762278
2018-05-06,7324c4b82393a004e3e38a7632d1bba2,1.7012485
2018-05-06,7329db39e452f3fa1b4f8285055a8e36,0.8738395
2018-05-06,7340a3839a1de1e99d149b8cf052a2ec,2.5760505
2018-05-06,739e8ddbbd7a0d61e33949614a14d8cb,1.1207498
2018-05-06,75f6a4f019ec1322758d53b2fee2cc12,0.86091334
2018-05-06,76706412ce5e2ae50ebcd57177232861,1.0584308
2018-05-06,777d2e438a1b645f3aec9bd57e92672c,3.151291
2018-05-06,78119fbfa709d07b86f5ccf15043c6d6,1.5004265
2018-05-06,781afe929e3016a667f5f439afd55fce,5.4733295
2018-05-06,787a4f84b1a006dcf7b568487c8589b8,0.9380901
2018-05-06,78efe838c04bbc568be034082200ac20,7.8789554
2018-05-06,79da264732f717f10ebf5d102aa6c32a,2.1351888
2018-05-06,7a10781637204d8d10485c71a6108a2e,30.632835
2018-05-06,7bbf8eb1681f6f8ec4b6f0c1c6934718,0.8810499
2018-05-06,7bcf2266b78ccc737b8f26f925d3c5d4,1.2165107
2018-05-06,7c6fbb3a5346dfd607386155c6f628f8,0.6810345
2018-05-06,7cdd05e9483aff93c2c0a41cceb9b445,1.5280076
2018-05-06,7ce94ab189134e2d3c05f496d635419c,7.815608
2018-05-06,7eaf66aca1ed54df09b3c864b7416110,1.6852007
2018-05-06,7ee6dbf13ecd5dc58d07fd0fc2eaf49a,0.9604187
2018-05-06,7efd7d1a1a985eae9fecdb134fd657d3,0.7880846
2018-05-06,7f064525eaaa1ce9d22c085f7ff5413a,0.89750636
2018-05-06,7f4e034245e45549110139d1de248f83,6.978341
2018-05-06,7fab1a1472fdd934397068931f63f3ca,3.3409114
2018-05-06,812f428f6757ab16c46cffc68f2e90c5,27.062288
2018-05-06,8173ca41cdb176462f9ae79821a48404,9.160081
2018-05-06,81d1cd44929d9c3a1f3bfd0a0c164baf,13.332304
2018-05-06,82e4ad16521ca131d95e198d507db370,2.3784804
2018-05-06,8317b177579dd27ff068b83205e2169b,6.5598707
2018-05-06,839d890a7312912b071c1d864b8faf0a,4.7979927
2018-05-06,83d199d296c44101c8c3b5c9c0cce9ea,1.3557347
2018-05-06,84c79830527ae823029ee6b904cf948c,1.3128835
2018-05-06,84f456958365164420cfc80fbe4c7fab,9.543257
2018-05-06,85156b6f3e9ba85d83b17b0c3c8cc627,0.762507
2018-05-06,865cf360a28190ff9c1cf3ee412c55ba,1.074285
2018-05-06,87cb507e0daa37bbf34956fd59eba832,1.9724582
2018-05-06,87ceed33e1f7fe39fa06b69c9fdf9e53,0.88980895
2018-05-06,87feb07adc221a4c6cdf051ea1afd0ff,3.8749413
2018-05-06,880be32f4db1d9f6e2bec38fb6ac23ab,4.9732337
2018-05-06,88c676304d4d4f0eaafc6ca88308f83b,0.7655585
2018-05-06,890b077b34b5d22c8c56d60536ab9e75,0.9334239
2018-05-06,89321f94e35fc6d7903d36f74e351d40,10.03926
2018-05-06,89e4362d74afa10ac57f8d67210132a6,4.688896
2018-05-06,8a6bebed424788f0e8e407bf8789102b,0.75303376
2018-05-06,8aa6223e400af9c97b07c75993142721,1.4860848
2018-05-06,8ac47b3ab13c68f49f10dde899674149,0.8172982
2018-05-06,8b51c6ccc9c0548c951214e1cd1547ff,1.0731714
2018-05-06,8b5227e28272123eefd613a10ffd7704,1.4602364
2018-05-06,8c154410716f31649d25e436f7d5d838,0.8949033
2018-05-06,8c292ca193d326152e335d77176746f0,6.99464
2018-05-06,8fe93eb771226eeff303130838348e81,0.9512457
2018-05-06,8feb43a054893da80044ad0f693fd0ad,0.9970222
2018-05-06,90948d9a060616a06ed14846f7f1749c,0.95868915
2018-05-06,914c9e9af640dd56f48764a225b00f89,1.8987745
2018-05-06,91846781ef75057e134949400768e272,2.20562
2018-05-06,928e52a9ad53a294fdcc91bcf59d1751,20.348024
2018-05-06,9361d7d8750b24496371f42a056065b5,0.7320548
2018-05-06,936a034fe3b07b7ae7c87fc8ceb0749d,1.351286
2018-05-06,93a12c289ca2b78e7069e469f5053ef2,18.05567
2018-05-06,93b513d693c7e922381d6aec80dfb639,1.0604002
2018-05-06,93c902b021a9e594f658ab1b0351602a,13.090164
2018-05-06,9451e630d725c4bb7a5a206b48b99486,1.3854433
2018-05-06,94774f52c71a3e4ce084c21c873507cc,0.8563567
2018-05-06,947f602dbb2ac7b6795cc5b1f0508a52,0.89371246
2018-05-06,9545d45c37449ccbc376de3a04c66e71,2.386702
2018-05-06,955129b53464486f9f93074c64b2bd88,0.9917844
2018-05-06,9565229244e9341fb8c8069879cf73cd,1.363401
2018-05-06,95ec3f7e237a87df9935a570ab6ef266,2.4384024
2018-05-06,962a6951154f98f2c8e9a5b8b2bcf4a9,9.730207
2018-05-06,96bdf83ce8bcf48510e8a8ab8b5fb660,0.7567255
2018-05-06,96d1c06692244e2fed6e1f9aa9552770,23.81028
2018-05-06,96d80c8b6c6545a30eb5bdc4961455f3,6.7348037
2018-05-06,97017430754804328eb9597b7f85da03,11.364365
2018-05-06,97f1396a5a1f7c07ba51784efdec44b8,11.443015
2018-05-06,98190f6a2c3253d07ca86525bb238162,4.9274673
2018-05-06,98600823ba81f3ba76386dac7c31ee06,0.7559429
2018-05-06,990d135e28e075648cb7d83198fdccf4,2.978331
2018-05-06,99a4788cb24856965c36a24e339b6058,93.21347
2018-05-06,9a24a6e49842bf0d95c661b7ea0315dc,0.93806565
2018-05-06,9b07e5a3113ca2345341e0cda29e4eb7,0.8516834
2018-05-06,9b0ad21bbd4384f9ebc28a688e1e81cd,2.7321086
2018-05-06,9b4166d38008a4d6c8efd4af05c0a4c1,3.0995674
2018-05-06,9bb2d066e4b33b624cbdfec7d50b3dcb,1.4992874
2018-05-06,9d0aa87e8df1bdbe0f79353520a2d538,0.9383793
2018-05-06,9da950e8c8c482441f1b93955b21c827,4.2141
2018-05-06,9ecadb84c81da840dbf3564378b586e9,47.212948
2018-05-06,9feeadd6b97835152e83e1b25b46f5c4,0.9796324
2018-05-06,9fef57f37ae72292952e73ff9a7a3fee,1.5353888
2018-05-06,a02d0123079f4ae96001ba2010d1a2df,4.3026333
2018-05-06,a03e401d58a45187271718c5d7610422,1.8044112
2018-05-06,a0b7d5a992ccda646f2d34e418fff5a0,1.966452
2018-05-06,a0eef953cb25bc9ae40457e1c3c82946,1.5095286
2018-05-06,a1bf559ac1eab015ba992bd76d9d76c7,1.9524194
2018-05-06,a1dd59756b92c62cd39375d0b0222698,1.1734279
2018-05-06,a5647c44af977b148e0a3a4751a09e2e,10.931545
2018-05-06,a5db7a80a8d9c9d49050360fceb6ffd4,1.5969634
2018-05-06,a62e25e09e05e6faf31d90c6ec1aa3d1,-15.099664
2018-05-06,a6f2ba5bb6d6d36ac92ed1faf4d123f2,1.8337983
2018-05-06,a8075470f960215ffb67624782f80fec,2.2930844
2018-05-06,a95db8c4b3cfdf4a5d518e0d738e4374,0.9970222
2018-05-06,aa280035c50ba62c746480a59045eec4,2.5014133
2018-05-06,aa70ae9ee9a798d44ae6e00ce6d82cb1,4.5549345
2018-05-06,aa8d88eb4b9cb38894e33fa624c4287f,3.5968056
2018-05-06,aadff88486740e0b0ebe2be6c09476ae,2.9151988
2018-05-06,ab1106e227a745836a0dc83b374e2575,3.9720757
2018-05-06,ab169b33d13e5041b9b9d4a2fafce9d9,1.4878421
2018-05-06,ab1f9387c0627dd24000bfbc54fdeee0,5.56528
2018-05-06,aca2eb7d00ea1a7b8ebd4e68314663af,238.43254
2018-05-06,acf64dbad65e99f5bb490d85c59b2636,1.7998031
2018-05-06,ad3cad415b6ec472fcdeff903a4a2567,1.4363867
2018-05-06,ad47aff134f11264c92d7ff1299163b1,2.5499516
2018-05-06,adf591c625cb265c12bc6749d3a2f757,1.3790436
2018-05-06,aefb222adb91095556d8aee8ccd7f97f,1.0289576
2018-05-06,af144ed65466a16118af719a57053c95,3.253419
2018-05-06,af2d506fb01b724e03591349ad36b67e,2.7580895
2018-05-06,af91083bde899b201798b52ae89babea,1.4384173
2018-05-06,b1551ef44e04265b510840b991b24b51,1.0562474
2018-05-06,b1f6881dc1fb3b2b665cb287418ba7be,0.6967503
2018-05-06,b2f15c23f560da3b247e1090d9d12be7,2.5610242
2018-05-06,b2fbf8beb178c391c49d80fa8c4435b6,0.9205828
2018-05-06,b42c05a477c94b52587fa47d777928df,2.241371
2018-05-06,b53de21d6ac42f6bc21b82af0e89a002,0.9998566
2018-05-06,b59b5899ecf4bcc294a72fdd48adaa94,1.5788904
2018-05-06,b5ac08b2bc73bc36eecc6107b78247d3,3.06243
2018-05-06,b5e13c9a353102f79c6206ff5cb61a50,7.1429367
2018-05-06,b69eb25e3a4def8e9cddee18712e0c5e,4.8717976
2018-05-06,b7a812ed1b86b3b00e566dc29ba7ec7c,1.5881593
2018-05-06,b84ee1832bd494a163f0a8315efde95c,0.92657566
2018-05-06,b8a0d73b2a06e7910d9864dccdb0cda2,4.1023293
2018-05-06,ba6c0daba35afe2ee11400da4ec7b3a4,1.0440327
2018-05-06,ba74c6b75d2ad7503175809688d5a03c,2.1130316
2018-05-06,bacbde3cf27796fc624ee5fd465065c4,0.9334239
2018-05-06,bb50f2e236e5eea0100680137654686c,16.48419
2018-05-06,bc5b673b87453987a45b11d34bb69de8,0.9238095
2018-05-06,bce474cc95b6e77657e10939b0b4248c,6.6828485
2018-05-06,bd7cab8de4d7943286634023cc06f8ff,1.4073945
2018-05-06,be40b2de99172a1101c7dfc49a52d2cf,0.90754753
2018-05-06,bea68931a4e8aeb29404dfc74b4ce5fc,0.948815
2018-05-06,bf4ff42133c7bced3bda24a521a5e12f,0.98637074
2018-05-06,c0eeedfd383f32ae9524a15a8898b129,0.97598445
2018-05-06,c12b64bf0861a27e0f06c36ef82f457d,1.0303056
2018-05-06,c1ad8ac66c91ad301cefc322ba2adf31,1.6721982
2018-05-06,c1d14f1a3879495b9df24a6c48880642,0.84017056
2018-05-06,c1e8014cae93306629b1de89dfa5a1bb,1.0575075
2018-05-06,c20a3f598c16d77249da67e81caa8317,10.589927
2018-05-06,c3097e07a0a5de0d4b4c836d90c5a284,2.5697148
2018-05-06,c475e0af586d200a52fcfa1dee11d1b2,1.0212821
2018-05-06,c5841303f830680eb1cdda8be0ff35bf,1.2556638
2018-05-06,c62bc42d383a40b285eee3f95240c817,1.1764336
2018-05-06,c6336fa91fbd87c359e44f5dca5a90ed,8.908753
2018-05-06,c63ea4621680c1b0fca8864c0564bd78,1.997397
2018-05-06,c7fd13b5e515bffdab855d0812842edb,68.97188
2018-05-06,c801dac0ec4865c5d42cf44b03a7d626,1.8207905
2018-05-06,c829cd4f5382dfc97d9cb71af8619e79,11.873648
2018-05-06,c83e096dc7df70cabe1508874eefc970,0.93445385
2018-05-06,c8e7965a98acecf61c4cebbaf5c08c53,24.128881
2018-05-06,c92f0e7b9d49a9543558d6532772441b,2.750021
2018-05-06,c9c6fde711572c1ad99ca12728c6af00,18.317959
2018-05-06,ca9c04665b3deab07935392e7432cdbe,10.246938
2018-05-06,cac52d956eff0cacf32f4b0f0f3aac5c,10.511538
2018-05-06,cac9e5692471a0700418aa3400b9b2b1,12.335583
2018-05-06,cadb69af336c16aba5c5223599821245,2.0182796
2018-05-06,ccadfeab525a9eb1569983b66e5075c4,25.190027
2018-05-06,ce169d5f9421a6f21e41a7bf54d0b98e,0.85137624
2018-05-06,ce5cedf6e57d59b07eeecb68eeafd099,4.8929043
2018-05-06,ce8139ec854c7484df66f211738c0746,0.8779099
2018-05-06,ceb25e5f3be12c14a1c69bd9e9e0f67f,1.25358
2018-05-06,ceb9200bc33732558224476d75815c32,1.8242629
2018-05-06,cec09725da5ed01471d9a505e7389d37,6.014717
2018-05-06,cf78006a2a6b0429b9663edd99bb38f9,2.1680698
2018-05-06,d017a2151d543a9885604dc62a3d9dcc,15.965981
2018-05-06,d0349534ab9b46b98d13a53051310f24,3.066857
2018-05-06,d13a4acdb64c202e774e815db547e108,1.6109635
2018-05-06,d1c427060a0f73f6b889a5c7c61f2ac4,53.564915
2018-05-06,d2085f7e0f9533605386960fc7e987ec,33.057888
2018-05-06,d2239567438e335a463191a43f2f02ff,0.80247295
2018-05-06,d272d0921188b0bd91542d704b21404e,1.1751552
2018-05-06,d285360f29ac7fd97640bf0baef03de0,-1.0653092
2018-05-06,d2b0f9cd5e31ed47dbf92b157c0cda96,1.1402787
2018-05-06,d339b523c298009f15d242a3a99392c7,1.7849561
2018-05-06,d33f55fbec1f19c63fc6854c2fd65925,0.78154
2018-05-06,d34ec3c23c142291062f958688a1b41c,1.3327065
2018-05-06,d5c263f4d651ba657c900ce70a4be7de,0.94562083
2018-05-06,d5edb235c490c253cb971f0ca5a7af74,0.7880846
2018-05-06,d692d19cee022f7acab76373f297ad6a,6.734127
2018-05-06,d6aa421b9567e3e2a3a0caf8fb846cbc,2.1686013
2018-05-06,d8aead84c0ff5356cacb9ac841ec3a5f,1.4125799
2018-05-06,d99526b1e4fa5f57b8bde34a7337b5ee,4.2383585
2018-05-06,da0bb22eb8eb2bce31a3784570528efb,0.92504865
2018-05-06,dab2413ead0edda9967edbc9bda2a64e,8.621096
2018-05-06,dabe0ebb4c28b903d35030ba1b6c8797,0.37236196
2018-05-06,db6796aa712a2626572bb3d0b9a039cf,1.5680923
2018-05-06,dd4924bdb39ff70888cda30b57f46035,1.2394803
2018-05-06,dd4c3b4ab7e001aaf385ea2e68952030,2.3623981
2018-05-06,ddcb7473fdc5368c019e3ef6fbde816b,1.0303056
2018-05-06,ddceb6eef6af67e9fbbd4c148dbe5fd9,2.8637354
2018-05-06,e0cf79767c5b016251fe139915c59a26,22.034988
2018-05-06,e178e8610a35f4d6c9b0934fb5e20e85,2.2262459
2018-05-06,e187f69b85487c86a0da79e18ee51982,0.74176157
2018-05-06,e1e932dfb67414e80b87ad97688cf2a3,2.0491683
2018-05-06,e2372fa4eec7531e44bb43844876e25b,1.2827464
2018-05-06,e2600770da5cfd446d3e971c1d41b44c,0.7145131
2018-05-06,e31ddc888efe970ebfbc8e7b460babec,1.0092679
2018-05-06,e4ca5b20cfe1a020e15e36fe14e880ee,2.312102
2018-05-06,e5403f78625641d4ae41af599772fbfd,2.4414363
2018-05-06,e59dd207c69d86e890febadc796d1078,19.134342
2018-05-06,e5ae72c62ebfa708624f5029d609b160,3.0730376
2018-05-06,e5f20b4eb944eaae0a13bed3187201d3,3.4804902
2018-05-06,e70f7c188cd2c0f01a1f6b35411cc481,0.9208491
2018-05-06,e7890707ac0e4e190a74aa46c92e2c94,0.8401426
2018-05-06,e7ef7e0bc312196681f8304cf7ddd92e,0.89288163
2018-05-06,e84997d75938765ef99930f908ceedf4,2.0262275
2018-05-06,e85d91619b497e98754390b6198a9818,2.2225964
2018-05-06,e966b10d5690d77bfc03cef8f9a26d57,2.39919
2018-05-06,e9a69340883a438c3f91739d14d3a56d,-1.6738281
2018-05-06,ea44caac707f7f1325182a538007f838,3.0261555
2018-05-06,ead3077a141a9c800d6a4bb9d0d415b6,6.734935
2018-05-06,eb8c629f70275fd1c4f809116cce1efc,16.668995
2018-05-06,ec16be6dfd2b67c4f576d7c7ccda1358,1.0965365
2018-05-06,ecf9484703bdfb9cfcc1ac9c2084b567,1.4269925
2018-05-06,ee406bf28024d97771c4b1e8b7e8e219,8.045212
2018-05-06,eed6a6984cd8cb209c954a41fcdb19fd,0.8093056
2018-05-06,ef0e165d773ec293c5aeb5470a08b183,1.4328802
2018-05-06,ef66e63137bdd1b2e44aa968646fc1e3,21.594275
2018-05-06,ef9f0516d07f695fa0eae9a8169c8fdc,2.6807544
2018-05-06,efce3fae189352dae985bc199c030d93,16.76016
2018-05-06,efcef300fe9b2c558a8ea258127f6e6f,1.8979335
2018-05-06,f0b3ceddcb44ad6d8fa4a3453686e693,1.0435184
2018-05-06,f1de94230ae234a2f348835b969eeab1,0.8783962
2018-05-06,f20b79bd0939728b29d409062c5c486b,0.9324472
2018-05-06,f2399cabe080029634d12cec4f60dbf0,2.0472264
2018-05-06,f27aff266ad97e75d4a24c893b2c311e,0.84120214
2018-05-06,f3c62fde9d2e2acf6c7c46648571c070,3.8897977
2018-05-06,f4d705aa95ccca448e5b0deb6e5290ba,1.4778384
2018-05-06,f5043f8b770cb875d3157ec66f8a9dd3,0.6898367
2018-05-06,f5ea43ddacb6538655583a8f51a12799,0.4075619
2018-05-06,f66b96cde4302b883004de82e17734b0,0.8558188
2018-05-06,f71f42e2381752836563b70beb542f80,3.8034441
2018-05-06,f7a17d2c51d9df89a4f1711c4ac17f33,2.3849676
2018-05-06,f7f59e6186e10983a061ac7bdb3494d6,13.514085
2018-05-06,f8077831f3c3f393fb67b93c5acd8daf,1.4406161
2018-05-06,f908d3bf313a1308bfb2a46ea2685347,1.928105
2018-05-06,fa6abc53b6abfed3231c37cfa290850a,0.9490459
2018-05-06,fa7b3afca12fceaa20c5d7aa279f08ca,0.66041684
2018-05-06,fb55982be901439613a95940feefd9ee,10.1195755
2018-05-06,fb88d2e62a0840f63430f91b75730e35,0.84017056
2018-05-06,fc5dd987f12a7b823a76a44aa1ba88f6,1.0416604
2018-05-06,fcf6ad274391aea29f5d6e5ef9da5050,1.8042397
2018-05-06,fd0c762860528d119344e1377b574fc5,1.0736425
2018-05-06,fe7d52482b17e6b3466f4b8f3ce51a9e,0.69700396
2018-05-06,fe9dfbe7f974621789683b7b78be2a16,2.191506
2018-05-06,fee2419d6d68dce0a48153a8179772ea,0.762507
2018-05-06,ff29d8cb1cd0cd5ea37b80dac9939e1c,1.7602615
2018-05-13,004636c889c7c3dad6631f136b7fa082,2.6609097
2018-05-13,0075c14603d80515e20908c156ceb47b,0.7612615
2018-05-13,00878d953636afec00d3e85d55a12e7f,7.6660795
2018-05-13,0129d1e9b29d3fe6833cc922374cd252,1.5592763
2018-05-13,013ee64977aaa6b2b25475095162e0e9,3.3160253
2018-05-13,0152f69b6cf919bcdaf117aa8c43e5a2,4.3521347
2018-05-13,01545847403c0f1e69d76654d66be35c,0.7743012
2018-05-13,016711f78a6a87696645db0a6a834826,1.693163
2018-05-13,02293621a345f7cddda16c5d9c7990e4,1.288921
2018-05-13,02475368dfb38934fe55f574024fe1d7,1.5924519
2018-05-13,02fbee632a2044d48ab16d57eec4db58,0.70734584
2018-05-13,03624ffc0958f7ea385b6d4e088532b0,0.99768084
2018-05-13,036734b5a58d5d4f46b0616ddc047ced,2.323968
2018-05-13,03aad9707028422f38b0563410912177,4.4818654
2018-05-13,03fed41c5e9067007d852ff83d602753,0.7410817
2018-05-13,0433830caca22b01a0f477d31307b043,0.71679306
2018-05-13,044f05bc9de36e8a693a83e4bc79dd0d,1.858677
2018-05-13,046eee903d62294ffad4e38ae6aa730e,1.5132362
2018-05-13,054515fd15bc1a2029f10de97ffa9120,25.200075
2018-05-13,05a9dadb8402b6b7ae3dd28f7da187b5,4.7916083
2018-05-13,05f0fe07929d35be0748fac56eecbeb2,0.84006125
2018-05-13,060c17562f97e5bb60bc0dfa4dd5b3f2,5.909034
2018-05-13,0654d3c1e3efc7e7cd9dbde9cb743df2,5.7319827
2018-05-13,06bf70b6e1d67d96308235ef350edc61,1.3568437
2018-05-13,06dce482ace017e78349b6f1fa83a022,1.4734043
2018-05-13,06edb72f1e0c64b14c5b79353f7abea3,11.038997
2018-05-13,0705b33fb285827a578fce4899f1b921,4.659232
2018-05-13,07a949f27854f64558f8babcfec441cc,1.5919062
2018-05-13,07ffc018eaf23e086370dea42c74077b,0.7495582
2018-05-13,086351823300e0339f6955b27998c186,20.601902
2018-05-13,08a20557431a9fcad3a08aed08811e14,0.9052189
2018-05-13,08a58dc963320d6073623382b9ceb920,2.780092
2018-05-13,08c816d9a716567bf436173ef6f5f12e,7.113513
2018-05-13,091e1ab4eb3b6b2eab091cfd2cd002f2,1.2432694
2018-05-13,0983cd4a5cabf1099659ce461511963c,2.0012114
2018-05-13,09ab4881a3f3ec7ce2749c3023260358,0.979928
2018-05-13,0a4f9f421af66d2ea061fbb8883419f7,12.482872
2018-05-13,0a57f7d2c983bcf8188589a5fea4a8da,32.411945
2018-05-13,0a783d7ce18a37749c3a059cf829564b,1.4740696
2018-05-13,0aabfb375647d9738ad0f7b4ea3653b1,7.0994434
2018-05-13,0bbdc963004d9b2fd3427ee3c5ae3608,3.6260233
2018-05-13,0bcc3eeca39e1064258aa1e932269894,16.931343
2018-05-13,0bdd9a52d192d64770e33ae559512478,2.9869976
2018-05-13,0c80d4d910506b4e1db996ff1fa5c658,0.8616039
2018-05-13,0cf41187284d7f099adc8415a743ebbd,3.2341967
2018-05-13,0e2d365a247d105fefc31b17ab8706d9,8.88584
2018-05-13,0e40b1ed4cfd3da1962ec91913e54ba8,3.1984477
2018-05-13,0eb8e03d4ef83152c4642b606b5bbdec,1.3014138
2018-05-13,0f2c1048222e26ef6d48bed2dc676a9b,1.0139897
2018-05-13,0f56d67a1f266a9cf5af6ffd7895bed6,0.8809612
2018-05-13,0f6aa686ebf2fa68554cc24d4d29db5a,1.6177254
2018-05-13,0f6e2c3bbb97980782ed6cb1506f5d95,1.0493989
2018-05-13,0f789be671fe3bd93cabfbb4a710f282,3.5243297
2018-05-13,0fa81e7123fd0ebe03adbbe99d912827,2.2745383
2018-05-13,101a896b1137f70a7bbb2b9fac61458d,2.0745351
2018-05-13,104b9503ee57d0aa2cd3a6448f242636,0.8871472
2018-05-13,1095122297a4faeebb3dd2cb4c9b497d,0.99574834
2018-05-13,10adb53d8faa890ca7c2f0cbcb68d777,1.6898159
2018-05-13,10d9c039b5dcb3b2a4a4fd507fd187a0,4.013379
2018-05-13,11250b0d4b709fee92441c5f34122aed,2.2029572
2018-05-13,115e606ac8059e4cfa1c6c3310fb365c,3.092084
2018-05-13,1164c17af70425821f88bfbdc9e907a3,1.3823676
2018-05-13,11e02f2cd150fa54525a1109f61ea2de,1.1932651
2018-05-13,12717f7dc7e2daec2771d44b39f477b3,1.065972
2018-05-13,134a6fc4a713a799266ebd6a4f4008d4,5.5436273
2018-05-13,138d7037b59dcee052810952c983033b,1.2065183
2018-05-13,1427b126f61597524866770b05d4eed2,1.3790982
2018-05-13,143f3709e0b16bb2f1f5737e74ec15bc,0.8267171
2018-05-13,145028037adecb27b1a58cf9597676cc,4.1073637
2018-05-13,14e40526732f35d38620a487e0776b27,3.6784983
2018-05-13,1501b0033c68a37fa9560033a440e529,4.1607747
2018-05-13,154e7e31ebfa092203795c972e5804a6,4.564695
2018-05-13,15562257608ee6ca7974526ef79eacda,0.9658111
2018-05-13,157b4fa7c877c7b9fb762623e9c81c86,0.8732493
2018-05-13,15964f2421f68d33a3f74b037ebf8822,1.0511305
2018-05-13,1613b819ab5dae53aead2dbb4ebdb378,9.737726
2018-05-13,165cf891cdb818da8293163bf0a9b2ba,1.2863637
2018-05-13,16679d68bdbed3fb97af806424d7f2b7,26.119366
2018-05-13,16c4e87b98a9370a9cbc3a4658a3f45b,1.188361
2018-05-13,16dd49ee10e688f75c41e83b4863f85b,0.7410817
2018-05-13,173e9fe34bfe97f3a5e6dc57fe897b74,27.29343
2018-05-13,1743a97176a0bff38a65331fae2306af,0.87277097
2018-05-13,177d3d5bb9d4d29222a222e3b3554f41,1.8626536
2018-05-13,181f62ad3d1d8b78fa2695f30613b444,0.87510055
2018-05-13,186fe07c8b8005ec6a498587ffbc1352,2.3818893
2018-05-13,188d0b148e6d1c86faffe0d73c3f2dad,0.97902787
2018-05-13,18901878788fec7ddc55e64d1ace8187,0.8925691
2018-05-13,18b0e642cbae7251e60a64aa07dd9eb9,21.315075
2018-05-13,18e070c7509fe7f18504054fb17b4180,0.95961165
2018-05-13,19421075ae0b585f2dc13ff149e2119d,5.2806096
2018-05-13,19a6ffd4e245a92747a693805163a60f,1.1468939
2018-05-13,19c91ef95d509ea33eda93495c4d3481,55.064068
2018-05-13,19fde409ed843f30b4bc54739121bf7e,0.84412104
2018-05-13,1a080577618e7fe4d9ddd8fb2b47a964,1.9657092
2018-05-13,1a0971a6f39f04118207a7308d451e9d,1.4868191
2018-05-13,1aaf80d4afeb6d8636711e75d02f1a7e,0.84642637
2018-05-13,1af2a3ec7cecc4015321e562a26c9d1d,1.4041479
2018-05-13,1b474c650cb9407d32a1e066937b68fd,4.5677433
2018-05-13,1b6033cbf12974cf79c1cccbf8592ffd,1.9905709
2018-05-13,1bbf3c5abc34eb8f1d884a7503b7764f,1.8140348
2018-05-13,1cc61b32763a4d816212b3507b6b6c59,1.4616544
2018-05-13,1d7db62a21ffb4f220d3e8a05fa77e02,1.2861593
2018-05-13,1dec4c88c685d5a07bf01dcb0f8bf9f8,1.28072
2018-05-13,1e78f6e43c85b0bc80a2ccb4b78006ba,1.1809363
2018-05-13,1ebde342c905182ffc07333fc569c590,1.782619
2018-05-13,1ec486885049bbb9b79351d150ed18c4,5.065647
2018-05-13,1f411e9a31196b71ed8438c8254b858e,177.4557
2018-05-13,1fb344134cd7164d32dea4d87ba3ec5a,3.207581
2018-05-13,2043cae78c8b731c405c7329a05154b2,1.5647213
2018-05-13,20d7a48524eae8d2694bd40031fe12b2,0.9898548
2018-05-13,20e5b387f4e760842c0aeaaca8daf4fa,5.717129
2018-05-13,212b9c1a73834eeae7694906e168edc6,0.9206315
2018-05-13,2136c70bbe723d338fab53da3c03e6dc,9.427416
2018-05-13,216bb0e0cd43ffd832e0973d35e0377e,15.650669
2018-05-13,21c00997a28e1efcdd07c8a67f26d4ce,1.6802257
2018-05-13,21ee06f7fd37a6fe4841865339411674,3.537316
2018-05-13,22c6a8a913119595b77ec3d747e9079a,0.9200583
2018-05-13,2367a519f69c9163cb6261bd2ce42ad4,17.954908
2018-05-13,23ca4b39422a8ce105ac4848d5d9cad0,0.87941915
2018-05-13,241dbc3b6d7c4b0ccb98a81a33df4e3e,2.9873307
2018-05-13,254e83d8714765408ae71c07e6a972e0,0.9378287
2018-05-13,25f86162fee18735fffdb762dcb10d7c,50.469715
2018-05-13,261dc97192b478e60fd1318cd0650618,1.9835571
2018-05-13,26b2a480ced2900a62bb9431133e95aa,1.8929843
2018-05-13,26facbccf840188b92bcc8cb89fe1f64,0.8731233
2018-05-13,2722b86640ddc24e1374c2df1ac2a230,1.3279936
2018-05-13,2770305847be150f16eb0b25fa7c171b,1.7579056
2018-05-13,27a7e832bcfcd69ff687d611c3e79cbd,1.4756215
2018-05-13,27dd6092aaf2627e39331ad9823b5ebf,0.9906797
2018-05-13,27fdfad2c6a8f91606eb41ea396785c6,2.7875743
2018-05-13,286bcf62e47dfc1e51cf0d525bd4d1bf,1.0587281
2018-05-13,28701167ae1ea90aa657c81171d61c30,1.6282148
2018-05-13,2873da054c3a30189c5aac7b87d3b6e9,1.6888019
2018-05-13,290bd89e961af9ea5a733bc477c50355,1.2366642
2018-05-13,297b52b57d258e1a40202d4f9fb7e38a,25.60468
2018-05-13,2ac5c215e10e7251979c895510de4121,0.70734584
2018-05-13,2ada8214e59b86de70b03d8f03894c93,0.6058875
2018-05-13,2b0c892ab2b8e600a0b186db31f5947d,0.7173219
2018-05-13,2b0ee2d07306f7c9ac55a43166e9bb4b,2.4002624
2018-05-13,2b2428ab65b564c08fd9b40e187df246,8.079057
2018-05-13,2b4042dfabc3fe9d3f16951a8e1a3b70,1.3884062
2018-05-13,2b4609f8948be18874494203496bc318,18.374197
2018-05-13,2b849e71ada03a262ef4338a7abd8b79,3.2306108
2018-05-13,2bb3e85f2a403543fdb64e266e70c792,1.4289507
2018-05-13,2bd57c183094130d215a333ea80c8b62,1.3911017
2018-05-13,2c0b8a973e616502de1d80482fb9c5be,3.361287
2018-05-13,2c4930c4b284c7b99db2a4c52071a45e,46.84909
2018-05-13,2cbc1ae9dc8c4d81b096db0ee01ae0e6,5.1059566
2018-05-13,2d4500a3d35334916c955b3c365dbefe,0.8196212
2018-05-13,2da57168cd8fff36cb88b21369ce7e6d,2.0054955
2018-05-13,2dcd39f15943e045ea8db6296cac9b7a,0.9850147
2018-05-13,2e9575efe2eb834f5673cb75df8537f9,0.8553256
2018-05-13,2f20a2013902657c0800ddf524514e4e,0.85584664
2018-05-13,2feb7008fdbbf5e65a885a1e5fbd49d1,1.2065183
2018-05-13,2ff995aead9c63a1f37a07b3664ead37,6.7994437
2018-05-13,2fffbf105cbbc6e86144f00ecf571635,0.8562413
2018-05-13,301cfe3b10ca8a9e1a1fda2f36bf9142,0.7862547
2018-05-13,30ac6df06dc59ad72cf2f158fc2d904c,11.836554
2018-05-13,30b426aecc4e322e14030c1f384b1763,0.87971723
2018-05-13,317a06884480d645d7f0bc82455ec277,1.5348386
2018-05-13,31af99e01af722adb2067b365a311998,0.84433275
2018-05-13,3258acb04d37e2f91f76c9250f3b80a0,1.5097699
2018-05-13,32bb152336c896d906a6344cdbe1993c,1.572191
2018-05-13,334995514673fb6bae67885458b52984,1.5218105
2018-05-13,3354a4e684f5e7199f9407db70ccd92b,13.869205
2018-05-13,33fca9d59532dd4c191217a979346ab9,2.646462
2018-05-13,349ce46a0e2e20054aa9d80c48af8816,11.475254
2018-05-13,34d25803f90d0109da75922858aa8aec,1.2505133
2018-05-13,356260965b761056864ff939baeb4b22,1.0178475
2018-05-13,35afc973633aaeb6b877ff57b2793310,18.759117
2018-05-13,363218ba55c610b750224f90bdd34be1,27.53901
2018-05-13,368c6c730842d78016ad823897a372db,58.795918
2018-05-13,36bd3e4daa4604d112f17dccd24ee59e,5.89133
2018-05-13,371fa349d92646bbeea5873df0bcdc5a,2.1047199
2018-05-13,372645c7439f9661fbbacfd129aa92ec,4.8441434
2018-05-13,373c022e7383e108569b38098f3ed975,5.383238
2018-05-13,37b99aa22bbac19b2a4afc4b2a958a53,2.1973677
2018-05-13,37bd6327d499dd991f2da7681625bb3c,1.7216263
2018-05-13,386eebb43722ab502f04f7900bd2451b,3.4601586
2018-05-13,389d119b48cf3043d311335e499d9c6b,217.20007
2018-05-13,394b16cd32e9f883365dd7ebac4edbe0,2.9695926
2018-05-13,3a3232c5a8df0895d04012fb058f4bbe,0.88627803
2018-05-13,3a362c0e7f9a69276e2d95869a3e143b,2.5943358
2018-05-13,3a6e1126835fc77d816b7c7928f2454c,0.9712744
2018-05-13,3a806ac1ab98107febb4ffcf38bc1fac,4.122776
2018-05-13,3b10cf7d1e08c598428ad6eb7c59d09c,4.64418
2018-05-13,3b4a72dd3f5ecc82d97d6a54725952ec,0.9111663
2018-05-13,3c261802e239d1f2dcda5ed49aa14220,2.0130115
2018-05-13,3cb39171fd36c50097f2dedbbe0dfe6e,3.5318708
2018-05-13,3d13b6c4a341d28974fbf776957250b0,0.7605856
2018-05-13,3dd2a17168ec895c781a9191c1e95ad7,118.262024
2018-05-13,3e442d09f9dfef002aadf31960869f65,2.262292
2018-05-13,3e5201fe0d1ba474d9b90152c83c706c,12.956133
2018-05-13,3efd399c5d016b9e6a5ad3196eade44f,1.2718228
2018-05-13,3f1361100ad34281edf04ce745f62b89,0.99113744
2018-05-13,3f1a741cf5591384428c1cbb0ef07ec0,2.479068
2018-05-13,3f94f864742e33fc293053063b7783fa,2.5228477
2018-05-13,3fbc0ef745950c7932d5f2a446189725,114.48084
2018-05-13,3fc00af0f0a8d4ac2933d3900416c977,0.33743888
2018-05-13,40002041835941ae0e10b9716ab7b03d,1.1134275
2018-05-13,40169f8d8c6b5ecde688c395f306812e,0.90537554
2018-05-13,4025cbfac798d74f87c30ee87e6e9f70,0.8949067
2018-05-13,403e95f4460939e06a89a253a15dd99f,1.1551634
2018-05-13,409ec48108c4dad2130633a912fe877e,4.6708546
2018-05-13,4167a7ae0930579d1f27d465a1a042f0,0.65053034
2018-05-13,4178e16324fd0c9a8e18463caf390cc6,4.5476174
2018-05-13,4180a49d4b879e727ad2c8e82a9f4d87,4.0893703
2018-05-13,418d480693f2f01e9cf4568db0346d28,1.9820694
2018-05-13,419cb1b441eda9b92ebd1a1b96090c26,2.5032268
2018-05-13,41ad56651f07e2f6f66f9372c0e89071,1.0511305
2018-05-13,41c24b8ce92d1a2cac62db5edfd088b2,13.345554
2018-05-13,41db6d8062fcd38410c699743ccc0265,2.6045048
2018-05-13,422879e10f46682990de24d770e7f83d,180.1124
2018-05-13,4298b7e67dc399c200662b569563a2b2,8.450934
2018-05-13,43423cdffde7fda63d0414ed38c11a73,10.312379
2018-05-13,437c05a395e9e47f9762e677a7068ce7,1616.6405
2018-05-13,43b54d1fc56ff394092a3dff6be2d39f,2.964629
2018-05-13,43ee88561093499d9e571d4db5f20b79,6.237602
2018-05-13,4413a608a42bd21bbf9d5abbd58c249a,6.5035577
2018-05-13,44fded21627553d1886d459384bbce06,3.5780494
2018-05-13,454ae5002aaf2821ecb6ad6035b78498,1.0078857
2018-05-13,4563095e06df1fa67de2eade86f4f01b,1.0289946
2018-05-13,45f0310974e6082deeda855f91984347,0.9599564
2018-05-13,461f43be3bdf8844e65b62d9ac2c7a5a,27.072266
2018-05-13,462646c1c1495199e63684d79e6e0d1b,1.0511305
2018-05-13,46444262c3cb20869d7f96985fc0b08a,0.85221153
2018-05-13,46e24ce614899e36617e37ea1e4aa6ff,0.9774332
2018-05-13,4713819035a9ef628d084f8ff4fa71f2,0.78832227
2018-05-13,47277d35dcfa53f5bee3d98ec3031c8a,1.1468939
2018-05-13,472e6464088101bf2ec351d222c415ab,0.8672879
2018-05-13,475e8a9ddbebf13af503d1c7eccadb1a,4.0982714
2018-05-13,4a1dfb01e40129a3bf4fde8c01d93ff3,2.9327302
2018-05-13,4aa6014eceb682077f9dc4bffebc05b0,8.40394
2018-05-13,4ac50dbde931c0a5ed8c33d3dc047351,1.9782479
2018-05-13,4b703444923b5e57bb73ba343f5ebab7,6.0701637
2018-05-13,4b96786612ebe7463132fce2c4dca136,4.7978377
2018-05-13,4bf69d3613878eefeaff2e9ab865e468,0.79795235
2018-05-13,4c505e52bedf9651c08793647c925e65,0.99073225
2018-05-13,4c6aedb2bfbcb47f59db757dfc22c607,0.81468946
2018-05-13,4deb009c36a910076a023947a7929201,14.988573
2018-05-13,4df79064ddcd595b7c0ca80f9729a67b,0.93308836
2018-05-13,4e0854d426b0556ba1956db5e058f0da,1.0165803
2018-05-13,4e5dc46fe4e31dd605f374ee43f0268e,3.7739441
2018-05-13,4e9c78909e68601b5bf58e5797a789c7,5.101464
2018-05-13,4ee8542bbedeb1c6d01e48c66986af49,0.9375887
2018-05-13,4eec371b7c376e0f55338a4e3e362965,1.2483377
2018-05-13,4f0abfbee7569e43b80f9aaa256a9bf8,4.5315275
2018-05-13,4f288e27579d68e616d2712ad669f99e,1.4060118
2018-05-13,4f5459b07e4a3e0897228ccfe3aa474d,1.4048213
2018-05-13,4fa33915031a8cde03dd0d3e8fb27f01,3.8951097
2018-05-13,4fd6ec612afa6f67b850b157f00a3368,3.5769296
2018-05-13,4fe644d766c7566dbc46fb851363cb3b,18.84694
2018-05-13,50571d0f0f8ffbeec1c64cefeec01135,0.84412104
2018-05-13,5099f7000472b634fea8304448d20825,1.8579315
2018-05-13,50c3b0ec236af400b6113521763e34ce,0.72435063
2018-05-13,50fd2b788dc166edd20512370dac54df,5.8189354
2018-05-13,51ce083cd2b9078656a94655ab45b8a4,2.168848
2018-05-13,51d646c5c93e0f1de543528d0e24eadc,1.3387572
2018-05-13,51e8feeedd83467b86a79aa2769367c5,5.372647
2018-05-13,51f876eb62be778c757503cf7f8a3b74,-27.797634
2018-05-13,5237739bb5fee495dbd337755a138660,1.4637979
2018-05-13,5264bb8a8395e30c0d59ac73be2c7613,1.1744057
2018-05-13,529bb98486625f3590837af3e22e49a4,0.9448195
2018-05-13,52c80cedd4e90108bf4fa6a206ef6b03,8.004135
2018-05-13,52e9413ed0d3e64b796aac2bc2291d50,2.015651
2018-05-13,53759a2ecddad2bb87a079a1f1519f73,6.9286733
2018-05-13,538948f39142c635d3132846c820e211,2.3120449
2018-05-13,53b36df67ebb7c41585e8d54d6772e08,2348.1228
2018-05-13,53c61580d8e5c4941a358ee0335c1d5c,1.0671178
2018-05-13,53ea9da485f6aed8a6f03a85831fe021,4.098495
2018-05-13,5418df20cd587e12212d54c1d5d990fb,0.9839261
2018-05-13,5479f02af4cde2ebe8801cf2b05cd49b,0.99237645
2018-05-13,54bd78d9fbadca90785bae236a7fef2e,0.9472064
2018-05-13,5526b1ae9ab2688cf600783cece249df,4.7826133
2018-05-13,55403fdc84a027ae6565b360af50e1ee,0.906098
2018-05-13,555cf217f3f7376ea7ba4af273c56739,5.5765696
2018-05-13,55782cb82e0efe052da0a3da237da3b2,2.8391724
2018-05-13,55782ee5db5083e1e3bb2dbb054fdf49,1.3841275
2018-05-13,55b71bf300a2765a382eaec566df531f,3.371805
2018-05-13,562970ce0462981e1699d50878a10450,0.68018246
2018-05-13,5650f9e1f73d0a1c0176988cf2e950d5,1.7683583
2018-05-13,56537b99d06c3516aeaaadad438c9f64,0.81064266
2018-05-13,566a4f2c4385f36d15c00dfcaae132d1,2.7368479
2018-05-13,57c9362442482cd2451f2eabf468e532,3.231338
2018-05-13,580cb7f00ab0b9491a97512d65a42c29,0.82229525
2018-05-13,58493ca240e8c701678576a04c2d6336,1.0078424
2018-05-13,588ec31c89dea5de5dc87e15790df3f4,2.5281909
2018-05-13,593236d0ff46b4299b4787fb8d43f7f0,6.2082553
2018-05-13,595fac2a385ac33a80bd5114aec74eb8,20.293306
2018-05-13,596e3ace8e8329beb05bb40700a659f7,2.8792922
2018-05-13,59c1840441f4df065f52760bf51a8442,1.5814071
2018-05-13,59e9e55854bde29f3942510af639b7d1,0.8865452
2018-05-13,59f09deeea7c839a9212a19f3416b892,1.4951217
2018-05-13,5b3aa845bba5aa7ba1216e36ae882cfa,2.070189
2018-05-13,5b457a0222eba04e6066025115952773,0.65131605
2018-05-13,5b62b580e3f012c16682b625be5b4ae6,0.8750688
2018-05-13,5bd6493a2d5a384987386f2696bae33d,1.7431403
2018-05-13,5c2bb11cf2149bd4d9fffcc1246458c3,1.9608575
2018-05-13,5c3aca5c078a343b3b873362e7ac2fcc,7.219374
2018-05-13,5c61329e1b7e18310bbc294c17cd47bb,12.538895
2018-05-13,5c692818d313aa12864b48ac0c2472c2,2.0544639
2018-05-13,5cbca81261e661159b5a3e6025bffba8,0.9577808
2018-05-13,5d6bea33648f018dbb563f3a2fab09f3,23.421291
2018-05-13,5d98f7de3b78c8dd8d7b62ea22000a65,0.9864773
2018-05-13,5da831182fe9ba6ab33ab17bbc5d16c7,1.7028829
2018-05-13,5dae498eff2d80057f56122235a36aff,1.0311332
2018-05-13,5e5d267a41f3d8bb608c2f0bd4b4972f,1.4325745
2018-05-13,5ee76866fa61481c966c02a129dfac08,10.879145
2018-05-13,5f42d57952b7815098979a5c4fa6f82a,6.727542
2018-05-13,5f5e612ca8903e6425fd6d2d3f7fe985,0.992617
2018-05-13,60184212dae4e6b0da32bf54271a8c4a,1.911002
2018-05-13,601d52789faa7ded8408d63ccfcb4800,1.9579283
2018-05-13,606b5bf4a5c5ac2f72196afa18b77d3d,1.966418
2018-05-13,610e045d4ebcfde8d0c8991e8b1f39bb,1.6334631
2018-05-13,61509eaebb2d4bd1a7511b1a75703f8c,2.0533195
2018-05-13,62177bb58dda374cc02e6cd2616996a1,1.3159956
2018-05-13,625522e2041f5759bc483af612e22718,1.7038839
2018-05-13,629397d35e30e4a0b7d3da8bf69be7ca,0.9688172
2018-05-13,629e019a6f298a83aeecc7877964f935,3.6585028
2018-05-13,62dbbad1385feb9b27edf72b31bc46e1,2.0042014
2018-05-13,634256dbcd184b3757ffd7632c9fe52a,109.89717
2018-05-13,6358f5d1f8bea46b44615a9eaad26f81,4.647748
2018-05-13,636598095d69a5718e67d2c9a3c7dde6,1.081278
2018-05-13,638a9114d65182d28b1cf8a99e72d90e,1.0146291
2018-05-13,641a45900528e8324c4848dda4e0a3fa,1.3250573
2018-05-13,6463e442310f2f4f321c83a32d8c662b,2.4154987
2018-05-13,64874a0d6c1ec460c2f59886c51b9711,0.8616039
2018-05-13,64c8bc3ebf6cc99d1a734c908961c8c8,0.7880915
2018-05-13,65266b2da20d04dbe00c5c2d3bb7859e,6.7831745
2018-05-13,65650c84064ff1a79e4a05988f4c3e9f,2.56226
2018-05-13,65e6eb6259c9963d133eae35ca1ee2cd,1.2575432
2018-05-13,65fd9b358b7ee029fba34839e9c35fdf,4.018167
2018-05-13,664e36c9f1780f33973e063ae2cdcc66,0.93951285
2018-05-13,664fa109c2fdc2f1c8f1ec2b6863fe5c,1.0396802
2018-05-13,668e8ee8f69c3545109fc40f72336e8f,7.116452
2018-05-13,672a21bf17c63f71edbe01ecb9b14814,2.0592024
2018-05-13,6767719f80aabbbf16ab2491899c32d9,2.0993764
2018-05-13,678c229b41c0e497d35a25a8be1cc631,1.0539632
2018-05-13,67bd616e1ba0d3d3e8545f3113b0140d,29.10146
2018-05-13,67bf0dde94ca85e84e682a80c604807a,0.81350064
2018-05-13,6803077179d24889430188e03fafd31a,1.8720245
2018-05-13,683647534fe73616ae97d91a6ef253f4,4.523898
2018-05-13,688ad0169550f8e2eb0307b61df3ba12,2.5866828
2018-05-13,69455f41626a745aea9ee9164cb9eafd,7.1414766
2018-05-13,6979e1139091865830dbbe45342271e0,0.9906797
2018-05-13,69f07c49379a0c4bd660dd794a72f02a,1.1741499
2018-05-13,6a8631b72a2f8729b91514db87e771c0,12.643492
2018-05-13,6ab9d49c399f239bc88ea28c7568213f,1.4943683
2018-05-13,6ac3978babf6ca76087369391bb6ce5a,2.5112453
2018-05-13,6ac9af102b44f348819e072be3bb57c2,0.92034584
2018-05-13,6adab229374835b551f6402e0dc53267,3.8848352
2018-05-13,6c8dfcd9be1c04a1b4f98bb6c283a6aa,0.9199739
2018-05-13,6cdd53843498f92890544667809f1595,14.212849
2018-05-13,6d68112743e7ed2de3932554b033f544,0.8294625
2018-05-13,6dbee6015717e50868e393e9bc6714f8,0.80377793
2018-05-13,6e77b89d36e50217e6793780a8ce5c82,1.5147663
2018-05-13,6eb70dfb283dc3f645ed7b03c990dc72,2.2861404
2018-05-13,6ed0ed10d62b45f3de46933b0b2989a6,1.6210352
2018-05-13,6efb6f992e2f51bc224145a2a9e3ec38,1.0360641
2018-05-13,6f3b5b605d91b7439c5e3f5a8dffeea7,70.786545
2018-05-13,70e4915197d6c96ebbed11364d8ce3bd,1.1900916
2018-05-13,7176644f1859de00c3d63b38ba606aee,0.9858978
2018-05-13,719d571299707561c34ba04ab867b32a,3.180752
2018-05-13,71a7800a633691de8ecdd17463335e2e,2.0502763
2018-05-13,727a46f0b58a9ef165af9f7ebcfebfa9,-10.202232
2018-05-13,729e4dedfa3ed50a3fd4898b6f11c715,0.884259
2018-05-13,72cb4380c5a90c64048cafdf60d31f88,1.0541681
2018-05-13,7324c4b82393a004e3e38a7632d1bba2,1.9994841
2018-05-13,7340a3839a1de1e99d149b8cf052a2ec,2.676605
2018-05-13,736f1b87428f9cfe5f5184c4ac0fbe05,1.646427
2018-05-13,737039cf7d608ac96fca4148ba80fcc0,0.8785721
2018-05-13,73bcea88583002fe12b7399af4ae60da,8.0916
2018-05-13,7564c1759c04fc0a38f2aa84f7a370ee,7.523703
2018-05-13,75d7ef43c821730d335b779416ef824e,0.7716811
2018-05-13,7612afaa8218e79b3011243ed9edea9c,1.5254271
2018-05-13,76b7fa5da50b22fe17d1e7bbde661106,2.2213075
2018-05-13,777d2e438a1b645f3aec9bd57e92672c,3.1834111
2018-05-13,78119fbfa709d07b86f5ccf15043c6d6,1.6693121
2018-05-13,7814c273ab16783d73a9863ebfa8b141,6.5516176
2018-05-13,781afe929e3016a667f5f439afd55fce,15.682293
2018-05-13,78efe838c04bbc568be034082200ac20,16.036667
2018-05-13,78f29023586e374cdc3773ce0af6bd2c,1.3411231
2018-05-13,79366d6a24de9351b7ca6e3cf75a68ec,2.124953
2018-05-13,79da264732f717f10ebf5d102aa6c32a,8.135215
2018-05-13,7a10781637204d8d10485c71a6108a2e,24.460543
2018-05-13,7a8dfec813ae58cfaa3e1ef9f534adab,0.86311805
2018-05-13,7ac5f520abfc0589418bc7c76cea7a7c,1.4435358
2018-05-13,7b35ccd93a2184646c03b70326626923,4.2908344
2018-05-13,7b7827f65a44cb0a2a5a1021757fd119,0.7938604
2018-05-13,7b951373f6045db69ff7a2e4d8c40071,1.8475326
2018-05-13,7bc37d0450ed1fb9e76f9c0305838c7c,1.5531722
2018-05-13,7c1bd920dbdf22470b68bde975dd3ccf,7.878145
2018-05-13,7c24503a64637f3ab756ed1b44826747,0.8346608
2018-05-13,7c55ea4aea1acf1ce11440010f5aa298,2.602327
2018-05-13,7c77aa8ae608782aac8e7728acff92fb,1.0421122
2018-05-13,7ce94ab189134e2d3c05f496d635419c,24.115292
2018-05-13,7d0e0214a0852cf0c90032c7992cf27f,0.8415674
2018-05-13,7d50930301709838d8e90dcac5cfaa84,5.080911
2018-05-13,7dd3fec3502f7ef333da2a73e00db394,2.1152146
2018-05-13,7efb82beff3504e95045d59c6369917d,1.0892067
2018-05-13,7f72a8900b3d2fc8fa2635b7836d6e6e,12.495865
2018-05-13,7fab1a1472fdd934397068931f63f3ca,3.4621844
2018-05-13,7fb04722aba7a2b632bac8f9819796f3,40.628166
2018-05-13,803f77475e1b51b47f1bfec4f2ec353f,2.1230571
2018-05-13,810e2944bca9850b934e1570ba372e7d,4.226878
2018-05-13,8123e87dd3112536d2f0856287158c8e,0.70734584
2018-05-13,81288df52439985f610be64465e53f57,4.7994432
2018-05-13,8173ca41cdb176462f9ae79821a48404,4.503996
2018-05-13,817e1c2d22418c36386406ccacfa53e8,3.2403255
2018-05-13,81a3d1dc085d3226530f23cd4af5030b,1.3557762
2018-05-13,8246b1e9198f46fc3c05900f43568ba6,1.8669994
2018-05-13,8273821fd2a32fbbc77ad8b743b2a1b9,1.2366642
2018-05-13,829002c1d5f40820ebbc6ecd4bcdf3ab,1.5812621
2018-05-13,82c51c3938503a4ddc096fbed86428d6,2.1759634
2018-05-13,82cef15a4bafa854c7a2a2c9854b7e44,0.64296025
2018-05-13,82d7b276f49e72ffce78d10b20518808,1.4853384
2018-05-13,82e4ad16521ca131d95e198d507db370,4.5882835
2018-05-13,82e7ca24faa9dc9a072f94e0ac420c95,0.527043
2018-05-13,832b74a0faa3b602a48e0f20990adaf7,3.2879517
2018-05-13,837ef63763b3259b5a50d8984f3a7b42,1.0637964
2018-05-13,83b23a333b811855258c5ec9431f6d3e,1.4194973
2018-05-13,83fc9abe24667777b997571da7b6052a,1.0642788
2018-05-13,84f456958365164420cfc80fbe4c7fab,18.222584
2018-05-13,854f1672c41eaa84b3e3a79e06146f63,2.3647084
2018-05-13,8562e2c780a345b609e1b802d7e3e4ae,4.8348827
2018-05-13,86c43103446290e7efacad3701cd654d,1.9944203
2018-05-13,87283a98b24f9f1ac3a31b631073cf47,1.8021861
2018-05-13,875e0d1c97176d76e9b04c98d06383d2,0.7527762
2018-05-13,879089af9bd91cf72a7154b3be3e1074,1.0085866
2018-05-13,87a71ae93900ab55fcf685c8040769b3,6.1993785
2018-05-13,87cb507e0daa37bbf34956fd59eba832,2.398583
2018-05-13,87cc2aef12eddf0b170234138b0946e0,1.5650555
2018-05-13,880be32f4db1d9f6e2bec38fb6ac23ab,4.608603
2018-05-13,8817f0cda3d5b42e5f949ee3be9dc80c,2.5571413
2018-05-13,88794547776aa78fdd4b28bfd90c6469,0.99741155
2018-05-13,88e84a987b4681434dedc0bc9e00826b,6.964145
2018-05-13,88ffcf27478318ba55b1f9d22d65ce97,0.9712744
2018-05-13,89321f94e35fc6d7903d36f74e351d40,71.24646
2018-05-13,89427567da9c9b075c9dca131535104d,1.4213101
2018-05-13,89b121bee266dcd25688a1ba72eefb61,242.70856
2018-05-13,89e4362d74afa10ac57f8d67210132a6,2.2179513
2018-05-13,8a12c0e223d9dbd49ccfcd2ad25d1b30,0.956719
2018-05-13,8a443635fdf9759915c9be5be2e3b862,2.2080255
2018-05-13,8aa6223e400af9c97b07c75993142721,1.5648453
2018-05-13,8ac47b3ab13c68f49f10dde899674149,0.90629894
2018-05-13,8ae1198dd85742fe30b74a96968f250e,2.1099148
2018-05-13,8afd2ec5bf821e4d1a061e7ca31cac24,0.7737119
2018-05-13,8b50a72d52d7a91fb19d19fbe069e2f2,16.949387
2018-05-13,8b51c6ccc9c0548c951214e1cd1547ff,1.6722239
2018-05-13,8b5227e28272123eefd613a10ffd7704,1.4598391
2018-05-13,8b5632d7a4f86bd2f1331355305427e6,1.7772732
2018-05-13,8b8702416a4fecb685fc70b056cac372,0.7975521
2018-05-13,8c292ca193d326152e335d77176746f0,4.1765194
2018-05-13,8c2f7d1e586af9f4ecd42ffa5ffc4216,3.5034852
2018-05-13,8c591ab0ca519558779df02023177f44,5.0683837
2018-05-13,8ceb6a29cf065f382c7b8cbc9fea3a84,0.9738855
2018-05-13,8d0fb54bb58d39a72269eb8fc708e865,1.7674681
2018-05-13,8d4dac6177fb8134f26fb4c5cc6c0aff,11.246123
2018-05-13,8d578db76b524efa43a961df4ac2d7d9,0.98179233
2018-05-13,8e382dedd9ae71943f9a70f6725b748f,0.91892815
2018-05-13,8e7a3ee016b12c87b5e3e7e717620758,5.8357186
2018-05-13,8e93bf2cbba0420f166afa0c797525b0,0.89750713
2018-05-13,8ea469fda50c1d63e15ccdeb9afe170d,1.023966
2018-05-13,8ed094bfe076c568f6bb10feada3f75d,53.6286
2018-05-13,8f2a61109d01cbda2cc6cdea233b1102,2.052809
2018-05-13,8fa67e5cb309b9cd7b4438e15948bdb2,2.301532
2018-05-13,909b87db6cb3a7ab26bd03cc59860136,19.146881
2018-05-13,90efe66f56959c0750c866fd59f9f92e,0.85872173
2018-05-13,914c9e9af640dd56f48764a225b00f89,1.8821591
2018-05-13,91846781ef75057e134949400768e272,3.5029917
2018-05-13,91b9cfd0719e34084376b88cada067b7,0.9273864
2018-05-13,91c82ace62e0ca1b69b1a45bcc214b45,1.8779908
2018-05-13,928e52a9ad53a294fdcc91bcf59d1751,88.85805
2018-05-13,93313b383b80d53b94696afeb5dd2749,1.2770076
2018-05-13,9348cf658c9f20576186a9f3b82c58c3,1.2699472
2018-05-13,9357e1687bcaab3890093cb4ae50ed79,0.93447036
2018-05-13,93a12c289ca2b78e7069e469f5053ef2,6.5612698
2018-05-13,93b67da06834e15a3594134d43ee4ebe,4.3749366
2018-05-13,93c902b021a9e594f658ab1b0351602a,19.8288
2018-05-13,94021629fe94938c83a4bcd146938d8b,0.85951054
2018-05-13,946344697156947d846d27fe0d503033,3.086237
2018-05-13,94774f52c71a3e4ce084c21c873507cc,0.81719404
2018-05-13,94a6c010ef78e62cab34c6caf0a69b5f,3.0879674
2018-05-13,94e6d7727bd670351f1a806a221d1dba,1.8811883
2018-05-13,953439fbf9090e2362532905d89b991f,1.5402774
2018-05-13,9545d45c37449ccbc376de3a04c66e71,2.4034982
2018-05-13,955129b53464486f9f93074c64b2bd88,0.9846171
2018-05-13,95a32290cbf617eef9053042fb61dea3,3.1626832
2018-05-13,95ec3f7e237a87df9935a570ab6ef266,4.689251
2018-05-13,9614dd0585b52cd086cbdcc2dd5fcda4,0.9513343
2018-05-13,962a6951154f98f2c8e9a5b8b2bcf4a9,56.59362
2018-05-13,9663cf1ff5c7ff603be0a27b1cf2dde2,1.0582917
2018-05-13,96b200840d3b01d948ee9d507f6bcb3e,0.93126017
2018-05-13,96cfc21d191df7257d9a6dfef4d897fd,1.1890354
2018-05-13,96d80c8b6c6545a30eb5bdc4961455f3,13.810511
2018-05-13,97017430754804328eb9597b7f85da03,17.182447
2018-05-13,9739d07ec835e1c66eedb9a6df402bd5,2.105444
2018-05-13,97b3b8e8ed22d0ceb3b3c520e806a334,2.2254033
2018-05-13,990d135e28e075648cb7d83198fdccf4,8.65341
2018-05-13,994ab76f0da3349fffcfe5d598e9babb,25.872675
2018-05-13,99563e23b641c8a43e04e528c10002e9,0.8263291
2018-05-13,99a4788cb24856965c36a24e339b6058,32.095467
2018-05-13,99ba5fbf3ae895fe3a9289acd0a5eb91,1.5137439
2018-05-13,99c97d191bcc87e072acc4521bce44d4,0.9444606
2018-05-13,99f5b2240b82bf9387e5cf2fc0335b08,2.403742
2018-05-13,9af7b4a3262141c12ba9bd489a8573c7,2.8903103
2018-05-13,9b056287fe05c2dfb1394ff376621eca,0.7713233
2018-05-13,9b125b82780e1bbb7716c906ff46f89b,1.3322678
2018-05-13,9b462e55a70e01cfd3f9686d12e11f09,1.9150567
2018-05-13,9bb2d066e4b33b624cbdfec7d50b3dcb,1.5586329
2018-05-13,9bfc55df037ce3ac01bfd84781adf7e5,1.5503412
2018-05-13,9c0f79b9daf5436386477b4e17b94389,0.91499
2018-05-13,9c5cec867c62c0ec4674b002eb1c3e0c,1.5901533
2018-05-13,9c60e93e03989cf6e4a7da214723920d,1.9168876
2018-05-13,9c7ce59c96e74dfdfc51f13a4a6c3869,2.31562
2018-05-13,9cd17b1cc8db0de6b175f213e9054c01,3.2585566
2018-05-13,9d0bb30eed80184666c8acad23921283,2.8952277
2018-05-13,9da44726bd1515c649cee56a272795e4,0.9812899
2018-05-13,9dfb2984ab775b6175202b9e9e678641,1.4495164
2018-05-13,9e15353890070a3993281d90741280a9,0.60972357
2018-05-13,9ea1152d6d52dc57ab2ea49aa626adc1,2.689251
2018-05-13,9ecadb84c81da840dbf3564378b586e9,-3.503715
2018-05-13,9eec04a029e2b9372276f3748011b493,1.1468939
2018-05-13,9ef3514cbcbf73d8b7d294036f99737f,1.285019
2018-05-13,9f14f401fce2d9ddd450e7ce60cb7f5f,1.0551605
2018-05-13,9fbfc0d1a475bb65f9c0e39bb927a99a,1.5457814
2018-05-13,a0b7b660f3ff79836867de402e158770,0.8929409
2018-05-13,a0d20b18f2a06b34206ba5933b4ec05b,31.34054
2018-05-13,a0eef953cb25bc9ae40457e1c3c82946,1.4104356
2018-05-13,a11998d0de02ca907c060119dabe8ead,1.6415658
2018-05-13,a1dd59756b92c62cd39375d0b0222698,1.1961586
2018-05-13,a1e903cd2d23763ef8b85ec12eb79d9c,2.7966027
2018-05-13,a2105c8c0d5d99dbc5a2a9ad94321e5c,2.4805355
2018-05-13,a2c75a23c2f838881dd4275c0cec519f,1.3980192
2018-05-13,a322cb898d31adbe4a4de692f4bc0276,0.88575804
2018-05-13,a35a9f46dcee0a67c8c7ad8493eb4135,0.8374334
2018-05-13,a39cc58c1b5926b6f9f378daa89f1315,1.9272895
2018-05-13,a3daee3915d4fb98376e039ede6bdea6,15.25847
2018-05-13,a40675a9c6ef2410e3420483a1f8c81f,0.9550177
2018-05-13,a41d9e51c365f6e2f5eb1f98fa4097eb,0.7866163
2018-05-13,a45af86c4a7948f5fabbb5b0132475cd,1.0613376
2018-05-13,a4a04b698e98a60246c2ecdbe629c447,0.9564428
2018-05-13,a4aa7c1427c31344e5f7cc3d839fe562,4.8674994
2018-05-13,a5341e3f8155dbb3e62323d3ea289729,2.7901487
2018-05-13,a564f50791e1677ddf2801fe1e8365c8,1.4650977
2018-05-13,a56b51724402d77b13ba844e67130c4a,0.90262365
2018-05-13,a5bbc554f75cf4afa2cd56791015ec27,6.451937
2018-05-13,a5db7a80a8d9c9d49050360fceb6ffd4,1.5974152
2018-05-13,a5e28e21acf7c99188ad33f688f18837,4.9498653
2018-05-13,a60613d36f37a7b27d3344f40f6a7945,1.4415972
2018-05-13,a62e25e09e05e6faf31d90c6ec1aa3d1,161.20526
2018-05-13,a6ad77b15e566298a4e8ee2011ab1255,23.141354
2018-05-13,a70d74f54feefedd8108c45553766340,1.540882
2018-05-13,a8075470f960215ffb67624782f80fec,2.2556832
2018-05-13,a8115d34a4b7b74388da609692162c37,2.2972457
2018-05-13,a8b3b0af05abaf1bc4d318debe51f3e1,0.992617
2018-05-13,a91c1a94d83d36316c44e00e738607b1,1.6947784
2018-05-13,a92930c327948861c015c919a0bcb4a8,13.703129
2018-05-13,a9e0a3a894f4bf7844830c090853c3e1,1.9915326
2018-05-13,aa70c29cc4b519f080d45ba24d79e144,0.8328069
2018-05-13,aadff88486740e0b0ebe2be6c09476ae,2.9080315
2018-05-13,ab1f9387c0627dd24000bfbc54fdeee0,5.536207
2018-05-13,ac44def10e24998cdee20a208d691127,4.099096
2018-05-13,ac50a885bf3b6a817bf6a0a2f1e27af4,0.93319637
2018-05-13,aca2eb7d00ea1a7b8ebd4e68314663af,262.2188
2018-05-13,acdd408fe971bbe29a81f8febb575ffc,7.2333546
2018-05-13,ad0a798e7941f3a5a2fb8139cb62ad78,4.1114516
2018-05-13,ad21c6ffe97ed6db7a3d73b51bca2ee0,0.7271532
2018-05-13,ad2b6bedd7908a039ae14d7758805299,0.93951285
2018-05-13,ada916969296efb7a3f68cced80f60b8,136.31534
2018-05-13,addc5c8bbd255c685d87235db4c4579d,0.7249772
2018-05-13,ae154f7a67e5289488f78670d3e5b971,0.93785
2018-05-13,ae52eeb8383b94455f0a08b1f88ad002,2.482412
2018-05-13,aec710f01b389f7277acf17f5fa20094,0.95221114
2018-05-13,af2d506fb01b724e03591349ad36b67e,2.6642022
2018-05-13,af4e303574dc703e52b2731419bd563c,0.737543
2018-05-13,af53bbaeee1f3190c2ff939fc236b6f5,1.0906636
2018-05-13,af751fe756699bddfce4fdd67242fc2a,3.5837116
2018-05-13,afd22faefd9584467a374bf7a50f0996,0.8000687
2018-05-13,b046862b2553fe4962392cdc93a2ae93,0.7367282
2018-05-13,b061d19bedb7cb3af1ae9d6fb52b5712,1.004744
2018-05-13,b0868ddc5f282e1e482593315aa0643d,0.85457915
2018-05-13,b0fd7a18daa40299b5393b4280b55dad,0.9432442
2018-05-13,b1035b3d307f0aeb6157fdd3e09f8119,1.0146291
2018-05-13,b10eba910a974df70b8a12d0665cdb9e,1.7557319
2018-05-13,b2b2279a0174bb3ce78d8b668f8fe27d,0.81468946
2018-05-13,b2f15c23f560da3b247e1090d9d12be7,3.473949
2018-05-13,b35370362fa3ad4b1976f2a11f146dfd,0.71232444
2018-05-13,b38b25d838ae0b8385e8cc68b9017644,4.5406847
2018-05-13,b3cd6ea8ef75cbcb2856861b31eb9bc0,0.8037376
2018-05-13,b3dc35a7b0042136507e1c174bd7cd2d,1.7469897
2018-05-13,b437cddf092e72ecc426822140bff540,0.9604012
2018-05-13,b532349fe46b38fbc7bb3914c1bdae07,23.839598
2018-05-13,b5661cf46c147805adc83695fb04f487,15.745454
2018-05-13,b59b5899ecf4bcc294a72fdd48adaa94,3.0166464
2018-05-13,b5ac08b2bc73bc36eecc6107b78247d3,1.6471708
2018-05-13,b5adf7b72a7eb667aafd446581c35f3f,0.91548645
2018-05-13,b5e13c9a353102f79c6206ff5cb61a50,6.359178
2018-05-13,b60f6bba923daf524e87691951512e1a,1.156667
2018-05-13,b69eb25e3a4def8e9cddee18712e0c5e,10.499062
2018-05-13,b6ada73818651fe7e64be10653062ea2,7.844258
2018-05-13,b73f6899a58fe7a37e55149e9a11c717,2.135686
2018-05-13,b7c26f18ec50a3fbdb10c7189b8f459d,0.84131634
2018-05-13,b813c88d024da60c2cbdf7a531e4fa77,1.7756346
2018-05-13,b84520a57891e7a8ae2c68741dcc7146,4.7818174
2018-05-13,b883409932bf862f43008f116a06cda5,27.088358
2018-05-13,b8a0d73b2a06e7910d9864dccdb0cda2,8.186414
2018-05-13,b8da1249f4cdc93cdc88d9b16cb32506,0.98786986
2018-05-13,b8dabeb598db5ace52983a669b90238e,0.7468875
2018-05-13,b92a7304ebad1ca5b393b53b2de5c70a,1.5030096
2018-05-13,b98992ea80b467987a7fbb88e7f2076a,0.9738855
2018-05-13,b9d2933371226d828303d9235b89369c,5.466439
2018-05-13,ba5fb4ab9cd70d201b74b5bad9d4ca00,2.7224097
2018-05-13,ba74c6b75d2ad7503175809688d5a03c,6.329021
2018-05-13,ba80c9f47a84d1e08465f72e22930c83,7.403232
2018-05-13,bace90a7338e9d31371ad47811cf4c7d,1.5989635
2018-05-13,bb48c8fda6bcf73c9a0178fd1a1a366d,1.4417474
2018-05-13,bb50f2e236e5eea0100680137654686c,59.49595
2018-05-13,bcb73e60afae97b054a92e2a80759091,0.8608578
2018-05-13,bce474cc95b6e77657e10939b0b4248c,4.391783
2018-05-13,bdc3291ab242ec1effc8eb0987850268,36.705395
2018-05-13,bdcf6a834e8faa30dac3886c7a58e92e,6.283132
2018-05-13,bdef7736f61a507f68b31bd86ddaf69d,0.8812449
2018-05-13,be59d6c35e43e4bae41772d4b87136a4,0.9102872
2018-05-13,bec2975b905c2d5a70fd97abf8c894e3,0.8344007
2018-05-13,bf2f8d918c34551d0bc8861f3779953e,0.8463174
2018-05-13,bf359473d58e90d8fc29bf8f3d282ea9,0.89337605
2018-05-13,bfc0d01be79d9038c7720f983bf954e0,1.2936271
2018-05-13,bfc275f6de912665e4dcd8da32f43c10,0.7919367
2018-05-13,bff2390f68a7b76b01ef61b684888261,6.7389913
2018-05-13,c0654cc48163d87a12f1088eb133db68,1.7607667
2018-05-13,c07f064fdcfd7e6c865fa295be464196,0.83472866
2018-05-13,c0aed8767e46cce56e77db0ceef83035,2.1472642
2018-05-13,c10a7001e8b49dfc03817444b5f2ed81,1.3901209
2018-05-13,c1dfd7dc17df380ed269d0fc905f6e22,2.2263596
2018-05-13,c1f5307decb89342351bec53668cffd9,2.921184
2018-05-13,c2a9f8aeb7a51580fccc2d1c4f8bceaf,3.99652
2018-05-13,c3182d1991c7d4859e8f39b6c45a026b,1.9305044
2018-05-13,c3ba4e8d3cb30049213b682e751e9d00,6.597698
2018-05-13,c403e106353e1aa40efe783ecb39ed7a,3.9020753
2018-05-13,c49acb6b0fe4c9b3a24f56c87d176f8e,0.907631
2018-05-13,c4baedd846ed09b85f78a781b522f126,5.1988935
2018-05-13,c4e5ffa25998bab21ddca0d28448435f,1.065972
2018-05-13,c56400aa5823575d5a92a8f98077490a,2.7958012
2018-05-13,c589625c8ccc7bfd2e8f1fb041e24c4a,2.7912757
2018-05-13,c63ea4621680c1b0fca8864c0564bd78,8.577414
2018-05-13,c65f71634a9d0de5b4a1d7dbb6d3ae01,1.4805005
2018-05-13,c67b70ad21dd3cd5254c5da1a24d1e0c,9.825279
2018-05-13,c68252426f70e1434cf6e465d7cae869,0.60162705
2018-05-13,c7a3f1a7f9eef146cc499368b578b884,1.8594826
2018-05-13,c7fd13b5e515bffdab855d0812842edb,25.20641
2018-05-13,c8cfa622661e047ea2499f8bce4731a5,4.301742
2018-05-13,c985e917daf44dfe2779833209017098,1.8883834
2018-05-13,c988a235aba9c5a522df4bff0ef2a182,9.949452
2018-05-13,c9c6fde711572c1ad99ca12728c6af00,27.85262
2018-05-13,cac9e5692471a0700418aa3400b9b2b1,25.699104
2018-05-13,cb81df0e3ccece253557f2a07df4727e,10.579605
2018-05-13,cb8209d6b80bfeffaef2d1f694aa93a9,0.84229845
2018-05-13,cbcf718a3400ee5b15ac8d78559e6bb6,0.8138013
2018-05-13,cc5447118c174dcc6456c84ccb29e6f7,2.4649112
2018-05-13,ccadfeab525a9eb1569983b66e5075c4,30.512608
2018-05-13,ccb162ed569f47d83f62aebd5700d7ad,2.3489132
2018-05-13,ccd686475dbff77b93871eae4754526b,1.1267964
2018-05-13,cd2ea14a901da3b47b33516f3ca6929e,1.3709143
2018-05-13,cd48f265a63e13b762601f5f794c5fca,7.859908
2018-05-13,cd935d283d47f1050c505e1c39c48b67,1.3960596
2018-05-13,cdafffbe81c76e4cb8b1270523215c82,2.0314813
2018-05-13,ce5cedf6e57d59b07eeecb68eeafd099,5.1508207
2018-05-13,ce6f74096c84567f22728c84f3d6e7fc,2.09051
2018-05-13,ceb9200bc33732558224476d75815c32,1.132847
2018-05-13,cec09725da5ed01471d9a505e7389d37,6.118806
2018-05-13,cfbd9afef85eecef5aecf32844d2bc07,0.7862547
2018-05-13,cfd414b4463647f58c7775eaae06893d,1.140289
2018-05-13,d011223de539cd224b5c5c8082313d46,1.933508
2018-05-13,d017a2151d543a9885604dc62a3d9dcc,24.702274
2018-05-13,d03a2a3433372ac8f9f6649d1dacadae,4.7377915
2018-05-13,d03bd02af9fff4b98f1c972315e5e9ef,3.1119819
2018-05-13,d04857e7b4b708ee8b8b9921163edba3,8.095159
2018-05-13,d06466afa11453b6450b70992c90ece7,3.2973027
2018-05-13,d070415dddac66bcbc0a2e4f253c0f81,2.4701796
2018-05-13,d17a8ef6d4228318ca645116dd6bea23,0.7277269
2018-05-13,d1c427060a0f73f6b889a5c7c61f2ac4,56.9729
2018-05-13,d1d3cf795364e3380f9412941d8a8758,1.2626115
2018-05-13,d2239567438e335a463191a43f2f02ff,0.8037376
2018-05-13,d22f287512fb5bda6efc5c8e6216c6db,1.0403987
2018-05-13,d245838e3d0b2b51d751ccdc98885a8e,1.7678492
2018-05-13,d285360f29ac7fd97640bf0baef03de0,4.1474147
2018-05-13,d2e1eee81b5ff42f0f1f4693e1182349,0.95975745
2018-05-13,d2f2c2b94c6ac44ece0bd0dd202c7939,0.6711098
2018-05-13,d2f5484cbffe4ca766301b21ab9246dd,2.9988704
2018-05-13,d339b523c298009f15d242a3a99392c7,1.8317045
2018-05-13,d33a74e1b6cfc152b6b3f43324d54987,1.4728014
2018-05-13,d34347977e0997e8f5635d50e60b3c20,0.8821109
2018-05-13,d35825dd1741eee134506022d73f4e71,0.7289802
2018-05-13,d3e1006ba3735c0d44160026b6e0ced3,2.5687773
2018-05-13,d487d19bd9ea9420465fc556ce17ef4e,0.80377793
2018-05-13,d48bacc1dcd9c86bf1ed4ed2a303336c,4.4239874
2018-05-13,d5140e1d258c83a340419c6522c7da22,1.8010827
2018-05-13,d55d2479e56093f23ebcf313ceb3bcfe,7.6039295
2018-05-13,d5edb235c490c253cb971f0ca5a7af74,1.0102979
2018-05-13,d8aead84c0ff5356cacb9ac841ec3a5f,1.2720501
2018-05-13,d918b3f4aa5272c2c3cd088d087ca069,2.569676
2018-05-13,d99526b1e4fa5f57b8bde34a7337b5ee,4.5111556
2018-05-13,d9bba71d1d1ad35925593d365a2ab43e,0.8732493
2018-05-13,d9bdf643d95cb89844c0da1a0df1d16e,1.4582546
2018-05-13,d9e7d13814ea50f9ae1f612ef6b3a1f1,3.281455
2018-05-13,d9fcf1be6830bf510f03d9e6c979e4df,0.99894804
2018-05-13,da686d15de3ee88de081bd159b031e47,0.94562083
2018-05-13,da97969972a524bca894f97ea6bcff90,1.5665241
2018-05-13,dab2413ead0edda9967edbc9bda2a64e,18.672157
2018-05-13,dabbb10b2f36548cf2aff2993f4cf5e2,1.63155
2018-05-13,db6677c6f890ba1730c0b75bd8132579,1.378733
2018-05-13,db91bca0e0253d71433c22ac5acd0fbe,0.7778909
2018-05-13,db9f690c43d7029be69f5ae0deb4fd96,0.9499835
2018-05-13,dc4f0da054d6a37385d337699c7ab043,0.8420078
2018-05-13,dc52f0f5d3ec37a93eaf956cde4e5d2c,4.9898057
2018-05-13,dce24381876a1d59ccc9d00d3dbade56,1.7414758
2018-05-13,dd4c3b4ab7e001aaf385ea2e68952030,2.3895102
2018-05-13,dd768d259ee6054e0dadd66c8e2be0b6,1.3723814
2018-05-13,dd841bf589f05e0948ddb0c8d2c749ab,1.509082
2018-05-13,ddcb7473fdc5368c019e3ef6fbde816b,2.2964816
2018-05-13,ddceb6eef6af67e9fbbd4c148dbe5fd9,2.9087524
2018-05-13,de12bf624c66b90ad178ac441cbfbad6,0.97111493
2018-05-13,de480e3ae31eea2d2d97d694c43172fc,2.192521
2018-05-13,df581a0b9a4bf71da645a0a3d5d2b4fe,0.99357253
2018-05-13,dfec64aac9b864b2807a7be33222b75f,3.2014656
2018-05-13,e0cf79767c5b016251fe139915c59a26,22.087786
2018-05-13,e0d64dcfaa3b6db5c54ca298ae101d05,106.356926
2018-05-13,e0fddcd9bdfbff9df8a8228f6a6346d7,0.92731273
2018-05-13,e178e8610a35f4d6c9b0934fb5e20e85,4.363403
2018-05-13,e1e0040c906cc890d032092141a9b6de,1.2197671
2018-05-13,e1e932dfb67414e80b87ad97688cf2a3,2.0868673
2018-05-13,e1ed9c25b42fc1afbc7459cc821a9d44,0.8703897
2018-05-13,e2372fa4eec7531e44bb43844876e25b,1.656651
2018-05-13,e25a1bed3de19f42a0719cff1c771436,1.005461
2018-05-13,e2883845d83ecea7f341705fafdfd19c,1.7736828
2018-05-13,e44f675b60b3a3a2453ec36421e06f0f,6.6900687
2018-05-13,e489b41419c7d7d00445dc5d3c9966a4,1.0496036
2018-05-13,e4ca5b20cfe1a020e15e36fe14e880ee,2.1663394
2018-05-13,e4d325bd1eea550509bdbbc5c3301fc1,4.467205
2018-05-13,e4e5cbc0077aa2c7aacbe435166df909,1.2866932
2018-05-13,e53e557d5a159f5aa2c5e995dfdf244b,105.38728
2018-05-13,e59dd207c69d86e890febadc796d1078,20.647047
2018-05-13,e5cac955339b48ea3b9773f034623e29,1.8758079
2018-05-13,e5f20b4eb944eaae0a13bed3187201d3,1.7132356
2018-05-13,e70b02b0b99965f2ff4341de50a35c5d,0.4558313
2018-05-13,e70d8bce868310111ec36d96f6d80a9c,0.8951699
2018-05-13,e84997d75938765ef99930f908ceedf4,2.0927024
2018-05-13,e988092a8afe5d9393a5c3a7ca17691c,4.82154
2018-05-13,e9a69340883a438c3f91739d14d3a56d,163.2556
2018-05-13,e9beecfff0ff694e24d6e8d18c855fbd,0.8891105
2018-05-13,eae2dd85f947bc3cd623a4443bc91111,0.8826417
2018-05-13,eb6c2ecde53034fc9ec47741b3232c9d,19.918913
2018-05-13,eb8c629f70275fd1c4f809116cce1efc,48.418236
2018-05-13,ec246911ea63f94a11fc8d78c270153f,0.8865452
2018-05-13,ec72556b5da399d24fe06338e816a9ac,4.763404
2018-05-13,ec96b7b4e1401281edb9465d0d689cae,30.198744
2018-05-13,ecf9484703bdfb9cfcc1ac9c2084b567,1.4627948
2018-05-13,ed2067a9c1f79553088a3c67b99a9f97,5.2214117
2018-05-13,ed39023ccad37336e78bdacb2e20fa69,1.0075663
2018-05-13,ed464125465d8ab04c3615963d27395c,7.7866015
2018-05-13,ed4eef5d2197b2950e6eec648488909d,1.7722714
2018-05-13,ed5122a6a757a4fea8f32a6fb95a5135,1.4757555
2018-05-13,ed77034b92386a1a8cfd3c648d715dde,1.6546462
2018-05-13,ee0c1cf2fbeae95205b4aa506f1469f0,11.591293
2018-05-13,ee406bf28024d97771c4b1e8b7e8e219,14.330291
2018-05-13,ee56c010c47882613d271e40703165f0,0.9864773
2018-05-13,ee57070aa3b24a06fdd0e02efd2d757d,2.466288
2018-05-13,ef23a80c3e7f9c63e9956f6f54b1cf15,1.0637964
2018-05-13,ef5c31aee1d5074121a478b14d3eb50e,1.5684589
2018-05-13,ef61eac41af4d480bf8e6c728136397d,0.76874566
2018-05-13,efa490145b5cc82438b6a6de691535fa,1.3671886
2018-05-13,efcef300fe9b2c558a8ea258127f6e6f,2.1235409
2018-05-13,f0c1c1d5ec61ce4c4846abd4283631df,4.9560537
2018-05-13,f2399cabe080029634d12cec4f60dbf0,1.6578577
2018-05-13,f27aff266ad97e75d4a24c893b2c311e,1.2627313
2018-05-13,f2a1b32f85cad59ff2a8444154ac25f0,24.113333
2018-05-13,f34707f5f83dbd799b36e79242802784,6.2834945
2018-05-13,f353779abb6114db5f8f79fbad12e375,1.4710138
2018-05-13,f3d7339839e02f580fe8fca5755e0e25,0.90400964
2018-05-13,f40876e0ef3cd5f9132b1f16b04b1346,22.14131
2018-05-13,f4d705aa95ccca448e5b0deb6e5290ba,1.4706712
2018-05-13,f51dde119b9a90e3c7464f0cc45c0953,1.83167
2018-05-13,f521813909e310116b6b2f0b11f3dd44,1.7008661
2018-05-13,f59062775ff63deba00e8b425f127e35,1.4946328
2018-05-13,f5badee8a0e679f057ec0ca4f0f32dcb,1.4891669
2018-05-13,f6c8384f424cad1a22fd89bbc62ff7ae,0.9139871
2018-05-13,f71a7c95a86564873cd996896b2976f6,1.5610908
2018-05-13,f7a17d2c51d9df89a4f1711c4ac17f33,4.9717245
2018-05-13,f82d1ebd3649e6b83c2d0f611cb5c540,0.83701086
2018-05-13,f8a7665279f140d238371c8e7604c204,10.244561
2018-05-13,f8b624d4e475bb8d1bddf1b65c6a64f6,28.95999
2018-05-13,f9377612042bc929a4aae64a8dbc58da,2.192498
2018-05-13,f95dcd7b0926e47d0f20a9050aea2e9e,3.6831367
2018-05-13,f96ff9b997681965689f78bef092fdd9,0.99237645
2018-05-13,f9a508234fed38c95437c5a16b847774,1.5191102
2018-05-13,fa7b3afca12fceaa20c5d7aa279f08ca,0.8438623
2018-05-13,facd7264a689baabdce2373c4feb2dca,0.9060923
2018-05-13,fad9c24cf8c042a01ea0f381957f9ea5,1.0381631
2018-05-13,fb0f28746a21895329509c8b45f9382e,1.0592364
2018-05-13,fb1e2262cc73f7ab23c5dc5cf8d78693,2.8714442
2018-05-13,fb4dc3571e0698692224020b5b1b672a,0.93002343
2018-05-13,fb55982be901439613a95940feefd9ee,9.936289
2018-05-13,fb8e60e1a3c247d3a2e17f6986e71a40,2.9982753
2018-05-13,fbc1488c1a1e72ba175f53ab29a248e8,12.125421
2018-05-13,fbce4c4cb307679d89a3bf3d3bb353b9,19.45256
2018-05-13,fbd4031ddbc3d02b95834b62769d3ad0,4.6876287
2018-05-13,fc1d8637c0268af3db482c14b7ef8e75,7.757577
2018-05-13,fc7138a8f96aee8302e42916bbbbb818,3.6181927
2018-05-13,fcf6ad274391aea29f5d6e5ef9da5050,2.1960933
2018-05-13,fd76f22bf3648e0dd4295e593def7664,0.7914808
2018-05-13,fdf9ec5852bb18d630e683e3c796972d,0.8115747
2018-05-13,fe7f10e5c9d36a294333b0c35ccc24ad,1.2127854
2018-05-13,fea7f0c147905a41ca324c0e3234a4c7,1.8479679
2018-05-13,fed5c40c27e1c88560a9e92d82ee0825,1.9450958
2018-05-13,ff92ca9bb0b3f4ec00a9b76c9f68cb3a,3.837245
2018-05-13,ffc9caf33e2d1e9f44e3e06da19085f7,5.8449717
2018-05-20,005030ef108f58b46b78116f754d8d38,1.5818905
2018-05-20,008cff0e5792219fae03e570f980b330,1.2410787
2018-05-20,00faa46f36261af8bbf3a4d37fa4841b,1.2806582
2018-05-20,013ee64977aaa6b2b25475095162e0e9,3.2810595
2018-05-20,01847cb3f55acfd629641e58e38e561e,1.8111732
2018-05-20,01d4157fd9738ea81038316ae4cfc192,5.136842
2018-05-20,0424d4d1508370eb771126734ec9740e,0.923742
2018-05-20,0433830caca22b01a0f477d31307b043,0.7975319
2018-05-20,04ca6bf4b3d9aa78046f0973efe2f4b1,0.9928456
2018-05-20,054515fd15bc1a2029f10de97ffa9120,25.275438
2018-05-20,057229db0353dff9e12e298e8f6429b9,1.2813429
2018-05-20,058b372f969b59e8c4a27e224243909c,0.9587232
2018-05-20,05c8eb0ae68c09cae5b68d673652e7f8,0.9991073
2018-05-20,0609678aec06f28cd8e177550d26e73b,0.8381248
2018-05-20,060c17562f97e5bb60bc0dfa4dd5b3f2,2.6705644
2018-05-20,0654d3c1e3efc7e7cd9dbde9cb743df2,5.7958302
2018-05-20,06dce482ace017e78349b6f1fa83a022,1.3399891
2018-05-20,06edb72f1e0c64b14c5b79353f7abea3,25.45806
2018-05-20,06f2166336faca73c644b11eaca22d06,1.6962641
2018-05-20,06f756df8d80309915285f3ee6ea1059,1.7022163
2018-05-20,07591f80309eb6393c6af043b234cb83,1.0851736
2018-05-20,076e36bd0e2aebb35184d08c8e0f032b,1.0119829
2018-05-20,077599a82ee54960bc4f4c941b0d1359,1.5378888
2018-05-20,077c1ba3f2e5e4145faf0a12f35ec1d5,1.1037037
2018-05-20,078faa63eb55a5055713e141f098624c,3.9703293
2018-05-20,07a949f27854f64558f8babcfec441cc,1.540094
2018-05-20,0820af09ddc75b84841b1fab4da4be9b,1.7773485
2018-05-20,08834f7365a6bc07d7049b7f4e95f8e8,1.0144703
2018-05-20,08a58dc963320d6073623382b9ceb920,3.1333447
2018-05-20,08c63555bbee955cad9c6a9feab9e9d4,5.7013674
2018-05-20,08fb1fed44ecc852b3ab9363b00d1c03,1.0020876
2018-05-20,09364ccfda8448d03ae4082f6044b16e,1.0653867
2018-05-20,09b0d15a8cc9a84e7af7e0225f67dc45,10.663141
2018-05-20,09c3a2ea33f044aebffecd6681e00133,8.2214365
2018-05-20,0a57f7d2c983bcf8188589a5fea4a8da,78.510635
2018-05-20,0aabfb375647d9738ad0f7b4ea3653b1,9.816897
2018-05-20,0abc19e41fdc9d6894b8cae651619253,0.99461025
2018-05-20,0b3a130c2e54aecf33e3e1955fbeeb00,0.7938604
2018-05-20,0b6a32b32a7dc68b12e8a0e0805c44d5,1.0583463
2018-05-20,0bbdc963004d9b2fd3427ee3c5ae3608,11.20306
2018-05-20,0bcc3eeca39e1064258aa1e932269894,17.627607
2018-05-20,0c5b17c1b54fc1dc48752ddb8caab6fc,2.5206144
2018-05-20,0cb255418b89587f063171ca707b85e7,4.429124
2018-05-20,0cf41187284d7f099adc8415a743ebbd,5.357257
2018-05-20,0d009643171aee696f4733340bc2fdd0,1.6909236
2018-05-20,0dadef6ed70b861b14eddb3a3ca6b73e,2.1772826
2018-05-20,0e2d365a247d105fefc31b17ab8706d9,4.230152
2018-05-20,0e40b1ed4cfd3da1962ec91913e54ba8,1.4966657
2018-05-20,0eb8e03d4ef83152c4642b606b5bbdec,1.9826499
2018-05-20,0f8977d115c52d93a05dd4eb7052baff,4.993987
2018-05-20,0f8b90fdd8f2e3b0fca368349e2c298d,33.883797
2018-05-20,0fb4287d451ca41ec9311a82fd9599a3,0.9226347
2018-05-20,0fe922b7f7d43ef454bbc241416e7401,2.6429634
2018-05-20,10adb53d8faa890ca7c2f0cbcb68d777,1.6116462
2018-05-20,115e606ac8059e4cfa1c6c3310fb365c,1.5908011
2018-05-20,11f97b0fc032508935ea374eadece168,0.93389714
2018-05-20,11fb16e86df4d50cd2c289ede0b70f42,11.49038
2018-05-20,11fd9d7ba552e1d28872e008acf1e050,3.154757
2018-05-20,12fc9ab82dd45f3824881d94f79edb38,1.8625863
2018-05-20,134a6fc4a713a799266ebd6a4f4008d4,6.0954466
2018-05-20,1427b126f61597524866770b05d4eed2,2.2124045
2018-05-20,1454b29e83ab2f8bf6b4102736498ff5,20.823008
2018-05-20,154e7e31ebfa092203795c972e5804a6,5.8544383
2018-05-20,16679d68bdbed3fb97af806424d7f2b7,88.912315
2018-05-20,168b1b45c68037b0490157ee10540349,0.99094486
2018-05-20,16bf176650a888512655cc94f61860e3,2.1671479
2018-05-20,16c4e87b98a9370a9cbc3a4658a3f45b,1.3156791
2018-05-20,173e9fe34bfe97f3a5e6dc57fe897b74,44.91182
2018-05-20,177d3d5bb9d4d29222a222e3b3554f41,5.7627635
2018-05-20,18f6ea7e8cff29f8053baac6762449f9,2.2868967
2018-05-20,19040720293c3389f764e7b18f9395ac,0.9346655
2018-05-20,1966875cebbc7c844c1e89f9140bb82e,1.0664176
2018-05-20,1a758361b1c10b3ffe3d3373332de319,3.7325032
2018-05-20,1acb18fc869c5489d5f76abcd681165e,2.9962678
2018-05-20,1ae28ef6d0421f92f2e4e6d407e90347,3.237368
2018-05-20,1b2066a33aee5851ee3e44b10b36b3c8,12.952773
2018-05-20,1b90a8c5fe7ad2ec9351f03282b30075,0.7224395
2018-05-20,1bfb290d7273a442c874dbe74b4abae6,13.068751
2018-05-20,1bfc9947194da1defa581550164fc92c,0.8532266
2018-05-20,1c02c66278df52e0e945f9cdcd9259ac,0.9319002
2018-05-20,1c12e2e95f36322f3a5ab8153a76bd73,0.8398381
2018-05-20,1c47e837f2780378d8485d04ab83a45d,1.1890354
2018-05-20,1cc61b32763a4d816212b3507b6b6c59,1.4348314
2018-05-20,1d4de03a6141ce2a2ae5a97f51cabb37,1.4891973
2018-05-20,1db70fdb375b2b564c24eeb1b60c440e,1.081588
2018-05-20,1e2e095149b3e9ca487d9c2d8c20378b,0.9636232
2018-05-20,1e89bd6bc4f739a8b303c92d58bf8014,1.0885313
2018-05-20,1ec486885049bbb9b79351d150ed18c4,7.1630096
2018-05-20,1f5f0f003ce8595ad88fb215ec1409e6,1.7753354
2018-05-20,1fb344134cd7164d32dea4d87ba3ec5a,2.3359346
2018-05-20,20531b0644a0719b8d506c4db3c56609,3.7328184
2018-05-20,21634fadc73ca34ac36813b02f1f10c8,0.9416211
2018-05-20,216bb0e0cd43ffd832e0973d35e0377e,53.506294
2018-05-20,21c00997a28e1efcdd07c8a67f26d4ce,1.7539057
2018-05-20,21d2fdced5c69bfc6539b67908a4ad28,1.45028
2018-05-20,21ee06f7fd37a6fe4841865339411674,3.3353145
2018-05-20,2267f81f3634e3fdd5d27151ddad3c26,1.1867661
2018-05-20,226be9996759442f90f73b7d24c6baff,5.439543
2018-05-20,2397e0e56f2c656e794348f4fbdfa3dc,0.9175032
2018-05-20,256711bf66dcd14111581476d6cca1aa,7.908551
2018-05-20,259df46ee92a13043ed24ebabb9534fe,7.207362
2018-05-20,261dc97192b478e60fd1318cd0650618,0.8639596
2018-05-20,2647221a6a477afe2d0268b378f1fdcd,1.0119829
2018-05-20,26b2a480ced2900a62bb9431133e95aa,4.7794333
2018-05-20,270c3d76b5efb36480487920cec3e167,0.828879
2018-05-20,27a7e832bcfcd69ff687d611c3e79cbd,1.4995354
2018-05-20,281bbfe70848e0b304bef88fc2caf2c3,2.2485907
2018-05-20,282689e1e4c5d32efe135668c32b6722,0.9960086
2018-05-20,28701167ae1ea90aa657c81171d61c30,0.8130808
2018-05-20,2873da054c3a30189c5aac7b87d3b6e9,3.2516458
2018-05-20,28b4eced95a52d9c437a4caf9d311b95,5.8568
2018-05-20,28beefcab28e6a3b659bae1bf1cbe453,2.9667397
2018-05-20,29428180f6710d477f3c85fb06adb593,0.7874561
2018-05-20,29b5add9129fe45fb3854c50cbd2765c,10.177071
2018-05-20,29fd9022374ff3fef2e8f82c39b4133e,1.3225698
2018-05-20,2a0bfe6be429db305a3573662ae96f2d,1.0226654
2018-05-20,2a5806f10d0f00e5ad032dd2e3c8806e,5.3944225
2018-05-20,2ace3826b9a1b13030adc77ae9ae7902,0.9993121
2018-05-20,2b4042dfabc3fe9d3f16951a8e1a3b70,1.4352424
2018-05-20,2b4609f8948be18874494203496bc318,23.057758
2018-05-20,2bb3e85f2a403543fdb64e266e70c792,3.2006302
2018-05-20,2c19582c3eea7a6f53a30dbe0a8ffa7e,0.8434574
2018-05-20,2d063994ae4667cff3d6841e9d441d1d,1.3940779
2018-05-20,2d4114b81581f8c123e9d78743d9221a,0.8176016
2018-05-20,2d4910ed534d58d6b37408bb5bd46c0f,0.9052189
2018-05-20,2da57168cd8fff36cb88b21369ce7e6d,1.2111359
2018-05-20,2dd91cf063cf57cb0eebef072746daab,5.18256
2018-05-20,2de5c479fb0c490a0f2a2f3ab36e71b6,1.4243037
2018-05-20,2f20a2013902657c0800ddf524514e4e,0.8475172
2018-05-20,2f2eee65fc4cc4a5ee8362730719d290,0.8263291
2018-05-20,2fd89f236e3e8f4b81b7b74f09f40186,3.5122776
2018-05-20,2ff995aead9c63a1f37a07b3664ead37,6.8364673
2018-05-20,306b0c58328826c0564cbc520787d508,5.619066
2018-05-20,30b71c9c4072aedc2eab725fa28f50ed,0.84487027
2018-05-20,30e2b9deadd5211496426065065c71a7,1.6736238
2018-05-20,30f2abe62a0f5fb21e4361e83e19f3d8,3.1213388
2018-05-20,310b40ec41fbfc061e5309006482e68a,3.0530787
2018-05-20,31a89a7044c5b133cf646404a4e86022,42.609833
2018-05-20,31b8c37adb9572ed34757d9368d987ac,2.568195
2018-05-20,31d6f0a621ee145ae8c70304cf564483,0.1622898
2018-05-20,31e085df58ad2bb752bfbabd1972197c,1.7998445
2018-05-20,32442bee23baee10041f5a964cfcbd15,1.0828695
2018-05-20,32bb152336c896d906a6344cdbe1993c,1.5690719
2018-05-20,3354a4e684f5e7199f9407db70ccd92b,15.137994
2018-05-20,337a76815f8f765a51535e787101c8fa,0.93649304
2018-05-20,33f17ed3c6906f7a7ae17a0843536db4,1.3211176
2018-05-20,3439529926df110506c6752e8f16d358,1.6973537
2018-05-20,349ce46a0e2e20054aa9d80c48af8816,16.680365
2018-05-20,35537536ed2b4c561b4018bf3abf54e0,4.6963387
2018-05-20,35ad08ea141acf7c484c97075944610f,1.1885847
2018-05-20,35afc973633aaeb6b877ff57b2793310,6.622142
2018-05-20,363218ba55c610b750224f90bdd34be1,33.46704
2018-05-20,368c6c730842d78016ad823897a372db,134.48334
2018-05-20,36bd3e4daa4604d112f17dccd24ee59e,1.1926101
2018-05-20,36c2fb4fa746273709c373f6d6ec6796,3.0252166
2018-05-20,380b4664ba5bb18cc9db78ee6bac3558,4.0709476
2018-05-20,385a33a408e9c35c9fbc2025c12f3784,1.3014116
2018-05-20,389d119b48cf3043d311335e499d9c6b,75.771416
2018-05-20,38ef617a023fc4398829dd8c2b9e8be6,1.521941
2018-05-20,39084b68d30ae3ce2bdaf467ed4f3dbc,4.3586445
2018-05-20,3a6e1126835fc77d816b7c7928f2454c,0.7089486
2018-05-20,3a97c39e9f9403887cba9e4fe7bd789f,2.0271792
2018-05-20,3b10cf7d1e08c598428ad6eb7c59d09c,4.9872136
2018-05-20,3b42242085259cb66b6e577ae5173c76,1.6411579
2018-05-20,3b53b6b3ce85cb52f521117e354480db,1.055332
2018-05-20,3b60d513e90300a4e9833e5cda1f1d61,3.5243776
2018-05-20,3bad4452b9bf0554748e82f3a4a5673c,16.213161
2018-05-20,3bd016185be10ea4b4b2baa6e7dd9e9b,1.7866809
2018-05-20,3c4e3782469a0f1ac459dc6c47ebef31,1.1890354
2018-05-20,3c883b9d3fd2d0ce448d4136349dc0a4,3.137526
2018-05-20,3cb39171fd36c50097f2dedbbe0dfe6e,10.700678
2018-05-20,3cc7ec95300ba6432c64f0b12673bae6,1.1920841
2018-05-20,3cf8d7db7dbaeb28f077151adfc59340,0.69213647
2018-05-20,3d98ab25b3b0c893c78f2ce1dc31e1c4,2.9894633
2018-05-20,3dd2a17168ec895c781a9191c1e95ad7,188.32294
2018-05-20,3e19791ee3fa124c96da5a87616794ac,1.0774528
2018-05-20,3e442d09f9dfef002aadf31960869f65,2.4753764
2018-05-20,3e5201fe0d1ba474d9b90152c83c706c,6.742109
2018-05-20,3f212fef0e1f11b343226b633f0426df,1.3215094
2018-05-20,4178e16324fd0c9a8e18463caf390cc6,4.4547987
2018-05-20,418d480693f2f01e9cf4568db0346d28,2.202444
2018-05-20,41db6d8062fcd38410c699743ccc0265,9.889709
2018-05-20,422879e10f46682990de24d770e7f83d,151.34573
2018-05-20,423b46d7ff817b1cd19ab195c7b76546,1.9931259
2018-05-20,426844dd9ed9ae105a5d4b3f1e18becc,0.9695822
2018-05-20,429e7401fafb76436f15e86498bd7364,3.6508145
2018-05-20,42eb5329dd0ee3d76d135ce04c84451b,1.4777954
2018-05-20,437c05a395e9e47f9762e677a7068ce7,735.4615
2018-05-20,43ee88561093499d9e571d4db5f20b79,6.2409983
2018-05-20,441293f432282ea2ab9c82fe5f0fb875,0.91159385
2018-05-20,44be579342e8ba8bbe3d0448d126afea,0.54099673
2018-05-20,44d097d59e8430f88a67517cd0c4f865,1.9287027
2018-05-20,44e086c4a977f37a888627b43880586c,4.1578474
2018-05-20,450c25d98ed6923154a934554475bf13,1.5551661
2018-05-20,451482edc91f59c001a5a3a0e4d594bf,0.8383891
2018-05-20,45417041ae270bf5e57ec990a56bdebb,0.93349075
2018-05-20,45f7c48e7ead07eb1afd9aebfe6de326,0.93536425
2018-05-20,461f43be3bdf8844e65b62d9ac2c7a5a,3.4858994
2018-05-20,4678fb24818cab9ec956d9b610435d9f,11.52586
2018-05-20,46c57742071cc875558cc230df1aa9a4,0.9249976
2018-05-20,474bb6b54fc608ca71059a6c4f7ecda3,5.222797
2018-05-20,47cd48073d67f91f09cb5ef9496c920b,1.6348705
2018-05-20,47ea90e9a2976bc290c3cdf3b5e0573d,1.7149626
2018-05-20,485977d79fe47209050d22d220aaab7f,0.91666216
2018-05-20,48acade3f4dd39bbab10bd14bcfc8735,1.284474
2018-05-20,48bc0b16a79dc0d94adfb679e1f6e965,0.8477289
2018-05-20,49eeae59754cbcf1abeeffb8f51184ee,0.7450204
2018-05-20,4a37fea9a17c3cb688dc22802a698a80,2.2383175
2018-05-20,4aa6014eceb682077f9dc4bffebc05b0,3.2840784
2018-05-20,4b24b35ca762a17e416dfcd4f647c28b,2.7733912
2018-05-20,4b703444923b5e57bb73ba343f5ebab7,17.180809
2018-05-20,4b96786612ebe7463132fce2c4dca136,5.360584
2018-05-20,4c0f00c6b8f193c1cb9459e6b97e0320,0.93874174
2018-05-20,4c3063dd985fb11ee11451d3bf7a99b0,0.99555165
2018-05-20,4c4ac406dc3f4a2e7805e4b578d0fa0a,0.8919011
2018-05-20,4cd6ba4ea3112de8fc238307c4dc6307,21.144045
2018-05-20,4dcb49b9ca7e48d2f108d40caa77caa2,0.95473045
2018-05-20,4deb009c36a910076a023947a7929201,16.230772
2018-05-20,4e5dc46fe4e31dd605f374ee43f0268e,3.168054
2018-05-20,4f5459b07e4a3e0897228ccfe3aa474d,1.5386771
2018-05-20,4fa33915031a8cde03dd0d3e8fb27f01,1.6677892
2018-05-20,4fd6ec612afa6f67b850b157f00a3368,1.7918609
2018-05-20,4fe644d766c7566dbc46fb851363cb3b,24.505352
2018-05-20,5099f7000472b634fea8304448d20825,1.037231
2018-05-20,5188466ac1bca9e8317ef320cd279b89,0.90784264
2018-05-20,51ce083cd2b9078656a94655ab45b8a4,4.041116
2018-05-20,51d646c5c93e0f1de543528d0e24eadc,3.197125
2018-05-20,51e8feeedd83467b86a79aa2769367c5,10.4398575
2018-05-20,51f876eb62be778c757503cf7f8a3b74,-11.93047
2018-05-20,5215505db2113a032810c3644c346a38,1.218697
2018-05-20,5237739bb5fee495dbd337755a138660,1.8204952
2018-05-20,525947dbe3304ac32bf51602f9557c12,2.6125715
2018-05-20,5292d2a10d727811b78d5b7dfb6c96b3,1.0634146
2018-05-20,52e5fdcb5e51164483d584c75bd3a478,2.6373742
2018-05-20,53759a2ecddad2bb87a079a1f1519f73,3.2401502
2018-05-20,53b36df67ebb7c41585e8d54d6772e08,144.72769
2018-05-20,53ea9da485f6aed8a6f03a85831fe021,1.7592216
2018-05-20,5526b1ae9ab2688cf600783cece249df,9.459543
2018-05-20,553e0e7590d3116a072507a3635d2877,3.081839
2018-05-20,555cf217f3f7376ea7ba4af273c56739,2.929352
2018-05-20,55782cb82e0efe052da0a3da237da3b2,2.6160212
2018-05-20,55782ee5db5083e1e3bb2dbb054fdf49,2.9379053
2018-05-20,55b71bf300a2765a382eaec566df531f,10.411609
2018-05-20,5691dd4a53d260fffdfff8bb0b24d626,1.0158788
2018-05-20,5727b4e9463bfa0b43bf97397c4b7c44,4.4670997
2018-05-20,5742ee1a5d941486111ab986f6611735,2.250783
2018-05-20,57c9362442482cd2451f2eabf468e532,1.1761899
2018-05-20,57e089e3103f5cda6a4ce23b77399bdb,5.4227967
2018-05-20,58493ca240e8c701678576a04c2d6336,1.195885
2018-05-20,58727e154e8e85d84052cd22b0136c84,3.000956
2018-05-20,58f63077f5153309a576fda4e0851982,1.9287051
2018-05-20,593236d0ff46b4299b4787fb8d43f7f0,7.25265
2018-05-20,595fac2a385ac33a80bd5114aec74eb8,10.293723
2018-05-20,59f09deeea7c839a9212a19f3416b892,1.4357986
2018-05-20,5a0c21ad6b82a1b61856e48ec959764d,1.0870202
2018-05-20,5a4ad40b009d7b9aed160df860afffec,0.8665593
2018-05-20,5a7373ba4c9b3e13513ded06cd1986c4,1.5840966
2018-05-20,5a883fb296ab66ac6a1e68e6ba2175c3,0.86699355
2018-05-20,5ac4f7986643a944501c66a2257bdd73,4.5489974
2018-05-20,5b226d7c52f86ac72457617f78cff95d,6.313732
2018-05-20,5bd46344df36a730cedb3c85d2d1b573,1.9832668
2018-05-20,5bd7e57735a44e529bf066fee83a9c60,0.96146464
2018-05-20,5c3aca5c078a343b3b873362e7ac2fcc,1.6029581
2018-05-20,5c7dfdd3e6d851f08d3cfe8213747ff5,0.7952519
2018-05-20,5ccdfc35d9cff8db4fa46b83d5712899,4.2640276
2018-05-20,5d6bea33648f018dbb563f3a2fab09f3,7.8165174
2018-05-20,5ed9eaf534f6936b51d0b6c5e4d5c2e9,2.2339087
2018-05-20,5fe7fd1b8ea02958b45106dcd79874e8,0.9511381
2018-05-20,60b84165fc418389757838f274b728e6,1.1668192
2018-05-20,60d60857503b0e721781320f4fa28acf,0.9095236
2018-05-20,61a4100ccd6d9c4c808a1fd954ddb8ad,1.4191786
2018-05-20,61d01171a3784bab50137290350e5332,20.528635
2018-05-20,620f37abb44d006ced91c81d81db0412,0.9005637
2018-05-20,62177bb58dda374cc02e6cd2616996a1,1.0009195
2018-05-20,629397d35e30e4a0b7d3da8bf69be7ca,1.4077816
2018-05-20,629e019a6f298a83aeecc7877964f935,8.011551
2018-05-20,634256dbcd184b3757ffd7632c9fe52a,67.08719
2018-05-20,64187b994e1b15e6a59a6f72688fbea8,1.0714461
2018-05-20,6522b16614da30655a6a5ce4c8f2fb8b,0.6363887
2018-05-20,65266b2da20d04dbe00c5c2d3bb7859e,17.352888
2018-05-20,652683d85a89f3b134e44989a601bc58,0.9836994
2018-05-20,655110abedc57d73d3b2150d8ba2092a,4.1586723
2018-05-20,65ae1951caecbb80c7d5e2e662ddb0dc,1.7396219
2018-05-20,65dfa5d20f4beb1a0f6aad75c004434f,1.5911165
2018-05-20,668e8ee8f69c3545109fc40f72336e8f,2.1368032
2018-05-20,672a21bf17c63f71edbe01ecb9b14814,1.3373897
2018-05-20,675dbd52c3dadeafa9a8c96ea5a9bfc6,1.9859331
2018-05-20,67bd616e1ba0d3d3e8545f3113b0140d,37.197727
2018-05-20,6871a3c157d6f51697e887f3c3598479,2.12748
2018-05-20,695c34c5771cca25ecdc04d24a9b49f6,0.89146185
2018-05-20,698b3ddae2f0b80c2a48fb40624ca4e4,5.649079
2018-05-20,69c5919a1b057b3d3d8b58f3b9b4b89d,0.8520264
2018-05-20,6a23ae3187f1dac41b7210a8c7739d6b,50.48409
2018-05-20,6a8631b72a2f8729b91514db87e771c0,4.116172
2018-05-20,6ab6d9589ae19abcee458918d4779fae,1.4066974
2018-05-20,6adab229374835b551f6402e0dc53267,3.2122107
2018-05-20,6bd248f93425ceeb625a8a97e2404112,1.4740993
2018-05-20,6c55ba2343f9df32c7f88a468352ff22,1.7137433
2018-05-20,6c8dfcd9be1c04a1b4f98bb6c283a6aa,0.8560307
2018-05-20,6cdd53843498f92890544667809f1595,7.266983
2018-05-20,6d3d8ade6b793a08b041b6bc653c08ca,15.108351
2018-05-20,6daadc7e6029cf01762f941e488caa1b,0.8104054
2018-05-20,6dbfe807ef0967e3a7136dee5bbe90ed,0.7717203
2018-05-20,6e649da572cb3e7bd20ef7203d43829c,2.1728976
2018-05-20,6e6bc9eb53618579e6184f84ae04dba9,1.0234098
2018-05-20,6e7df7f4622d4360261995dbd5e787d0,0.861425
2018-05-20,6eb70dfb283dc3f645ed7b03c990dc72,9.760391
2018-05-20,6ed93af03d1f53308d3a9c6555a94d08,0.748801
2018-05-20,6eda94acf0ad08a1bb12f10aef74767d,1.8012091
2018-05-20,6f0169f259bb0ff432bfff7d829b9946,0.737125
2018-05-20,6f3b5b605d91b7439c5e3f5a8dffeea7,17.482319
2018-05-20,7037ab6505f028103214580cac828445,0.85221153
2018-05-20,703d742887bb9267f89b675608ba7aa0,55.427704
2018-05-20,707f450cad7285fab5ad90bc3e7edb0c,2.9540827
2018-05-20,71191d3e8768745afc1c290c63f6241e,1.5765773
2018-05-20,7166b2d3c09b93e04279029b28c498e4,0.6839189
2018-05-20,71a5f1c2a5fd9889ef26b5ac22aec9c6,2.2622743
2018-05-20,7210a4f2afef1f72df88723e733ef68b,1.132847
2018-05-20,727a46f0b58a9ef165af9f7ebcfebfa9,8.839341
2018-05-20,72cb4380c5a90c64048cafdf60d31f88,1.2944444
2018-05-20,736f1b87428f9cfe5f5184c4ac0fbe05,1.3372777
2018-05-20,73bcea88583002fe12b7399af4ae60da,4.0687017
2018-05-20,73f1f4a973ffb99bb0157e38ab33f989,1.0401483
2018-05-20,7435b3acc47c0cccaf692a61002d8908,1.7375574
2018-05-20,750cf819d127191920eda79a4b6fb479,0.9901691
2018-05-20,7564c1759c04fc0a38f2aa84f7a370ee,7.3551154
2018-05-20,759c85bda80286f647f1f71b847c6457,3.4583063
2018-05-20,75d7ef43c821730d335b779416ef824e,2.0360699
2018-05-20,764292b2b0f73f77a0272be03fdd45f3,2.6295881
2018-05-20,76b7fa5da50b22fe17d1e7bbde661106,2.2242568
2018-05-20,76d1a1a9d21ab677a61c3ae34b1b352f,2.7996614
2018-05-20,770c257cdfc072fb50ebf2bbd6696fe1,3.241102
2018-05-20,777798445efd625458a90c13f3b3e6e7,1.1505015
2018-05-20,777d2e438a1b645f3aec9bd57e92672c,5.9507856
2018-05-20,77da35d9e8023abd25ed7a92d9a65288,1.8189151
2018-05-20,77ddf7d9682490a7d50e7d580460d4c1,1.3703517
2018-05-20,7814c273ab16783d73a9863ebfa8b141,9.361338
2018-05-20,781a5256893d06b9526750ff0b5f50e4,2.4253557
2018-05-20,781afe929e3016a667f5f439afd55fce,5.4905853
2018-05-20,78efe838c04bbc568be034082200ac20,33.50199
2018-05-20,79b0cb968ca5e0ef4d6338171123a3df,0.8858748
2018-05-20,79bd832302282bb4f305c5947c2bee1a,0.85863
2018-05-20,79da264732f717f10ebf5d102aa6c32a,4.3460517
2018-05-20,7aa09531577c4f30eaf1f6cbe61f6536,0.97728163
2018-05-20,7b1f55eb9b85b0aa6b1d4c16108eac61,2.2406487
2018-05-20,7b31b39ebebeb8282009c48e5587b1d0,2.2920446
2018-05-20,7b44e5ea770ef06810f5df89006cc8b2,2.2860458
2018-05-20,7b7827f65a44cb0a2a5a1021757fd119,0.8360788
2018-05-20,7bbf8eb1681f6f8ec4b6f0c1c6934718,1.0169091
2018-05-20,7bc37d0450ed1fb9e76f9c0305838c7c,2.5940926
2018-05-20,7bdb28a55646012fb3348058d629d9bc,1.5468116
2018-05-20,7c55ea4aea1acf1ce11440010f5aa298,11.127222
2018-05-20,7c6fbb3a5346dfd607386155c6f628f8,0.7332932
2018-05-20,7c91038b7370c2ea3343e1472be3e97c,2.1810083
2018-05-20,7ce94ab189134e2d3c05f496d635419c,8.640908
2018-05-20,7e857e35018e4a05b7d124d1628dc1f0,2.0519311
2018-05-20,7ed6634347bb8371bc6b20b3a7022bce,2.4821315
2018-05-20,7f72a8900b3d2fc8fa2635b7836d6e6e,19.930466
2018-05-20,7fb04722aba7a2b632bac8f9819796f3,8.228027
2018-05-20,80a08e4dfa5115b34f674eca035a01dd,0.841565
2018-05-20,810e2944bca9850b934e1570ba372e7d,16.489513
2018-05-20,8155728af949f234b666bf60ed257e6a,1.1166402
2018-05-20,8173ca41cdb176462f9ae79821a48404,9.163477
2018-05-20,817e1c2d22418c36386406ccacfa53e8,1.6271065
2018-05-20,81a3d1dc085d3226530f23cd4af5030b,0.7142067
2018-05-20,8246b1e9198f46fc3c05900f43568ba6,1.9486488
2018-05-20,82c51c3938503a4ddc096fbed86428d6,4.5116053
2018-05-20,82d7b276f49e72ffce78d10b20518808,2.0818515
2018-05-20,82e4ad16521ca131d95e198d507db370,2.3784804
2018-05-20,8317b177579dd27ff068b83205e2169b,3.1922264
2018-05-20,835fdb74fa8c0da45cd0879b1307fcd0,0.9140821
2018-05-20,839321c2db7b3b3eaff4944c3b052ecd,4.636825
2018-05-20,83aae8023b8feda53259f63e0ec06390,1.445497
2018-05-20,83e2059df06602e05d9bc1abf28166ac,3.5701642
2018-05-20,84d2057bc1f88332d0892eea0e997d28,1.5461805
2018-05-20,84dacba9d49f304ee015bc094083df20,0.4857266
2018-05-20,84f456958365164420cfc80fbe4c7fab,23.893995
2018-05-20,84f5c4f480ad6c9998d6a6860f1a2e41,2.4199417
2018-05-20,852b4b6ded0425a736da9dd818e872b6,1.0549016
2018-05-20,8562e2c780a345b609e1b802d7e3e4ae,5.282385
2018-05-20,867dda95bbba37fe56fa288449fa122f,2.752702
2018-05-20,868b3136c5b206f91b8208fbfdf2cb7c,1.4648628
2018-05-20,87351480a75abfcf15ec67af64f28ee6,0.89689255
2018-05-20,87a71ae93900ab55fcf685c8040769b3,6.3056364
2018-05-20,87b77bddc8fa1c1272ec769a5134310c,1.779371
2018-05-20,87cc2aef12eddf0b170234138b0946e0,1.6125095
2018-05-20,87feb07adc221a4c6cdf051ea1afd0ff,1.8935273
2018-05-20,8817f0cda3d5b42e5f949ee3be9dc80c,2.6137602
2018-05-20,88703479ede641552b11881f0d2a6f6b,0.9168117
2018-05-20,887c03038c774a15272a3e75ca7b4fa7,2.1287231
2018-05-20,88e84a987b4681434dedc0bc9e00826b,6.024014
2018-05-20,88ffcf27478318ba55b1f9d22d65ce97,0.9051591
2018-05-20,89321f94e35fc6d7903d36f74e351d40,48.90809
2018-05-20,8983a3b149303c013fceabef902e835a,4.393244
2018-05-20,89b121bee266dcd25688a1ba72eefb61,583.617
2018-05-20,89e4362d74afa10ac57f8d67210132a6,4.5580664
2018-05-20,89f59eee27a6a49b9f0d887136c71cd4,2.5066564
2018-05-20,8aa6223e400af9c97b07c75993142721,3.1435466
2018-05-20,8aa87bc5f3053b4df2b05a2d3059790b,1.1375856
2018-05-20,8ac47b3ab13c68f49f10dde899674149,1.7480435
2018-05-20,8b0d2841b3c1d9a16e7e86fce9a35a78,0.7582014
2018-05-20,8b50a72d52d7a91fb19d19fbe069e2f2,4.257646
2018-05-20,8b51c6ccc9c0548c951214e1cd1547ff,1.6722239
2018-05-20,8b5227e28272123eefd613a10ffd7704,3.2107987
2018-05-20,8c292ca193d326152e335d77176746f0,3.527396
2018-05-20,8c591ab0ca519558779df02023177f44,17.154427
2018-05-20,8d0fb54bb58d39a72269eb8fc708e865,1.8832221
2018-05-20,8d4dac6177fb8134f26fb4c5cc6c0aff,22.022749
2018-05-20,8db99620b0b21f34ff4199bc6450bdd6,0.8417917
2018-05-20,8ed094bfe076c568f6bb10feada3f75d,27.38527
2018-05-20,8f3a1c2358138bedfb98645db449110c,1.3310438
2018-05-20,8fa67e5cb309b9cd7b4438e15948bdb2,2.353344
2018-05-20,8fad1e543221d7d6867e756d4bc5e286,0.8928793
2018-05-20,8feb43a054893da80044ad0f693fd0ad,0.9225249
2018-05-20,9041a4cde4a900bc259d3b1b6847f6b1,1.0006201
2018-05-20,909b87db6cb3a7ab26bd03cc59860136,9.942882
2018-05-20,914a1be6110e7ce3289dbf55ec0d9704,0.9484182
2018-05-20,914c9e9af640dd56f48764a225b00f89,3.6980176
2018-05-20,9163c7e81fd68452472912c4cde810aa,2.8305776
2018-05-20,91846781ef75057e134949400768e272,1.1692035
2018-05-20,91b08d34d0ba4db44da2dc382867ba49,1.7464942
2018-05-20,920840f7899b13c467d223950c89e9e9,1.683682
2018-05-20,92144cc00a16129494387f172aa54198,1.1866274
2018-05-20,921d31a1daa51460b7a95ea5f3ab64d5,3.61574
2018-05-20,927019d88409196f97d1fd56daaeecc1,0.69036025
2018-05-20,928e52a9ad53a294fdcc91bcf59d1751,49.842453
2018-05-20,92f699740f5a71846565fa8a6f0bbcf4,0.7182025
2018-05-20,9324d11d98d73e980e13fbd30569e9e4,1.1934878
2018-05-20,93c902b021a9e594f658ab1b0351602a,12.142365
2018-05-20,9431a9c618106cc583ea8b3381047c0b,1.0914682
2018-05-20,94475071013412139f862c0bd7e3bb37,3.083661
2018-05-20,94a6c010ef78e62cab34c6caf0a69b5f,1.4008713
2018-05-20,94cff684a6f115a32507988ff6541801,0.9846171
2018-05-20,955129b53464486f9f93074c64b2bd88,0.9870126
2018-05-20,9565229244e9341fb8c8069879cf73cd,1.3242788
2018-05-20,9592cd0b739cc57871c3aecffe15436a,0.93761486
2018-05-20,95ec3f7e237a87df9935a570ab6ef266,2.4346313
2018-05-20,960f877599875172acdb3504cf4a55af,0.89580446
2018-05-20,9613dd0d7c6c50922dbbda403223381c,0.9990837
2018-05-20,962a6951154f98f2c8e9a5b8b2bcf4a9,4.1918955
2018-05-20,962fcda8dd2506e82cb237b3efb5ba5a,1.2958945
2018-05-20,9644931193891477e4863fa05363f594,3.520165
2018-05-20,96d80c8b6c6545a30eb5bdc4961455f3,20.622213
2018-05-20,96ff741d2c7879406ec3054d6b2a11c8,0.90060794
2018-05-20,97017430754804328eb9597b7f85da03,10.4629135
2018-05-20,976738868bdcc86e959ba2a7b726d4d5,0.9722133
2018-05-20,97f1396a5a1f7c07ba51784efdec44b8,11.944129
2018-05-20,98ec655119c24de03b804696821f3955,1.2705828
2018-05-20,990d135e28e075648cb7d83198fdccf4,4.0421743
2018-05-20,99a4788cb24856965c36a24e339b6058,39.42942
2018-05-20,99ba5fbf3ae895fe3a9289acd0a5eb91,1.4309188
2018-05-20,99f5b2240b82bf9387e5cf2fc0335b08,2.3571928
2018-05-20,99f84efaad4ec3bc71502bb7e6d8f8e8,0.64434797
2018-05-20,9a81ff03e62cb56207c77fc1e718a4c4,0.9762806
2018-05-20,9ae64e1163bf254bad20d5155cffb99d,1.7863284
2018-05-20,9b07e5a3113ca2345341e0cda29e4eb7,1.085049
2018-05-20,9b0ad21bbd4384f9ebc28a688e1e81cd,1.6260871
2018-05-20,9bb2d066e4b33b624cbdfec7d50b3dcb,1.5552367
2018-05-20,9bde344a67494559d37249506076d638,1.169416
2018-05-20,9c21e4a14d74098b5d4e1126e706dc3a,2.0612836
2018-05-20,9c3225fb1d3bb4943cf7be6afa4b4246,4.0571632
2018-05-20,9c60e93e03989cf6e4a7da214723920d,1.0238893
2018-05-20,9c8d68903b5106018c797e0e862ae55d,1.6030847
2018-05-20,9cdea37a09cb505b1c3c5d4f50670032,1.1617509
2018-05-20,9d0aa87e8df1bdbe0f79353520a2d538,1.0231384
2018-05-20,9d0bb30eed80184666c8acad23921283,1.6853242
2018-05-20,9d3df566a74fbf502fb8badaa5044e74,0.93445385
2018-05-20,9e47ae55f9327141d2dc2cbca3317e49,0.9555121
2018-05-20,9e9289854d376ff8dc6d8200e4d1d754,0.7646577
2018-05-20,9ea1152d6d52dc57ab2ea49aa626adc1,2.9240751
2018-05-20,9eec04a029e2b9372276f3748011b493,0.9250739
2018-05-20,9feeadd6b97835152e83e1b25b46f5c4,0.7870054
2018-05-20,9fef57f37ae72292952e73ff9a7a3fee,1.8169471
2018-05-20,9ff8568dfb9041b898e65ff4018c8c57,0.9550519
2018-05-20,a009a84a95de59e574851aef710ee0f3,0.9928456
2018-05-20,a01c3a8e3ccddf44069c082b1590f19a,2.3604472
2018-05-20,a02d0123079f4ae96001ba2010d1a2df,15.636271
2018-05-20,a0b7d5a992ccda646f2d34e418fff5a0,4.0872126
2018-05-20,a12c9204f6f9e90ad1d8ba5571fbfed2,2.071598
2018-05-20,a13b7a4ff25bbeb55fd4ecfb4abaa0b0,0.9451859
2018-05-20,a19b6951c75da43aad691622dd2f6abe,70.79781
2018-05-20,a1e903cd2d23763ef8b85ec12eb79d9c,1.4581839
2018-05-20,a22f707cfd269773138c3bf3a43f6180,0.8826417
2018-05-20,a2da86fa759178e9e58e54aa1a144e59,10.154262
2018-05-20,a35a9f46dcee0a67c8c7ad8493eb4135,5.378892
2018-05-20,a39cc58c1b5926b6f9f378daa89f1315,2.03579
2018-05-20,a4aa7c1427c31344e5f7cc3d839fe562,2.3468225
2018-05-20,a4c27cf9767fe2b589251c764b891eda,0.90612745
2018-05-20,a4f599bc20c26f1845518f370c437896,1.0702856
2018-05-20,a59fb60fddcc72a9878b7ed5cb69d8e4,9.909067
2018-05-20,a5bbc554f75cf4afa2cd56791015ec27,9.437691
2018-05-20,a60613d36f37a7b27d3344f40f6a7945,1.7303227
2018-05-20,a62e25e09e05e6faf31d90c6ec1aa3d1,65.42915
2018-05-20,a70d74f54feefedd8108c45553766340,1.656636
2018-05-20,a76bb75d78ce6aa4a5202051b4f88a83,0.72435063
2018-05-20,a76d6212f99d1253fb7bcfe02ce87d8a,1.3934257
2018-05-20,a7742a00e1d286b7f7d4d81e90d8acc9,3.2726805
2018-05-20,a8075470f960215ffb67624782f80fec,4.500929
2018-05-20,a8385505c3cdcbf7c6acdf0e946d89c8,0.9574317
2018-05-20,a888ac66042ddd2f1ecb410941c0db49,0.50498044
2018-05-20,a8bb7885faf316d9a5062d42d2b2fba4,2.0360699
2018-05-20,a8d952e8e5436a6fe36d24c402d100de,1.5207765
2018-05-20,a9028257171c93a8d948ff95a0082b0d,1.037231
2018-05-20,a910254bb741f98d6d98a8286d66d14f,0.92382944
2018-05-20,a9b36aaa68ebd315701524c822800f29,1.6488289
2018-05-20,a9e1f2fff48f21f5e6fc9dce739e1160,0.975603
2018-05-20,aa8d88eb4b9cb38894e33fa624c4287f,3.6108704
2018-05-20,aadff88486740e0b0ebe2be6c09476ae,2.9800022
2018-05-20,ab1106e227a745836a0dc83b374e2575,3.3474813
2018-05-20,ab1f9387c0627dd24000bfbc54fdeee0,16.932343
2018-05-20,abc3432ff825d8e524db1d4eac6d2099,2.7570753
2018-05-20,ac44def10e24998cdee20a208d691127,4.259568
2018-05-20,ac8af924237ed4591dc8d9b8c6a935f0,0.887929
2018-05-20,aca2eb7d00ea1a7b8ebd4e68314663af,369.66022
2018-05-20,aeb4d384616f8c5017174084bf6c0ac6,0.88575804
2018-05-20,aecdd1c18af2379312e946f33280fe25,0.9416477
2018-05-20,af2d506fb01b724e03591349ad36b67e,2.779956
2018-05-20,af407c297ba8ec15891e2d95193203c2,0.9534865
2018-05-20,afd22faefd9584467a374bf7a50f0996,1.8820893
2018-05-20,b046862b2553fe4962392cdc93a2ae93,0.74012434
2018-05-20,b0b7beef8fa67d157bf514f3ee1ad5d3,1.8499198
2018-05-20,b0d010ca0b17fe7e3587343f2c68be43,1.2746886
2018-05-20,b114bf337c0626166abe574eee9e3f32,24.959984
2018-05-20,b1688f579e9213539ee21cf15ac4382a,0.48143303
2018-05-20,b2f15c23f560da3b247e1090d9d12be7,5.857058
2018-05-20,b369e02eda28d74a9bd658415b08d7fb,0.6208119
2018-05-20,b38b25d838ae0b8385e8cc68b9017644,4.0621405
2018-05-20,b3dc35a7b0042136507e1c174bd7cd2d,3.7026868
2018-05-20,b520b78a494cbd6e36d7a1c64cdffe0b,1.0634146
2018-05-20,b532349fe46b38fbc7bb3914c1bdae07,59.253174
2018-05-20,b6b76b074ed0d77d0f3443b12d8adb5e,1.1548074
2018-05-20,b84520a57891e7a8ae2c68741dcc7146,2.6299083
2018-05-20,b8a0d73b2a06e7910d9864dccdb0cda2,4.217631
2018-05-20,b91a91c07533369ef426985f93170068,2.926811
2018-05-20,b92a7304ebad1ca5b393b53b2de5c70a,1.5284451
2018-05-20,b944aabf1fc45c01599ee96c7f4d533e,1.7204306
2018-05-20,b95179da85cd8482c7a347e9a0d08466,1.1495888
2018-05-20,bb18d09a22b3b9bc474e0b1437302666,1.1668192
2018-05-20,bb48c8fda6bcf73c9a0178fd1a1a366d,1.6489578
2018-05-20,bb50f2e236e5eea0100680137654686c,52.864807
2018-05-20,bd07b66896d6f1494f5b86251848ced7,2.7221487
2018-05-20,bd0ced5367f8750ffbeaa23d1d2ddf33,0.9969688
2018-05-20,bdc3291ab242ec1effc8eb0987850268,13.529418
2018-05-20,bdcf6a834e8faa30dac3886c7a58e92e,18.911554
2018-05-20,bfc0d01be79d9038c7720f983bf954e0,1.4048249
2018-05-20,c00f76b76f52037b0fc9f71fd8a7ac10,3.9226222
2018-05-20,c041a3fe1e9cf85721c1d1d054210279,0.7949173
2018-05-20,c0654cc48163d87a12f1088eb133db68,1.6282974
2018-05-20,c0aed8767e46cce56e77db0ceef83035,2.0199819
2018-05-20,c0bb0aa12494ff55f377008900ee04b5,0.9601152
2018-05-20,c0db539123a403f670c50237d970b215,0.66702664
2018-05-20,c1254983bd81d72b96867b6838582cf5,0.9585589
2018-05-20,c1617123e66d2491ca93ceadfd36203e,1.5736492
2018-05-20,c1dfd7dc17df380ed269d0fc905f6e22,2.2616484
2018-05-20,c1ec41f62db54e0bfbca55a7068f0b5e,2.8158102
2018-05-20,c2c951d6f458fe552a49dcd590bdb4a6,1.163022
2018-05-20,c2fb73db15e28aa021dcf7b2856fef27,1.4243331
2018-05-20,c3097e07a0a5de0d4b4c836d90c5a284,2.557183
2018-05-20,c319f453652bff80bc8f9f71d87e56c1,9.556464
2018-05-20,c31ab3cbecdabf9d526d56d47a26c21a,1.1497239
2018-05-20,c3504adf8e5bbfd1978d29a00c2075c5,3.9516993
2018-05-20,c3ba4e8d3cb30049213b682e751e9d00,3.154151
2018-05-20,c403e106353e1aa40efe783ecb39ed7a,4.0744886
2018-05-20,c432f90fa332fd2e5091f2ac2d226aad,0.9884417
2018-05-20,c4444723412f21a52a81a4c14eadc0fa,1.0821677
2018-05-20,c450c2e066134b9a836264ba72586ff6,3.2108607
2018-05-20,c4baedd846ed09b85f78a781b522f126,5.06548
2018-05-20,c50ca07e9e4db9ea5011f06802c0aea0,6.423324
2018-05-20,c5bb1910955da8132293d99d1cb4bec9,1.2146353
2018-05-20,c5d8b84a90f73bd09c30e71e76caaa11,1.3485123
2018-05-20,c63ea4621680c1b0fca8864c0564bd78,4.209714
2018-05-20,c706d50b57c9e83293c2586d01f32445,2.7570305
2018-05-20,c72f0f0d0be7fe294b65260e211ba21e,0.98585755
2018-05-20,c7b3cf9de7be95b3e09e7a63315685eb,3.1604114
2018-05-20,c7fd13b5e515bffdab855d0812842edb,23.335098
2018-05-20,c8a4ec6d4201d92e157eafb89eab932b,1.0549016
2018-05-20,c8cfa622661e047ea2499f8bce4731a5,2.2783093
2018-05-20,c9701c7e21b5d653f1154e62ada219d7,0.955332
2018-05-20,c9c6fde711572c1ad99ca12728c6af00,27.747047
2018-05-20,c9dbe2eec19a8093cb5ac57486531c18,1.3960699
2018-05-20,c9fa6a0dbc5b979d8c99f38c3c9c912f,1.892416
2018-05-20,ca5c923962558430573f83661dbe36d6,2.2762427
2018-05-20,caa41bf17e27022341da028e79152c4c,1.8131295
2018-05-20,cac9e5692471a0700418aa3400b9b2b1,19.080997
2018-05-20,cba3e8ca3dbfdffd6f83420526590416,0.99065816
2018-05-20,cbdb9bf611328898bd4b32a384506b3a,13.521628
2018-05-20,cc1cb33bcc814aeaa4631761a34bd23e,1.6518775
2018-05-20,cca3a8714ce46539155f98fe944189f9,0.8960656
2018-05-20,ccb162ed569f47d83f62aebd5700d7ad,7.6370783
2018-05-20,ccc8daa0204a0488c019ae676ed5fab2,0.8498225
2018-05-20,cd2ea14a901da3b47b33516f3ca6929e,2.8734386
2018-05-20,cd360a9f341f57c25699dbac377f5efd,11.637344
2018-05-20,cd48f265a63e13b762601f5f794c5fca,7.5879636
2018-05-20,cdc7f6db2a3e3050a31fd7e7f3eb026b,0.8432461
2018-05-20,ce5cedf6e57d59b07eeecb68eeafd099,4.959595
2018-05-20,ce6bbfa347690099b21b9d688772d5ab,1.0273621
2018-05-20,ce6f74096c84567f22728c84f3d6e7fc,2.0283318
2018-05-20,ceb25e5f3be12c14a1c69bd9e9e0f67f,1.1650503
2018-05-20,cebff45f1d1558430be0e07ac0df6a68,1.4708378
2018-05-20,cec09725da5ed01471d9a505e7389d37,5.9936495
2018-05-20,cef9d587c2c31442c9b95eef617db1f4,3.172494
2018-05-20,cf78006a2a6b0429b9663edd99bb38f9,2.1656668
2018-05-20,cfb79bfbdaf59cfe2e9ae0a071451f32,2.5500982
2018-05-20,cfbd9afef85eecef5aecf32844d2bc07,0.77897453
2018-05-20,cfc665b462ccc3a43b1a1283e678b1a0,3.2574358
2018-05-20,d011223de539cd224b5c5c8082313d46,2.0567257
2018-05-20,d017a2151d543a9885604dc62a3d9dcc,16.875515
2018-05-20,d0349534ab9b46b98d13a53051310f24,2.8945754
2018-05-20,d04857e7b4b708ee8b8b9921163edba3,8.301871
2018-05-20,d04bbac48960ecb7ea311b00ca6e1cb7,3.1571276
2018-05-20,d04e48982547095af81c231c3d581cb6,1.5335265
2018-05-20,d06466afa11453b6450b70992c90ece7,1.4911852
2018-05-20,d1b1a0e78589ee89279d0be1e4a8b905,0.6248143
2018-05-20,d1c427060a0f73f6b889a5c7c61f2ac4,49.413326
2018-05-20,d1c965e9559fed1df80e7488ce88d53f,1.0391015
2018-05-20,d1e422d44f28b10c3899b6f494142de0,1.0816447
2018-05-20,d22bbc02259111e107ee7916637d4791,3.2590928
2018-05-20,d2347fba1e60ea51f533960fc555baff,1.0477344
2018-05-20,d285360f29ac7fd97640bf0baef03de0,-31.962967
2018-05-20,d2b42ba1cc7c04d6f6e4ea54392b95fa,1.5106949
2018-05-20,d2f5484cbffe4ca766301b21ab9246dd,2.662988
2018-05-20,d34ec3c23c142291062f958688a1b41c,1.6795466
2018-05-20,d3e1006ba3735c0d44160026b6e0ced3,4.9707575
2018-05-20,d4548e7ab697993ec51d864766a8ea4f,0.9878192
2018-05-20,d465fef4e52e46bc9e04996b37789bbd,1.6391264
2018-05-20,d48bacc1dcd9c86bf1ed4ed2a303336c,8.83075
2018-05-20,d6aa421b9567e3e2a3a0caf8fb846cbc,4.7277794
2018-05-20,d6dc2dcbb3ef25e47ef82f3c013ab820,0.92584753
2018-05-20,d7350806253f6a1e1351c97a39b9c931,1.0030922
2018-05-20,d7522f4bc0a993667ec6491b9e1b86e3,1.0452166
2018-05-20,d812b354e25b2bd51eccbb4c4e8f05f1,0.8616039
2018-05-20,d99526b1e4fa5f57b8bde34a7337b5ee,2.368241
2018-05-20,d9bdf643d95cb89844c0da1a0df1d16e,1.3994726
2018-05-20,d9c32c8680c2426cade754f10d61e5d8,1.1553185
2018-05-20,da9323efe50198ccd3307f6a9a128a81,2.2570553
2018-05-20,da97969972a524bca894f97ea6bcff90,1.528942
2018-05-20,dab2413ead0edda9967edbc9bda2a64e,8.700497
2018-05-20,dabbb10b2f36548cf2aff2993f4cf5e2,1.5042663
2018-05-20,daef10c972d7295283e377d5fd9985f1,0.9021517
2018-05-20,db6677c6f890ba1730c0b75bd8132579,1.4735445
2018-05-20,dbaee28f4ee64465838a229582d77520,0.8683902
2018-05-20,dc52f0f5d3ec37a93eaf956cde4e5d2c,1.9184678
2018-05-20,dcca0e1c43015b958b03fe982abd84e6,1.1890354
2018-05-20,ddceb6eef6af67e9fbbd4c148dbe5fd9,6.075986
2018-05-20,ddf1b126559b4800f031240ceda06a89,1.1846917
2018-05-20,de20d07a4cb6565ed32339ba6a9ea541,0.6781422
2018-05-20,de533fe5b9448ea9792195806938dbf5,1.8756595
2018-05-20,de80c37c338574091896b7fdc81dc376,2.9462376
2018-05-20,deb5048402088c1bd33af3910bf9a92f,0.98057187
2018-05-20,def8b2856a5c8fea8715aa849a198cd4,1.5445687
2018-05-20,e03102efbc2229024c89be731f0aedcb,5.28975
2018-05-20,e06f99e79036d681effa3de75989bf22,1.976254
2018-05-20,e0cf79767c5b016251fe139915c59a26,17.271248
2018-05-20,e0d64dcfaa3b6db5c54ca298ae101d05,45.94759
2018-05-20,e178e8610a35f4d6c9b0934fb5e20e85,4.7491198
2018-05-20,e1963d980dceccd99cce847556e111ae,3.3069117
2018-05-20,e1e932dfb67414e80b87ad97688cf2a3,1.9893684
2018-05-20,e44f675b60b3a3a2453ec36421e06f0f,13.249257
2018-05-20,e47d150b1ca529641e12015c3109bb24,2.132623
2018-05-20,e4ca5b20cfe1a020e15e36fe14e880ee,2.2225754
2018-05-20,e4e5cbc0077aa2c7aacbe435166df909,0.99860746
2018-05-20,e4f7023069a24c2297617d935f783a5c,0.9811724
2018-05-20,e53e557d5a159f5aa2c5e995dfdf244b,90.057686
2018-05-20,e5989cd466f0714e1439b95bf6a279da,27.08137
2018-05-20,e59dd207c69d86e890febadc796d1078,10.870217
2018-05-20,e5e0c45564bc74a85e8e51968fdefa8d,0.84229845
2018-05-20,e61c78a7343d82c0539d27df0f7dfc31,1.2791294
2018-05-20,e70f7c188cd2c0f01a1f6b35411cc481,0.94022214
2018-05-20,e74384c9363e768848854356a37c73f4,2.545991
2018-05-20,e7f85e7f0203b7b95cc1b4c21b4b070c,2.7263043
2018-05-20,e801441171ec3eaf3bbb86d6ba6fc9af,0.8969696
2018-05-20,e85d91619b497e98754390b6198a9818,4.5513306
2018-05-20,e8ac63e69971f9cf0bd7a7f78b8841ab,1.0021007
2018-05-20,e934947ca6b64f5a6d864e21dca13b73,0.9416211
2018-05-20,e94d9f48ab491b190c0f0bdbd12830ae,1.0640163
2018-05-20,e94df75b2e9a8b056be0c144a731f55c,2.0559812
2018-05-20,e988092a8afe5d9393a5c3a7ca17691c,12.0178
2018-05-20,e9a69340883a438c3f91739d14d3a56d,-17.141005
2018-05-20,e9ba3ec00ccd563b43e5de69a74a43d7,0.5146766
2018-05-20,e9e1e0a297e5a8f045e8c0395c4c745b,5.42892
2018-05-20,ea20f928ceaa7f146fe62a0cc8413ee5,8.30232
2018-05-20,ea2999d120b8644995f93e02aa9660c3,3.3620763
2018-05-20,ec19e3e263015b28be410ab8b92e1462,0.8823559
2018-05-20,ec246911ea63f94a11fc8d78c270153f,0.9521191
2018-05-20,ec2d43cc59763ec91694573b31f1c29a,8.479599
2018-05-20,ec72556b5da399d24fe06338e816a9ac,1.459392
2018-05-20,eccec1984cb1d214cc91f3168b113958,3.3241124
2018-05-20,ecd5590150f090ae992fb88204802235,1.6885968
2018-05-20,ecf9484703bdfb9cfcc1ac9c2084b567,3.0919518
2018-05-20,ed77034b92386a1a8cfd3c648d715dde,1.9453504
2018-05-20,ee406bf28024d97771c4b1e8b7e8e219,9.27128
2018-05-20,efa490145b5cc82438b6a6de691535fa,4.0839834
2018-05-20,f083f237cbf95dd0a5185e902f385dd5,3.307527
2018-05-20,f08b29913c73e394bc8477b1e69f7762,1.0370026
2018-05-20,f0c1c1d5ec61ce4c4846abd4283631df,4.757661
2018-05-20,f1da618218e0af87b633532b561f5e6d,1.1866378
2018-05-20,f2399cabe080029634d12cec4f60dbf0,1.8057281
2018-05-20,f25f304f0e7163a29c271960a6704b0f,2.2203794
2018-05-20,f2e53dd1670f3c376518263b3f71424d,5.412621
2018-05-20,f34707f5f83dbd799b36e79242802784,1.618988
2018-05-20,f35013cb05a9538a4428fa6161b2c96b,0.74553186
2018-05-20,f361fccba568fabe00db466f80626d1e,2.7672622
2018-05-20,f3c62fde9d2e2acf6c7c46648571c070,2.0767
2018-05-20,f49e985b4cb2d0543890d6dd00077663,1.6119624
2018-05-20,f50df9b142a624bf4c4d8495489a207e,0.21431085
2018-05-20,f521813909e310116b6b2f0b11f3dd44,2.9837947
2018-05-20,f5badee8a0e679f057ec0ca4f0f32dcb,1.6275594
2018-05-20,f62cbf4416c9ef8e1b4e8d5279891f24,1.5725206
2018-05-20,f688535e8e2f269c27dfb305d8e6ffbd,44.28616
2018-05-20,f6fa93875f4a7dac03e0a22143f4d815,2.1065714
2018-05-20,f71a7c95a86564873cd996896b2976f6,1.5518651
2018-05-20,f73e87b204f0a4bcfa8edda38d11b334,1.4850181
2018-05-20,f77dd338d9f75229a09cbb9a18fd0c9a,1.6130193
2018-05-20,f7a17d2c51d9df89a4f1711c4ac17f33,1.7385738
2018-05-20,f7cb23f8a75e563a826b0121408db6a2,0.8298372
2018-05-20,f8375e9fa93ad89af5386c8d0ff4e186,0.93688405
2018-05-20,f89caa3ea4fb5f7b6e7fb2bb4ba61881,0.9135894
2018-05-20,f89cd865cac300a9bf1320dd8f0fa223,1.4821982
2018-05-20,f8b624d4e475bb8d1bddf1b65c6a64f6,6.6933374
2018-05-20,f8f93700c26007f74716eca57d217cfd,1.2483377
2018-05-20,f908df99196805b5bc4ada9ef510b11b,5.2453775
2018-05-20,f95d9369ebf76f811194c72bd22ff244,0.58383644
2018-05-20,f96ff9b997681965689f78bef092fdd9,2.0580125
2018-05-20,f9b178c9fdc90bbcfbd6c6b49ed47d4c,2.8493235
2018-05-20,f9c972fb058194f8e948a46e6c611ee1,1.132847
2018-05-20,fa243e761ae871597627e917611eeb23,0.9584478
2018-05-20,fa304c5424fd292aed9c35eb36d9f495,0.9346655
2018-05-20,fa335dcd3999105b8bfb1ce9300de4d1,1.5605104
2018-05-20,fad3ac91e2ae2e3e0e3f0bed36a565b8,1.6783203
2018-05-20,fb310009e56c0ab32657c9c674bd402c,0.7594317
2018-05-20,fb7a100ec8c7b34f60cec22b1a9a10e0,7.069461
2018-05-20,fbc1488c1a1e72ba175f53ab29a248e8,11.898954
2018-05-20,fbd4031ddbc3d02b95834b62769d3ad0,4.7350707
2018-05-20,fc1d8637c0268af3db482c14b7ef8e75,4.8047657
2018-05-20,fc7138a8f96aee8302e42916bbbbb818,3.8747468
2018-05-20,fcf28afb1353f2f12ea041dd74954226,1.7343589
2018-05-20,fcf6ad274391aea29f5d6e5ef9da5050,1.7177057
2018-05-20,fde90f06296b26995fd0de6f16610d70,1.284474
2018-05-20,fe8b0ea4a95d3a6488d8e23b41720e46,1.009402
2018-05-20,ffd2365fb8224dc66883df9351d65deb,1.039569
2018-05-27,02ed3b595447e948efc3eac897e4df0e,2.3895671
2018-05-27,0347f9daa0a33f82b4c9c0821450cc8a,0.8768913
2018-05-27,03fed41c5e9067007d852ff83d602753,0.83724064
2018-05-27,040fe1cdb263eb2c9b1322875b0afcb7,0.8616039
2018-05-27,0433830caca22b01a0f477d31307b043,0.7728226
2018-05-27,04ea63ab87df726ebf45c0982dd90a1f,0.8475172
2018-05-27,059ca09d32720d9adce3ae12e181339d,3.068184
2018-05-27,05a9ab81472f6bdcd910cb49b636c5b5,0.87277097
2018-05-27,060c17562f97e5bb60bc0dfa4dd5b3f2,3.6347873
2018-05-27,0640a217fe729c5b8f61fd475f1fc22c,1.6923106
2018-05-27,06edb72f1e0c64b14c5b79353f7abea3,9.7236595
2018-05-27,06efa56b8557e1efcb2c107f55d1a8dd,0.69904745
2018-05-27,076a6117fb6e62d15ef45ad6be8ddb1c,2.7238517
2018-05-27,077c1ba3f2e5e4145faf0a12f35ec1d5,0.99574834
2018-05-27,092be1e8336fc404c57bd5970d056886,1.4648628
2018-05-27,09e90effb944a6866b1d4b058a15f70c,0.9087717
2018-05-27,0a4093a4af429dc0a9334300e5c13ae5,3.6492236
2018-05-27,0a57f7d2c983bcf8188589a5fea4a8da,14.66312
2018-05-27,0bba7f78f15c9bfe3964a088ae67ba0a,0.95961165
2018-05-27,0bbdc963004d9b2fd3427ee3c5ae3608,3.722174
2018-05-27,0c5b17c1b54fc1dc48752ddb8caab6fc,2.3663397
2018-05-27,0cf41187284d7f099adc8415a743ebbd,1.7479296
2018-05-27,0d2c4fbee7db55f38a730f4dd40a9f81,0.99357253
2018-05-27,0d86ff0b639e969a11a7b3dce67e181c,0.9067541
2018-05-27,0dadef6ed70b861b14eddb3a3ca6b73e,2.2639155
2018-05-27,0ea678faa34b54418a17e76511472882,0.79950625
2018-05-27,0ec96e6d31a1493b0475805c9ae1a0a2,2.3640208
2018-05-27,0f8977d115c52d93a05dd4eb7052baff,1.5146713
2018-05-27,0f91b6a95a57a43203a9b17de98960d9,1.598128
2018-05-27,10adb53d8faa890ca7c2f0cbcb68d777,3.1206784
2018-05-27,10aecaf5be4119fd6b8b9e2e8a5a1454,0.9000847
2018-05-27,10d43b23591dde746f32fe6a7beb5bfb,0.9584478
2018-05-27,11fd9d7ba552e1d28872e008acf1e050,2.8122206
2018-05-27,1224503f1f9b9e8ead31a3d32220ebba,0.8542577
2018-05-27,12530458b22303a822da23e0ef0c400b,0.7570511
2018-05-27,12f066474dfa3c415c169051c5e1967e,1.6101465
2018-05-27,1454b29e83ab2f8bf6b4102736498ff5,21.203295
2018-05-27,146fed9eb1d0f9db43dad0c7c96fc6e8,2.043232
2018-05-27,1501b0033c68a37fa9560033a440e529,3.9717348
2018-05-27,15562257608ee6ca7974526ef79eacda,0.8312359
2018-05-27,15650c1f25dd6e567eb1188df1c1a411,0.7546816
2018-05-27,15de022edf1005363381e66bed514528,2.0367894
2018-05-27,1613b819ab5dae53aead2dbb4ebdb378,6.2228985
2018-05-27,16bf176650a888512655cc94f61860e3,2.408274
2018-05-27,173e9fe34bfe97f3a5e6dc57fe897b74,17.142288
2018-05-27,17878434ca0082537806de545c2f0351,1.4419147
2018-05-27,17ad6786808ab3fedfb261a70a5932d6,1.5272468
2018-05-27,183c95ad186f48c320bbac4643829d3f,2.4571853
2018-05-27,18f6ea7e8cff29f8053baac6762449f9,4.361279
2018-05-27,1a080577618e7fe4d9ddd8fb2b47a964,4.7421217
2018-05-27,1a69b9ec6d25d7656d024ad51f55c0ec,0.9029899
2018-05-27,1aaf80d4afeb6d8636711e75d02f1a7e,0.84265524
2018-05-27,1ac94144a305b4bc370804ca0d290490,0.7449187
2018-05-27,1b2066a33aee5851ee3e44b10b36b3c8,15.473582
2018-05-27,1ba74b19c790ee59fb57fa2befa6e885,0.9222444
2018-05-27,1c42a107473d6b20db8ac7772b870e33,1.63925
2018-05-27,1d1021f2e10ec199e91f5a80355fdaf5,0.8212608
2018-05-27,1d7db62a21ffb4f220d3e8a05fa77e02,1.4768004
2018-05-27,1e1a186a03f0d98268516827690d4fd2,1.5832546
2018-05-27,20a67c4242225878d0a014685ab3edaa,0.93460816
2018-05-27,211d04c14dd756f5e4dec38c19187fdb,1.9029578
2018-05-27,216bb0e0cd43ffd832e0973d35e0377e,35.43443
2018-05-27,21ee06f7fd37a6fe4841865339411674,3.6439874
2018-05-27,2267b228a5bcef6dcc0fd584a4512908,0.89433753
2018-05-27,2343570575e2990224008969445d7402,5.37156
2018-05-27,236c8998f9a6e6150cdfb75fed83c15d,1.4595541
2018-05-27,2397e0e56f2c656e794348f4fbdfa3dc,0.68618965
2018-05-27,23ca4b39422a8ce105ac4848d5d9cad0,0.5381541
2018-05-27,249360ba4e41990fed4dd4398fd1893a,0.87022716
2018-05-27,252641aa4855aef622089db60c4ad90a,1.3429822
2018-05-27,260007563bc92a855dc7c6b8806fa3af,1.0881242
2018-05-27,26679d24a4e81ddc13cce48ff1a9d001,1.0265346
2018-05-27,26a6aaf337b078349b5ec749be2e7a5e,0.9932511
2018-05-27,26abb7e42cded69ba9b3736643ebeb39,1.0054969
2018-05-27,26ec5d5716487af6ccbe85d4e01bc7f0,1.2701987
2018-05-27,2722b86640ddc24e1374c2df1ac2a230,1.4241527
2018-05-27,27c5d184e397082e7f0ff11ace0d7269,1.8807046
2018-05-27,2827ebfb043a328a13a06ca9165cad0a,3.0174737
2018-05-27,297b52b57d258e1a40202d4f9fb7e38a,28.560932
2018-05-27,29da49705f0a9201052204e50bd7e176,0.9688172
2018-05-27,2a209ce7ce3ea3a21cc0b4c36495e9df,2.1696558
2018-05-27,2a5806f10d0f00e5ad032dd2e3c8806e,5.1478434
2018-05-27,2ace3826b9a1b13030adc77ae9ae7902,1.9478519
2018-05-27,2b4609f8948be18874494203496bc318,4.0010605
2018-05-27,2de5c479fb0c490a0f2a2f3ab36e71b6,1.4090852
2018-05-27,2f20a2013902657c0800ddf524514e4e,1.6916382
2018-05-27,2f2eee65fc4cc4a5ee8362730719d290,0.82972527
2018-05-27,2f465f0f879ab88842042a85bac3a937,0.8556077
2018-05-27,2fffbf105cbbc6e86144f00ecf571635,0.9550519
2018-05-27,31a89a7044c5b133cf646404a4e86022,15.310151
2018-05-27,31c79131e883e5fd8c4c85fe9f7d2bb2,2.3872461
2018-05-27,332842d24e84234cd91299a225de76ab,4.028076
2018-05-27,3354a4e684f5e7199f9407db70ccd92b,6.625562
2018-05-27,3362ea39c2b9a88dc82f2cd6f6838bcc,0.7522546
2018-05-27,33f17ed3c6906f7a7ae17a0843536db4,1.363106
2018-05-27,34194988e78bc60417003c8a235b8083,0.97079307
2018-05-27,3591b4602bb8316dd178c98a97c29454,0.88484395
2018-05-27,35afc973633aaeb6b877ff57b2793310,27.443514
2018-05-27,35fedf44451bf3020fd3abaf5827d41e,0.70613396
2018-05-27,363218ba55c610b750224f90bdd34be1,5.5645113
2018-05-27,368c6c730842d78016ad823897a372db,1818.3727
2018-05-27,36bd3e4daa4604d112f17dccd24ee59e,1.2702274
2018-05-27,36fc6e3cc37a14037506dde26d4e8655,0.91060257
2018-05-27,373c022e7383e108569b38098f3ed975,6.566093
2018-05-27,37c0cfb5f2381b6130c1ddaa5df146ae,0.922642
2018-05-27,380b4664ba5bb18cc9db78ee6bac3558,2.1202002
2018-05-27,385a33a408e9c35c9fbc2025c12f3784,1.2270663
2018-05-27,389d119b48cf3043d311335e499d9c6b,-28.455345
2018-05-27,38ef617a023fc4398829dd8c2b9e8be6,1.4179444
2018-05-27,39184c850194aa002371b2d16c373f3e,0.95454335
2018-05-27,3a7d90845985f39048815a6939c56be4,0.9448195
2018-05-27,3a806ac1ab98107febb4ffcf38bc1fac,2.1235871
2018-05-27,3a92aca3f76960cbae25ef2496c03e09,0.84433275
2018-05-27,3b10cf7d1e08c598428ad6eb7c59d09c,2.5328984
2018-05-27,3c883b9d3fd2d0ce448d4136349dc0a4,6.229413
2018-05-27,3cb39171fd36c50097f2dedbbe0dfe6e,3.398004
2018-05-27,3dd2a17168ec895c781a9191c1e95ad7,141.45204
2018-05-27,3e5201fe0d1ba474d9b90152c83c706c,6.502749
2018-05-27,3ebd44ce3c5f4ef6af43b9f0b1df1729,0.8352373
2018-05-27,3fc00af0f0a8d4ac2933d3900416c977,0.7285169
2018-05-27,403e95f4460939e06a89a253a15dd99f,0.860676
2018-05-27,41905505467674f4496fd2f6e9ebae6f,1.0466685
2018-05-27,41d506be95a4196a805249d2a21d5a1d,0.879047
2018-05-27,41db6d8062fcd38410c699743ccc0265,7.6744623
2018-05-27,422879e10f46682990de24d770e7f83d,2641.357
2018-05-27,423b46d7ff817b1cd19ab195c7b76546,2.2048483
2018-05-27,429e7401fafb76436f15e86498bd7364,6.3164825
2018-05-27,43423cdffde7fda63d0414ed38c11a73,10.885146
2018-05-27,437c05a395e9e47f9762e677a7068ce7,139.65338
2018-05-27,44493ebe02de3fd58d529f40fd2944d1,1.6602116
2018-05-27,44a36ac829dfa2dace1d880985b71344,0.90537554
2018-05-27,44e086c4a977f37a888627b43880586c,2.3183086
2018-05-27,44fc450365728c413fefc547592626be,1.6241161
2018-05-27,44fded21627553d1886d459384bbce06,7.029749
2018-05-27,460a66fcc404a3d7306d5f50fcb2d18a,0.9822386
2018-05-27,461f43be3bdf8844e65b62d9ac2c7a5a,5.280235
2018-05-27,462646c1c1495199e63684d79e6e0d1b,1.261868
2018-05-27,4651cbf18222b853f46619003d9861f3,0.25942725
2018-05-27,4678fb24818cab9ec956d9b610435d9f,6.3304873
2018-05-27,48401d4a555fd20aa93a202a4ed3b598,0.81873435
2018-05-27,4b703444923b5e57bb73ba343f5ebab7,12.806889
2018-05-27,4b96786612ebe7463132fce2c4dca136,5.00914
2018-05-27,4c8c1d73644dce680ac36856d70c1f9d,0.6790822
2018-05-27,4e18c6967304419be650ad67237966ce,0.7449187
2018-05-27,4e56c4cc11b3f85f53862139fd7d360d,1.070514
2018-05-27,4e5dc46fe4e31dd605f374ee43f0268e,3.8032324
2018-05-27,4fa33915031a8cde03dd0d3e8fb27f01,2.8978524
2018-05-27,4fe644d766c7566dbc46fb851363cb3b,6.602742
2018-05-27,4ff38de0673d41a0da1499e300720ef6,12.670375
2018-05-27,5099f7000472b634fea8304448d20825,2.86717
2018-05-27,50fd2b788dc166edd20512370dac54df,5.4268723
2018-05-27,51ce083cd2b9078656a94655ab45b8a4,4.325708
2018-05-27,52a085323b6c368f0ab93e7540614992,1.040221
2018-05-27,52e5fdcb5e51164483d584c75bd3a478,2.5772638
2018-05-27,53759a2ecddad2bb87a079a1f1519f73,134.43222
2018-05-27,538948f39142c635d3132846c820e211,1.0892138
2018-05-27,53db18171eeeead5f0a7ea398054c298,0.8179707
2018-05-27,5403528d987ad26e8d7cb25940411987,1.1266385
2018-05-27,553e0e7590d3116a072507a3635d2877,3.0241554
2018-05-27,55b71bf300a2765a382eaec566df531f,3.389676
2018-05-27,5650f9e1f73d0a1c0176988cf2e950d5,1.6429495
2018-05-27,566a4f2c4385f36d15c00dfcaae132d1,2.687289
2018-05-27,56cdfe67fbda57c1dcc752f5f361f981,2.0860157
2018-05-27,595fac2a385ac33a80bd5114aec74eb8,10.02781
2018-05-27,5999995b8f64d769dbc6f592b86d6f8a,2.691226
2018-05-27,59cca754c20b7b0322b24dab95a81be5,2.2652574
2018-05-27,5a0783457f0264ade6beeac64ba145f4,1.0135128
2018-05-27,5a57a59c44429be19e1ce8e69e15c473,0.9630079
2018-05-27,5a7373ba4c9b3e13513ded06cd1986c4,1.5595006
2018-05-27,5aee6406a4f4071df1f1bec3fa3dcfc6,1.0496036
2018-05-27,5bf681c3d83a332fbb49765e3e572145,2.00378
2018-05-27,5bfc7506459ae2a7b4b573fe557a58e1,1.5693977
2018-05-27,5c59756861f289b773f83871924200eb,1.8995073
2018-05-27,61d01171a3784bab50137290350e5332,11.149358
2018-05-27,629397d35e30e4a0b7d3da8bf69be7ca,0.9688172
2018-05-27,634256dbcd184b3757ffd7632c9fe52a,46.66186
2018-05-27,6463e442310f2f4f321c83a32d8c662b,1.3618746
2018-05-27,64fb265487de2238627ce43fe8a67efc,4.0466714
2018-05-27,65266b2da20d04dbe00c5c2d3bb7859e,5.492364
2018-05-27,65ae1951caecbb80c7d5e2e662ddb0dc,0.9081577
2018-05-27,668b1e2b9471f837ba1797832e3f2012,1.473775
2018-05-27,668e8ee8f69c3545109fc40f72336e8f,2.2023776
2018-05-27,67bd616e1ba0d3d3e8545f3113b0140d,10.504405
2018-05-27,67d87e3b4ef9e609ba5eeed6a4b3b5f8,0.9880132
2018-05-27,696c39c44288187022347dcb177ac304,1.5789391
2018-05-27,698b3ddae2f0b80c2a48fb40624ca4e4,3.0532672
2018-05-27,69b45497bec8e36af6fd1a31b2cd8f9f,0.52402276
2018-05-27,6a31191d5ac5852b0478f6e245ac5b02,1.6079735
2018-05-27,6ab9d49c399f239bc88ea28c7568213f,1.4675453
2018-05-27,6adab229374835b551f6402e0dc53267,1.8429911
2018-05-27,6b0894fbd8143c541f3c40622d8a9603,0.9492756
2018-05-27,6c3c95f656ad4d31b662c75b31c09f1e,1.0037045
2018-05-27,6cbbcefd974f08f72023c05064d96f27,0.9550519
2018-05-27,6cdd53843498f92890544667809f1595,2.7512004
2018-05-27,6e135c0c17d87c489e2f89efe42b948a,0.7762188
2018-05-27,6e77b89d36e50217e6793780a8ce5c82,1.680466
2018-05-27,703d742887bb9267f89b675608ba7aa0,8.617128
2018-05-27,704ef63ad0ac345842ea734060a83db2,6.574807
2018-05-27,70bf4f61950297cf24e18a9b84c3208a,1.3032479
2018-05-27,7148a8f67a1564b5a6c5944398357e18,1.938082
2018-05-27,71540d636652fc682032d3b3c0a180c1,1.4582546
2018-05-27,71a8be2937fd926b330febe100effd02,2.9725606
2018-05-27,71f2ce4ae5dfdd3b55a51c7a2d3c4da8,0.95454335
2018-05-27,727a46f0b58a9ef165af9f7ebcfebfa9,20.400406
2018-05-27,72bc7a3072eb84fd69d8e220fb7dbfaf,0.91734153
2018-05-27,730f1927f42fda4370209c28203eb0ab,25.860823
2018-05-27,73a7fbf8c1048131f3b531af31bcdf0e,0.86340684
2018-05-27,7650dd3b2dc10798a8cbccc78d9e6e3b,0.9217787
2018-05-27,777d2e438a1b645f3aec9bd57e92672c,3.1069136
2018-05-27,779dd392d4fbe5ca656bf3ceabecbf0b,5.009612
2018-05-27,781afe929e3016a667f5f439afd55fce,15.797758
2018-05-27,78c4f2e6da6786ab39f8806a75c3db33,0.9550519
2018-05-27,78efe838c04bbc568be034082200ac20,24.252544
2018-05-27,79da264732f717f10ebf5d102aa6c32a,2.0430193
2018-05-27,7a295e6687ed3e00c8143498115f6ca5,0.9550519
2018-05-27,7b6669ccb9510397f7923a979c895733,0.9584478
2018-05-27,7bc1718ece4c3bbedfc272ebb0c3114a,2.4386609
2018-05-27,7c898e0b8ea203dd94ba846627fc34d1,3.735701
2018-05-27,7cdd05e9483aff93c2c0a41cceb9b445,1.5242366
2018-05-27,7d490fb7ec6eac63302590beef157c10,0.7920431
2018-05-27,7dcc6211778e584131cd6067555e8a5c,0.9722133
2018-05-27,7fb04722aba7a2b632bac8f9819796f3,15.337311
2018-05-27,803f77475e1b51b47f1bfec4f2ec353f,2.263271
2018-05-27,8049d38dde63e0ca96af1e9511d4727d,0.7769146
2018-05-27,80c8ded77011b1d2c8e3bdbff65eab23,0.87406814
2018-05-27,810e2944bca9850b934e1570ba372e7d,7.783816
2018-05-27,829002c1d5f40820ebbc6ecd4bcdf3ab,1.5497113
2018-05-27,82c51c3938503a4ddc096fbed86428d6,2.1793597
2018-05-27,82cef15a4bafa854c7a2a2c9854b7e44,0.78876424
2018-05-27,82d7b276f49e72ffce78d10b20518808,0.88972956
2018-05-27,8317b177579dd27ff068b83205e2169b,3.2338557
2018-05-27,8323a7adeb57da21acea7e83563bed90,0.73756814
2018-05-27,84d2057bc1f88332d0892eea0e997d28,1.744751
2018-05-27,84dacba9d49f304ee015bc094083df20,0.75110406
2018-05-27,84f456958365164420cfc80fbe4c7fab,23.158422
2018-05-27,867dda95bbba37fe56fa288449fa122f,1.2426053
2018-05-27,86f2416d4670e4ea3ca5494d043d9f24,3.571326
2018-05-27,87283a98b24f9f1ac3a31b631073cf47,1.8021861
2018-05-27,87ceed33e1f7fe39fa06b69c9fdf9e53,0.8826417
2018-05-27,87f6a4366535fdaa380ac373b83dc752,0.8096312
2018-05-27,880e2c1d5c4b60504e6b0a0c8bf89a1f,2.4795055
2018-05-27,88a3a882d28c386d79c18ac2141eaea1,0.75533974
2018-05-27,88b0e43d1df085c4e8c2be324e3785f3,0.9271357
2018-05-27,88ffcf27478318ba55b1f9d22d65ce97,1.0088571
2018-05-27,89321f94e35fc6d7903d36f74e351d40,20.296062
2018-05-27,8983a3b149303c013fceabef902e835a,1.2606721
2018-05-27,89b121bee266dcd25688a1ba72eefb61,140.00058
2018-05-27,89e4362d74afa10ac57f8d67210132a6,2.209653
2018-05-27,8a443635fdf9759915c9be5be2e3b862,2.1237876
2018-05-27,8aa6223e400af9c97b07c75993142721,1.1173414
2018-05-27,8b51c6ccc9c0548c951214e1cd1547ff,1.411937
2018-05-27,8c292ca193d326152e335d77176746f0,8.059618
2018-05-27,8c591ab0ca519558779df02023177f44,9.551147
2018-05-27,8cefe1c6f2304e7e6825150218ffc58c,2.8824332
2018-05-27,8e382dedd9ae71943f9a70f6725b748f,0.9513343
2018-05-27,8e3a9b154a86602302ce789b9eb8b6c7,1.007169
2018-05-27,8e7a3ee016b12c87b5e3e7e717620758,2.6953554
2018-05-27,8e7ec8bbc0989d1ccbe6971f239eae9a,0.860676
2018-05-27,8ed094bfe076c568f6bb10feada3f75d,31.226395
2018-05-27,8f211599d0cde9d8551a6984d758e1f4,0.95454335
2018-05-27,8fa67e5cb309b9cd7b4438e15948bdb2,4.6064606
2018-05-27,8fad1e543221d7d6867e756d4bc5e286,0.84677076
2018-05-27,9019140ff0a590950d16c4e5ae5427f6,0.8560307
2018-05-27,907539b8216ca1250e5e974b4047699d,0.9383382
2018-05-27,909b87db6cb3a7ab26bd03cc59860136,12.968734
2018-05-27,90aa2ab699cd0e459be93124aa91c82f,4.5989985
2018-05-27,914c9e9af640dd56f48764a225b00f89,1.9477332
2018-05-27,91846781ef75057e134949400768e272,2.106944
2018-05-27,921d31a1daa51460b7a95ea5f3ab64d5,7.859623
2018-05-27,928e52a9ad53a294fdcc91bcf59d1751,43.8702
2018-05-27,92f699740f5a71846565fa8a6f0bbcf4,0.7215986
2018-05-27,93313b383b80d53b94696afeb5dd2749,0.9450685
2018-05-27,93a12c289ca2b78e7069e469f5053ef2,9.219605
2018-05-27,93c902b021a9e594f658ab1b0351602a,3.9345384
2018-05-27,94bb0da423501924c41368236d88e808,0.9981325
2018-05-27,96d80c8b6c6545a30eb5bdc4961455f3,7.1101108
2018-05-27,9712e67c33f564648b46afc6505db72a,0.8169693
2018-05-27,98ec655119c24de03b804696821f3955,2.5545099
2018-05-27,990d135e28e075648cb7d83198fdccf4,5.030075
2018-05-27,99563e23b641c8a43e04e528c10002e9,0.82972527
2018-05-27,99a4788cb24856965c36a24e339b6058,52.6083
2018-05-27,9b37a918bcf2c8e1064e867cf1df4637,1.6030601
2018-05-27,9bb2d066e4b33b624cbdfec7d50b3dcb,1.4256299
2018-05-27,9da950e8c8c482441f1b93955b21c827,2.221151
2018-05-27,a02d0123079f4ae96001ba2010d1a2df,9.085484
2018-05-27,a10fa96cb854e79dc01be7ab3d685c7d,0.95434386
2018-05-27,a11998d0de02ca907c060119dabe8ead,3.329626
2018-05-27,a1e903cd2d23763ef8b85ec12eb79d9c,1.4026006
2018-05-27,a2105c8c0d5d99dbc5a2a9ad94321e5c,5.8910284
2018-05-27,a2383392185fd006ff9117e6a8eb2afb,0.7412599
2018-05-27,a291cc846d74d97f01611894f983073b,7.149493
2018-05-27,a3309868978f986b3865b8a3729192e2,0.90787286
2018-05-27,a35a9f46dcee0a67c8c7ad8493eb4135,2.5360253
2018-05-27,a39cc58c1b5926b6f9f378daa89f1315,3.8084683
2018-05-27,a3fd6c4ecde9035c3e8dd4e0fd8b8048,4.357152
2018-05-27,a42d9c825894f96fc6ed02610891454d,1.7590737
2018-05-27,a45af86c4a7948f5fabbb5b0132475cd,1.3490591
2018-05-27,a537bc52f4b925ec56cc9937a7601636,0.95277846
2018-05-27,a55b9bc476c34d53d8f3f27c922f6374,0.8702801
2018-05-27,a5e537da8376b8623758e0186bfa400f,2.3409972
2018-05-27,a62e25e09e05e6faf31d90c6ec1aa3d1,177.50136
2018-05-27,a6ad77b15e566298a4e8ee2011ab1255,63.048485
2018-05-27,a76d6212f99d1253fb7bcfe02ce87d8a,0.9534084
2018-05-27,a77e6c93242ae050800cb3e5b98c2fcd,0.90836465
2018-05-27,a79ae5e76295aa86fb2a41afaa708074,0.9932511
2018-05-27,a7b42937ab954b0e03bcf6cc35209940,1.0671178
2018-05-27,a8075470f960215ffb67624782f80fec,2.285917
2018-05-27,a8115d34a4b7b74388da609692162c37,2.327465
2018-05-27,a8385505c3cdcbf7c6acdf0e946d89c8,0.9722133
2018-05-27,a883c6cc6b971869a2c962f76fb73ab1,0.85816795
2018-05-27,a8b0dd2c57b49b649373ff5a495a697e,1.4052168
2018-05-27,a92930c327948861c015c919a0bcb4a8,20.161922
2018-05-27,aa2f69939ecb8795adbd9d1fddb05728,0.8559026
2018-05-27,aa4383b373c6aca5d8797843e5594415,1.0105652
2018-05-27,aa70ae9ee9a798d44ae6e00ce6d82cb1,2.2736962
2018-05-27,aadff88486740e0b0ebe2be6c09476ae,2.899733
2018-05-27,ab1f9387c0627dd24000bfbc54fdeee0,3.4566221
2018-05-27,abc3432ff825d8e524db1d4eac6d2099,3.2031088
2018-05-27,aca2eb7d00ea1a7b8ebd4e68314663af,226.12823
2018-05-27,acdff5faea9652b2230cbcf4d475a220,0.92930526
2018-05-27,ae5f5d4cad780bc59652d9ca6ba3b1a7,0.86935216
2018-05-27,aef099a1948ab0d8a11c5a4b41ab3809,0.8475172
2018-05-27,b008888e5e01a5c9da36306228e900d1,7.063018
2018-05-27,b046862b2553fe4962392cdc93a2ae93,0.6391059
2018-05-27,b0961721fd839e9982420e807758a2a6,9.703701
2018-05-27,b114bf337c0626166abe574eee9e3f32,80.306015
2018-05-27,b2f15c23f560da3b247e1090d9d12be7,3.4682288
2018-05-27,b35e00b01694e1efa3577d14965f2205,0.3626384
2018-05-27,b38b25d838ae0b8385e8cc68b9017644,1.920864
2018-05-27,b3dc35a7b0042136507e1c174bd7cd2d,2.174479
2018-05-27,b623b7cb05ee3248fbe4a6ecbeed79a4,55.595825
2018-05-27,b6bdb28b376292b83135644ff8d4d6a2,0.8858731
2018-05-27,b7a812ed1b86b3b00e566dc29ba7ec7c,1.5843883
2018-05-27,b8a0d73b2a06e7910d9864dccdb0cda2,4.520836
2018-05-27,b92a7304ebad1ca5b393b53b2de5c70a,3.0648515
2018-05-27,b9732f4c0f20039130f5ff8cea1c2cb3,0.9356698
2018-05-27,ba5fb4ab9cd70d201b74b5bad9d4ca00,1.4477298
2018-05-27,ba92b5a0701d2f820ba6ca8f8c86294f,1.7116135
2018-05-27,bb50f2e236e5eea0100680137654686c,42.0041
2018-05-27,bb5fc9090888f494938ab2b3c90dda7a,0.965826
2018-05-27,bc137217dc0cb0559a1f46e0500f50b6,2.1944203
2018-05-27,bc1771eea502c7888f4fa3d568a69111,0.8894831
2018-05-27,bd7cab8de4d7943286634023cc06f8ff,1.431001
2018-05-27,bdc3291ab242ec1effc8eb0987850268,7.685787
2018-05-27,bebd360fe73dc670fd6439e9b943ceb7,0.9884593
2018-05-27,bf04528618b481f107b7ea5747432102,0.476198
2018-05-27,bf359473d58e90d8fc29bf8f3d282ea9,0.9432822
2018-05-27,c072e7b87c8413341505d50d8234fbc2,0.91788137
2018-05-27,c0737ec7b87906c79f130f39cec3d3ee,1.0637071
2018-05-27,c211ff3068fcd2f8898192976d8b3a32,2.1092951
2018-05-27,c342f482010f1ec6d94f55102e4994b9,0.8600107
2018-05-27,c3602326cc2e91dc18ad2ae9a575b5e7,0.9324581
2018-05-27,c36bf06e0eb9da82511d954d8f25114c,0.9872617
2018-05-27,c3ba4e8d3cb30049213b682e751e9d00,2.918177
2018-05-27,c43e56cd1eb509cca120446a61579ec0,0.9922676
2018-05-27,c46c87888b081cf424913fd74b9b6e87,0.9846171
2018-05-27,c50ca07e9e4db9ea5011f06802c0aea0,6.5175757
2018-05-27,c63ea4621680c1b0fca8864c0564bd78,2.118628
2018-05-27,c7c44bf04797742e75274c5f288ae737,0.71760285
2018-05-27,c9c6fde711572c1ad99ca12728c6af00,17.976646
2018-05-27,ca0019454bd5ddca0f4022fe89f6557a,1.369432
2018-05-27,ca230e32eccabf9d497e3776f6801f5f,8.036154
2018-05-27,ca5c923962558430573f83661dbe36d6,6.9196
2018-05-27,cac9e5692471a0700418aa3400b9b2b1,6.100006
2018-05-27,cadb69af336c16aba5c5223599821245,2.0111125
2018-05-27,cc28e7bdcc3ea1721d32acf3724d99d0,0.5711468
2018-05-27,cd2ea14a901da3b47b33516f3ca6929e,1.4304669
2018-05-27,cd360a9f341f57c25699dbac377f5efd,25.537117
2018-05-27,cd48f265a63e13b762601f5f794c5fca,37.799526
2018-05-27,ceb9200bc33732558224476d75815c32,0.8826417
2018-05-27,cec09725da5ed01471d9a505e7389d37,7.7192807
2018-05-27,cf857bce01d442bb8631a548a4432def,4.4458857
2018-05-27,cfb79bfbdaf59cfe2e9ae0a071451f32,2.4845238
2018-05-27,cfbd9afef85eecef5aecf32844d2bc07,0.77795637
2018-05-27,d011223de539cd224b5c5c8082313d46,2.1119835
2018-05-27,d017a2151d543a9885604dc62a3d9dcc,8.181627
2018-05-27,d06466afa11453b6450b70992c90ece7,1.6227394
2018-05-27,d12ad7f92749db41296a64e02c0bd5c8,1.0839686
2018-05-27,d1a7965ac8d6ae62c9c1984434227cb6,1.4455438
2018-05-27,d1c2619dd30b8bc3c63f18ca9692660a,2.600846
2018-05-27,d1c427060a0f73f6b889a5c7c61f2ac4,11.999069
2018-05-27,d2085f7e0f9533605386960fc7e987ec,27.822884
2018-05-27,d2347fba1e60ea51f533960fc555baff,1.0231384
2018-05-27,d2744565da36ef69f99ed42b0527dab6,0.94614726
2018-05-27,d285360f29ac7fd97640bf0baef03de0,11.971413
2018-05-27,d2b42ba1cc7c04d6f6e4ea54392b95fa,1.2437935
2018-05-27,d2f5484cbffe4ca766301b21ab9246dd,5.60936
2018-05-27,d34ec3c23c142291062f958688a1b41c,1.2308354
2018-05-27,d48bacc1dcd9c86bf1ed4ed2a303336c,17.493223
2018-05-27,d53fa4385b1c7af4bc099d079edd4b32,0.9872617
2018-05-27,d54c5b81fc2b38707588dd4eddc7c594,0.9208408
2018-05-27,d5de9e83335830f4597d314e63845eb3,0.8858731
2018-05-27,d63c1011f49d98b976c352955b1c4bea,3.8154306
2018-05-27,d678178aa4291cd25a755a90188375c8,7.7617216
2018-05-27,d6dc2dcbb3ef25e47ef82f3c013ab820,1.051758
2018-05-27,d82b8217d941155cfe2c1f8c17c436cc,4.3390503
2018-05-27,d99526b1e4fa5f57b8bde34a7337b5ee,6.7623725
2018-05-27,d9c32c8680c2426cade754f10d61e5d8,1.0054969
2018-05-27,dab2413ead0edda9967edbc9bda2a64e,4.3468347
2018-05-27,dabbb10b2f36548cf2aff2993f4cf5e2,1.2208326
2018-05-27,ddcb7473fdc5368c019e3ef6fbde816b,1.0675582
2018-05-27,deb5048402088c1bd33af3910bf9a92f,0.9651835
2018-05-27,dfe123265435bbc08b40fc418f66d9a3,1.5366861
2018-05-27,e03102efbc2229024c89be731f0aedcb,8.160529
2018-05-27,e0cf79767c5b016251fe139915c59a26,3.8168728
2018-05-27,e0d64dcfaa3b6db5c54ca298ae101d05,15.7876625
2018-05-27,e0fddcd9bdfbff9df8a8228f6a6346d7,0.9307089
2018-05-27,e178e8610a35f4d6c9b0934fb5e20e85,1.1342275
2018-05-27,e1a698b55be47318e6d178c57bf5370f,0.7901141
2018-05-27,e2372fa4eec7531e44bb43844876e25b,2.705257
2018-05-27,e389381479408ccdcdd406d8d3049e45,3.6788673
2018-05-27,e3dd336775af78a83fc27ed85f0f15da,1.6151596
2018-05-27,e5eadf9be70a4a9fa514019542fc330a,4.9589596
2018-05-27,e82d0f095d2e87c1d46d5f909ed00a30,0.9849642
2018-05-27,e8c6039a25765995ac7c1ec2cbef5765,0.5300014
2018-05-27,e94df75b2e9a8b056be0c144a731f55c,1.7662915
2018-05-27,e966b10d5690d77bfc03cef8f9a26d57,2.380328
2018-05-27,e988092a8afe5d9393a5c3a7ca17691c,2.3957136
2018-05-27,e9a69340883a438c3f91739d14d3a56d,8.245735
2018-05-27,ea2999d120b8644995f93e02aa9660c3,3.5010095
2018-05-27,eac8b9e1c1eaa41a41acc9f41d1287e5,0.88972956
2018-05-27,eb8c629f70275fd1c4f809116cce1efc,18.47058
2018-05-27,ecd5590150f090ae992fb88204802235,1.2973486
2018-05-27,ee7b75ae9c945d4775460a67051036db,0.55754805
2018-05-27,ef66e63137bdd1b2e44aa968646fc1e3,21.115456
2018-05-27,efa490145b5cc82438b6a6de691535fa,1.2159339
2018-05-27,f08b29913c73e394bc8477b1e69f7762,0.97728163
2018-05-27,f109f04ad95889f2f041a91afe3d894e,0.9168117
2018-05-27,f2399cabe080029634d12cec4f60dbf0,2.040059
2018-05-27,f251b1f9c5b04284fc1ed9b5dc4169f3,0.9000847
2018-05-27,f400f539d0b021c06eb35f6838690e09,4.1395807
2018-05-27,f59062775ff63deba00e8b425f127e35,1.506019
2018-05-27,f5b952758d88a5995ae5c8208a63b913,1.7196223
2018-05-27,f5badee8a0e679f057ec0ca4f0f32dcb,1.4303849
2018-05-27,f62cbf4416c9ef8e1b4e8d5279891f24,1.5851772
2018-05-27,f6fa93875f4a7dac03e0a22143f4d815,2.1633182
2018-05-27,f720c39eaaedbc6f37a0cac64fe6a6aa,9.927198
2018-05-27,f82d1ebd3649e6b83c2d0f611cb5c540,0.7013101
2018-05-27,f89caa3ea4fb5f7b6e7fb2bb4ba61881,0.99357253
2018-05-27,f995f36cecde1f56edd98fc83b2b0b41,0.9168117
2018-05-27,fa304c5424fd292aed9c35eb36d9f495,0.8477289
2018-05-27,fadc89c2a60ff96b18827644074dfd70,1.3606839
2018-05-27,fb338b6903065759031dcb1d6cf7cac9,1.1968509
2018-05-27,fc1d8637c0268af3db482c14b7ef8e75,4.0558033
2018-05-27,fc7138a8f96aee8302e42916bbbbb818,1.7575132
2018-05-27,fc8595227785863846b7daa2ae3f2c9b,0.7039199
2018-05-27,fca62108387e25005784da2f551466a1,3.0925736
2018-05-27,fd939dd54384f5681c327919e8f6a1b8,0.8130808
2018-05-27,fdf9ec5852bb18d630e683e3c796972d,1.0010983
2018-05-27,fe077ec80df6b4ee60bb4498d5ab1962,2.0068848
2018-05-27,fe7f10e5c9d36a294333b0c35ccc24ad,0.8288672
2018-05-27,fe9dfbe7f974621789683b7b78be2a16,2.1413693
2018-05-27,fea7f0c147905a41ca324c0e3234a4c7,1.2630428
2018-05-27,ffc9caf33e2d1e9f44e3e06da19085f7,5.748935
2018-06-03,008cff0e5792219fae03e570f980b330,2.1453063
2018-06-03,01880e9ca075037ac0520fb94c07a79a,0.88994133
2018-06-03,02ed3b595447e948efc3eac897e4df0e,2.4208703
2018-06-03,03078714f1e3f3758555f67ff35b4b01,0.55998296
2018-06-03,038967227fb1bc9b30d6e1c81fa2d2be,0.95285344
2018-06-03,03e931f387c2dd5b006aecdb12515b2e,1.2253195
2018-06-03,0437850bd55b9b2b9cf104b59a611666,1.6335135
2018-06-03,044f05bc9de36e8a693a83e4bc79dd0d,2.4364507
2018-06-03,054515fd15bc1a2029f10de97ffa9120,24.452438
2018-06-03,05f0fe07929d35be0748fac56eecbeb2,0.97704035
2018-06-03,078e8db43688ea060cf754e7bd2b92e7,10.4044285
2018-06-03,079189201e6c6f0b0f70d118fff53fd5,0.83217233
2018-06-03,07a949f27854f64558f8babcfec441cc,1.540094
2018-06-03,07bcd890d449e493b4ec23d05a9e40ee,2.377537
2018-06-03,08c816d9a716567bf436173ef6f5f12e,2.383232
2018-06-03,092be1e8336fc404c57bd5970d056886,1.4614667
2018-06-03,09b0d15a8cc9a84e7af7e0225f67dc45,5.5006504
2018-06-03,09c3a2ea33f044aebffecd6681e00133,7.428728
2018-06-03,0a57f7d2c983bcf8188589a5fea4a8da,24.257113
2018-06-03,0a9a9c25c5a06532d1766e00db833a7f,1.0999999
2018-06-03,0bbdc963004d9b2fd3427ee3c5ae3608,4.0726547
2018-06-03,0bcc3eeca39e1064258aa1e932269894,8.069777
2018-06-03,0c71252f37443403376d2008034a7240,4.206443
2018-06-03,0cdaad368fc9c18b0e7c3328f79f341b,0.83478105
2018-06-03,0cf41187284d7f099adc8415a743ebbd,1.8776437
2018-06-03,0dadef6ed70b861b14eddb3a3ca6b73e,4.5674763
2018-06-03,0e2d365a247d105fefc31b17ab8706d9,4.4499807
2018-06-03,0eb8e03d4ef83152c4642b606b5bbdec,0.46806058
2018-06-03,10070e29929f7c7d609ee3201f236b8e,2.1351411
2018-06-03,10adb53d8faa890ca7c2f0cbcb68d777,1.6116462
2018-06-03,10aecaf5be4119fd6b8b9e2e8a5a1454,0.8732619
2018-06-03,10dae91e0aba95747e90280edeffe883,1.1326921
2018-06-03,10f2ada0cff82206dc9afa52ebac690b,2.6409853
2018-06-03,11250b0d4b709fee92441c5f34122aed,2.2029572
2018-06-03,1131505c80690c39fe3696048a24fc2d,5.612245
2018-06-03,11491792277842adf3f5bac76ae3dbf5,1.0005243
2018-06-03,1164c17af70425821f88bfbdc9e907a3,1.452652
2018-06-03,11a0fdc4251f15bb96dbfff7ef5475eb,0.86181563
2018-06-03,12e6d0f655986ceff00c74658dec97b1,0.73756814
2018-06-03,12f066474dfa3c415c169051c5e1967e,1.6809456
2018-06-03,134957eeec87be2414ac629ee0b947a4,3.9827242
2018-06-03,1427b126f61597524866770b05d4eed2,1.0916682
2018-06-03,14aa47b7fe5c25522b47b4b29c98dcb9,6.0840106
2018-06-03,14e40526732f35d38620a487e0776b27,2.2303336
2018-06-03,154358528b8fd5995d0d80abd3f4f08a,2.5394895
2018-06-03,1600dcf1cea8c0c83702e07b577ab231,3.4589713
2018-06-03,1613b819ab5dae53aead2dbb4ebdb378,6.7465343
2018-06-03,16679d68bdbed3fb97af806424d7f2b7,60.50563
2018-06-03,16c4e87b98a9370a9cbc3a4658a3f45b,1.2734293
2018-06-03,173e9fe34bfe97f3a5e6dc57fe897b74,16.918228
2018-06-03,1747048d975dfb4b55bc232200ccc53f,0.8071741
2018-06-03,17878434ca0082537806de545c2f0351,1.3931265
2018-06-03,17a019676883dce326999c11a46a14f0,1.4438263
2018-06-03,18b0e642cbae7251e60a64aa07dd9eb9,20.897102
2018-06-03,19c91ef95d509ea33eda93495c4d3481,13.967839
2018-06-03,1a053f9619cbdb4a83c0f61a68d01211,0.95211595
2018-06-03,1a080577618e7fe4d9ddd8fb2b47a964,2.3257272
2018-06-03,1b37262ebd1307a6c9aab9aca8584e76,0.7367282
2018-06-03,1c4de4dd53a801716c8a3a2cf51f35fa,0.96579385
2018-06-03,1dbd121a455304b1f6f0b548e9cc23b2,0.68950206
2018-06-03,1f0d72fdb89c51b0b2fb2dd7baa63a8a,0.72320294
2018-06-03,20d99367bb5820e9d15aef657b83b5a2,0.9953863
2018-06-03,216bb0e0cd43ffd832e0973d35e0377e,35.22572
2018-06-03,22f590c457402e4971c9c2090d34983d,4.3902454
2018-06-03,236c8998f9a6e6150cdfb75fed83c15d,1.2950227
2018-06-03,24c66f106f642621e524291a895c9032,12.041813
2018-06-03,25292482a61cb3298df8dbe15ea69daf,1.6029052
2018-06-03,25f86162fee18735fffdb762dcb10d7c,134.03033
2018-06-03,2624c8b856235b0499572d609ffd0930,4.3074756
2018-06-03,26a6aaf337b078349b5ec749be2e7a5e,1.9831059
2018-06-03,2722b86640ddc24e1374c2df1ac2a230,2.7188091
2018-06-03,2776dfdf555739816e6987a1f00e9224,2.8232193
2018-06-03,281bbfe70848e0b304bef88fc2caf2c3,2.2273912
2018-06-03,286bcf62e47dfc1e51cf0d525bd4d1bf,0.95454335
2018-06-03,29ed7e120478b8a6ab3aeb253c6c7220,2.9756343
2018-06-03,2ac7c9339ff85fff3e1aee3eaf7bb315,1.5716197
2018-06-03,2b0943c63387bbdc046d9a7692602388,5.7589173
2018-06-03,2b4609f8948be18874494203496bc318,10.299297
2018-06-03,2ba4f78910f6fe61e7ae7bfa4efe2726,2.8327444
2018-06-03,2cc9fe0726e28bee40b04417a8971b53,0.80927414
2018-06-03,2d6dfe6841db8445d145a67913aec9d2,0.90146714
2018-06-03,2e513e110e3f95926fa3d1ac44444ff4,2.219161
2018-06-03,2eb3c639a21ca3eeabf2ec13bf7bc46d,0.919088
2018-06-03,2f13d1dc8b4e1d9d8027be50339546a9,6.2834325
2018-06-03,2f2eee65fc4cc4a5ee8362730719d290,1.0271894
2018-06-03,2f70195374f6c3d3c6542edf5bd17c8c,0.8966885
2018-06-03,2fd89f236e3e8f4b81b7b74f09f40186,1.6917214
2018-06-03,308e5ad92ea784e15a8f632465837c4b,0.95444715
2018-06-03,30e2b9deadd5211496426065065c71a7,1.6698527
2018-06-03,30f2abe62a0f5fb21e4361e83e19f3d8,1.4889653
2018-06-03,3225c54bb2785c33f49f50398fcdb88c,1.9964421
2018-06-03,333789d98505fa09e6e270b62360996e,2.4067595
2018-06-03,3354a4e684f5e7199f9407db70ccd92b,7.1701527
2018-06-03,33ba4b29d820b397054cc97e892ab1bc,1.8664871
2018-06-03,349ce46a0e2e20054aa9d80c48af8816,11.605368
2018-06-03,34eb0685663d60e57a9ca086c8e33423,0.99167097
2018-06-03,3570caaeaa3f5a1ae76392bb2b4155f9,2.3688295
2018-06-03,36826c711e5778c8d88a7311cc29c446,1.0213231
2018-06-03,368c6c730842d78016ad823897a372db,31.050201
2018-06-03,36b8b14d0662ef735c8ef4856f4dde58,0.8652118
2018-06-03,36bd3e4daa4604d112f17dccd24ee59e,1.4419891
2018-06-03,37b99aa22bbac19b2a4afc4b2a958a53,2.074569
2018-06-03,37bd6327d499dd991f2da7681625bb3c,1.7843455
2018-06-03,39184c850194aa002371b2d16c373f3e,1.0751557
2018-06-03,3a05a947f28cf46d789adedc107d7595,1.5328453
2018-06-03,3b402e910ac3b3271958456b36a7c7ac,0.9476285
2018-06-03,3b4a72dd3f5ecc82d97d6a54725952ec,1.0360641
2018-06-03,3b7929cc079c14493fb6fb3373dbc1e1,1.5300127
2018-06-03,3c883b9d3fd2d0ce448d4136349dc0a4,7.5864825
2018-06-03,3d36ef6c6d553500f4240920658689e3,1.102526
2018-06-03,3d3c4219b64b1a968490e7bdfa43bf1f,0.7458665
2018-06-03,3da76d120922f2c5c94b3ec02db563c9,3.3280997
2018-06-03,3dd2a17168ec895c781a9191c1e95ad7,125.2711
2018-06-03,3e5201fe0d1ba474d9b90152c83c706c,8.438059
2018-06-03,3ecfdbaf8e32624c343f9e845cdfeec6,0.94570684
2018-06-03,3f0376e782caf27ef19342d8e5c7e6f5,0.19035712
2018-06-03,3f994ee4a0b20760d1b173aa65037c95,1.0885185
2018-06-03,3fbc0ef745950c7932d5f2a446189725,38.106277
2018-06-03,419cb1b441eda9b92ebd1a1b96090c26,2.4933329
2018-06-03,41c24b8ce92d1a2cac62db5edfd088b2,19.659513
2018-06-03,41db6d8062fcd38410c699743ccc0265,2.1825104
2018-06-03,422879e10f46682990de24d770e7f83d,43.114487
2018-06-03,42ec84ace63b58b8c5a7ba7be01d5fb8,1.7126083
2018-06-03,43423cdffde7fda63d0414ed38c11a73,9.081689
2018-06-03,43706a3188de57bb50aa9f10e3b2fbde,4.3705087
2018-06-03,43e09fcb6175856e87a4d9b91321addb,0.9208408
2018-06-03,44be579342e8ba8bbe3d0448d126afea,0.60303366
2018-06-03,44d097d59e8430f88a67517cd0c4f865,2.000731
2018-06-03,44e086c4a977f37a888627b43880586c,4.246699
2018-06-03,44fc450365728c413fefc547592626be,4.1230617
2018-06-03,44fded21627553d1886d459384bbce06,3.6869001
2018-06-03,450c25d98ed6923154a934554475bf13,1.4118205
2018-06-03,4563095e06df1fa67de2eade86f4f01b,1.070514
2018-06-03,46292acbc08d49b95138891146f7287b,2.983648
2018-06-03,46ed0917b696c5c8c934e368da2fec36,1.0119829
2018-06-03,49ac91bd3a26d57c4c2a46e66977e69f,0.9669398
2018-06-03,4aaa2ddc43f64a2db232b71fc4639064,0.9617873
2018-06-03,4b96786612ebe7463132fce2c4dca136,5.1340365
2018-06-03,4c183b9527d3fc69a4d5587b11f5fced,1.0102422
2018-06-03,4c8c1d73644dce680ac36856d70c1f9d,1.0141149
2018-06-03,4cceacaeb21aa22aa51b4c724de3758d,0.9252943
2018-06-03,4d071a22b9cc548b64a75075a4c63151,0.9768288
2018-06-03,4e0854d426b0556ba1956db5e058f0da,0.9365872
2018-06-03,4e56c4cc11b3f85f53862139fd7d360d,1.0336242
2018-06-03,4eff4dd8918d15c9a308a9645d353807,1.5098494
2018-06-03,4f288e27579d68e616d2712ad669f99e,1.2854599
2018-06-03,4f5459b07e4a3e0897228ccfe3aa474d,1.54158
2018-06-03,4fa33915031a8cde03dd0d3e8fb27f01,3.6719608
2018-06-03,4fe644d766c7566dbc46fb851363cb3b,12.060232
2018-06-03,500870614ddcf5bd84f7d26861026c8a,3.298398
2018-06-03,5113c9a5037013b0a750444df6dec60f,0.889943
2018-06-03,51c3bce480bc653e51d768e09253d6dd,0.8093056
2018-06-03,51ce083cd2b9078656a94655ab45b8a4,2.1843386
2018-06-03,51ff0a0f61611dfa94e43c834c949dd3,0.879047
2018-06-03,5237739bb5fee495dbd337755a138660,3.327966
2018-06-03,53759a2ecddad2bb87a079a1f1519f73,127.66266
2018-06-03,53a0380bace091a275d6f6a7e46c07b6,1.7674681
2018-06-03,53a72a0b6feec4a5cb40c5c79374b471,1.2496184
2018-06-03,543fd1c1fba9cfa6e424473dd4d830f0,1.3902912
2018-06-03,5563f6b699b362e1bd6a2e1e650f52bd,0.83107305
2018-06-03,55b71bf300a2765a382eaec566df531f,3.4671273
2018-06-03,55f166570845e0a7b4456edac9c420b7,16.648064
2018-06-03,5650f9e1f73d0a1c0176988cf2e950d5,3.3745363
2018-06-03,570509b6d981370031c1f839592a1be0,2.0695064
2018-06-03,573722511f4fc28539f3d8810a50ea1c,5.491353
2018-06-03,57414a165829139b9b534f0b4a794fe0,3.5665379
2018-06-03,579447868ed3bc1c03b199dd2f0dcd07,0.8698796
2018-06-03,57ba9fd4b96512b1aced2dd46e1aea68,1.0085866
2018-06-03,58493ca240e8c701678576a04c2d6336,1.0440202
2018-06-03,593236d0ff46b4299b4787fb8d43f7f0,3.6461027
2018-06-03,595fac2a385ac33a80bd5114aec74eb8,5.533913
2018-06-03,59e9e55854bde29f3942510af639b7d1,0.8865452
2018-06-03,5a168adb8f812ea06dbbfaaa3bae7986,0.69804543
2018-06-03,5a4ad40b009d7b9aed160df860afffec,1.080085
2018-06-03,5a57a59c44429be19e1ce8e69e15c473,1.2250175
2018-06-03,5b226d7c52f86ac72457617f78cff95d,12.51931
2018-06-03,5bd6493a2d5a384987386f2696bae33d,1.5848613
2018-06-03,5bf681c3d83a332fbb49765e3e572145,2.0003839
2018-06-03,5c3aca5c078a343b3b873362e7ac2fcc,2.295074
2018-06-03,5cf32074c765ce825b53e1241b79e544,0.99574834
2018-06-03,5d4259625c11acce3dcc39c169037a9a,3.8713968
2018-06-03,5d7c23067ed3fc8c6e699b9373d5890b,2.0556667
2018-06-03,5e3b4b17383b90a3129e552bd71bf2b8,4.263471
2018-06-03,5e5d267a41f3d8bb608c2f0bd4b4972f,1.4593976
2018-06-03,5f2641478d7b5ffbfcf1f2b5cdff4709,0.9880132
2018-06-03,5f42d57952b7815098979a5c4fa6f82a,2.0280106
2018-06-03,60f560fe3dd8adc165becf182ec8f834,2.487203
2018-06-03,613221d716be89edd3bb436c8060cd05,0.7099051
2018-06-03,62177bb58dda374cc02e6cd2616996a1,3.0936003
2018-06-03,634256dbcd184b3757ffd7632c9fe52a,22.93604
2018-06-03,638a9114d65182d28b1cf8a99e72d90e,0.939381
2018-06-03,64315bd8c0c47303179dd2e25b579d00,0.39854062
2018-06-03,64874a0d6c1ec460c2f59886c51b9711,0.8616039
2018-06-03,64fb265487de2238627ce43fe8a67efc,4.102909
2018-06-03,64fc6010136aa59736e148c404e77a54,0.75114477
2018-06-03,65ae1951caecbb80c7d5e2e662ddb0dc,0.9081577
2018-06-03,65b8088cea1e67b54a517052979d07a0,0.8966885
2018-06-03,65bb1c5a918d2876d7a0262774887d86,1.8209498
2018-06-03,65e6eb6259c9963d133eae35ca1ee2cd,0.9722133
2018-06-03,65fd9b358b7ee029fba34839e9c35fdf,1.9358227
2018-06-03,666b4be3c007e9e960642dd6e0d88b17,1.0122784
2018-06-03,668e8ee8f69c3545109fc40f72336e8f,2.1323988
2018-06-03,6767719f80aabbbf16ab2491899c32d9,2.3937714
2018-06-03,677d8ace413e0060fa8686cde56eaf10,0.79561937
2018-06-03,679d1a26cc192f14e7e30ae397f8b089,0.92796046
2018-06-03,67bd616e1ba0d3d3e8545f3113b0140d,10.309715
2018-06-03,67bf0dde94ca85e84e682a80c604807a,0.82477534
2018-06-03,698b3ddae2f0b80c2a48fb40624ca4e4,3.0566635
2018-06-03,6adab229374835b551f6402e0dc53267,4.7212195
2018-06-03,6c4f9f5db7665ec7f628f17d459b4aac,0.69904745
2018-06-03,6c55ba2343f9df32c7f88a468352ff22,1.5815898
2018-06-03,6cbb9a0a2b5565f3b3afb8185f6446f0,2.1044447
2018-06-03,6e6bc9eb53618579e6184f84ae04dba9,0.9259091
2018-06-03,6ef77c360c5206f18e444f0d170a3a01,0.9273898
2018-06-03,703d742887bb9267f89b675608ba7aa0,11.588394
2018-06-03,704ef15ed43a28d6d37bf70617ec06ba,0.64824426
2018-06-03,70c9d38055bb316285aa937715c2e82d,0.9601152
2018-06-03,70e4915197d6c96ebbed11364d8ce3bd,0.90476155
2018-06-03,70eb8ec63fd4f2a0bf8607712407727c,3.795261
2018-06-03,71540d636652fc682032d3b3c0a180c1,2.830904
2018-06-03,71a5f1c2a5fd9889ef26b5ac22aec9c6,2.2970014
2018-06-03,71a7800a633691de8ecdd17463335e2e,1.7282907
2018-06-03,71b157e39523e25558ed9cc1960c3fbd,3.9528325
2018-06-03,727a46f0b58a9ef165af9f7ebcfebfa9,49.759857
2018-06-03,72b253635b316f49e42e618d6e585ebc,5.191739
2018-06-03,72f78c618c8f81c2b8f0ffd2a51293b4,0.7862547
2018-06-03,7340a3839a1de1e99d149b8cf052a2ec,5.410124
2018-06-03,73fdc89a7474d12e91ebb4a38341fd84,0.92995507
2018-06-03,7564c1759c04fc0a38f2aa84f7a370ee,7.4227533
2018-06-03,76b7fa5da50b22fe17d1e7bbde661106,1.944346
2018-06-03,774bf54401ea79ee6962d25b605716dc,0.9273864
2018-06-03,7766894470ea995b418764065e6bf9ba,0.80655766
2018-06-03,777c635c0e75758c283037a6ae684c20,0.88994133
2018-06-03,77ddf7d9682490a7d50e7d580460d4c1,1.270197
2018-06-03,77fdeb8d4f7502f75b6779205f30a875,1.3661679
2018-06-03,78199930387ff5818f6176b41a9f9a27,3.7625067
2018-06-03,781a5256893d06b9526750ff0b5f50e4,2.4219594
2018-06-03,781afe929e3016a667f5f439afd55fce,4.962966
2018-06-03,78540167bc14d4024b1aae7adfa2f7c9,1.8765361
2018-06-03,78efe838c04bbc568be034082200ac20,8.6371565
2018-06-03,79366d6a24de9351b7ca6e3cf75a68ec,2.1255476
2018-06-03,79bd832302282bb4f305c5947c2bee1a,0.7778909
2018-06-03,7a3bc1b5f3ad201ecd5d03d51d34bedd,1.222489
2018-06-03,7a81751397c8813678761201a7114339,1.0478324
2018-06-03,7bf115809ab249f1bf0fa92d72e0baf8,1.3201183
2018-06-03,7c1bd920dbdf22470b68bde975dd3ccf,4.383339
2018-06-03,7c1e2b3fa0233e46fb3bcdcb9919a72f,1.4815828
2018-06-03,7c55ea4aea1acf1ce11440010f5aa298,5.084917
2018-06-03,7c898e0b8ea203dd94ba846627fc34d1,3.735701
2018-06-03,7d490fb7ec6eac63302590beef157c10,0.862283
2018-06-03,7d50930301709838d8e90dcac5cfaa84,5.611066
2018-06-03,7dd3fec3502f7ef333da2a73e00db394,1.2006358
2018-06-03,7eb96ea641252f20b26fd6878d009a1d,0.9978927
2018-06-03,7f064525eaaa1ce9d22c085f7ff5413a,0.91222906
2018-06-03,7f457254a89d62960399e075711b3deb,1.5182729
2018-06-03,7f72a8900b3d2fc8fa2635b7836d6e6e,6.200253
2018-06-03,7fb04722aba7a2b632bac8f9819796f3,8.031869
2018-06-03,81a3d1dc085d3226530f23cd4af5030b,0.9963564
2018-06-03,81c6b0f031d89938fce1df449b3b464b,0.9429123
2018-06-03,81d2fa5b1805af5f9e0d08af321b2f35,0.8995938
2018-06-03,8317b177579dd27ff068b83205e2169b,6.6345215
2018-06-03,8323a7adeb57da21acea7e83563bed90,0.7458665
2018-06-03,84c79830527ae823029ee6b904cf948c,1.2772814
2018-06-03,84f456958365164420cfc80fbe4c7fab,17.386858
2018-06-03,85b6cd7f57f7a06d180c93e8c74f6381,0.9932511
2018-06-03,867dda95bbba37fe56fa288449fa122f,2.8974962
2018-06-03,86beb8b7298c47a334e6deb8545b2f06,0.45757604
2018-06-03,87716aafd7c6269cddb3403f85e4102e,0.8698511
2018-06-03,879f3fcede3745f74eef673bf8d5805a,0.9969688
2018-06-03,87a71ae93900ab55fcf685c8040769b3,7.930135
2018-06-03,87aff1d9a5e94db6840c5b963a5cef90,1.5802456
2018-06-03,87b77bddc8fa1c1272ec769a5134310c,3.545927
2018-06-03,87d6047f661dc87643c40612a6eff3b3,3.445881
2018-06-03,89321f94e35fc6d7903d36f74e351d40,10.361523
2018-06-03,8983a3b149303c013fceabef902e835a,1.3432035
2018-06-03,8a7bf523741f8c2bb93d0d6ed38c18d0,0.94667834
2018-06-03,8aa6223e400af9c97b07c75993142721,1.519379
2018-06-03,8acf0061d1c7b72c3a4857db994ecc79,1.0909414
2018-06-03,8bb27b1d96be90b36b8d0c7f30931d52,103.97693
2018-06-03,8c154410716f31649d25e436f7d5d838,0.887736
2018-06-03,8c292ca193d326152e335d77176746f0,3.6787229
2018-06-03,8c2f7d1e586af9f4ecd42ffa5ffc4216,3.4069185
2018-06-03,8c8eb9eb2e47ade1a343cd00f81cbd52,0.8683902
2018-06-03,8e48c45980a3fee42f12f7986a4b68d5,0.7652315
2018-06-03,8e7a3ee016b12c87b5e3e7e717620758,1.2101142
2018-06-03,8ec7eb9f181b55edfe7d45092c37a3ef,0.99574834
2018-06-03,8ed094bfe076c568f6bb10feada3f75d,13.320724
2018-06-03,8f182b62914de7e1eac12f09b125e9a6,1.0106075
2018-06-03,8f211599d0cde9d8551a6984d758e1f4,0.8553256
2018-06-03,8f2a61109d01cbda2cc6cdea233b1102,0.9969688
2018-06-03,8f3a1c2358138bedfb98645db449110c,1.5925434
2018-06-03,8f71fe1e1b5bbb6773e7276b5c37ef65,0.8477289
2018-06-03,900d210e9ea6ee40dd0290df76bde9fc,57.087967
2018-06-03,906b11f3bc3c98f883afa0eb67b0fac7,0.86336154
2018-06-03,90aa2ab699cd0e459be93124aa91c82f,2.4375448
2018-06-03,90d11936871062d5cb6d23175734ea91,1.5814854
2018-06-03,914c9e9af640dd56f48764a225b00f89,1.7902341
2018-06-03,91846781ef75057e134949400768e272,2.100686
2018-06-03,919b08607e72077425654ac5fc0b5528,2.5394895
2018-06-03,91c82ace62e0ca1b69b1a45bcc214b45,1.8779908
2018-06-03,92144cc00a16129494387f172aa54198,0.77442205
2018-06-03,928e52a9ad53a294fdcc91bcf59d1751,64.377144
2018-06-03,92e106929b560a1609803a97c48a47d2,0.8448001
2018-06-03,93a12c289ca2b78e7069e469f5053ef2,11.16743
2018-06-03,94475071013412139f862c0bd7e3bb37,3.1314034
2018-06-03,94a6c010ef78e62cab34c6caf0a69b5f,1.4452275
2018-06-03,952e73f7e8bee61569a32b35c19bc981,1.4607822
2018-06-03,962a6951154f98f2c8e9a5b8b2bcf4a9,35.382965
2018-06-03,96d80c8b6c6545a30eb5bdc4961455f3,20.734419
2018-06-03,972362b8b232932af39c3b4b03b3bda2,0.9908755
2018-06-03,97b3b8e8ed22d0ceb3b3c520e806a334,4.326595
2018-06-03,990d135e28e075648cb7d83198fdccf4,21.4743
2018-06-03,99a4788cb24856965c36a24e339b6058,18.195316
2018-06-03,99ba5fbf3ae895fe3a9289acd0a5eb91,1.4042548
2018-06-03,99f83ce7f14247f186cb52d73bdd6e79,0.8689021
2018-06-03,9af7b4a3262141c12ba9bd489a8573c7,1.564201
2018-06-03,9b2a0b97c2471793b067f77f2252defa,1.6462266
2018-06-03,9b37a918bcf2c8e1064e867cf1df4637,1.6030601
2018-06-03,9bfc55df037ce3ac01bfd84781adf7e5,2.8726597
2018-06-03,9c0f79b9daf5436386477b4e17b94389,0.74305874
2018-06-03,9de5773a55b6893af083cacd786cde9d,0.32108873
2018-06-03,9ea1152d6d52dc57ab2ea49aa626adc1,1.4393836
2018-06-03,9fab8bd1f9c69cf2301b8ad3bec47480,1.8315121
2018-06-03,9fdc434e0c81bc6d990065c2a7efb4de,0.8689021
2018-06-03,a02d0123079f4ae96001ba2010d1a2df,4.6564894
2018-06-03,a080d0af331e8a4152c49bfc8113dec9,0.88285345
2018-06-03,a0ac0067a7a7f7610b49cc1d211de28c,0.83900845
2018-06-03,a11998d0de02ca907c060119dabe8ead,3.1192062
2018-06-03,a129c8279ee7fa447a6e8726f619dac7,0.72396034
2018-06-03,a19b6951c75da43aad691622dd2f6abe,11.166531
2018-06-03,a2105c8c0d5d99dbc5a2a9ad94321e5c,2.5613415
2018-06-03,a291cc846d74d97f01611894f983073b,2.1725652
2018-06-03,a2da86fa759178e9e58e54aa1a144e59,2.4417996
2018-06-03,a39cc58c1b5926b6f9f378daa89f1315,3.8636065
2018-06-03,a45af86c4a7948f5fabbb5b0132475cd,1.3758821
2018-06-03,a5bbc554f75cf4afa2cd56791015ec27,6.4054294
2018-06-03,a62e25e09e05e6faf31d90c6ec1aa3d1,16.732676
2018-06-03,a6ad77b15e566298a4e8ee2011ab1255,25.81424
2018-06-03,a6d11caea18ae416c4861a5a9f9711de,0.79443794
2018-06-03,a70d74f54feefedd8108c45553766340,1.540882
2018-06-03,a7ca7fd9bf5015bfeecc4010e8fa4ce7,0.8807191
2018-06-03,a7e0919795bd6324004da7131002d3b6,4.471068
2018-06-03,a869ec6209c361ca46dad85a5530e119,1.5534108
2018-06-03,a92930c327948861c015c919a0bcb4a8,58.33282
2018-06-03,aa0756c28665669298ad1d32c064619e,0.8440412
2018-06-03,aa36c2127048efdcd47f4ad5b6b68810,1.4846526
2018-06-03,aa50ff149386fb0469e22f41b39652a6,0.82465696
2018-06-03,aa53b7499856e6df13008f34100cc336,3.8296673
2018-06-03,aa5889064ca9c81e3a9dc65dd018187c,0.852379
2018-06-03,aa5d6a9bd4be367ae1a3a29c323c7c11,2.001556
2018-06-03,aa8d88eb4b9cb38894e33fa624c4287f,1.8206884
2018-06-03,ab1f9387c0627dd24000bfbc54fdeee0,3.4612513
2018-06-03,ac7e25ab6b98f4508fcc4f5a85740011,0.8027442
2018-06-03,aca2eb7d00ea1a7b8ebd4e68314663af,66.44649
2018-06-03,af2d506fb01b724e03591349ad36b67e,2.6642022
2018-06-03,af71eaa0649e29ecc95cf394f03f76be,0.93091583
2018-06-03,af91083bde899b201798b52ae89babea,1.6042897
2018-06-03,b008888e5e01a5c9da36306228e900d1,7.573887
2018-06-03,b0961721fd839e9982420e807758a2a6,19.387424
2018-06-03,b0c8da302d49498d2ce6be8c631e4e20,9.427833
2018-06-03,b0cd550945da1de6eb9cb69595d540df,0.8552881
2018-06-03,b192be433004cc1f10b467c0e9ea309b,12.129322
2018-06-03,b2f15c23f560da3b247e1090d9d12be7,3.4682288
2018-06-03,b2fd74298e16eef2568d2f9dff6042c8,3.7328017
2018-06-03,b37a8cda46313ac91d79f16601ca5253,0.66832083
2018-06-03,b38b25d838ae0b8385e8cc68b9017644,1.9550128
2018-06-03,b42c05a477c94b52587fa47d777928df,2.2342036
2018-06-03,b532349fe46b38fbc7bb3914c1bdae07,66.646545
2018-06-03,b59b5899ecf4bcc294a72fdd48adaa94,1.6278119
2018-06-03,b623b7cb05ee3248fbe4a6ecbeed79a4,16.306091
2018-06-03,b637273aa37632f17cdcca1e8b894472,0.68052274
2018-06-03,b6bdb28b376292b83135644ff8d4d6a2,0.9960298
2018-06-03,b7a812ed1b86b3b00e566dc29ba7ec7c,3.1497693
2018-06-03,b84a91f1e58b1f44daf3a9b74a83f1d8,0.7651629
2018-06-03,ba63ad9eaf3dc6369f8187e7251c0870,0.69130296
2018-06-03,bacf2de8920bbcaf6f005a30d81391d2,0.8616039
2018-06-03,bb42f37fc3d9130e4a4339d24a47dd7c,3.1895301
2018-06-03,bb463a67fa5f529fed44b2a697346c4e,0.9651835
2018-06-03,bb50f2e236e5eea0100680137654686c,46.625847
2018-06-03,bcee6fd62c36b571fc4522eb3aa7138b,0.9134155
2018-06-03,bd7cab8de4d7943286634023cc06f8ff,1.3375081
2018-06-03,bebcffeb66bcb8af8112dba655b1c1c3,0.8673513
2018-06-03,bec7585cabd7834bae06fc5bd3475cc9,0.9846171
2018-06-03,bed8edcc8479914748b6e6173513b3eb,0.95961165
2018-06-03,c0350d6ac413eda4641bf92ab687f1b5,1.3737078
2018-06-03,c045b19fdb30a3035c56d04c6fe2e622,1.3801779
2018-06-03,c1dfd7dc17df380ed269d0fc905f6e22,4.69646
2018-06-03,c1f5307decb89342351bec53668cffd9,5.7676797
2018-06-03,c2fb73db15e28aa021dcf7b2856fef27,1.4360981
2018-06-03,c3602326cc2e91dc18ad2ae9a575b5e7,0.92906195
2018-06-03,c3ba4e8d3cb30049213b682e751e9d00,10.151277
2018-06-03,c44343d9d6d3551e161f3c72bfcbfc3b,1.3493758
2018-06-03,c450c2e066134b9a836264ba72586ff6,1.6248188
2018-06-03,c589625c8ccc7bfd2e8f1fb041e24c4a,2.6870914
2018-06-03,c6745a1ce132f8dc5f38829c6fb67eba,0.93529123
2018-06-03,c706d50b57c9e83293c2586d01f32445,5.506647
2018-06-03,c7fd13b5e515bffdab855d0812842edb,23.119175
2018-06-03,c80c377f9c43421aa6ed91b1259c0bf3,0.99397963
2018-06-03,c8b96022819f31119f1404ad2c3c1059,0.7458665
2018-06-03,c8cfa622661e047ea2499f8bce4731a5,2.1487026
2018-06-03,c9dbe2eec19a8093cb5ac57486531c18,1.3336447
2018-06-03,ca53753a29adfe8acad27ebef2eef9fb,0.860676
2018-06-03,ca8e5c072fc65b2d6bbab6ca4c0812db,1.0693471
2018-06-03,cac9e5692471a0700418aa3400b9b2b1,13.558737
2018-06-03,cb81df0e3ccece253557f2a07df4727e,3.4361928
2018-06-03,cbcf718a3400ee5b15ac8d78559e6bb6,0.8988998
2018-06-03,cc5447118c174dcc6456c84ccb29e6f7,2.1578362
2018-06-03,cc82434eb4afd2f81d3c2525e54cbfce,0.8308449
2018-06-03,ccadfeab525a9eb1569983b66e5075c4,36.028778
2018-06-03,ce497a3d92ec305f5d9ef0c4b6980a95,0.79011154
2018-06-03,cef16b173166d8d44b4fbf05b4b43bec,1.031682
2018-06-03,cef9d587c2c31442c9b95eef617db1f4,1.5779855
2018-06-03,cfb763496d9fc48751a27db4fd02aa2d,2.1599216
2018-06-03,cfb79bfbdaf59cfe2e9ae0a071451f32,2.938634
2018-06-03,cfcb14e1f3b7ac5213b4e2ae7697598b,0.92868936
2018-06-03,d011223de539cd224b5c5c8082313d46,4.0883875
2018-06-03,d017a2151d543a9885604dc62a3d9dcc,7.9462996
2018-06-03,d04857e7b4b708ee8b8b9921163edba3,23.6563
2018-06-03,d04e48982547095af81c231c3d581cb6,3.704612
2018-06-03,d13a4acdb64c202e774e815db547e108,0.89190334
2018-06-03,d1c427060a0f73f6b889a5c7c61f2ac4,2.3658283
2018-06-03,d22bbc02259111e107ee7916637d4791,3.1163616
2018-06-03,d285360f29ac7fd97640bf0baef03de0,110.66372
2018-06-03,d2f5484cbffe4ca766301b21ab9246dd,2.812732
2018-06-03,d321d5e90b24cba895f0564fc3e15a84,1.4578732
2018-06-03,d373a9b9079c251371e94cacf40c1fe7,0.8381772
2018-06-03,d42869d5edf603eb87c4b4cb40d11ca1,0.81647694
2018-06-03,d48bacc1dcd9c86bf1ed4ed2a303336c,3.9270132
2018-06-03,d4dccae17c83ffbaafc50d763503e9eb,2.656028
2018-06-03,d5de9e83335830f4597d314e63845eb3,0.7607358
2018-06-03,d63c1011f49d98b976c352955b1c4bea,3.7493148
2018-06-03,d6c69817b519edddbf1b289631b7160e,0.9052189
2018-06-03,d7423500e1911ba5972c229b2fb974ca,0.88555616
2018-06-03,d9fcf1be6830bf510f03d9e6c979e4df,0.9686307
2018-06-03,dab2413ead0edda9967edbc9bda2a64e,13.34515
2018-06-03,dad78ca3a5464684968e4242039b647f,1.8142235
2018-06-03,ddb9028236525b8ab493fc24f99e8d1a,2.4363034
2018-06-03,ddceb6eef6af67e9fbbd4c148dbe5fd9,6.0185866
2018-06-03,de480e3ae31eea2d2d97d694c43172fc,2.2481737
2018-06-03,def19e614797eefc0a11face884c50ba,1.023966
2018-06-03,df3655ac9aa8c6cbfa63bdd8d3b09c50,2.7937694
2018-06-03,dfe123265435bbc08b40fc418f66d9a3,1.5316178
2018-06-03,e0cf79767c5b016251fe139915c59a26,5.3796115
2018-06-03,e0d64dcfaa3b6db5c54ca298ae101d05,91.42752
2018-06-03,e1963d980dceccd99cce847556e111ae,3.2691064
2018-06-03,e1bf2f209fd2b08e1af3ed71732d9008,3.2421818
2018-06-03,e1e932dfb67414e80b87ad97688cf2a3,4.2348566
2018-06-03,e2372fa4eec7531e44bb43844876e25b,1.5687851
2018-06-03,e24f73b7631ee3fbb2ab700a9acaa258,1.3807567
2018-06-03,e3dd336775af78a83fc27ed85f0f15da,1.6117635
2018-06-03,e4d325bd1eea550509bdbbc5c3301fc1,2.1623816
2018-06-03,e5b1f66dbce509c58fa37ff08428f91d,6.511889
2018-06-03,e5f20b4eb944eaae0a13bed3187201d3,3.8018298
2018-06-03,e61c78a7343d82c0539d27df0f7dfc31,1.289283
2018-06-03,e7342d120adbd81168c43c95f8bd642a,0.90691084
2018-06-03,e83ded7d97b96d338c4e72bb1ff7676c,0.7972565
2018-06-03,e84997d75938765ef99930f908ceedf4,1.987436
2018-06-03,e85d91619b497e98754390b6198a9818,6.046493
2018-06-03,e9a69340883a438c3f91739d14d3a56d,-2.7786822
2018-06-03,e9c1abcc7126360336d8f56d49041a8c,1.2479599
2018-06-03,e9dd44f105ffdcb98405c94f1d0bbdd9,0.9745795
2018-06-03,e9e7c986c179d190220afed62bbfd79b,0.75375825
2018-06-03,ea3d1fd6192d8c4443e67d2360461a70,5.4648542
2018-06-03,eb54d6afabdf1f96c248b81dec8f180f,0.9288501
2018-06-03,ec2d43cc59763ec91694573b31f1c29a,7.062699
2018-06-03,ec72556b5da399d24fe06338e816a9ac,1.4617871
2018-06-03,ec7b2b334516bb56c78c6c26dc1136d9,0.90861505
2018-06-03,ed77034b92386a1a8cfd3c648d715dde,1.2202896
2018-06-03,ee0c1cf2fbeae95205b4aa506f1469f0,6.236629
2018-06-03,ee385c61faaa052a8d58dc2a88b66f82,0.5415503
2018-06-03,ef66e63137bdd1b2e44aa968646fc1e3,24.70996
2018-06-03,f092eaa771e3dca0bfeca32b5c9d5669,0.7784479
2018-06-03,f10f55939660d23138e46c72acb7498b,1.5400194
2018-06-03,f124ba93c961061c1358bab8b90730ba,1.0091797
2018-06-03,f2d649f157cebee085ed738f23d5d6b7,1.9103533
2018-06-03,f3ae4ce1b63810f2921ff353ddbec67d,0.8488463
2018-06-03,f40876e0ef3cd5f9132b1f16b04b1346,5.590129
2018-06-03,f42ce455e63158d56c2323bd054270e3,5.752343
2018-06-03,f4d450a6163f21cf9db8bcdf8c7e50f8,4.457319
2018-06-03,f63729cf4441fe64282cd1b82281792d,1.4427148
2018-06-03,f74979b5e7c8d317baa1bfc0ea886ee1,1.3713202
2018-06-03,f7f59e6186e10983a061ac7bdb3494d6,13.693773
2018-06-03,f8077831f3c3f393fb67b93c5acd8daf,1.4747438
2018-06-03,f819f0c84a64f02d3a5606ca95edd272,1.7096882
2018-06-03,f8b624d4e475bb8d1bddf1b65c6a64f6,18.167883
2018-06-03,f8c2617f62d3371e14acbe60d9483482,1.0050324
2018-06-03,f8e7dd70e57e37ce842cf20160e56df5,0.94557035
2018-06-03,f96ff9b997681965689f78bef092fdd9,1.7501954
2018-06-03,fb55982be901439613a95940feefd9ee,10.879663
2018-06-03,fb7a100ec8c7b34f60cec22b1a9a10e0,3.4900208
2018-06-03,fbc1488c1a1e72ba175f53ab29a248e8,6.1130424
2018-06-03,fbce4c4cb307679d89a3bf3d3bb353b9,29.877932
2018-06-03,fbd4031ddbc3d02b95834b62769d3ad0,4.341271
2018-06-03,fc1d8637c0268af3db482c14b7ef8e75,7.3309917
2018-06-03,fc6f75aed00a45312365ba4a37adb3f6,0.9499835
2018-06-03,fcf28afb1353f2f12ea041dd74954226,2.9131236
2018-06-03,fd220f6fd5a3f13ef9db07428f9c935d,1.5057576
2018-06-03,fd76f22bf3648e0dd4295e593def7664,0.7560953
2018-06-03,fde90f06296b26995fd0de6f16610d70,1.0342691
2018-06-03,fe077ec80df6b4ee60bb4498d5ab1962,2.148386
2018-06-03,ffa7e0cbe11656d11a117b534bb1db27,4.9827437
2018-06-03,ffc9caf33e2d1e9f44e3e06da19085f7,6.186145
2018-06-10,008cff0e5792219fae03e570f980b330,2.1160994
2018-06-10,0152f69b6cf919bcdaf117aa8c43e5a2,4.133045
2018-06-10,016711f78a6a87696645db0a6a834826,1.3417183
2018-06-10,01847cb3f55acfd629641e58e38e561e,0.7929225
2018-06-10,0412ec72192f1d85e92047c0773434ec,3.2497602
2018-06-10,044f05bc9de36e8a693a83e4bc79dd0d,6.741085
2018-06-10,054515fd15bc1a2029f10de97ffa9120,6.261282
2018-06-10,060c17562f97e5bb60bc0dfa4dd5b3f2,4.907639
2018-06-10,060e9bdedfae37724dbce0b3270d76ae,1.0823996
2018-06-10,06649da52cbfbb4e9b6cfc332d56c119,7.6969867
2018-06-10,069a004edf898d16c9331bafd6ac7f46,0.95473045
2018-06-10,06edb72f1e0c64b14c5b79353f7abea3,5.073274
2018-06-10,0705b33fb285827a578fce4899f1b921,2.377798
2018-06-10,0751d46ff778c72973f67da627093303,1.0044959
2018-06-10,077599a82ee54960bc4f4c941b0d1359,1.7770927
2018-06-10,07821918ef487fd64eb20b3c8aeb897f,4.8090935
2018-06-10,079189201e6c6f0b0f70d118fff53fd5,0.70611537
2018-06-10,07a949f27854f64558f8babcfec441cc,1.6083338
2018-06-10,08c816d9a716567bf436173ef6f5f12e,2.3890948
2018-06-10,09b2a4f1ce3561a6562ffdccc0ca7c18,2.6504786
2018-06-10,0a29ce51f88190dc32d9f6a23f7e9a8c,0.8863334
2018-06-10,0a4093a4af429dc0a9334300e5c13ae5,3.6271095
2018-06-10,0a5a41c678bcf81e041826bb24eb0b01,2.4213
2018-06-10,0bc4d2de176747bbc8b5e680bfdb66b6,1.5478477
2018-06-10,0bcc3eeca39e1064258aa1e932269894,15.394625
2018-06-10,0be701e03657109a8a4d5168122777fb,1.6532577
2018-06-10,0c787112ac1b5dce38f58d7feb8c23d7,0.8209114
2018-06-10,0c79aab7a6a2449f932887fb3c8d0127,1.765456
2018-06-10,0c80d4d910506b4e1db996ff1fa5c658,0.83478105
2018-06-10,0c8b6b6e4f9ee5fe2c48d6cee4c69bc8,8.6217785
2018-06-10,0ceb7ce77881482fe28344a2c31fb584,0.9158465
2018-06-10,0cf41187284d7f099adc8415a743ebbd,3.5600452
2018-06-10,0dce093fc7ec4dec214256df878e3c08,1.4914697
2018-06-10,0e2d365a247d105fefc31b17ab8706d9,6.6658134
2018-06-10,0ea04fc101523a27bb53845d14d7d809,1.0188347
2018-06-10,0eb8e03d4ef83152c4642b606b5bbdec,2.0359855
2018-06-10,0ec96e6d31a1493b0475805c9ae1a0a2,2.4233437
2018-06-10,0ee362737f0fade7293e5a4f375f2446,1.1283404
2018-06-10,0f6aa686ebf2fa68554cc24d4d29db5a,3.5504107
2018-06-10,0f91b6a95a57a43203a9b17de98960d9,1.9251775
2018-06-10,10f2ada0cff82206dc9afa52ebac690b,2.7111738
2018-06-10,115e606ac8059e4cfa1c6c3310fb365c,3.2069154
2018-06-10,120fa011365fc39efe382cba4e50999e,0.90938395
2018-06-10,121f7f44c9e25be4873ca9296542ebd3,3.642935
2018-06-10,12679a5fde22662b441abe4f754345ae,1.2307944
2018-06-10,12b2d0d0afbc40130f01e2f2f591444c,0.7082558
2018-06-10,130482add9fd75ccb6c57ba007694a2d,2.2602103
2018-06-10,13cbcae713c151157883c4c13a1ae639,2.5852559
2018-06-10,1427b126f61597524866770b05d4eed2,1.0956948
2018-06-10,146fed9eb1d0f9db43dad0c7c96fc6e8,0.9996788
2018-06-10,1501b0033c68a37fa9560033a440e529,11.825213
2018-06-10,154358528b8fd5995d0d80abd3f4f08a,4.296665
2018-06-10,15994dc9c5505e5feb9780945ed1cc8a,0.7582011
2018-06-10,159ea658243f5e5c4a18fa69d80adc16,0.9093101
2018-06-10,15d8ac236009f0d5e74a5033a53ba460,1.4822934
2018-06-10,1600dcf1cea8c0c83702e07b577ab231,6.892432
2018-06-10,1613b819ab5dae53aead2dbb4ebdb378,9.983842
2018-06-10,164979bae3a9db1859e725b3a793f4d2,0.83686024
2018-06-10,16679d68bdbed3fb97af806424d7f2b7,27.366146
2018-06-10,16ed6a6e3fce23b741650437fe58d65b,2.113402
2018-06-10,177d3d5bb9d4d29222a222e3b3554f41,3.5700517
2018-06-10,17878434ca0082537806de545c2f0351,1.4084362
2018-06-10,183c95ad186f48c320bbac4643829d3f,2.849654
2018-06-10,18b0e642cbae7251e60a64aa07dd9eb9,11.135294
2018-06-10,18f6ea7e8cff29f8053baac6762449f9,4.6664324
2018-06-10,19421075ae0b585f2dc13ff149e2119d,5.5402575
2018-06-10,196c1cb4773764eca858159261a90f35,1.1548985
2018-06-10,19c91ef95d509ea33eda93495c4d3481,81.865616
2018-06-10,1a405418406359cc2b8815f93bf359c2,2.6848972
2018-06-10,1c21c1ed398eae61184065889ca3d4b0,3.4714313
2018-06-10,1d3ecbda18167c766a3381fd16108e4a,2.4568272
2018-06-10,1e6742b4c9ab3675bfe578670f264ce2,0.9271357
2018-06-10,1f75be631e988bb0ad750e60e18d043b,1.389929
2018-06-10,203086d8efe5991e11ed8f673bd18d64,1.2628607
2018-06-10,205204e979a44d5dca4251324f853a46,1.6867113
2018-06-10,20531b0644a0719b8d506c4db3c56609,4.1146846
2018-06-10,20bc10f7f2776f8b2eb6b817d2df190a,0.93529123
2018-06-10,20d7a48524eae8d2694bd40031fe12b2,1.2626401
2018-06-10,216bb0e0cd43ffd832e0973d35e0377e,56.156418
2018-06-10,21ee06f7fd37a6fe4841865339411674,3.7742288
2018-06-10,22c28492de598515578d252acb18e21b,1.2687008
2018-06-10,23384f296aa1bf6461d22912093a9847,1.807074
2018-06-10,24820a1196d38b337b214cbe699410ed,0.88820654
2018-06-10,24908bd1bd10700a84f4fd551a3a52b4,1.1459528
2018-06-10,24c66f106f642621e524291a895c9032,45.46202
2018-06-10,24e8c79f39c68fbdbd57a5813ae72b94,0.85380834
2018-06-10,25292482a61cb3298df8dbe15ea69daf,1.4856895
2018-06-10,25a2985f8f3f93ddf1c1d26847658dad,1.965454
2018-06-10,26b2a480ced2900a62bb9431133e95aa,2.5175793
2018-06-10,26f7a99db23ac54731f6db28f99c5fc2,3.7436287
2018-06-10,2722b86640ddc24e1374c2df1ac2a230,1.3957179
2018-06-10,2770305847be150f16eb0b25fa7c171b,1.0881242
2018-06-10,2827ebfb043a328a13a06ca9165cad0a,3.0023453
2018-06-10,282dcadbd8c61f52f06a8ae802b54ee6,1.484548
2018-06-10,287aafe80d2beee0ac805deb436fdd89,1.0735158
2018-06-10,28a652ff04e43c1bc57937a9f8770f9b,2.0106854
2018-06-10,28b4eced95a52d9c437a4caf9d311b95,15.160438
2018-06-10,28beefcab28e6a3b659bae1bf1cbe453,4.5530505
2018-06-10,2948658cb6abc82847412be7201bfc4c,30.188076
2018-06-10,29e690f79f608a27a9a02dbf5c3c0c93,2.644682
2018-06-10,2a5806f10d0f00e5ad032dd2e3c8806e,2.6904426
2018-06-10,2b0943c63387bbdc046d9a7692602388,5.5558786
2018-06-10,2b4609f8948be18874494203496bc318,6.3520927
2018-06-10,2b849e71ada03a262ef4338a7abd8b79,3.1346107
2018-06-10,2c0b8a973e616502de1d80482fb9c5be,1.7867568
2018-06-10,2c0c951471371afa81e47d7bf8d20522,2.00934
2018-06-10,2c925b58c178637d60168ac80cf7f836,0.8113019
2018-06-10,2cc9fe0726e28bee40b04417a8971b53,1.1701536
2018-06-10,2cd21984c5d25eacc22b5b6d9e6396e3,0.58847463
2018-06-10,2d063994ae4667cff3d6841e9d441d1d,1.4567971
2018-06-10,2dd91cf063cf57cb0eebef072746daab,2.7929394
2018-06-10,2de5c479fb0c490a0f2a2f3ab36e71b6,2.7640433
2018-06-10,2ef36e1cae01b86d0ff0a2f50ff2bd53,38.527225
2018-06-10,2f280e90c002526eeef2deff70199cc0,0.9146639
2018-06-10,2f2eee65fc4cc4a5ee8362730719d290,0.8380547
2018-06-10,2ff995aead9c63a1f37a07b3664ead37,6.712873
2018-06-10,310b40ec41fbfc061e5309006482e68a,1.5427794
2018-06-10,317a06884480d645d7f0bc82455ec277,1.5369031
2018-06-10,31b8e7c2a22f3dba5183cc110bdd72f7,3.611385
2018-06-10,31f064f4591849f05239aa2b228b50ee,0.9340265
2018-06-10,32808768776c3aa459e4a6e143644cd6,0.97858346
2018-06-10,32e18e89237933ebdaaebd78a27e7fa1,33.70471
2018-06-10,3308e7337d30a51ac18fa4e9e72b310c,1.0342752
2018-06-10,3319ec949aa117693a4d6fd941858af9,2.1938052
2018-06-10,333789d98505fa09e6e270b62360996e,1.999249
2018-06-10,3354a4e684f5e7199f9407db70ccd92b,4.668334
2018-06-10,33b22110fa818ff5f0c387a79f19b612,3.6309147
2018-06-10,33b9801fec06f14bb7d33af01769bb3f,2.1481767
2018-06-10,33ba4b29d820b397054cc97e892ab1bc,1.8444477
2018-06-10,33fac76e7f17367dedaef7954bbb33b4,2.8769803
2018-06-10,34194988e78bc60417003c8a235b8083,1.0153759
2018-06-10,3488d2ce36e718097c1509444289ef7f,0.95299894
2018-06-10,349ce46a0e2e20054aa9d80c48af8816,10.981819
2018-06-10,35537536ed2b4c561b4018bf3abf54e0,1.5981039
2018-06-10,35afc973633aaeb6b877ff57b2793310,13.136282
2018-06-10,366fc6db2f1be11fe79d739bc5c69799,5.535054
2018-06-10,368c6c730842d78016ad823897a372db,127.66748
2018-06-10,36bd3e4daa4604d112f17dccd24ee59e,1.4419891
2018-06-10,36c2fb4fa746273709c373f6d6ec6796,2.3363724
2018-06-10,372645c7439f9661fbbacfd129aa92ec,5.2273974
2018-06-10,37f582e625d4301ab2d6b200238405d1,0.9262566
2018-06-10,38462186c76afb66be5333598ba583cc,0.71514714
2018-06-10,389d119b48cf3043d311335e499d9c6b,99.9426
2018-06-10,3938defa878985e56e22db94bbdea2ff,1.9747914
2018-06-10,3a8023f6ae79b6b7da36d630f2ee1658,0.90713453
2018-06-10,3a92aca3f76960cbae25ef2496c03e09,0.89211273
2018-06-10,3af6d5f9fdb78f106c003ce49d7f0186,1.5562508
2018-06-10,3bad4452b9bf0554748e82f3a4a5673c,16.668404
2018-06-10,3bd016185be10ea4b4b2baa6e7dd9e9b,3.3883872
2018-06-10,3c3d244942b424b931c33f1ddc122b80,2.8313124
2018-06-10,3c883b9d3fd2d0ce448d4136349dc0a4,6.364668
2018-06-10,3cb39171fd36c50097f2dedbbe0dfe6e,3.535267
2018-06-10,3dd2a17168ec895c781a9191c1e95ad7,251.24231
2018-06-10,3e5201fe0d1ba474d9b90152c83c706c,6.453384
2018-06-10,3ea344b27741300cc4724d2a5af94460,1.0579267
2018-06-10,3f14d740544f37ece8a9e7bc8349797e,12.426646
2018-06-10,3f212fef0e1f11b343226b633f0426df,3.193579
2018-06-10,3fbc0ef745950c7932d5f2a446189725,73.487144
2018-06-10,40cb7bb3d30559b9b6c4fb62bc837962,1.7847207
2018-06-10,4167a7ae0930579d1f27d465a1a042f0,0.6621727
2018-06-10,4178e16324fd0c9a8e18463caf390cc6,3.9393437
2018-06-10,419ad775cb3c503c2ef135826f81065d,0.64824426
2018-06-10,419cb1b441eda9b92ebd1a1b96090c26,2.2170212
2018-06-10,41c24b8ce92d1a2cac62db5edfd088b2,20.562654
2018-06-10,41db6d8062fcd38410c699743ccc0265,4.669594
2018-06-10,422879e10f46682990de24d770e7f83d,117.70428
2018-06-10,423a6644f0aa529e8828ff1f91003690,2.3548803
2018-06-10,42697582a754e573f9e3e9e78752252c,6.011426
2018-06-10,4298b7e67dc399c200662b569563a2b2,9.467309
2018-06-10,429e7401fafb76436f15e86498bd7364,6.254305
2018-06-10,4328139cbe9adde0aac493ca9871eab3,1.3050413
2018-06-10,43b54d1fc56ff394092a3dff6be2d39f,1.7597747
2018-06-10,44d097d59e8430f88a67517cd0c4f865,1.8822685
2018-06-10,44fc450365728c413fefc547592626be,7.1317253
2018-06-10,44fded21627553d1886d459384bbce06,7.3776717
2018-06-10,461f43be3bdf8844e65b62d9ac2c7a5a,4.544815
2018-06-10,462646c1c1495199e63684d79e6e0d1b,1.0671178
2018-06-10,4678fb24818cab9ec956d9b610435d9f,5.4227877
2018-06-10,4713819035a9ef628d084f8ff4fa71f2,0.9649169
2018-06-10,47ae44a186225b8a87ebb7bf39cc1444,2.3960667
2018-06-10,47e175ac0195aa4774597a07c912415e,0.95372945
2018-06-10,492bcf01a7a40c8fe5c720574dc786b3,0.85966253
2018-06-10,4a16cff2de159237df876ff7ba0fceca,1.1962858
2018-06-10,4a52db5eba2f48f7f5454ada6ce3d56a,1.0342752
2018-06-10,4aa6014eceb682077f9dc4bffebc05b0,3.3695912
2018-06-10,4c0f00c6b8f193c1cb9459e6b97e0320,0.9161703
2018-06-10,4c8b28305f570899b6ded964ddd234a9,1.6678224
2018-06-10,4ce9ab528124f89e091b17d11aa2e97c,3.7893298
2018-06-10,4d012181c7a23a79f84dc6cdd1cb1c04,0.74018407
2018-06-10,4dcb49b9ca7e48d2f108d40caa77caa2,0.9075875
2018-06-10,4ee931ba1980085a969d498d63e69f72,1.129844
2018-06-10,4eff4dd8918d15c9a308a9645d353807,1.4940906
2018-06-10,4f0abfbee7569e43b80f9aaa256a9bf8,4.383217
2018-06-10,4fa33915031a8cde03dd0d3e8fb27f01,3.7026148
2018-06-10,4fe644d766c7566dbc46fb851363cb3b,6.2640405
2018-06-10,501c8cd285f4f2ed96efffbb3c697d0b,1.649887
2018-06-10,50571d0f0f8ffbeec1c64cefeec01135,0.8475172
2018-06-10,5083416598756311d4bb4ddabd661e25,0.95427763
2018-06-10,50d77758742285ff49f340ebdf0df5a7,2.4452622
2018-06-10,5135301d684848b74276f22afcc6781c,2.8428583
2018-06-10,51ce083cd2b9078656a94655ab45b8a4,4.396528
2018-06-10,51ff0a0f61611dfa94e43c834c949dd3,0.9370189
2018-06-10,52ae46963f0cd4c1497fe26a0f50fa6f,1.2307944
2018-06-10,52c80cedd4e90108bf4fa6a206ef6b03,3.5559773
2018-06-10,530d9436af6fa4960e9754ce4128b468,0.8559508
2018-06-10,5328338cfaa16ba10561cd970c73ca11,2.1156652
2018-06-10,53759a2ecddad2bb87a079a1f1519f73,1573.3535
2018-06-10,53a0380bace091a275d6f6a7e46c07b6,1.839104
2018-06-10,53d8ee87caa1a2320c66074ff9c99e61,0.86500007
2018-06-10,53db18171eeeead5f0a7ea398054c298,0.9636301
2018-06-10,53ea9da485f6aed8a6f03a85831fe021,1.9142643
2018-06-10,54d9ac713e253fa1fae9c8003b011c2a,35.360176
2018-06-10,553e0e7590d3116a072507a3635d2877,3.2700615
2018-06-10,55403fdc84a027ae6565b360af50e1ee,1.0309958
2018-06-10,55b71bf300a2765a382eaec566df531f,3.5313725
2018-06-10,55dae7585569be721ef89eba4379e38b,1.0179447
2018-06-10,5650f9e1f73d0a1c0176988cf2e950d5,1.6939995
2018-06-10,566a4f2c4385f36d15c00dfcaae132d1,2.7688723
2018-06-10,57552a168008a60472e3e6bb351422e7,1.5539776
2018-06-10,57e089e3103f5cda6a4ce23b77399bdb,8.950755
2018-06-10,57e1815b050566a793e010162f765cdb,0.7739992
2018-06-10,57f2bc497c1a3ebe41ba7a06d78ed159,1.8337744
2018-06-10,5804729aafca1ebee7b26895d830586e,1.6491692
2018-06-10,58816ce2ec224ea03aff8abe045f8407,4.4373107
2018-06-10,588ec31c89dea5de5dc87e15790df3f4,3.2819335
2018-06-10,593236d0ff46b4299b4787fb8d43f7f0,8.346527
2018-06-10,595fac2a385ac33a80bd5114aec74eb8,19.324018
2018-06-10,597d26435e8ef77bb0fcd26f6c07d486,0.89874023
2018-06-10,59be0d716996dda6b7d60b3e839efad3,0.8088059
2018-06-10,59c1840441f4df065f52760bf51a8442,1.4525975
2018-06-10,59cca754c20b7b0322b24dab95a81be5,2.06893
2018-06-10,5a7373ba4c9b3e13513ded06cd1986c4,1.8322853
2018-06-10,5acad00c7ade065caf69af710c0bdd0c,0.8317065
2018-06-10,5bd7e57735a44e529bf066fee83a9c60,1.2636015
2018-06-10,5bfc7506459ae2a7b4b573fe557a58e1,1.6129233
2018-06-10,5c2bb11cf2149bd4d9fffcc1246458c3,4.5286956
2018-06-10,5c3aca5c078a343b3b873362e7ac2fcc,5.4630995
2018-06-10,5c59756861f289b773f83871924200eb,0.9584478
2018-06-10,5c77339ada5044e33450d5c2660692e0,1.3862373
2018-06-10,5cc3b3b52374e67281fd366c03b57ff5,0.95961165
2018-06-10,5ccdfc35d9cff8db4fa46b83d5712899,2.1970038
2018-06-10,5d66715cc928aadd0074f61332698593,2.8812087
2018-06-10,5d7c23067ed3fc8c6e699b9373d5890b,1.8181334
2018-06-10,5e3b4b17383b90a3129e552bd71bf2b8,1.4878359
2018-06-10,5fabb51e7d99bb9d824b30a637c36595,0.9840832
2018-06-10,60184212dae4e6b0da32bf54271a8c4a,1.0051855
2018-06-10,60e68dc2013929af2b3b5408e2da87fd,3.5159755
2018-06-10,6109d0cae3bcb57d579bc0fab6e61814,6.7902846
2018-06-10,610c673331ac3c4fa0f393ce5af9aa2e,2.2203813
2018-06-10,62d8daeee0db3a60c234c2d1bfd10651,5.888942
2018-06-10,634256dbcd184b3757ffd7632c9fe52a,146.25723
2018-06-10,63f4d40c05db6ade462cecef857eec34,2.1266973
2018-06-10,641a45900528e8324c4848dda4e0a3fa,1.0797945
2018-06-10,64fb265487de2238627ce43fe8a67efc,8.254751
2018-06-10,65266b2da20d04dbe00c5c2d3bb7859e,14.065975
2018-06-10,656e6ea7d86cf0008e67b693d33cc357,1.2197158
2018-06-10,663d6ef343ce527b3548d6a255f89eb8,0.7289604
2018-06-10,668b1e2b9471f837ba1797832e3f2012,3.4134176
2018-06-10,668e8ee8f69c3545109fc40f72336e8f,4.277378
2018-06-10,66d8fb4ea4391a1f36cf50152c26b4ca,1.1906608
2018-06-10,67301eee7b845f54ee9df341fb8393de,1.6350012
2018-06-10,683647534fe73616ae97d91a6ef253f4,5.091088
2018-06-10,6871a3c157d6f51697e887f3c3598479,2.28985
2018-06-10,689c51a11e9c5daefc1f9b0782e28fcf,0.8735575
2018-06-10,68ad45d48d69404aeb71ce87e1b2c948,0.9669398
2018-06-10,69455f41626a745aea9ee9164cb9eafd,10.031284
2018-06-10,694e58e56c74114ee0628c25f3f26f8c,1.7127538
2018-06-10,6a31191d5ac5852b0478f6e245ac5b02,1.4907578
2018-06-10,6ab9d49c399f239bc88ea28c7568213f,1.4977645
2018-06-10,6c55ba2343f9df32c7f88a468352ff22,1.76777
2018-06-10,6c81db10f914c4d032b14fa93aa0a818,2.4522774
2018-06-10,6cdd53843498f92890544667809f1595,16.784058
2018-06-10,6cf22bb1523c34ad8da500d1084155a5,0.77283484
2018-06-10,6d6b0f6705c1acf1128ecf19d57d5444,1.4786918
2018-06-10,6fe2e0bce49965a508008e08ee9f575e,0.65034646
2018-06-10,703d742887bb9267f89b675608ba7aa0,12.244185
2018-06-10,7088744b00831b410bd17716cb578f39,2.384104
2018-06-10,70edd5335ad299e9e54698f46a88db07,0.9111663
2018-06-10,7148a8f67a1564b5a6c5944398357e18,2.021746
2018-06-10,71540d636652fc682032d3b3c0a180c1,2.8016975
2018-06-10,71a7800a633691de8ecdd17463335e2e,2.2650533
2018-06-10,71e8e7b22adb117478bdbcd1c2b0c325,0.41592562
2018-06-10,71f2ce4ae5dfdd3b55a51c7a2d3c4da8,1.1771541
2018-06-10,727a46f0b58a9ef165af9f7ebcfebfa9,25.165085
2018-06-10,72b95452ea4355dd9f749878759c92d0,0.86181563
2018-06-10,72bb19eb8886399d5a46785146792ba7,2.0169156
2018-06-10,72f78c618c8f81c2b8f0ffd2a51293b4,0.7068881
2018-06-10,73bcea88583002fe12b7399af4ae60da,4.0055203
2018-06-10,73f1f4a973ffb99bb0157e38ab33f989,1.194423
2018-06-10,7564c1759c04fc0a38f2aa84f7a370ee,7.4875774
2018-06-10,7567d226ff0be3edcfca0124da0ca3f5,2.0827057
2018-06-10,7614c62b86a81021243e438cfde78ccc,1.4598391
2018-06-10,770c257cdfc072fb50ebf2bbd6696fe1,1.5718551
2018-06-10,777c635c0e75758c283037a6ae684c20,0.8865452
2018-06-10,777d2e438a1b645f3aec9bd57e92672c,3.1661682
2018-06-10,778f8850980a158eafa6e7555c085ea1,11.374561
2018-06-10,779dd392d4fbe5ca656bf3ceabecbf0b,2.4993756
2018-06-10,78119fbfa709d07b86f5ccf15043c6d6,1.607134
2018-06-10,7814c273ab16783d73a9863ebfa8b141,3.3205554
2018-06-10,781afe929e3016a667f5f439afd55fce,5.0065794
2018-06-10,78540167bc14d4024b1aae7adfa2f7c9,1.9866927
2018-06-10,78efe838c04bbc568be034082200ac20,16.995758
2018-06-10,78f29023586e374cdc3773ce0af6bd2c,2.7964401
2018-06-10,79ccb1aca8fcf379a6ed2412fba0480e,0.9434062
2018-06-10,79d5da4087dedefe5ef7086bf68e6408,0.7463291
2018-06-10,79da264732f717f10ebf5d102aa6c32a,1.9380506
2018-06-10,7a22c18ef5b314ac41161a5598c05352,0.8819596
2018-06-10,7a49adf051c1e6fc5b639a98d17756f0,0.8443507
2018-06-10,7b44e5ea770ef06810f5df89006cc8b2,2.276237
2018-06-10,7bc1718ece4c3bbedfc272ebb0c3114a,2.4114861
2018-06-10,7bc37d0450ed1fb9e76f9c0305838c7c,1.8532605
2018-06-10,7c55ea4aea1acf1ce11440010f5aa298,2.8893657
2018-06-10,7caf32b90e6fbccc6a37ee8633644895,0.9655722
2018-06-10,7cdffa73c5aa5471607b4ac982baa201,0.93126017
2018-06-10,7d50930301709838d8e90dcac5cfaa84,5.6227603
2018-06-10,7d9269aa5c0aedb407d9be64512722be,1.0705957
2018-06-10,7dc6f855494bc660c8ff01686446a69f,2.2559934
2018-06-10,7f72a8900b3d2fc8fa2635b7836d6e6e,12.725096
2018-06-10,81b6c7c058add831803fcbba6dcc1df2,2.663885
2018-06-10,81e686e36e79f0d2612346cefe1379cd,0.8101935
2018-06-10,827c4a77226a3e7ef259d61eaa775df9,11.840032
2018-06-10,82c51c3938503a4ddc096fbed86428d6,4.48348
2018-06-10,82e4ad16521ca131d95e198d507db370,7.2353106
2018-06-10,8317b177579dd27ff068b83205e2169b,3.243486
2018-06-10,8323a7adeb57da21acea7e83563bed90,0.73756814
2018-06-10,83e8c4f976b43edb3a779bbd1c368d71,1.2636015
2018-06-10,84952f1f00709e71d58587cb34163e26,0.8952204
2018-06-10,84f456958365164420cfc80fbe4c7fab,21.760248
2018-06-10,8562e2c780a345b609e1b802d7e3e4ae,2.4282365
2018-06-10,85b39215c2d7de985b5a34b759255d03,0.7803605
2018-06-10,867dda95bbba37fe56fa288449fa122f,3.056796
2018-06-10,86b905f8e48ccc43feec909bd9b934fb,0.77233016
2018-06-10,86c43103446290e7efacad3701cd654d,1.9786903
2018-06-10,87283a98b24f9f1ac3a31b631073cf47,1.8021861
2018-06-10,878c61936b5c51f321ac165750d97a0b,0.9133037
2018-06-10,879089af9bd91cf72a7154b3be3e1074,0.97376525
2018-06-10,87a71ae93900ab55fcf685c8040769b3,6.326989
2018-06-10,8828464e34fc3da3892f568218e14d61,1.3850338
2018-06-10,88d1ed18fd38fa0ffeeb4b517ca42a9d,0.8812449
2018-06-10,89321f94e35fc6d7903d36f74e351d40,10.791847
2018-06-10,8983a3b149303c013fceabef902e835a,1.3909833
2018-06-10,89e4362d74afa10ac57f8d67210132a6,4.415475
2018-06-10,89f59eee27a6a49b9f0d887136c71cd4,2.2261012
2018-06-10,8b27cbcf8e5472830ab6ec2bd7a6b867,0.363676
2018-06-10,8b50a72d52d7a91fb19d19fbe069e2f2,8.494205
2018-06-10,8b51c6ccc9c0548c951214e1cd1547ff,1.7170901
2018-06-10,8b68bdd62b3d58f750f213d3ae36dc4e,0.89953685
2018-06-10,8b87bdca52ab6d4c79661a4dbcf903c8,0.9913054
2018-06-10,8c292ca193d326152e335d77176746f0,4.520905
2018-06-10,8ca6ebfd6293a5b03f104d27c4945718,1.844121
2018-06-10,8ceb6a29cf065f382c7b8cbc9fea3a84,0.73793113
2018-06-10,8d4dac6177fb8134f26fb4c5cc6c0aff,11.078009
2018-06-10,8e45f326187b3e85211143797e4bd30d,0.8807191
2018-06-10,8ed094bfe076c568f6bb10feada3f75d,13.338496
2018-06-10,8fa67e5cb309b9cd7b4438e15948bdb2,2.3731678
2018-06-10,907539b8216ca1250e5e974b4047699d,0.96381956
2018-06-10,909b87db6cb3a7ab26bd03cc59860136,10.333197
2018-06-10,91442659f31ec0f0fc73215e77854fac,2.5104353
2018-06-10,91b08d34d0ba4db44da2dc382867ba49,1.9897472
2018-06-10,91c82ace62e0ca1b69b1a45bcc214b45,1.95217
2018-06-10,92298b2c1c8b487f7029ce5ea3b87018,1.0563432
2018-06-10,928e52a9ad53a294fdcc91bcf59d1751,64.65846
2018-06-10,93c902b021a9e594f658ab1b0351602a,8.530475
2018-06-10,942a3f93bb7ecf95f0b901bd89f4acdb,0.9696837
2018-06-10,94475071013412139f862c0bd7e3bb37,3.123105
2018-06-10,946344697156947d846d27fe0d503033,1.182627
2018-06-10,952e73f7e8bee61569a32b35c19bc981,1.7308109
2018-06-10,9565229244e9341fb8c8069879cf73cd,1.399488
2018-06-10,95ed9ac528aa2547407e6dff356c12ba,0.8475172
2018-06-10,9668e3c1bfb4a5e3a1220a479a1ddfa2,1.0051855
2018-06-10,970694629024df557d9b71b3088a488d,0.8206943
2018-06-10,9712e67c33f564648b46afc6505db72a,1.1717569
2018-06-10,97b3b8e8ed22d0ceb3b3c520e806a334,2.2337523
2018-06-10,98224bfc1eaadb3a394ec334c60453ff,82.65898
2018-06-10,98c2f7da94217786e372e7d85462c354,2.3207166
2018-06-10,98e5d3ce2fa01b7829c3e1b1ae40646a,0.97443277
2018-06-10,99a4788cb24856965c36a24e339b6058,140.08751
2018-06-10,99c97d191bcc87e072acc4521bce44d4,0.9537209
2018-06-10,9a469eaf45dfbc43d39ba1977a3c07af,1.0372546
2018-06-10,9a63d4ef456702710823c21b8cca0332,1.319155
2018-06-10,9a7c0784b8058269d176b3089c946ed0,1.3820288
2018-06-10,9a811162b50289557dfbcf9ecd9953c7,1.0496036
2018-06-10,9ab93790313438fe487cb321d7248b13,2.746063
2018-06-10,9af7b4a3262141c12ba9bd489a8573c7,1.4549927
2018-06-10,9b6537fef0e6b345c644e019dbe8ac1b,0.93895996
2018-06-10,9bb2d066e4b33b624cbdfec7d50b3dcb,1.5576944
2018-06-10,9beabf555d105ca84a74570e39e64852,-0.22726204
2018-06-10,9c31382f02ac001fe1a33a466471d98c,0.9423657
2018-06-10,9c422a519119dcad7575db5af1ba540e,1.4708405
2018-06-10,9c4ee35acd7dd98647f7564a6c935f3f,0.86461234
2018-06-10,9c8d68903b5106018c797e0e862ae55d,1.7235831
2018-06-10,9ccf11289147e5277b022439b4ea1f20,0.9466389
2018-06-10,9ddc4249779322828f89d2a9c04f7ee1,1.421731
2018-06-10,9ddd762ee8a13576a809dc66f22aa2b5,1.4168696
2018-06-10,9e47ae55f9327141d2dc2cbca3317e49,0.9877749
2018-06-10,9e4cc01dcef75a47d9cd6c816d874cca,1.1147295
2018-06-10,9e87e3ee09baee5f5c0513ff37bc60ab,0.83793384
2018-06-10,9ea1152d6d52dc57ab2ea49aa626adc1,2.8537974
2018-06-10,9ecadb84c81da840dbf3564378b586e9,-7.7540665
2018-06-10,9f1c3e71d56894398a42b050b07f1baa,11.885347
2018-06-10,9fab8bd1f9c69cf2301b8ad3bec47480,4.220609
2018-06-10,9fd9505539e1c67c13e4ee824fc1e1cc,14.377805
2018-06-10,a02d0123079f4ae96001ba2010d1a2df,10.387796
2018-06-10,a11998d0de02ca907c060119dabe8ead,1.5863079
2018-06-10,a129c8279ee7fa447a6e8726f619dac7,0.8084248
2018-06-10,a1349515a6b4241f2e09a28b5cd2c453,0.86153233
2018-06-10,a1fa8c0b1d3e019af17cb198cefa4691,1.0925258
2018-06-10,a3235d403e3602c84e7b11e9359133dc,0.848142
2018-06-10,a39cc58c1b5926b6f9f378daa89f1315,2.844933
2018-06-10,a453b4ccccf554efba31d5ada5a59a60,1.9949212
2018-06-10,a4e80cf9e254dc776a1d57e42a81dbe2,2.9340398
2018-06-10,a5341e3f8155dbb3e62323d3ea289729,2.820881
2018-06-10,a59fb60fddcc72a9878b7ed5cb69d8e4,4.3403544
2018-06-10,a5db7a80a8d9c9d49050360fceb6ffd4,4.982522
2018-06-10,a5e537da8376b8623758e0186bfa400f,2.1635866
2018-06-10,a5e74dc2d01e8b9df1590c7160358273,7.167716
2018-06-10,a62e25e09e05e6faf31d90c6ec1aa3d1,50.83681
2018-06-10,a659cb33082b851fb87a33af8f0fff29,921.0617
2018-06-10,a6883f92891e256b926bf8b9c40fbe9f,6.8624277
2018-06-10,a6d11caea18ae416c4861a5a9f9711de,0.57224655
2018-06-10,a8075470f960215ffb67624782f80fec,4.687789
2018-06-10,a8115d34a4b7b74388da609692162c37,4.623683
2018-06-10,a861d5c0df81a446e7e60ddb33ec0659,4.9646792
2018-06-10,a8d8c3a49c2c4b4f2982b529311ce670,0.9836519
2018-06-10,a91c1a94d83d36316c44e00e738607b1,1.9820393
2018-06-10,a92930c327948861c015c919a0bcb4a8,23.743149
2018-06-10,a996a150a7fd0eba6a177ec84b939b51,0.78919506
2018-06-10,a9ccb9dca11ae8ca804b47417d0411f2,1.1726031
2018-06-10,aa70ae9ee9a798d44ae6e00ce6d82cb1,4.508473
2018-06-10,aa8d88eb4b9cb38894e33fa624c4287f,1.8354285
2018-06-10,aadff88486740e0b0ebe2be6c09476ae,2.9700732
2018-06-10,abc3432ff825d8e524db1d4eac6d2099,2.9269872
2018-06-10,ac0bb4405e9661957160dd5ee9d5585c,1.3380432
2018-06-10,ac44def10e24998cdee20a208d691127,1.9766643
2018-06-10,ac8d637154b9a2717786c0f933d4c7da,0.7382401
2018-06-10,ad2037645597db38527fe3afbe226af2,2.6774256
2018-06-10,adf591c625cb265c12bc6749d3a2f757,1.444038
2018-06-10,af2d506fb01b724e03591349ad36b67e,2.7740948
2018-06-10,af91083bde899b201798b52ae89babea,3.2886806
2018-06-10,b0517edd4454b9c2537f65826f500a2f,1.9062082
2018-06-10,b0961721fd839e9982420e807758a2a6,12.013384
2018-06-10,b0c8da302d49498d2ce6be8c631e4e20,18.994724
2018-06-10,b0cd550945da1de6eb9cb69595d540df,0.7912739
2018-06-10,b192be433004cc1f10b467c0e9ea309b,7.118369
2018-06-10,b1bd2eebcf90443f4f17e71bb89468a2,1.7578295
2018-06-10,b238cefbf65da115fde8271ad681b640,2.8158102
2018-06-10,b369e02eda28d74a9bd658415b08d7fb,0.73578054
2018-06-10,b37a8cda46313ac91d79f16601ca5253,1.017158
2018-06-10,b3dc35a7b0042136507e1c174bd7cd2d,1.7292876
2018-06-10,b42f9966116a4518f832f1a13ec8456a,0.97512203
2018-06-10,b532349fe46b38fbc7bb3914c1bdae07,152.7383
2018-06-10,b60856ce32d90658dbf99b9485327c25,2.296635
2018-06-10,b6f3b8136ba8302906df7e11ff908751,1.0381631
2018-06-10,b74dc0cea31c255d5208d2a80c10ae19,0.81647694
2018-06-10,b84a91f1e58b1f44daf3a9b74a83f1d8,0.77233016
2018-06-10,b8a0d73b2a06e7910d9864dccdb0cda2,8.3451185
2018-06-10,b8b426747049f2d3d6e00b486d47dedb,6.057892
2018-06-10,ba4a91633739ceceb2b73b627e2cfbc3,2.2573974
2018-06-10,ba74c6b75d2ad7503175809688d5a03c,2.1163325
2018-06-10,bb42f37fc3d9130e4a4339d24a47dd7c,6.713932
2018-06-10,bb50f2e236e5eea0100680137654686c,34.700283
2018-06-10,bb5fc9090888f494938ab2b3c90dda7a,0.75678784
2018-06-10,bc25318016b9db33106a908368443713,1.0027872
2018-06-10,bce474cc95b6e77657e10939b0b4248c,6.5825024
2018-06-10,bcee6fd62c36b571fc4522eb3aa7138b,0.9134155
2018-06-10,bd07b66896d6f1494f5b86251848ced7,1.9664813
2018-06-10,bd6e6fce9ada76ea2db0f1912e8e478f,11.77482
2018-06-10,bd85550f79aa4e7452a75c55921cd5c7,1.0082726
2018-06-10,bdb0b11a36aed4d0d862a7037c838560,0.8463174
2018-06-10,bdc3291ab242ec1effc8eb0987850268,7.9651103
2018-06-10,be15b247cf0071eb495d6aa6d35e6e22,0.8160605
2018-06-10,be19e1611a6015a66266d199ff3ccce0,1.2598841
2018-06-10,bfc0d01be79d9038c7720f983bf954e0,1.3286895
2018-06-10,c0350d6ac413eda4641bf92ab687f1b5,1.529328
2018-06-10,c10a7001e8b49dfc03817444b5f2ed81,1.5072379
2018-06-10,c1617123e66d2491ca93ceadfd36203e,1.7238876
2018-06-10,c1e8014cae93306629b1de89dfa5a1bb,0.87342936
2018-06-10,c1f5307decb89342351bec53668cffd9,5.34953
2018-06-10,c319f453652bff80bc8f9f71d87e56c1,6.343527
2018-06-10,c38640ae3a92231abddd15f1fd863eb2,1.0279849
2018-06-10,c3ba4e8d3cb30049213b682e751e9d00,6.7178583
2018-06-10,c44343d9d6d3551e161f3c72bfcbfc3b,4.1643944
2018-06-10,c450c2e066134b9a836264ba72586ff6,1.6214226
2018-06-10,c4baedd846ed09b85f78a781b522f126,10.116356
2018-06-10,c50ca07e9e4db9ea5011f06802c0aea0,13.38727
2018-06-10,c65f71634a9d0de5b4a1d7dbb6d3ae01,1.6034939
2018-06-10,c695342500b74ff952db47b541726de1,2.3962352
2018-06-10,c6bf4cdc2fc9ca1189d18f026d95af07,0.8756508
2018-06-10,c706d50b57c9e83293c2586d01f32445,2.6395137
2018-06-10,c7b3b8509e06ae21abdd78b541215cda,3.131131
2018-06-10,c862d801c5bf9b08e1bde0e3801199ed,0.74677646
2018-06-10,c8b96022819f31119f1404ad2c3c1059,0.71028614
2018-06-10,c8cfa622661e047ea2499f8bce4731a5,4.28435
2018-06-10,c9c6fde711572c1ad99ca12728c6af00,8.945398
2018-06-10,cac52d956eff0cacf32f4b0f0f3aac5c,11.929803
2018-06-10,cac9e5692471a0700418aa3400b9b2b1,5.583844
2018-06-10,cb81df0e3ccece253557f2a07df4727e,6.8146935
2018-06-10,cbff1df298f7bfd7b65557cfc4133d62,5.38783
2018-06-10,cc1cb33bcc814aeaa4631761a34bd23e,4.796671
2018-06-10,cc28e7bdcc3ea1721d32acf3724d99d0,0.9102872
2018-06-10,cc419cef76963f8e0cde78157908a6c3,1.0994091
2018-06-10,cc63d91555437d9d8d9ae7bf007a1f2c,0.9898548
2018-06-10,cc8a6ff2506f53b738737ef6b4dccd17,0.9836789
2018-06-10,ccab0a345f7929a38c73b0f978107e74,0.6740664
2018-06-10,ccacefe78ca651093756adf7521f5832,0.3690825
2018-06-10,cce55549bb816a12eba7ddfd637a961d,1.6542171
2018-06-10,ce169d5f9421a6f21e41a7bf54d0b98e,1.3371465
2018-06-10,cf857bce01d442bb8631a548a4432def,4.694099
2018-06-10,cfb763496d9fc48751a27db4fd02aa2d,2.4299505
2018-06-10,cfb79bfbdaf59cfe2e9ae0a071451f32,5.351522
2018-06-10,cfd414b4463647f58c7775eaae06893d,1.1319906
2018-06-10,d017a2151d543a9885604dc62a3d9dcc,24.398613
2018-06-10,d04857e7b4b708ee8b8b9921163edba3,24.890095
2018-06-10,d103a59e482517dd37f6865b1bf5499d,1.8012799
2018-06-10,d13a4acdb64c202e774e815db547e108,1.7067854
2018-06-10,d1606c4563d5481c8020de798866465e,0.82127446
2018-06-10,d1859a58e608b68f4066e0c77e526ef1,27.569674
2018-06-10,d19c5ff1a4d4e8b0558536d57cf43cf7,1.2352595
2018-06-10,d1a57f4402dbfe2cb1c271ad0da64311,0.8679885
2018-06-10,d1b1a0e78589ee89279d0be1e4a8b905,0.74553186
2018-06-10,d1b5b0f59a008dc63de7a7146326c0d9,0.8955373
2018-06-10,d1c427060a0f73f6b889a5c7c61f2ac4,63.15864
2018-06-10,d283e1883b733e46afae847548ccbccd,1.0338348
2018-06-10,d2f5484cbffe4ca766301b21ab9246dd,5.7062597
2018-06-10,d315b738a6e96f4d9710af966cb7cd5b,1.9043038
2018-06-10,d322eb25f02924adba73e58dbc36b29c,1.1922915
2018-06-10,d325b4b600e06bd11a1f8afdfdf3679c,0.8616039
2018-06-10,d33a74e1b6cfc152b6b3f43324d54987,1.4162656
2018-06-10,d34ec3c23c142291062f958688a1b41c,2.7323365
2018-06-10,d373a9b9079c251371e94cacf40c1fe7,0.80557436
2018-06-10,d37b48918cb999510be8ea3bfded4c94,0.39999753
2018-06-10,d3e1006ba3735c0d44160026b6e0ced3,2.3784406
2018-06-10,d42869d5edf603eb87c4b4cb40d11ca1,0.7546928
2018-06-10,d487d19bd9ea9420465fc556ce17ef4e,0.80377793
2018-06-10,d59349a33fcba18707a61aa852c02c5b,6.23847
2018-06-10,d5ef840497eb48a751179b06d1efd063,0.79600877
2018-06-10,d63c1011f49d98b976c352955b1c4bea,11.5405445
2018-06-10,d6c69817b519edddbf1b289631b7160e,0.8491894
2018-06-10,d7390b274771229d1ee9a0fe3734d19a,0.9947018
2018-06-10,d8aead84c0ff5356cacb9ac841ec3a5f,1.4054127
2018-06-10,d8cabd83757ecf48a7d2628dee9135c1,20.216871
2018-06-10,d99526b1e4fa5f57b8bde34a7337b5ee,4.5983095
2018-06-10,daa528ea6aa4a90c32c4a2ce98ee3a9e,1.7478101
2018-06-10,dab2413ead0edda9967edbc9bda2a64e,4.4233317
2018-06-10,dad78ca3a5464684968e4242039b647f,0.98416334
2018-06-10,dc6185221ef0ba24510b48e0612fd51f,0.81064266
2018-06-10,dce4459168283eed926d7af76ba39e02,1.61453
2018-06-10,dd768d259ee6054e0dadd66c8e2be0b6,1.3132769
2018-06-10,ddceb6eef6af67e9fbbd4c148dbe5fd9,8.369342
2018-06-10,de2505e32f3a22f6b80bb58d798c4ccf,0.92930526
2018-06-10,de480e3ae31eea2d2d97d694c43172fc,2.248469
2018-06-10,e0cf79767c5b016251fe139915c59a26,17.565178
2018-06-10,e0d64dcfaa3b6db5c54ca298ae101d05,32.475094
2018-06-10,e178e8610a35f4d6c9b0934fb5e20e85,2.161784
2018-06-10,e1bf2f209fd2b08e1af3ed71732d9008,0.7000785
2018-06-10,e1da6ab77f4859eb17950e5df1c0f815,18.658867
2018-06-10,e1e932dfb67414e80b87ad97688cf2a3,2.2028925
2018-06-10,e2bab04d6a471ed7a3629fbe2a64b55a,2.3114374
2018-06-10,e2bb00220a167d9e60b6776ac33717bc,1.8909079
2018-06-10,e2fcaac49de7a3a90f0dc74d7b1e9f10,1.5233648
2018-06-10,e30a07181e238b29af319577b9bb22fe,0.8079084
2018-06-10,e4ca5b20cfe1a020e15e36fe14e880ee,2.2422154
2018-06-10,e53e557d5a159f5aa2c5e995dfdf244b,36.22949
2018-06-10,e58dd19f3b501da6507886db681873ff,0.8940182
2018-06-10,e5ae72c62ebfa708624f5029d609b160,3.3861663
2018-06-10,e5f20b4eb944eaae0a13bed3187201d3,1.8150631
2018-06-10,e61c78a7343d82c0539d27df0f7dfc31,2.8367825
2018-06-10,e85d91619b497e98754390b6198a9818,2.1074088
2018-06-10,e934947ca6b64f5a6d864e21dca13b73,0.7627045
2018-06-10,e94df75b2e9a8b056be0c144a731f55c,2.0386539
2018-06-10,ea45888166c303ff6ffc0abfcb52822f,0.86500007
2018-06-10,eb54d6afabdf1f96c248b81dec8f180f,0.8700684
2018-06-10,eb883e95b710f252cb15d0fb41d8bbe9,0.8304569
2018-06-10,ec529a51d3a0832578dc8ca51574d2bd,0.87658083
2018-06-10,ec5b3c8bb77ad22278f6e9d719a83de3,3.5619326
2018-06-10,ec5b5cce0b8464a1c618325f35c779dc,0.9393629
2018-06-10,ed2067a9c1f79553088a3c67b99a9f97,5.5351353
2018-06-10,ed4eef5d2197b2950e6eec648488909d,0.898209
2018-06-10,ed739dfa91e2c770354726fe0bf9cc72,2.2035809
2018-06-10,edd087ed331c3ce178ec3489b9ecf117,1.313406
2018-06-10,ee0c1cf2fbeae95205b4aa506f1469f0,10.911441
2018-06-10,ef61eac41af4d480bf8e6c728136397d,0.81647694
2018-06-10,efa490145b5cc82438b6a6de691535fa,1.3241196
2018-06-10,efec0b0b076ce3f164b80145743ebc02,4.6548653
2018-06-10,f0354861ab19941a53209c2acbb1b604,1.6840923
2018-06-10,f10f55939660d23138e46c72acb7498b,1.3675905
2018-06-10,f159439c5c382fae366d444e05c590c1,5.419319
2018-06-10,f27aff266ad97e75d4a24c893b2c311e,0.84120214
2018-06-10,f282b8032570cf3ce692b8ea7e1b6c53,1.7285203
2018-06-10,f32415d23c358ef1e387a7d329d9ce9f,1.6039203
2018-06-10,f3c5707e7c539ab6533e3611da02b648,1.3236212
2018-06-10,f3d7339839e02f580fe8fca5755e0e25,0.9768586
2018-06-10,f40876e0ef3cd5f9132b1f16b04b1346,11.228038
2018-06-10,f40e67d9fbad11e25f958cc8b534af73,1.4559047
2018-06-10,f4d705aa95ccca448e5b0deb6e5290ba,1.4623728
2018-06-10,f4f4debbcfcafe6858d1e37a1f6e436e,4.44656
2018-06-10,f51dde119b9a90e3c7464f0cc45c0953,1.522142
2018-06-10,f62dcd57a6a4e93aff69aecc1f3d6513,0.9906797
2018-06-10,f73e87b204f0a4bcfa8edda38d11b334,1.7039179
2018-06-10,f745d28cf673e9022060c31f7f11218e,0.61248577
2018-06-10,f788dd44fc883f0664693a6dea50437f,1.2957922
2018-06-10,f819f0c84a64f02d3a5606ca95edd272,1.7784674
2018-06-10,f8b624d4e475bb8d1bddf1b65c6a64f6,20.265278
2018-06-10,f9377612042bc929a4aae64a8dbc58da,0.9987717
2018-06-10,f95dcd7b0926e47d0f20a9050aea2e9e,1.8893481
2018-06-10,f96ff9b997681965689f78bef092fdd9,2.070865
2018-06-10,f9f8bd8b40b145240563d5e05ac4c75d,0.7412215
2018-06-10,fb310009e56c0ab32657c9c674bd402c,1.0623838
2018-06-10,fb61126545fe19cfa0593140a5cc3b13,0.71028614
2018-06-10,fbc1488c1a1e72ba175f53ab29a248e8,6.5205884
2018-06-10,fbce4c4cb307679d89a3bf3d3bb353b9,50.45134
2018-06-10,fbd4031ddbc3d02b95834b62769d3ad0,5.291282
2018-06-10,fc1d8637c0268af3db482c14b7ef8e75,2.9095397
2018-06-10,fc7138a8f96aee8302e42916bbbbb818,3.029653
2018-06-10,fc8595227785863846b7daa2ae3f2c9b,1.5766758
2018-06-10,fc877e6bbeb95de8809398eca3f2a3fe,0.8079084
2018-06-10,fcaab5d7f656094e49fbe4ee3a506658,5.793538
2018-06-10,fe077ec80df6b4ee60bb4498d5ab1962,6.2906156
2018-06-10,fe705ffbaa3804c5562b8b1046157a6c,0.7880915
2018-06-10,fe75529a267b76ac6e96f0c322a899a4,18.88345
2018-06-10,fef0dd8c53552d0f784b7cc5375a3ffe,1.1176223
2018-06-10,ff01ba3d3676dd02937fd007e3f4e992,0.8683902
2018-06-10,ff3ec972ebd16eb98d55e8ea2fa255ee,1.6661178
2018-06-10,ff55834c0b3272853dfe62340f2bb91b,1.5230223
2018-06-10,ffa7e0cbe11656d11a117b534bb1db27,10.212231
2018-06-10,ffc9caf33e2d1e9f44e3e06da19085f7,2.7188
2018-06-10,ffef256879dbadcab7e77950f4f4a195,1.9680134
2018-06-17,00faa46f36261af8bbf3a4d37fa4841b,2.7434077
2018-06-17,00fefaf41156bb4b0d850fb27da97897,0.9197139
2018-06-17,0129d1e9b29d3fe6833cc922374cd252,1.5818616
2018-06-17,015527ec9502daa03dfd0e22ef1d1288,0.98076534
2018-06-17,01d4157fd9738ea81038316ae4cfc192,4.751973
2018-06-17,02475368dfb38934fe55f574024fe1d7,1.5021628
2018-06-17,02a0c276d5a252215b48269dea73a6e7,1.5284078
2018-06-17,02a97df83a8a100c7d2b14a02aea6a3d,0.8206943
2018-06-17,02f8dd9b448d3ec2c73e65a22da1121c,1.0402063
2018-06-17,03c0275df9996ed2720b28488c7946d4,7.885082
2018-06-17,03e4e6709b7d6415746769c0bc3e9131,1.3559281
2018-06-17,03e931f387c2dd5b006aecdb12515b2e,1.3503413
2018-06-17,045da764883d50dc071cc70c81226cbc,1.0298779
2018-06-17,04e90f954f5fde312ce378b26ddfad13,0.9906797
2018-06-17,059ca09d32720d9adce3ae12e181339d,1.3549296
2018-06-17,060c17562f97e5bb60bc0dfa4dd5b3f2,3.0716703
2018-06-17,06bf70b6e1d67d96308235ef350edc61,1.5216817
2018-06-17,06edb72f1e0c64b14c5b79353f7abea3,15.195817
2018-06-17,06ef9525b604908b6ef27fa630b4f22f,1.6216787
2018-06-17,06f756df8d80309915285f3ee6ea1059,1.6026157
2018-06-17,0705b33fb285827a578fce4899f1b921,2.3872657
2018-06-17,077599a82ee54960bc4f4c941b0d1359,1.489107
2018-06-17,08462528607b71ea62cbc019d91b001e,0.9237818
2018-06-17,08a58dc963320d6073623382b9ceb920,2.553303
2018-06-17,09364ccfda8448d03ae4082f6044b16e,0.94149876
2018-06-17,09b0d15a8cc9a84e7af7e0225f67dc45,5.566389
2018-06-17,0a4093a4af429dc0a9334300e5c13ae5,3.642982
2018-06-17,0a4f9f421af66d2ea061fbb8883419f7,21.485636
2018-06-17,0a57f7d2c983bcf8188589a5fea4a8da,34.087547
2018-06-17,0a5a41c678bcf81e041826bb24eb0b01,4.999407
2018-06-17,0bbdc963004d9b2fd3427ee3c5ae3608,5.3252673
2018-06-17,0bdd9a52d192d64770e33ae559512478,1.2670269
2018-06-17,0c276318593d4450cf9b178ad5b4a8ce,1.2057253
2018-06-17,0c5b17c1b54fc1dc48752ddb8caab6fc,2.3070168
2018-06-17,0c71252f37443403376d2008034a7240,8.879668
2018-06-17,0c80d4d910506b4e1db996ff1fa5c658,0.9565664
2018-06-17,0d2865788d929343bde828269ea3dd8e,0.93551606
2018-06-17,0dce093fc7ec4dec214256df878e3c08,1.4668888
2018-06-17,0e2d365a247d105fefc31b17ab8706d9,1.7100474
2018-06-17,0e4ed218b40ef29464d9a9c778ea123f,0.7919367
2018-06-17,0ea678faa34b54418a17e76511472882,0.6065626
2018-06-17,0eb8e03d4ef83152c4642b606b5bbdec,2.3231733
2018-06-17,0f91b6a95a57a43203a9b17de98960d9,1.9251775
2018-06-17,10698a66d71ebd12be9e8c39302c74b3,0.9578424
2018-06-17,10d2b7a176cd8a35bcae7c15e0e7626e,2.194703
2018-06-17,11e02f2cd150fa54525a1109f61ea2de,0.942897
2018-06-17,121f7f44c9e25be4873ca9296542ebd3,3.578478
2018-06-17,12530458b22303a822da23e0ef0c400b,0.8603774
2018-06-17,12667a519a4a3094eab02f5841b07409,1.0091711
2018-06-17,12a146749cb72ebfde01a89105df1897,3.0599318
2018-06-17,12e6d0f655986ceff00c74658dec97b1,0.7564299
2018-06-17,13050bbc5cf6938a3760e43f1a845fcd,0.84065896
2018-06-17,1361837a82c3ee5591e56958e3d89bce,0.8855673
2018-06-17,136da55add0b0a3c8c5404913a225e47,1.2634492
2018-06-17,13a7ea24fee9ef57c3b7b5b69d3b4cda,0.9850147
2018-06-17,145978af3e89b318be0b717a0953649a,6.5044427
2018-06-17,14a174908a08ad7cfb56d3814d8e0ea5,0.9983204
2018-06-17,156fef830e2c8871e3f1bf4dadf8e312,3.3033795
2018-06-17,158566f2cfb3fd58a3770bc26f530f41,1.0089593
2018-06-17,15de022edf1005363381e66bed514528,1.0671178
2018-06-17,1600dcf1cea8c0c83702e07b577ab231,3.3263767
2018-06-17,16048247166ec654c76c845f308c85f5,2.4986138
2018-06-17,1613b819ab5dae53aead2dbb4ebdb378,9.68269
2018-06-17,163da86e86f0089de089399c28c3fcbb,1.0348214
2018-06-17,16679d68bdbed3fb97af806424d7f2b7,29.02822
2018-06-17,16bf176650a888512655cc94f61860e3,2.4090555
2018-06-17,16cc7a098d176187b6d8e9519fa81585,0.70656914
2018-06-17,16d096faa27582985f849f08370cf1ed,0.94146186
2018-06-17,16ed6a6e3fce23b741650437fe58d65b,2.0431182
2018-06-17,173255396ec907ab516d3848dbcc98da,1.8534658
2018-06-17,173e9fe34bfe97f3a5e6dc57fe897b74,7.819179
2018-06-17,177d3d5bb9d4d29222a222e3b3554f41,3.4699786
2018-06-17,186052b3f166a0f7227e78b2d27652d3,1.935515
2018-06-17,18b0e642cbae7251e60a64aa07dd9eb9,21.5839
2018-06-17,18dacb31f154c3607af782584f59b3c9,1.1336557
2018-06-17,18f6ea7e8cff29f8053baac6762449f9,2.2216399
2018-06-17,19421075ae0b585f2dc13ff149e2119d,5.358263
2018-06-17,194e74feac1f84a8ee5a517d4b3e107a,1.7124155
2018-06-17,19c91ef95d509ea33eda93495c4d3481,52.107674
2018-06-17,1a3577790b3f28eb137b105c4d62ca17,2.1249855
2018-06-17,1ad3f793ff482f29c15596c3bc596812,0.8926936
2018-06-17,1c5e5b3851dcb42f81def7b900898c83,0.76029223
2018-06-17,1cab19d5be9a1286428e85aaebf82906,0.896825
2018-06-17,1d1a36ff369b6838f8220870f96254a0,1.0579267
2018-06-17,1d974de82e60d653a2d1cc79984dcec8,1.6792852
2018-06-17,1ebde342c905182ffc07333fc569c590,1.8519644
2018-06-17,1f75be631e988bb0ad750e60e18d043b,1.6565616
2018-06-17,20566af10fda4783935b8cef249fa4c3,0.80648816
2018-06-17,211d04c14dd756f5e4dec38c19187fdb,2.0664983
2018-06-17,216bb0e0cd43ffd832e0973d35e0377e,18.241304
2018-06-17,21c00997a28e1efcdd07c8a67f26d4ce,1.7108768
2018-06-17,23318fc7dadffdde2b4ebf8dadefcf68,0.69838107
2018-06-17,23384f296aa1bf6461d22912093a9847,1.5370452
2018-06-17,249360ba4e41990fed4dd4398fd1893a,0.9418632
2018-06-17,24c66f106f642621e524291a895c9032,27.533928
2018-06-17,259bd66612b61aa4e82ce3cde9272bbc,1.8851035
2018-06-17,259df46ee92a13043ed24ebabb9534fe,4.4557347
2018-06-17,261dc97192b478e60fd1318cd0650618,2.2535858
2018-06-17,2722b86640ddc24e1374c2df1ac2a230,5.415632
2018-06-17,277acb101c00b04ed2eabf11a7285a7c,0.88252425
2018-06-17,283f243bb09e48e8f324d175182d5cfa,1.80173
2018-06-17,28bc7d95951d962dd5cdda791e07b56f,1.5771872
2018-06-17,28beefcab28e6a3b659bae1bf1cbe453,1.5350975
2018-06-17,2a3539131370b3ac020dd5f7a656a53d,2.4264615
2018-06-17,2ab3eebb03e660d44470d936c0f20bb6,1.4353398
2018-06-17,2ace3826b9a1b13030adc77ae9ae7902,0.96249926
2018-06-17,2adfbd64f2dd14f2dac6afe783311859,1.073452
2018-06-17,2b0943c63387bbdc046d9a7692602388,5.349037
2018-06-17,2b250e4c796f4ce9da7ee0465bd1b574,0.8487141
2018-06-17,2b4609f8948be18874494203496bc318,14.283125
2018-06-17,2b849e71ada03a262ef4338a7abd8b79,1.5894971
2018-06-17,2ba4dc95f18bb2bedbef662cb24de95e,1.7020025
2018-06-17,2bd57c183094130d215a333ea80c8b62,0.9252245
2018-06-17,2c925b58c178637d60168ac80cf7f836,1.1302881
2018-06-17,2ccd049c8e7ea210e079a1aa8ad92477,1.6671994
2018-06-17,2daba1ba2b585317701770c97f0a3c0b,1.0016363
2018-06-17,2de5c479fb0c490a0f2a2f3ab36e71b6,1.427203
2018-06-17,2e513e110e3f95926fa3d1ac44444ff4,2.3068156
2018-06-17,2f13d1dc8b4e1d9d8027be50339546a9,10.459877
2018-06-17,2f48e99df2052ce8a7d14855ea40e838,0.9793384
2018-06-17,2fea0f2cec6b6324a277d4a61c2ed2c6,46.816746
2018-06-17,2ff995aead9c63a1f37a07b3664ead37,6.823358
2018-06-17,2ffdf10e724b958c0f7ea69e97d32f64,6.570213
2018-06-17,310b993294194cea025dcc9c23637b62,0.88745475
2018-06-17,313f8ed3413f949a1c0eb1cd6495ae5d,0.81873435
2018-06-17,3158c44b08596ff51ee3560fad16cc09,0.93348503
2018-06-17,315c6373ff469f7b7f60bbb36c319f7b,1.052364
2018-06-17,31b8e7c2a22f3dba5183cc110bdd72f7,6.3683643
2018-06-17,31d6f0a621ee145ae8c70304cf564483,0.9262566
2018-06-17,3225c54bb2785c33f49f50398fcdb88c,2.0710433
2018-06-17,3354a4e684f5e7199f9407db70ccd92b,2.4249973
2018-06-17,33ba4b29d820b397054cc97e892ab1bc,1.8875244
2018-06-17,33bd1a075f35400643129b5f3d936845,0.0630872
2018-06-17,3439529926df110506c6752e8f16d358,1.9988441
2018-06-17,3488d2ce36e718097c1509444289ef7f,0.91578233
2018-06-17,349ce46a0e2e20054aa9d80c48af8816,5.601535
2018-06-17,35537536ed2b4c561b4018bf3abf54e0,1.7416829
2018-06-17,35e30f098f0bdf1af247ff22a9b14fd8,1.1163603
2018-06-17,3606696d19bbcad6cb6c0e985749862f,9.599006
2018-06-17,363218ba55c610b750224f90bdd34be1,5.813866
2018-06-17,36826c711e5778c8d88a7311cc29c446,0.96805656
2018-06-17,368c6c730842d78016ad823897a372db,325.4786
2018-06-17,37bb05868e497e0d9356d850c3d3bab4,0.84245837
2018-06-17,37f582e625d4301ab2d6b200238405d1,0.9262566
2018-06-17,385a33a408e9c35c9fbc2025c12f3784,1.0224714
2018-06-17,387e781bdd254dd8821e6194af0fa8d7,0.86482114
2018-06-17,389d119b48cf3043d311335e499d9c6b,112.17871
2018-06-17,39aa98469aa7460a9764311b3f8efb12,1.4304807
2018-06-17,3a362c0e7f9a69276e2d95869a3e143b,2.6015031
2018-06-17,3a7d90845985f39048815a6939c56be4,1.9008603
2018-06-17,3b7929cc079c14493fb6fb3373dbc1e1,1.7379637
2018-06-17,3bd016185be10ea4b4b2baa6e7dd9e9b,1.6825471
2018-06-17,3c5b70965b3d63c66a18dd46881a58c9,0.74891925
2018-06-17,3c883b9d3fd2d0ce448d4136349dc0a4,6.3497233
2018-06-17,3cb39171fd36c50097f2dedbbe0dfe6e,3.3787475
2018-06-17,3cf8d7db7dbaeb28f077151adfc59340,0.92053545
2018-06-17,3d12e183e36b23b6c30ce4bf2152fbf0,0.8907672
2018-06-17,3d5837f86205fe83f03fb5f7e4d5b9cf,10.435232
2018-06-17,3dd2a17168ec895c781a9191c1e95ad7,121.13099
2018-06-17,3de4498dcdded5abe7349bd43c401c1f,0.8928793
2018-06-17,3e19791ee3fa124c96da5a87616794ac,1.0095642
2018-06-17,3e824028352cd013af85473283f832ce,1.8022203
2018-06-17,3e87e743e56d7fbf4bb9b67399b99a9d,1.2647654
2018-06-17,3ea344b27741300cc4724d2a5af94460,1.1605865
2018-06-17,3f1a741cf5591384428c1cbb0ef07ec0,2.257298
2018-06-17,3f212fef0e1f11b343226b633f0426df,4.6055713
2018-06-17,3fb22448e11f38ac4437c25693fcac1e,1.7600417
2018-06-17,3fbc0ef745950c7932d5f2a446189725,83.107666
2018-06-17,3fc18e3aefe7b9346bd15de863fa0365,1.5180507
2018-06-17,4025cbfac798d74f87c30ee87e6e9f70,0.92731273
2018-06-17,409ad0594dd6af287d870a566756dc10,0.89039755
2018-06-17,4167a7ae0930579d1f27d465a1a042f0,1.3051565
2018-06-17,4178e16324fd0c9a8e18463caf390cc6,1.9749619
2018-06-17,4180a49d4b879e727ad2c8e82a9f4d87,4.098348
2018-06-17,419cb1b441eda9b92ebd1a1b96090c26,4.582182
2018-06-17,41c24b8ce92d1a2cac62db5edfd088b2,21.661945
2018-06-17,41db6d8062fcd38410c699743ccc0265,1.3873247
2018-06-17,422879e10f46682990de24d770e7f83d,106.903
2018-06-17,42fd6f72ca3e6f53b25d7a19b0536630,1.131483
2018-06-17,4363f22966358bced013833537034474,2.0452712
2018-06-17,437c05a395e9e47f9762e677a7068ce7,75.25226
2018-06-17,43b54d1fc56ff394092a3dff6be2d39f,3.0700464
2018-06-17,44493ebe02de3fd58d529f40fd2944d1,1.5206543
2018-06-17,44fc450365728c413fefc547592626be,4.527776
2018-06-17,450c25d98ed6923154a934554475bf13,1.3381382
2018-06-17,457cd0a99cfa977993e4eb6d98d95abb,1.493265
2018-06-17,45f0310974e6082deeda855f91984347,0.85444146
2018-06-17,45f7c48e7ead07eb1afd9aebfe6de326,1.0264816
2018-06-17,462646c1c1495199e63684d79e6e0d1b,1.0776812
2018-06-17,4680d0c534e54990d8579f41dd239901,5.6062136
2018-06-17,47e175ac0195aa4774597a07c912415e,0.8699719
2018-06-17,48acade3f4dd39bbab10bd14bcfc8735,1.3009017
2018-06-17,48cce5e4d2191b274474ac6327a3df2d,1.6907797
2018-06-17,495f9290868e1bde785d3c372608ad54,0.95133215
2018-06-17,49cd59957f1c81427ca0b2edf5696969,1.5307198
2018-06-17,4b6b3a7072d549354c3743dedbf4170a,1.5369031
2018-06-17,4b96786612ebe7463132fce2c4dca136,15.417676
2018-06-17,4ba9263261711e19aa09a61e3ab72316,1.0064162
2018-06-17,4be784792c7a4cd4a801c6145a3a8c7d,0.81715566
2018-06-17,4c2a4ab2efb349db80f195f4b122eb6b,0.78047884
2018-06-17,4c77d14c542fcd857dddc3df2e82329c,1.1336557
2018-06-17,4deb009c36a910076a023947a7929201,13.122678
2018-06-17,4e5a066f684af859ca235b1c73985775,0.9188178
2018-06-17,4e5dc46fe4e31dd605f374ee43f0268e,7.192313
2018-06-17,4f0abfbee7569e43b80f9aaa256a9bf8,4.2278814
2018-06-17,4f288e27579d68e616d2712ad669f99e,1.3804222
2018-06-17,4fe644d766c7566dbc46fb851363cb3b,31.550873
2018-06-17,500870614ddcf5bd84f7d26861026c8a,3.3965287
2018-06-17,504f07e36481e5e72043def3d874b92a,1.1581199
2018-06-17,50e4fb90b9628bf559883ab24eed361a,1.0231384
2018-06-17,51f876eb62be778c757503cf7f8a3b74,147.00899
2018-06-17,5237739bb5fee495dbd337755a138660,3.3230863
2018-06-17,523786e175df56bf2e15436a6da66a5b,0.945472
2018-06-17,524c471f4a5843ed7e79ef886d522948,5.8391623
2018-06-17,5264bb8a8395e30c0d59ac73be2c7613,0.9253695
2018-06-17,52c80cedd4e90108bf4fa6a206ef6b03,7.994523
2018-06-17,53b7965906cf23c063da1ff89f50a257,0.73824143
2018-06-17,53d71d8d9d6878f6f0b9fe0ed79445d5,1.5871959
2018-06-17,53d8ee87caa1a2320c66074ff9c99e61,0.82767636
2018-06-17,5403528d987ad26e8d7cb25940411987,2.007634
2018-06-17,553e0e7590d3116a072507a3635d2877,3.179585
2018-06-17,5563f6b699b362e1bd6a2e1e650f52bd,0.9836519
2018-06-17,55b71bf300a2765a382eaec566df531f,3.4728637
2018-06-17,56be1c4161cca988cfebc66dc35b4feb,2.1122935
2018-06-17,5743cde12b14a481dbc29d4dc336f92c,0.84017056
2018-06-17,57552a168008a60472e3e6bb351422e7,1.5635312
2018-06-17,57e089e3103f5cda6a4ce23b77399bdb,6.0523996
2018-06-17,58a56598bd27e4169dd5ab99d2eee335,0.76012164
2018-06-17,593236d0ff46b4299b4787fb8d43f7f0,9.384974
2018-06-17,595fac2a385ac33a80bd5114aec74eb8,10.0891485
2018-06-17,5999995b8f64d769dbc6f592b86d6f8a,1.4571197
2018-06-17,59be0d716996dda6b7d60b3e839efad3,0.8824798
2018-06-17,59c5e6e108b88212fb98525c9000ecfb,1.7518187
2018-06-17,5a57a59c44429be19e1ce8e69e15c473,0.97017515
2018-06-17,5ac4f7986643a944501c66a2257bdd73,4.556099
2018-06-17,5acad00c7ade065caf69af710c0bdd0c,0.9978927
2018-06-17,5b3929b3916f45b3e9c016807f0756c4,1.0675582
2018-06-17,5bfc7506459ae2a7b4b573fe557a58e1,1.8649569
2018-06-17,5c2bb11cf2149bd4d9fffcc1246458c3,4.757669
2018-06-17,5c3aca5c078a343b3b873362e7ac2fcc,4.6318083
2018-06-17,5d2d01b64b76916f0cbe74e407041187,0.9339791
2018-06-17,5d66715cc928aadd0074f61332698593,2.855398
2018-06-17,5e3b4b17383b90a3129e552bd71bf2b8,2.304402
2018-06-17,5e859617339eaa62e0e154eaea05447b,1.115229
2018-06-17,5f42d57952b7815098979a5c4fa6f82a,4.381191
2018-06-17,5f622da714951c5ae86acf68c0a03d30,0.7906904
2018-06-17,608f44934fbb70de5e05998ae59f4e46,1.172007
2018-06-17,612da1ab2099d81e7da8a5769663c1ea,1.0462074
2018-06-17,620f37abb44d006ced91c81d81db0412,0.93794984
2018-06-17,622d3b263cd40b06e1eeea144fb83f19,0.8281325
2018-06-17,625522e2041f5759bc483af612e22718,0.8559026
2018-06-17,627c9ddcab5043db4f8816ce2da1d31c,0.85151255
2018-06-17,62d8daeee0db3a60c234c2d1bfd10651,6.6795225
2018-06-17,634256dbcd184b3757ffd7632c9fe52a,150.45851
2018-06-17,641a45900528e8324c4848dda4e0a3fa,1.0888119
2018-06-17,64fb265487de2238627ce43fe8a67efc,12.461956
2018-06-17,65266b2da20d04dbe00c5c2d3bb7859e,4.274122
2018-06-17,656e6ea7d86cf0008e67b693d33cc357,1.087699
2018-06-17,65fd9b358b7ee029fba34839e9c35fdf,2.0162613
2018-06-17,66fb81c8c95a92236d7858a4303dc0a4,0.8648113
2018-06-17,672a21bf17c63f71edbe01ecb9b14814,3.269764
2018-06-17,679d1a26cc192f14e7e30ae397f8b089,1.0562545
2018-06-17,68ad45d48d69404aeb71ce87e1b2c948,2.6215913
2018-06-17,68e3ddebebde61d68a6a35c3734bfb0f,0.87407225
2018-06-17,69455f41626a745aea9ee9164cb9eafd,14.668634
2018-06-17,698b3ddae2f0b80c2a48fb40624ca4e4,2.2835011
2018-06-17,6cdd53843498f92890544667809f1595,4.039411
2018-06-17,6cf22bb1523c34ad8da500d1084155a5,0.96419877
2018-06-17,6d8f2ccbced01ba3165048d784a5cf0c,0.8631632
2018-06-17,6dae4e6bc334685708571a48aa41d437,0.89389503
2018-06-17,6eb70dfb283dc3f645ed7b03c990dc72,2.1154659
2018-06-17,6ef30104ba621f56c4fa8e27d54b9d0e,0.897929
2018-06-17,703d742887bb9267f89b675608ba7aa0,10.525024
2018-06-17,70b8127a4ee86d4b37b3eaf5e337e91b,0.9273898
2018-06-17,70c9d38055bb316285aa937715c2e82d,1.0222938
2018-06-17,71191d3e8768745afc1c290c63f6241e,1.2946926
2018-06-17,71540d636652fc682032d3b3c0a180c1,1.4066398
2018-06-17,71a5f1c2a5fd9889ef26b5ac22aec9c6,2.3663468
2018-06-17,71f2ce4ae5dfdd3b55a51c7a2d3c4da8,0.94572496
2018-06-17,7230cb7a5b93cff3d0869183495f053f,1.0873375
2018-06-17,72bb19eb8886399d5a46785146792ba7,6.235835
2018-06-17,73bcea88583002fe12b7399af4ae60da,9.205894
2018-06-17,73f1f4a973ffb99bb0157e38ab33f989,0.8856515
2018-06-17,7405b565a367960901d88f91c514cd90,0.8193693
2018-06-17,750e3a9d8289e451a68398b2c697f119,0.81040215
2018-06-17,7564c1759c04fc0a38f2aa84f7a370ee,11.6015835
2018-06-17,7567d226ff0be3edcfca0124da0ca3f5,1.8630344
2018-06-17,7674e3decaed7f0ebef4717b1db8334a,1.0390139
2018-06-17,76bf75da18ed680c5e5d7c720a49e7aa,0.8448001
2018-06-17,76d1a1a9d21ab677a61c3ae34b1b352f,2.4770212
2018-06-17,777d2e438a1b645f3aec9bd57e92672c,3.1291718
2018-06-17,77fdeb8d4f7502f75b6779205f30a875,1.5544327
2018-06-17,7814c273ab16783d73a9863ebfa8b141,5.958884
2018-06-17,781afe929e3016a667f5f439afd55fce,21.873669
2018-06-17,783caabd539c4079ec08423e30719fba,3.1341648
2018-06-17,787268a8ccbecd1ae02d8001b61ca46d,0.91392136
2018-06-17,78efe838c04bbc568be034082200ac20,8.085602
2018-06-17,79bd832302282bb4f305c5947c2bee1a,1.6202612
2018-06-17,79e42c4fa2bde6e0c828d23c4fb7df35,1.183314
2018-06-17,7a22c18ef5b314ac41161a5598c05352,0.89252305
2018-06-17,7a5d0e89d069c89b2112e9da539343c2,5.2493105
2018-06-17,7ac5f520abfc0589418bc7c76cea7a7c,1.6072208
2018-06-17,7b1f2b12d9bcca133f8df7a53b55db6e,1.0700574
2018-06-17,7bdb28a55646012fb3348058d629d9bc,1.4969312
2018-06-17,7c1bd920dbdf22470b68bde975dd3ccf,4.7537313
2018-06-17,7c6fbb3a5346dfd607386155c6f628f8,0.803571
2018-06-17,7d4293d63939e17d3b331866cae7735f,74.68385
2018-06-17,7e48d9554094858ee2269c4ef809f50e,1.7666198
2018-06-17,7e646f7e1e428a1ddde5a18dd9d42e95,13.375355
2018-06-17,7f457254a89d62960399e075711b3deb,1.4137386
2018-06-17,7f4e034245e45549110139d1de248f83,6.9519877
2018-06-17,8006cc1b6dee0d91ffe9cf906016dac7,1.0411391
2018-06-17,80be7f3c94ee90b42197f718de0ea371,1.1868552
2018-06-17,810e2944bca9850b934e1570ba372e7d,4.1844435
2018-06-17,813a9ef2db7efff209973a335d043c0f,0.83182424
2018-06-17,81b6c7c058add831803fcbba6dcc1df2,1.8032786
2018-06-17,81c6b0f031d89938fce1df449b3b464b,0.9402215
2018-06-17,8246b1e9198f46fc3c05900f43568ba6,1.7119607
2018-06-17,827c4a77226a3e7ef259d61eaa775df9,15.46213
2018-06-17,829002c1d5f40820ebbc6ecd4bcdf3ab,1.5531075
2018-06-17,82e4ad16521ca131d95e198d507db370,4.6802616
2018-06-17,830345ab5d2e365c7c6b91459119ea2d,1.2411762
2018-06-17,8323a7adeb57da21acea7e83563bed90,0.74553186
2018-06-17,839321c2db7b3b3eaff4944c3b052ecd,4.7464266
2018-06-17,83a6fc0d9871efceb01cb3c20c510017,0.9097888
2018-06-17,83aae8023b8feda53259f63e0ec06390,1.2926766
2018-06-17,83b23a333b811855258c5ec9431f6d3e,1.4287565
2018-06-17,84d2057bc1f88332d0892eea0e997d28,2.8621304
2018-06-17,84f456958365164420cfc80fbe4c7fab,17.849585
2018-06-17,8562e2c780a345b609e1b802d7e3e4ae,4.6630974
2018-06-17,85b39215c2d7de985b5a34b759255d03,0.84017056
2018-06-17,86c43103446290e7efacad3701cd654d,3.7466993
2018-06-17,87283a98b24f9f1ac3a31b631073cf47,1.8715305
2018-06-17,87aff1d9a5e94db6840c5b963a5cef90,1.4333088
2018-06-17,87cc2aef12eddf0b170234138b0946e0,1.2500448
2018-06-17,87f6e794e8e759e774a4c34590565036,1.0501921
2018-06-17,8828464e34fc3da3892f568218e14d61,2.6116142
2018-06-17,89321f94e35fc6d7903d36f74e351d40,19.706985
2018-06-17,8a12c0e223d9dbd49ccfcd2ad25d1b30,1.6792877
2018-06-17,8aa87bc5f3053b4df2b05a2d3059790b,1.6402768
2018-06-17,8ae7db511529da9af9685c9d0375bd82,0.92717797
2018-06-17,8b51c6ccc9c0548c951214e1cd1547ff,1.5035032
2018-06-17,8c591ab0ca519558779df02023177f44,16.372484
2018-06-17,8c66104d520634a3b6e20c1f326767de,1.3751903
2018-06-17,8ccaa3f8b171b199e37294ece30815a3,0.93559194
2018-06-17,8cdcb4646ea91e2ad69608553a04285b,0.974659
2018-06-17,8d48ed27eb7397426bd25ee9cb6688ad,1.0086962
2018-06-17,8d7d29e5fb9ff5333009326c87fc04e9,1.4789132
2018-06-17,8db99620b0b21f34ff4199bc6450bdd6,0.8582185
2018-06-17,8ed094bfe076c568f6bb10feada3f75d,11.904264
2018-06-17,8f211599d0cde9d8551a6984d758e1f4,1.2596971
2018-06-17,8fa67e5cb309b9cd7b4438e15948bdb2,4.485837
2018-06-17,9048cbd294fe0c1a3ec8c8248bc2cadd,1.6346248
2018-06-17,90d11936871062d5cb6d23175734ea91,3.0761406
2018-06-17,913dfadde395f6049127173cfbb96121,2.9405727
2018-06-17,91442659f31ec0f0fc73215e77854fac,1.1805499
2018-06-17,9163c7e81fd68452472912c4cde810aa,1.4474106
2018-06-17,919b08607e72077425654ac5fc0b5528,2.084639
2018-06-17,91b08d34d0ba4db44da2dc382867ba49,4.3563585
2018-06-17,91c82ace62e0ca1b69b1a45bcc214b45,1.9516647
2018-06-17,92857a2b590adeae8d5992511dc197e9,1.1934352
2018-06-17,928e52a9ad53a294fdcc91bcf59d1751,22.131746
2018-06-17,92f699740f5a71846565fa8a6f0bbcf4,0.7182025
2018-06-17,933f4f76eae38d2a97ecfb7c6355f0bc,1.6254716
2018-06-17,9361d7d8750b24496371f42a056065b5,0.69666934
2018-06-17,93c902b021a9e594f658ab1b0351602a,15.80912
2018-06-17,94475071013412139f862c0bd7e3bb37,3.0141764
2018-06-17,9474f3c0da0c4fd0bdf88cf6ac1b5d04,0.8445041
2018-06-17,94a6c010ef78e62cab34c6caf0a69b5f,1.3419545
2018-06-17,952e73f7e8bee61569a32b35c19bc981,1.517224
2018-06-17,95e67a8fbaf668c2d060eb3938a0c999,0.7748709
2018-06-17,96bdf83ce8bcf48510e8a8ab8b5fb660,0.3633011
2018-06-17,97017430754804328eb9597b7f85da03,11.443468
2018-06-17,9712e67c33f564648b46afc6505db72a,0.91229075
2018-06-17,97407223aaefebbaeb89d285e7c64f75,0.7179093
2018-06-17,9759a740aa84f55b71c0c8c306a80737,3.2802916
2018-06-17,979a52ea2c0c4e9e7e7e4a766d4eeda4,0.8919011
2018-06-17,98a20ac6ef3939598c38b1eb54fe1cae,0.9870126
2018-06-17,98ec655119c24de03b804696821f3955,1.1499593
2018-06-17,991d9793febfe022d5db970595a99008,11.027613
2018-06-17,99a4788cb24856965c36a24e339b6058,94.030106
2018-06-17,9a7c6041fa9592d9d9ef6cfe62a71f8c,1.0749152
2018-06-17,9b0ad21bbd4384f9ebc28a688e1e81cd,1.3347872
2018-06-17,9b462e55a70e01cfd3f9686d12e11f09,1.9243159
2018-06-17,9d00d68952fff8f837706ac06d1b785b,1.1494558
2018-06-17,9d0bb30eed80184666c8acad23921283,1.4036943
2018-06-17,9da950e8c8c482441f1b93955b21c827,2.1268258
2018-06-17,9dc742d39f778e41ce3a88753f280d40,0.99665874
2018-06-17,9f14f401fce2d9ddd450e7ce60cb7f5f,1.1863011
2018-06-17,9fd2d186bbd4017f2d86295f69334cfc,1.7375075
2018-06-17,9fd9505539e1c67c13e4ee824fc1e1cc,14.430757
2018-06-17,9fe172fa8e662ca8572cf12abf8bce23,4.477439
2018-06-17,a0b7d5a992ccda646f2d34e418fff5a0,2.0481515
2018-06-17,a126cf2ba6e20ffef685352e40945a68,1.0335759
2018-06-17,a1e903cd2d23763ef8b85ec12eb79d9c,1.4097679
2018-06-17,a2048b46525cb5cb30be4e5ff3f83c5a,0.7923016
2018-06-17,a2da86fa759178e9e58e54aa1a144e59,2.1970854
2018-06-17,a351c3c754b40be18374a299ca68882b,0.7823669
2018-06-17,a35c14eaa384acf7aabbbec3bd76fae6,3.178544
2018-06-17,a39cc58c1b5926b6f9f378daa89f1315,4.0278635
2018-06-17,a42d9c825894f96fc6ed02610891454d,1.8491365
2018-06-17,a4c27cf9767fe2b589251c764b891eda,1.5813174
2018-06-17,a4e80cf9e254dc776a1d57e42a81dbe2,2.816805
2018-06-17,a4ea23e4c7a6ea7b4106779177221ce7,2.4529612
2018-06-17,a5341e3f8155dbb3e62323d3ea289729,2.9057105
2018-06-17,a55b9bc476c34d53d8f3f27c922f6374,0.9130579
2018-06-17,a59fb60fddcc72a9878b7ed5cb69d8e4,5.6848407
2018-06-17,a5bbc554f75cf4afa2cd56791015ec27,3.2763884
2018-06-17,a5db7a80a8d9c9d49050360fceb6ffd4,1.908073
2018-06-17,a5e537da8376b8623758e0186bfa400f,2.4876192
2018-06-17,a62e25e09e05e6faf31d90c6ec1aa3d1,64.351166
2018-06-17,a6ad77b15e566298a4e8ee2011ab1255,51.709396
2018-06-17,a6d11caea18ae416c4861a5a9f9711de,1.1264147
2018-06-17,a6f2ba5bb6d6d36ac92ed1faf4d123f2,2.3073535
2018-06-17,a741ba9d329996cf515841327718913d,0.82399124
2018-06-17,a8075470f960215ffb67624782f80fec,4.480678
2018-06-17,a883c6cc6b971869a2c962f76fb73ab1,3.0145767
2018-06-17,a8d952e8e5436a6fe36d24c402d100de,3.0181627
2018-06-17,a9028257171c93a8d948ff95a0082b0d,0.9563825
2018-06-17,a91c1a94d83d36316c44e00e738607b1,1.6037647
2018-06-17,a92930c327948861c015c919a0bcb4a8,75.6602
2018-06-17,a93ad122024312ca432da7f7b32474b4,0.8919011
2018-06-17,a94036c0bb4dfce8d5762777c07b7be2,1.556643
2018-06-17,a9e0a3a894f4bf7844830c090853c3e1,1.9635404
2018-06-17,aa5d6a9bd4be367ae1a3a29c323c7c11,2.1768148
2018-06-17,aa70ae9ee9a798d44ae6e00ce6d82cb1,2.2808635
2018-06-17,aa765c0a9daeb0541a98ff48ea3ac651,6.1788507
2018-06-17,aa8d88eb4b9cb38894e33fa624c4287f,1.9269261
2018-06-17,aadff88486740e0b0ebe2be6c09476ae,11.958542
2018-06-17,ab1f9387c0627dd24000bfbc54fdeee0,7.7942457
2018-06-17,ab4d0d8e7348b45ce6c791374f098eed,2.836753
2018-06-17,abc3432ff825d8e524db1d4eac6d2099,2.7579153
2018-06-17,abef8cc12c6428d93526f5bd0f76dd0c,4.755665
2018-06-17,ac0bb4405e9661957160dd5ee9d5585c,1.415859
2018-06-17,ac44def10e24998cdee20a208d691127,2.1936862
2018-06-17,ac62cc86d9bf61f8caeee900867190b4,1.0888119
2018-06-17,acc444eb5ad26f79d5a11baa6a03c439,10.05716
2018-06-17,acdff5faea9652b2230cbcf4d475a220,0.95774
2018-06-17,ad2037645597db38527fe3afbe226af2,2.406047
2018-06-17,ae7d28dfad9876194f728695f1a51283,1.1244502
2018-06-17,aeb383f37bb53452cce26e3da03a6d80,2.9580274
2018-06-17,af63237de5e7f1f9c067f7b7c506287e,1.0751557
2018-06-17,af6fa1b762e2da2c65b98be13d87bab5,1.3041848
2018-06-17,af8acb9fc1592c0d00bf5b8a3d43e8e9,1.0765144
2018-06-17,afdb06ebeca917512783bcbaa8ed28c0,1.7862749
2018-06-17,b0054021dee7f055b57da97096fc1c95,0.86258984
2018-06-17,b0528299d65ab35e3ed853f6a853b8b8,0.9714332
2018-06-17,b0c89945c034268074f5f80b362bda34,5.274466
2018-06-17,b192be433004cc1f10b467c0e9ea309b,5.4900355
2018-06-17,b21239d9e018b809f9c5a9707b214235,1.0089593
2018-06-17,b22fd976711109004375eea45d21fe23,0.907631
2018-06-17,b2a11c072dedfc137aa2393bb4a2c8ea,1.0337018
2018-06-17,b38b25d838ae0b8385e8cc68b9017644,2.1370792
2018-06-17,b3cf0a98f31b76ed0cec13d9c77102c4,1.27579
2018-06-17,b4a006be2cfa0a5ee4c36fe0b2e3d359,0.93181574
2018-06-17,b520bae2a8c9790cac40196cb2025283,1.2124783
2018-06-17,b532349fe46b38fbc7bb3914c1bdae07,28.848478
2018-06-17,b5aebb467d9a92162173cbd234e00d99,3.8221257
2018-06-17,b74d57e3377dd78aace6d070fc48cc88,2.1212149
2018-06-17,b84520a57891e7a8ae2c68741dcc7146,2.4244504
2018-06-17,b8b426747049f2d3d6e00b486d47dedb,3.0773299
2018-06-17,b92a7304ebad1ca5b393b53b2de5c70a,1.5688769
2018-06-17,ba131cee7989ef04b93a79030969c92f,1.4438473
2018-06-17,ba5fb4ab9cd70d201b74b5bad9d4ca00,1.398608
2018-06-17,ba6c0daba35afe2ee11400da4ec7b3a4,1.0402063
2018-06-17,bacf2de8920bbcaf6f005a30d81391d2,2.4959679
2018-06-17,bb42f37fc3d9130e4a4339d24a47dd7c,3.343026
2018-06-17,bb48c8fda6bcf73c9a0178fd1a1a366d,1.3840868
2018-06-17,bb50f2e236e5eea0100680137654686c,49.925106
2018-06-17,bc072f287b475a918c00b3478d1bcef9,0.92399365
2018-06-17,bcee6fd62c36b571fc4522eb3aa7138b,0.98276097
2018-06-17,bcf23a98430ab0bd4ee446c36b596c25,2.1452513
2018-06-17,bd6e6fce9ada76ea2db0f1912e8e478f,5.983119
2018-06-17,bd85550f79aa4e7452a75c55921cd5c7,0.97519314
2018-06-17,bdb0b11a36aed4d0d862a7037c838560,0.90462005
2018-06-17,bdcf6a834e8faa30dac3886c7a58e92e,6.286528
2018-06-17,bef82b9c3489736794c29f6d4a686ca6,0.8448001
2018-06-17,bf359473d58e90d8fc29bf8f3d282ea9,0.8839781
2018-06-17,c10a7001e8b49dfc03817444b5f2ed81,5.625423
2018-06-17,c12b64bf0861a27e0f06c36ef82f457d,0.9629751
2018-06-17,c1617123e66d2491ca93ceadfd36203e,1.1145514
2018-06-17,c1ad8ac66c91ad301cefc322ba2adf31,4.764403
2018-06-17,c1cf8f51eac90b1ff478250b3d35c37b,0.82285416
2018-06-17,c1dfd7dc17df380ed269d0fc905f6e22,2.3981364
2018-06-17,c211ff3068fcd2f8898192976d8b3a32,2.56457
2018-06-17,c3097e07a0a5de0d4b4c836d90c5a284,2.649446
2018-06-17,c3798d484fb730f0b5c23af0d5361595,1.1418473
2018-06-17,c3ba4e8d3cb30049213b682e751e9d00,9.89246
2018-06-17,c44343d9d6d3551e161f3c72bfcbfc3b,1.2937953
2018-06-17,c4baedd846ed09b85f78a781b522f126,16.245226
2018-06-17,c4ee4437696f1885d323b41852fedc8c,1.484384
2018-06-17,c589625c8ccc7bfd2e8f1fb041e24c4a,2.8077033
2018-06-17,c5cc16e72344194c359106a8061c83f5,0.73273474
2018-06-17,c6336fa91fbd87c359e44f5dca5a90ed,18.292995
2018-06-17,c65f71634a9d0de5b4a1d7dbb6d3ae01,1.6066844
2018-06-17,c68252426f70e1434cf6e465d7cae869,2.1161063
2018-06-17,c706d50b57c9e83293c2586d01f32445,5.484458
2018-06-17,c7287c42473206267a78a2189981a42e,15.381605
2018-06-17,c756c946d61f5ffc068418badfb6302c,0.882005
2018-06-17,c8cfa622661e047ea2499f8bce4731a5,2.218589
2018-06-17,c9c95f9e62d83a9d190792abc83f6811,1.1683607
2018-06-17,ca5c923962558430573f83661dbe36d6,2.3327844
2018-06-17,cac9e5692471a0700418aa3400b9b2b1,6.4198303
2018-06-17,cbecf0dca7a42c56c9ad9e20c74af1fd,0.9480894
2018-06-17,cbf5cf4e5d906cda4c6d91d5b7b15e8b,1.5451772
2018-06-17,ccb162ed569f47d83f62aebd5700d7ad,2.428412
2018-06-17,cd48f265a63e13b762601f5f794c5fca,7.4022436
2018-06-17,ce0a7865b299f784a6ca12dac0ec8649,0.9935278
2018-06-17,ce6f74096c84567f22728c84f3d6e7fc,2.2810342
2018-06-17,ceb9200bc33732558224476d75815c32,1.0428176
2018-06-17,cec09725da5ed01471d9a505e7389d37,6.0879993
2018-06-17,cf857bce01d442bb8631a548a4432def,8.871833
2018-06-17,cfb763496d9fc48751a27db4fd02aa2d,2.1599216
2018-06-17,cfb79bfbdaf59cfe2e9ae0a071451f32,2.938634
2018-06-17,cfef9c856c09723e61b5eeaed5aa2d55,2.961097
2018-06-17,d011223de539cd224b5c5c8082313d46,2.1183383
2018-06-17,d017a2151d543a9885604dc62a3d9dcc,17.59002
2018-06-17,d04857e7b4b708ee8b8b9921163edba3,32.691216
2018-06-17,d04e48982547095af81c231c3d581cb6,2.0376904
2018-06-17,d103a59e482517dd37f6865b1bf5499d,5.2357235
2018-06-17,d1606c4563d5481c8020de798866465e,0.82307756
2018-06-17,d1859a58e608b68f4066e0c77e526ef1,29.799942
2018-06-17,d1a57f4402dbfe2cb1c271ad0da64311,2.1434908
2018-06-17,d1c427060a0f73f6b889a5c7c61f2ac4,104.21518
2018-06-17,d1e422d44f28b10c3899b6f494142de0,1.1438228
2018-06-17,d285360f29ac7fd97640bf0baef03de0,-6.4058447
2018-06-17,d2f2c2b94c6ac44ece0bd0dd202c7939,1.5481156
2018-06-17,d2f5484cbffe4ca766301b21ab9246dd,2.3732703
2018-06-17,d3257d83b50d04301c9d969a0e2ec4ee,0.9099069
2018-06-17,d339b523c298009f15d242a3a99392c7,2.0616517
2018-06-17,d34ec3c23c142291062f958688a1b41c,1.4338156
2018-06-17,d373a9b9079c251371e94cacf40c1fe7,0.87216735
2018-06-17,d37b48918cb999510be8ea3bfded4c94,0.94149876
2018-06-17,d3e1006ba3735c0d44160026b6e0ced3,2.5759447
2018-06-17,d4e19eb1e5c5d6194af618d3a67de4e6,1.6643682
2018-06-17,d5140e1d258c83a340419c6522c7da22,1.7317374
2018-06-17,d58020f0dc3b18e41728f846f5072a6c,2.9140663
2018-06-17,d5cfc4570ec66c853873c3a7be07e377,0.8840422
2018-06-17,d63c1011f49d98b976c352955b1c4bea,7.8900857
2018-06-17,d6c69817b519edddbf1b289631b7160e,0.68868136
2018-06-17,d70c831282615555625658baeb52eaa6,1.0337018
2018-06-17,d99526b1e4fa5f57b8bde34a7337b5ee,2.2386343
2018-06-17,d9cc920d093a854a2fe69ab26df8f992,0.76808304
2018-06-17,dab2413ead0edda9967edbc9bda2a64e,4.2413025
2018-06-17,dabbb10b2f36548cf2aff2993f4cf5e2,2.405618
2018-06-17,db0e75ba1fc6537d68f2676f3b67d07f,0.9207377
2018-06-17,db6796aa712a2626572bb3d0b9a039cf,1.5821337
2018-06-17,db71a8783ee43c3bb7ac7fe8f0cf9e6b,1.2007968
2018-06-17,dca6d5a73e0fb3c97e3fa17fa7f928d7,1.3041047
2018-06-17,dd1247b741df1771259ee7beb0e4b8fc,0.72507143
2018-06-17,ddceb6eef6af67e9fbbd4c148dbe5fd9,15.08112
2018-06-17,de480e3ae31eea2d2d97d694c43172fc,2.2883031
2018-06-17,def8b2856a5c8fea8715aa849a198cd4,2.9982264
2018-06-17,e03102efbc2229024c89be731f0aedcb,8.157133
2018-06-17,e06f99e79036d681effa3de75989bf22,4.164402
2018-06-17,e070a61270050c4b1b704300f331cca6,1.2599008
2018-06-17,e0cf79767c5b016251fe139915c59a26,5.784654
2018-06-17,e0d64dcfaa3b6db5c54ca298ae101d05,37.013405
2018-06-17,e1c6e79822274bf6763eb127ea3a15ed,11.665974
2018-06-17,e1da6ab77f4859eb17950e5df1c0f815,12.604114
2018-06-17,e224d922abe83aaa3e7c47962cbbe1ff,0.84864044
2018-06-17,e2372fa4eec7531e44bb43844876e25b,1.4157053
2018-06-17,e27bda0525e1555db5e6941211cb33cf,0.9544892
2018-06-17,e2998bdeb405a823c497b3ea4e3f263e,3.3441339
2018-06-17,e2bb00220a167d9e60b6776ac33717bc,5.768367
2018-06-17,e30aaafe45e34ce07003ef0cfcb6e49d,0.91578233
2018-06-17,e320966c24d4de5668a3de9f455ec156,0.89239484
2018-06-17,e389381479408ccdcdd406d8d3049e45,1.8542457
2018-06-17,e3c0fe9e5a36dc645cee4e5a2ec95f60,0.6091871
2018-06-17,e44f675b60b3a3a2453ec36421e06f0f,6.2540903
2018-06-17,e4985e03cd939f1a9f81c65e949f1688,0.80388397
2018-06-17,e4c7ed7a832858c17d60ad5e38b00aba,1.0356405
2018-06-17,e53e557d5a159f5aa2c5e995dfdf244b,31.970943
2018-06-17,e5ae72c62ebfa708624f5029d609b160,3.0142558
2018-06-17,e61c78a7343d82c0539d27df0f7dfc31,2.5718086
2018-06-17,e6fd80a00ebb1a3e0d58a38555fbbf2c,1.6677634
2018-06-17,e70d8bce868310111ec36d96f6d80a9c,0.8431313
2018-06-17,e792f2bb275bdea9b6076c2acbb5abcd,0.7472916
2018-06-17,e7e460583f2b78939dee0f8cd9a619ed,0.85872173
2018-06-17,e84997d75938765ef99930f908ceedf4,2.096099
2018-06-17,e85d91619b497e98754390b6198a9818,2.1359618
2018-06-17,e8ac63e69971f9cf0bd7a7f78b8841ab,1.076449
2018-06-17,e9dd44f105ffdcb98405c94f1d0bbdd9,1.0228419
2018-06-17,eb54d6afabdf1f96c248b81dec8f180f,2.086278
2018-06-17,eb8c629f70275fd1c4f809116cce1efc,15.910296
2018-06-17,ec7dad92a5f70cbc21297b16d7a2be96,0.9550519
2018-06-17,ee0324bc19887939d7d0fcfca68ee955,1.0466145
2018-06-17,ee0c1cf2fbeae95205b4aa506f1469f0,5.9435563
2018-06-17,ee5329ffbe604bebcf84b2fd7792024e,9.2893305
2018-06-17,eed58af018f022f0dbd193a8e81b9321,0.8971086
2018-06-17,efa490145b5cc82438b6a6de691535fa,1.4135542
2018-06-17,f0f34793b31e7353a0d77fed40bdb196,0.83182424
2018-06-17,f100f4ee5e2b55d163a3f7c300c24d26,0.74885845
2018-06-17,f159439c5c382fae366d444e05c590c1,5.790659
2018-06-17,f19ff6e54cc3bbde7ea7d0ff820b7072,1.0102538
2018-06-17,f282b8032570cf3ce692b8ea7e1b6c53,5.095213
2018-06-17,f2ecbb02b6da187a9f14b8ac5781faec,1.5614015
2018-06-17,f303e2cdf0967ef1a153d12f2685d280,1.776482
2018-06-17,f35927953ed82e19d06ad3aac2f06353,2.3592346
2018-06-17,f40e67d9fbad11e25f958cc8b534af73,1.579725
2018-06-17,f49e985b4cb2d0543890d6dd00077663,2.7411556
2018-06-17,f521813909e310116b6b2f0b11f3dd44,1.4319108
2018-06-17,f5b952758d88a5995ae5c8208a63b913,3.932615
2018-06-17,f745d28cf673e9022060c31f7f11218e,1.0369205
2018-06-17,f77dd338d9f75229a09cbb9a18fd0c9a,1.596084
2018-06-17,f7ffa4d2418f29ea48467e55f3a770c2,0.8021238
2018-06-17,f8077831f3c3f393fb67b93c5acd8daf,1.2908541
2018-06-17,f8763c8e0ef828c6d393b091888f9eb8,2.0700603
2018-06-17,f889fb87b505b73de10c18b93352469f,6.138878
2018-06-17,f89ebafd68e36c290966602cfaabb585,17.283678
2018-06-17,f8b624d4e475bb8d1bddf1b65c6a64f6,7.4281898
2018-06-17,f8c2617f62d3371e14acbe60d9483482,1.2150935
2018-06-17,f95dcd7b0926e47d0f20a9050aea2e9e,1.9511995
2018-06-17,f995f36cecde1f56edd98fc83b2b0b41,0.9963564
2018-06-17,f9b178c9fdc90bbcfbd6c6b49ed47d4c,1.4651517
2018-06-17,fb55982be901439613a95940feefd9ee,10.597361
2018-06-17,fb979d44fd4269b2ea30e300b66c89f3,1.8518199
2018-06-17,fba0ff1228b20d1487817897f5265a77,0.8273874
2018-06-17,fbc1488c1a1e72ba175f53ab29a248e8,17.281223
2018-06-17,fbce4c4cb307679d89a3bf3d3bb353b9,30.046345
2018-06-17,fc1d8637c0268af3db482c14b7ef8e75,2.6677783
2018-06-17,fc7138a8f96aee8302e42916bbbbb818,1.8259339
2018-06-17,fc8595227785863846b7daa2ae3f2c9b,-0.112572126
2018-06-17,fc956e40e1a0ca9889d2e182aa6fddd3,0.93649304
2018-06-17,fd85f34d70edf41fbea6a3269d183e00,1.0782546
2018-06-17,fe077ec80df6b4ee60bb4498d5ab1962,2.1134338
2018-06-17,fe0c30fb2df4e35bc7319b277ddbdaa5,0.8653037
2018-06-17,fe9dfbe7f974621789683b7b78be2a16,2.2520847
2018-06-17,ffc9caf33e2d1e9f44e3e06da19085f7,2.625
2018-06-24,00250175f79f584c14ab5cecd80553cd,8.592942
2018-06-24,008cff0e5792219fae03e570f980b330,2.1487026
2018-06-24,00905d58c87afcbce21420b3712cacaa,0.8616039
2018-06-24,00fefaf41156bb4b0d850fb27da97897,1.0762341
2018-06-24,0152f69b6cf919bcdaf117aa8c43e5a2,13.369305
2018-06-24,02a0c276d5a252215b48269dea73a6e7,1.5250117
2018-06-24,02ed3b595447e948efc3eac897e4df0e,2.432565
2018-06-24,02f8dd9b448d3ec2c73e65a22da1121c,1.0462074
2018-06-24,040fe1cdb263eb2c9b1322875b0afcb7,0.86500007
2018-06-24,044f05bc9de36e8a693a83e4bc79dd0d,4.4825983
2018-06-24,054515fd15bc1a2029f10de97ffa9120,18.658274
2018-06-24,05f9d035b92494874148f32f940b0f4f,5.1542497
2018-06-24,060c17562f97e5bb60bc0dfa4dd5b3f2,8.962076
2018-06-24,060e9bdedfae37724dbce0b3270d76ae,1.0037045
2018-06-24,060f0122cdc8f25db4a0d7359fdae7b0,6.0094414
2018-06-24,0654d3c1e3efc7e7cd9dbde9cb743df2,2.7310717
2018-06-24,06dce482ace017e78349b6f1fa83a022,1.5361235
2018-06-24,07821918ef487fd64eb20b3c8aeb897f,4.001639
2018-06-24,0798196b28c04c8e543322896c882902,1.4461571
2018-06-24,07a0953e98e93b89605297afa2d62c12,0.9149305
2018-06-24,07bcd890d449e493b4ec23d05a9e40ee,0.81887186
2018-06-24,08a58dc963320d6073623382b9ceb920,2.775519
2018-06-24,08bcc2d85da3a9c0e2ac1cc28b67418d,1.0375522
2018-06-24,090621b8ea8b2c856067283a91b493e9,0.80377793
2018-06-24,09278667a33779be5996a7df729db8ae,1.7190582
2018-06-24,094e4f4d501b5a6ec753b60a940b069b,1.1819346
2018-06-24,0a407038cdb51df51fa8d01c54fa05f0,1.0735985
2018-06-24,0a4f9f421af66d2ea061fbb8883419f7,11.966238
2018-06-24,0a5a41c678bcf81e041826bb24eb0b01,2.4690316
2018-06-24,0aabfb375647d9738ad0f7b4ea3653b1,9.166589
2018-06-24,0afe6af6700e5ff3b7b6f08a0b12ce71,3.4507856
2018-06-24,0b6a32b32a7dc68b12e8a0e0805c44d5,0.9533795
2018-06-24,0b98b002389531232d83d333e3883dd0,4.6539245
2018-06-24,0bbdc963004d9b2fd3427ee3c5ae3608,3.6475525
2018-06-24,0bcc3eeca39e1064258aa1e932269894,7.183272
2018-06-24,0bff7ada15fd3840490f79b2612db33b,0.9722133
2018-06-24,0c2b45d82e82097170c709f30037dcb7,0.86583054
2018-06-24,0c94697916cc03dfc45581f1e3d96c10,0.80094826
2018-06-24,0d2865788d929343bde828269ea3dd8e,0.9262566
2018-06-24,0d85c435fd60b277ffb9e9b0f88f927a,18.399242
2018-06-24,0dadef6ed70b861b14eddb3a3ca6b73e,4.705068
2018-06-24,0e2d365a247d105fefc31b17ab8706d9,0.5211107
2018-06-24,0eb8e03d4ef83152c4642b606b5bbdec,2.8960218
2018-06-24,0f56d67a1f266a9cf5af6ffd7895bed6,0.7919367
2018-06-24,0f9df08ca6757f6d5158b71f5d307724,7.618292
2018-06-24,0fb4287d451ca41ec9311a82fd9599a3,0.8381248
2018-06-24,0fe922b7f7d43ef454bbc241416e7401,2.6810868
2018-06-24,10698a66d71ebd12be9e8c39302c74b3,0.85727984
2018-06-24,121f7f44c9e25be4873ca9296542ebd3,17.264088
2018-06-24,12f066474dfa3c415c169051c5e1967e,1.5719032
2018-06-24,145978af3e89b318be0b717a0953649a,2.9707735
2018-06-24,154e7e31ebfa092203795c972e5804a6,14.282589
2018-06-24,157ee978f4fcdf8984b0bb33a6687fde,1.7090287
2018-06-24,15994dc9c5505e5feb9780945ed1cc8a,0.86500007
2018-06-24,15de022edf1005363381e66bed514528,1.0043986
2018-06-24,1613b819ab5dae53aead2dbb4ebdb378,6.2850766
2018-06-24,165b735d5e65bee3592afb5d43af3397,3.3505697
2018-06-24,169837a0e2864f37482261c3d7a2dd80,0.85816795
2018-06-24,16ed6a6e3fce23b741650437fe58d65b,2.0472867
2018-06-24,173e9fe34bfe97f3a5e6dc57fe897b74,20.906479
2018-06-24,177d3d5bb9d4d29222a222e3b3554f41,5.1986494
2018-06-24,17878434ca0082537806de545c2f0351,2.9289317
2018-06-24,17ad136b7421ea8690fded631b651158,1.4998392
2018-06-24,186fe07c8b8005ec6a498587ffbc1352,2.1963346
2018-06-24,189f163ac190749c553a4835c22aa3a8,2.6439128
2018-06-24,18b0e642cbae7251e60a64aa07dd9eb9,41.943977
2018-06-24,18bbb32704d17a575910a8cf8089bce4,0.89689255
2018-06-24,18f6ea7e8cff29f8053baac6762449f9,4.3385005
2018-06-24,19c91ef95d509ea33eda93495c4d3481,78.19247
2018-06-24,1a96bfd3ef9221f2775d1eccd98a7f17,3.568542
2018-06-24,1afba77281863ff27193802145134d47,0.75029796
2018-06-24,1b2066a33aee5851ee3e44b10b36b3c8,25.99191
2018-06-24,1bfb290d7273a442c874dbe74b4abae6,23.804237
2018-06-24,1c4dbd58e9b07007a271122f96bb0add,0.939381
2018-06-24,1d3ecbda18167c766a3381fd16108e4a,10.234232
2018-06-24,1d7db62a21ffb4f220d3e8a05fa77e02,1.5239087
2018-06-24,1e291c0c369924c39765c90de669e4b4,0.9617873
2018-06-24,1ebde342c905182ffc07333fc569c590,1.7860152
2018-06-24,1ee194d6fcec9e4cbaeef1a99a6911a2,0.865956
2018-06-24,1f75be631e988bb0ad750e60e18d043b,1.4555033
2018-06-24,203086d8efe5991e11ed8f673bd18d64,0.9969688
2018-06-24,2044a12ee7346af1ca8f9357bea3fea2,0.774971
2018-06-24,210927ec4e766c525d07a1c17d4bb578,1.0105652
2018-06-24,213e2ce140e9d3ed98d1a89b6cbca7c3,0.8865452
2018-06-24,216bb0e0cd43ffd832e0973d35e0377e,49.72727
2018-06-24,225f4fe326aa42f164181adc215bcd09,1.678019
2018-06-24,22a8168cf1f1c6347da8d29863b7f75e,0.8183399
2018-06-24,24c9d329963373e2fccaa3f3204db19e,0.7576998
2018-06-24,2722b7e5f68e776d18fe901638034e54,8.562655
2018-06-24,281bbfe70848e0b304bef88fc2caf2c3,2.223995
2018-06-24,28beefcab28e6a3b659bae1bf1cbe453,1.4682093
2018-06-24,28e1e01400863d6035542c650bc72be4,1.8324392
2018-06-24,28f61ad35fb219e9debd750a73b63985,0.43851817
2018-06-24,299f75185c7f6f9b711b15a5ddb77e56,0.68539554
2018-06-24,2b4609f8948be18874494203496bc318,9.618214
2018-06-24,2b849e71ada03a262ef4338a7abd8b79,1.5417173
2018-06-24,2b939dc9b176d7fa21594d588815d4a4,1.7595819
2018-06-24,2be2be0a6a5916840503fdf50808ebcb,1.720762
2018-06-24,2c0c951471371afa81e47d7bf8d20522,1.9227082
2018-06-24,2d760d94cb67db3551e9a01ceb060161,1.8754325
2018-06-24,2da57168cd8fff36cb88b21369ce7e6d,1.007169
2018-06-24,2daba1ba2b585317701770c97f0a3c0b,1.0016363
2018-06-24,2dcbb450bd8303344a342b60610f3d22,1.0135128
2018-06-24,2de5c479fb0c490a0f2a2f3ab36e71b6,1.5306891
2018-06-24,2e513e110e3f95926fa3d1ac44444ff4,2.2009053
2018-06-24,2f13d1dc8b4e1d9d8027be50339546a9,6.3751154
2018-06-24,2f2eee65fc4cc4a5ee8362730719d290,0.8263291
2018-06-24,2f70195374f6c3d3c6542edf5bd17c8c,0.8732619
2018-06-24,2f9d564b8e623fa218326d48f71c5764,0.95454335
2018-06-24,2fd89f236e3e8f4b81b7b74f09f40186,3.5083404
2018-06-24,2fea0f2cec6b6324a277d4a61c2ed2c6,113.92184
2018-06-24,2ff17002562478fb03cd44f09e7ca51a,1.4409298
2018-06-24,2ff995aead9c63a1f37a07b3664ead37,12.851906
2018-06-24,2ffdf10e724b958c0f7ea69e97d32f64,1.9818776
2018-06-24,2fffbf105cbbc6e86144f00ecf571635,0.9550519
2018-06-24,308a7360ee2e0ecfb6aa7708428692af,1.3249989
2018-06-24,30f2abe62a0f5fb21e4361e83e19f3d8,1.4060249
2018-06-24,310b40ec41fbfc061e5309006482e68a,1.4598391
2018-06-24,3220cbacf7d9905cc63c2920c3dbd13f,0.876941
2018-06-24,3225c54bb2785c33f49f50398fcdb88c,1.9964421
2018-06-24,3258acb04d37e2f91f76c9250f3b80a0,3.0229359
2018-06-24,32aeecc02aa5adcb7f75155a80a47836,1.453401
2018-06-24,334995514673fb6bae67885458b52984,0.8394483
2018-06-24,3354a4e684f5e7199f9407db70ccd92b,2.5111806
2018-06-24,3362ea39c2b9a88dc82f2cd6f6838bcc,1.9377129
2018-06-24,33ba4b29d820b397054cc97e892ab1bc,1.89331
2018-06-24,3489d3fae282f7944399bc697554a1e5,0.99357253
2018-06-24,349ce46a0e2e20054aa9d80c48af8816,11.205329
2018-06-24,34e4f6bc7f4c44bdc0581b78aba124e1,1.0231384
2018-06-24,351cd19d35f2421c5419da9032a19856,0.9273864
2018-06-24,35537536ed2b4c561b4018bf3abf54e0,1.6828625
2018-06-24,3554200c1d7f3b4b39a0ae68aa1c0a54,0.8700684
2018-06-24,35afc973633aaeb6b877ff57b2793310,7.3141704
2018-06-24,366fc6db2f1be11fe79d739bc5c69799,5.0358677
2018-06-24,368c6c730842d78016ad823897a372db,7.4622955
2018-06-24,36f60d45225e60c7da4558b070ce4b60,7.29696
2018-06-24,37bd6327d499dd991f2da7681625bb3c,1.7843455
2018-06-24,38db388d2fc1b20662fcfd3f38b0be28,0.9102872
2018-06-24,3931aaf38ba4cc928100541ff51b82ff,2.4557505
2018-06-24,394b16cd32e9f883365dd7ebac4edbe0,1.4619892
2018-06-24,39a4610d926a93fee7cfa54319ac3515,0.956719
2018-06-24,3af6d5f9fdb78f106c003ce49d7f0186,1.4906765
2018-06-24,3b10cf7d1e08c598428ad6eb7c59d09c,2.6665814
2018-06-24,3d3c4219b64b1a968490e7bdfa43bf1f,0.7743012
2018-06-24,3dd2a17168ec895c781a9191c1e95ad7,107.34136
2018-06-24,3e87e743e56d7fbf4bb9b67399b99a9d,0.95516276
2018-06-24,3f1a741cf5591384428c1cbb0ef07ec0,2.2288632
2018-06-24,3f212fef0e1f11b343226b633f0426df,1.5412169
2018-06-24,3f3695c50cf443bfc1058ce0c8ab6a46,1.4575115
2018-06-24,3fbc0ef745950c7932d5f2a446189725,50.24135
2018-06-24,4013f49ee9fda2d3eb99e7923cba7982,0.4181174
2018-06-24,4167a7ae0930579d1f27d465a1a042f0,0.7215986
2018-06-24,4178e16324fd0c9a8e18463caf390cc6,4.1530395
2018-06-24,417c36fe8603e10f20aba1359eb8e2f4,1.4974599
2018-06-24,41b821274ec513636f9144375c9f9031,0.84412104
2018-06-24,41c24b8ce92d1a2cac62db5edfd088b2,34.298176
2018-06-24,41db6d8062fcd38410c699743ccc0265,6.920356
2018-06-24,423a6644f0aa529e8828ff1f91003690,1.9941471
2018-06-24,423b46d7ff817b1cd19ab195c7b76546,2.201452
2018-06-24,4298b7e67dc399c200662b569563a2b2,25.536236
2018-06-24,42a2efd39155b59e16bac90081495285,0.7970555
2018-06-24,42eb5329dd0ee3d76d135ce04c84451b,1.489027
2018-06-24,42ec84ace63b58b8c5a7ba7be01d5fb8,1.7360352
2018-06-24,437c05a395e9e47f9762e677a7068ce7,53.423435
2018-06-24,44a36ac829dfa2dace1d880985b71344,0.9087717
2018-06-24,44d097d59e8430f88a67517cd0c4f865,1.9722974
2018-06-24,450c25d98ed6923154a934554475bf13,1.4473796
2018-06-24,4520766ec412348b8d4caa5e8a18c464,3.8591795
2018-06-24,452f66a0f164cac57802e2cea93188ac,0.8826417
2018-06-24,4534bceddbf90ce5876ec482cc5c74d2,0.5578436
2018-06-24,4697e1b622324d38a8989bff2bdc1c84,0.98055035
2018-06-24,4713819035a9ef628d084f8ff4fa71f2,0.8700684
2018-06-24,47ab4924a51b711db100f100e9246dea,0.67597324
2018-06-24,485977d79fe47209050d22d220aaab7f,0.8263291
2018-06-24,49eeae59754cbcf1abeeffb8f51184ee,3.4881923
2018-06-24,4aa6014eceb682077f9dc4bffebc05b0,3.2497756
2018-06-24,4b6b3a7072d549354c3743dedbf4170a,1.533507
2018-06-24,4c2a4020fcd651812100ebbeac1b2753,0.8756508
2018-06-24,4ce9ab528124f89e091b17d11aa2e97c,3.6288977
2018-06-24,4eea8502d7c2de8da6eea6bc6243b50c,1.0678973
2018-06-24,4f0abfbee7569e43b80f9aaa256a9bf8,2.1247973
2018-06-24,4f18ca9862f511ecba98258b2194d061,44.99643
2018-06-24,4f288e27579d68e616d2712ad669f99e,3.0593522
2018-06-24,4fe644d766c7566dbc46fb851363cb3b,12.263979
2018-06-24,4ff38de0673d41a0da1499e300720ef6,11.730363
2018-06-24,500870614ddcf5bd84f7d26861026c8a,6.6026006
2018-06-24,5101f008a270fb10336de6703f32221e,0.8420424
2018-06-24,51ff0a0f61611dfa94e43c834c949dd3,0.87124616
2018-06-24,523786e175df56bf2e15436a6da66a5b,0.9252932
2018-06-24,52c80cedd4e90108bf4fa6a206ef6b03,3.6740344
2018-06-24,5328338cfaa16ba10561cd970c73ca11,2.10151
2018-06-24,538948f39142c635d3132846c820e211,1.001529
2018-06-24,53b36df67ebb7c41585e8d54d6772e08,32.55392
2018-06-24,5403528d987ad26e8d7cb25940411987,1.1659273
2018-06-24,542a646898298499b45840efc15775e4,0.94381756
2018-06-24,54d9ac713e253fa1fae9c8003b011c2a,16.964146
2018-06-24,5568499d3c902609fbaa24d6639ef909,1.5878282
2018-06-24,55b71bf300a2765a382eaec566df531f,3.6955707
2018-06-24,57d79905de06d8897872c551bfd09358,1.4186537
2018-06-24,57e089e3103f5cda6a4ce23b77399bdb,2.8825524
2018-06-24,57e1815b050566a793e010162f765cdb,0.8263291
2018-06-24,57f2bc497c1a3ebe41ba7a06d78ed159,3.0815659
2018-06-24,58727e154e8e85d84052cd22b0136c84,1.2645133
2018-06-24,595fac2a385ac33a80bd5114aec74eb8,10.353255
2018-06-24,5999995b8f64d769dbc6f592b86d6f8a,1.3854837
2018-06-24,59f09deeea7c839a9212a19f3416b892,1.4985179
2018-06-24,5a70be99a3cfa4c98cb636c42fc32635,0.725278
2018-06-24,5ab535a49436f1b34f5b83ca7375c4ef,0.89651746
2018-06-24,5abb262996451f878f52e83d721e74dc,0.493222
2018-06-24,5b0b1b9c6b42c532349cfa6d0d5bfa58,0.8145541
2018-06-24,5babb170cd172ec25690087d7018f26c,0.95961165
2018-06-24,5c3aca5c078a343b3b873362e7ac2fcc,2.3611894
2018-06-24,5d6bea33648f018dbb563f3a2fab09f3,8.245651
2018-06-24,5d9805d8578300114d104afcfd6e6b39,1.1454103
2018-06-24,5e3b4b17383b90a3129e552bd71bf2b8,1.3728671
2018-06-24,5e5d267a41f3d8bb608c2f0bd4b4972f,1.4359707
2018-06-24,5f42d57952b7815098979a5c4fa6f82a,2.1861963
2018-06-24,5f622da714951c5ae86acf68c0a03d30,0.95961165
2018-06-24,612c7f49d1026f7beded75464b574f81,1.4904541
2018-06-24,629e019a6f298a83aeecc7877964f935,4.304748
2018-06-24,62b0e890638d64f8e51e7418813fea07,0.9208408
2018-06-24,634256dbcd184b3757ffd7632c9fe52a,49.934944
2018-06-24,6463e442310f2f4f321c83a32d8c662b,2.5863314
2018-06-24,65266b2da20d04dbe00c5c2d3bb7859e,4.6600876
2018-06-24,65aad7866bb1987f122e668fa84040f4,0.9579395
2018-06-24,65fd9b358b7ee029fba34839e9c35fdf,1.7514069
2018-06-24,66421745b3128972e1b0dcb3123e8c1d,1.6825511
2018-06-24,668b1e2b9471f837ba1797832e3f2012,3.339739
2018-06-24,668e8ee8f69c3545109fc40f72336e8f,4.3003273
2018-06-24,67bd616e1ba0d3d3e8545f3113b0140d,8.648078
2018-06-24,683647534fe73616ae97d91a6ef253f4,4.523898
2018-06-24,68ad45d48d69404aeb71ce87e1b2c948,0.90476155
2018-06-24,69268ea255c0a531db56f066777fdcf1,0.887736
2018-06-24,69d110cc75a123721c86bcfc77fa8afb,0.9067541
2018-06-24,6a0f59f3946c8169999e2fb7e946ac96,2.652723
2018-06-24,6a31191d5ac5852b0478f6e245ac5b02,1.4873617
2018-06-24,6a767a963418d92134920e184e918517,0.9105457
2018-06-24,6a8631b72a2f8729b91514db87e771c0,4.392601
2018-06-24,6aa8f339965debf52a549f8aade6d068,1.0422975
2018-06-24,6adab229374835b551f6402e0dc53267,1.9057099
2018-06-24,6c50c87e36d8641d67fbcceed5cfec5e,2.0758595
2018-06-24,6c8b2975a4a05d1f36948b20753b29ca,1.5616125
2018-06-24,6cc44821f36f3156c782da72dd634e47,4.7551546
2018-06-24,6cdd53843498f92890544667809f1595,13.841067
2018-06-24,6e263657e75994ff623356f9cff692db,5.03918
2018-06-24,6e415cdc78febbdbe465df65d52dbc19,2.6057801
2018-06-24,6e7f4ae007302e93c5610894712289bb,1.5649731
2018-06-24,6eb70dfb283dc3f645ed7b03c990dc72,2.0824838
2018-06-24,6f0169f259bb0ff432bfff7d829b9946,1.1702154
2018-06-24,6f28f90ba66cfbdbe2b962446a0bec69,0.9073822
2018-06-24,6f3b5b605d91b7439c5e3f5a8dffeea7,20.88242
2018-06-24,6f46359e56f51d5deded13adcd1c255c,1.9231935
2018-06-24,6f58431a7150fa91bac9f28f5454a8e8,0.86548305
2018-06-24,6fd08d44046ab994b96ff38ad6fcfba1,3.0814471
2018-06-24,703d742887bb9267f89b675608ba7aa0,21.945927
2018-06-24,704ef63ad0ac345842ea734060a83db2,2.7594945
2018-06-24,71191d3e8768745afc1c290c63f6241e,1.2946926
2018-06-24,71a5f1c2a5fd9889ef26b5ac22aec9c6,4.6873465
2018-06-24,71a7800a633691de8ecdd17463335e2e,1.9460925
2018-06-24,7230cb7a5b93cff3d0869183495f053f,0.996182
2018-06-24,72ba1b1e37ca92467fe787728625c76a,0.7769146
2018-06-24,736f1b87428f9cfe5f5184c4ac0fbe05,1.3338815
2018-06-24,73bcea88583002fe12b7399af4ae60da,12.3947115
2018-06-24,7435b3acc47c0cccaf692a61002d8908,1.6729841
2018-06-24,743c14ed5f01c78944d28320cb2cb8e2,1.0119829
2018-06-24,7564c1759c04fc0a38f2aa84f7a370ee,7.295356
2018-06-24,759a621a474d573cb8c2e402a51955bb,0.8732493
2018-06-24,759c85bda80286f647f1f71b847c6457,1.6961339
2018-06-24,764292b2b0f73f77a0272be03fdd45f3,2.6635396
2018-06-24,7650dd3b2dc10798a8cbccc78d9e6e3b,0.96088934
2018-06-24,765828bfddc553298bd28c90187d5aaa,1.0265346
2018-06-24,76d1a1a9d21ab677a61c3ae34b1b352f,2.6487827
2018-06-24,777d2e438a1b645f3aec9bd57e92672c,3.1186082
2018-06-24,779dd392d4fbe5ca656bf3ceabecbf0b,2.176441
2018-06-24,77fdeb8d4f7502f75b6779205f30a875,1.1092362
2018-06-24,78119fbfa709d07b86f5ccf15043c6d6,1.5444148
2018-06-24,7814c273ab16783d73a9863ebfa8b141,3.4227648
2018-06-24,781afe929e3016a667f5f439afd55fce,26.27451
2018-06-24,783caabd539c4079ec08423e30719fba,1.6566707
2018-06-24,786248c98cab9ad5cccdb751909da1af,1.1017331
2018-06-24,78efe838c04bbc568be034082200ac20,24.500864
2018-06-24,78f29023586e374cdc3773ce0af6bd2c,2.6923828
2018-06-24,79366d6a24de9351b7ca6e3cf75a68ec,2.1255476
2018-06-24,79da264732f717f10ebf5d102aa6c32a,1.9750524
2018-06-24,7a49adf051c1e6fc5b639a98d17756f0,0.92876565
2018-06-24,7a5d0e89d069c89b2112e9da539343c2,5.088866
2018-06-24,7ac5f520abfc0589418bc7c76cea7a7c,1.1004373
2018-06-24,7b1f2b12d9bcca133f8df7a53b55db6e,0.9673968
2018-06-24,7b31b39ebebeb8282009c48e5587b1d0,0.90629894
2018-06-24,7b44e5ea770ef06810f5df89006cc8b2,4.599677
2018-06-24,7bdb28a55646012fb3348058d629d9bc,1.5370606
2018-06-24,7c1bd920dbdf22470b68bde975dd3ccf,8.188398
2018-06-24,7c4a8bec217df1de0df2b5aaf8175b65,2.5196488
2018-06-24,7ce57d3b4580add21034625c406cfd6e,0.5618113
2018-06-24,7f457254a89d62960399e075711b3deb,3.1653805
2018-06-24,7f72a8900b3d2fc8fa2635b7836d6e6e,6.2153435
2018-06-24,7fb04722aba7a2b632bac8f9819796f3,7.777692
2018-06-24,801e1758675639e98967a271d92f4054,0.88861513
2018-06-24,80736543f7c5c511bccb61d1544d9d0b,0.8841153
2018-06-24,80a08e4dfa5115b34f674eca035a01dd,0.77844864
2018-06-24,817e1c2d22418c36386406ccacfa53e8,1.5126386
2018-06-24,81b6c7c058add831803fcbba6dcc1df2,2.9387138
2018-06-24,827c4a77226a3e7ef259d61eaa775df9,13.390073
2018-06-24,82e7ca24faa9dc9a072f94e0ac420c95,0.9099035
2018-06-24,832b74a0faa3b602a48e0f20990adaf7,1.647372
2018-06-24,83aae8023b8feda53259f63e0ec06390,1.2387608
2018-06-24,84f456958365164420cfc80fbe4c7fab,21.732159
2018-06-24,84f5c4f480ad6c9998d6a6860f1a2e41,2.3647337
2018-06-24,85b6cd7f57f7a06d180c93e8c74f6381,1.0520335
2018-06-24,864413ca56c2bcea359a213956a922c0,0.86500007
2018-06-24,867b820367ec206b38a357f2c12454b7,0.9533864
2018-06-24,867dda95bbba37fe56fa288449fa122f,3.7441664
2018-06-24,868b3136c5b206f91b8208fbfdf2cb7c,3.3112116
2018-06-24,87283a98b24f9f1ac3a31b631073cf47,1.8021861
2018-06-24,87716aafd7c6269cddb3403f85e4102e,0.8074616
2018-06-24,87aff1d9a5e94db6840c5b963a5cef90,1.5146713
2018-06-24,87cc2aef12eddf0b170234138b0946e0,1.5527862
2018-06-24,87d780fa7d2cf3710aa02dc4ca8db985,1.7516953
2018-06-24,87ea2f45559e10519513a20b24147316,1.7994032
2018-06-24,8828464e34fc3da3892f568218e14d61,2.8093777
2018-06-24,88fb259945a739dec6cdd001e2cbad55,0.8909414
2018-06-24,89005f5c60b53829a9a617fe5e292221,0.8011457
2018-06-24,8922a988522761e78f0444350218e73b,32.87673
2018-06-24,89321f94e35fc6d7903d36f74e351d40,20.88807
2018-06-24,89427567da9c9b075c9dca131535104d,1.4213101
2018-06-24,8983a3b149303c013fceabef902e835a,2.6035726
2018-06-24,8af5b5f4f89849cc4dce36dee73dd9de,1.6711843
2018-06-24,8b45810da2ef9860496d56f62435fc40,1.6110628
2018-06-24,8b50a72d52d7a91fb19d19fbe069e2f2,4.25425
2018-06-24,8c591ab0ca519558779df02023177f44,21.648882
2018-06-24,8ca6ebfd6293a5b03f104d27c4945718,0.88589925
2018-06-24,8ceb6a29cf065f382c7b8cbc9fea3a84,0.8574844
2018-06-24,8d4dac6177fb8134f26fb4c5cc6c0aff,22.08017
2018-06-24,8e382dedd9ae71943f9a70f6725b748f,1.9682434
2018-06-24,8f211599d0cde9d8551a6984d758e1f4,0.70982957
2018-06-24,8fa67e5cb309b9cd7b4438e15948bdb2,5.853527
2018-06-24,907578486a0740d13bf3a595047b3549,0.879047
2018-06-24,90d11936871062d5cb6d23175734ea91,4.507696
2018-06-24,90efe66f56959c0750c866fd59f9f92e,0.71681356
2018-06-24,914c9e9af640dd56f48764a225b00f89,1.8821591
2018-06-24,91b08d34d0ba4db44da2dc382867ba49,5.7232833
2018-06-24,91c82ace62e0ca1b69b1a45bcc214b45,1.1680231
2018-06-24,920840f7899b13c467d223950c89e9e9,1.536503
2018-06-24,9234cd3c6bd121932ef77a39d6d87893,1.7823529
2018-06-24,928e52a9ad53a294fdcc91bcf59d1751,47.634552
2018-06-24,92f699740f5a71846565fa8a6f0bbcf4,0.961128
2018-06-24,936a034fe3b07b7ae7c87fc8ceb0749d,1.4035447
2018-06-24,93a12c289ca2b78e7069e469f5053ef2,10.838232
2018-06-24,93c902b021a9e594f658ab1b0351602a,11.265152
2018-06-24,94475071013412139f862c0bd7e3bb37,3.0633295
2018-06-24,9478ba3a27de728ec65cf5048a23f34c,0.4076032
2018-06-24,9523f1a3e7db9e38d55379435bd450c9,1.5366861
2018-06-24,952e73f7e8bee61569a32b35c19bc981,1.4119197
2018-06-24,9565229244e9341fb8c8069879cf73cd,1.3646983
2018-06-24,95e25af33821b9d231e06f1e7cd34d4e,1.7340133
2018-06-24,95e67a8fbaf668c2d060eb3938a0c999,1.0411391
2018-06-24,9613dd0d7c6c50922dbbda403223381c,0.9397606
2018-06-24,962a6951154f98f2c8e9a5b8b2bcf4a9,52.456856
2018-06-24,962fcda8dd2506e82cb237b3efb5ba5a,1.007169
2018-06-24,96cfc21d191df7257d9a6dfef4d897fd,0.9768586
2018-06-24,97170c28efde1b426f1c52348fe1c086,1.2011619
2018-06-24,9739d07ec835e1c66eedb9a6df402bd5,1.2047065
2018-06-24,97407223aaefebbaeb89d285e7c64f75,0.70734584
2018-06-24,98190f6a2c3253d07ca86525bb238162,4.4945984
2018-06-24,98224bfc1eaadb3a394ec334c60453ff,94.43792
2018-06-24,98ec655119c24de03b804696821f3955,1.2956216
2018-06-24,98f867248b7d5c7262dea39dfe1d74bb,0.8765353
2018-06-24,990d135e28e075648cb7d83198fdccf4,11.856285
2018-06-24,99a4788cb24856965c36a24e339b6058,104.71652
2018-06-24,9a4b54310a69c82a6773791c9099e109,13.082732
2018-06-24,9ac1378f05cd222b3fb34a3cccc626c7,24.335331
2018-06-24,9ada4c8f4e072df42ff63b30520b6975,1.9338074
2018-06-24,9af7b4a3262141c12ba9bd489a8573c7,1.4911181
2018-06-24,9bb2d066e4b33b624cbdfec7d50b3dcb,1.5542983
2018-06-24,9bfc55df037ce3ac01bfd84781adf7e5,1.4432542
2018-06-24,9c31382f02ac001fe1a33a466471d98c,0.94851124
2018-06-24,9ccf11289147e5277b022439b4ea1f20,1.0506495
2018-06-24,9d7e2c8835276b06ea5facb880789f4b,0.69904745
2018-06-24,9db0afe3dcd2942f8bef6f7195b9a2e1,0.86500007
2018-06-24,9ea1152d6d52dc57ab2ea49aa626adc1,2.8059816
2018-06-24,9eae06d51aaa383b2bed5547a19d581c,0.8834842
2018-06-24,9f3d5786e5d1ed02ec2d0a91849f64a5,0.7154817
2018-06-24,9fab8bd1f9c69cf2301b8ad3bec47480,1.8537526
2018-06-24,9fe172fa8e662ca8572cf12abf8bce23,2.223995
2018-06-24,a03e401d58a45187271718c5d7610422,1.3000205
2018-06-24,a0b7d5a992ccda646f2d34e418fff5a0,1.9877195
2018-06-24,a19b6951c75da43aad691622dd2f6abe,98.36124
2018-06-24,a1e903cd2d23763ef8b85ec12eb79d9c,1.3992045
2018-06-24,a272b490eba6b022384f14ecb9afc7a9,0.84229845
2018-06-24,a291cc846d74d97f01611894f983073b,2.2509239
2018-06-24,a2c75a23c2f838881dd4275c0cec519f,1.4687009
2018-06-24,a2da86fa759178e9e58e54aa1a144e59,8.137385
2018-06-24,a39cc58c1b5926b6f9f378daa89f1315,4.3515954
2018-06-24,a4c27cf9767fe2b589251c764b891eda,0.88064605
2018-06-24,a54f350cdb1f303fe39221171d003852,1.3724021
2018-06-24,a59fb60fddcc72a9878b7ed5cb69d8e4,14.135326
2018-06-24,a5ae8400fc9fcacd4af585a57bbf264a,2.0949059
2018-06-24,a5db7a80a8d9c9d49050360fceb6ffd4,3.1768773
2018-06-24,a5e537da8376b8623758e0186bfa400f,4.3487425
2018-06-24,a60613d36f37a7b27d3344f40f6a7945,1.3792851
2018-06-24,a62e25e09e05e6faf31d90c6ec1aa3d1,416.06284
2018-06-24,a6509ce76da01c1027fea6d7aae4099d,0.7862547
2018-06-24,a6ad77b15e566298a4e8ee2011ab1255,48.17886
2018-06-24,a8075470f960215ffb67624782f80fec,2.135209
2018-06-24,a8d30122a99d04c7437d4e7b022a7231,82.64101
2018-06-24,a8d952e8e5436a6fe36d24c402d100de,1.2725816
2018-06-24,a92930c327948861c015c919a0bcb4a8,77.931175
2018-06-24,a9c07eb189dfb45ac5652b6a82f7b008,0.86091334
2018-06-24,a9ccb9dca11ae8ca804b47417d0411f2,2.2503996
2018-06-24,a9e1f2fff48f21f5e6fc9dce739e1160,0.6545577
2018-06-24,aa53b7499856e6df13008f34100cc336,4.0544024
2018-06-24,aa70ae9ee9a798d44ae6e00ce6d82cb1,2.2736962
2018-06-24,aa70c29cc4b519f080d45ba24d79e144,0.9145624
2018-06-24,aa8d88eb4b9cb38894e33fa624c4287f,1.8206884
2018-06-24,aadff88486740e0b0ebe2be6c09476ae,2.9114277
2018-06-24,abc3432ff825d8e524db1d4eac6d2099,2.817238
2018-06-24,ac44def10e24998cdee20a208d691127,2.4267917
2018-06-24,ac50a885bf3b6a817bf6a0a2f1e27af4,0.99591595
2018-06-24,ac8d637154b9a2717786c0f933d4c7da,1.6509668
2018-06-24,aca2eb7d00ea1a7b8ebd4e68314663af,1719.855
2018-06-24,acd87806fdeb28ef871e3a33bddd93a8,1.6565198
2018-06-24,ad0a798e7941f3a5a2fb8139cb62ad78,2.0870855
2018-06-24,ad88641611c35ebd59ecda07a9f17099,2.4896054
2018-06-24,ada6a9116c85d8e56232e0a4265d7db9,0.7762188
2018-06-24,ae7fbf136a49b58f2d38fafb2f3205b8,0.7458665
2018-06-24,aed4b8c10ee4d129b9db14174ca6f4d9,0.89182425
2018-06-24,aef74719b37c2e1d6be96b4e50495ad0,0.9846171
2018-06-24,af2d506fb01b724e03591349ad36b67e,5.176858
2018-06-24,af940e731a7251787895cdd64cfc3f21,0.9993537
2018-06-24,afe91b92e9fcb77e66f33901b67c5cf5,0.84412104
2018-06-24,b0528299d65ab35e3ed853f6a853b8b8,0.96088934
2018-06-24,b0961721fd839e9982420e807758a2a6,17.71351
2018-06-24,b114bf337c0626166abe574eee9e3f32,74.26615
2018-06-24,b192be433004cc1f10b467c0e9ea309b,20.482973
2018-06-24,b41bc92e95bff65143623215ead52dba,0.8021383
2018-06-24,b4bcc9155de9c60e343ecbff22b86dc8,0.83724064
2018-06-24,b586bd078d2983fc172740035eb9cd3b,0.9277194
2018-06-24,b5aebb467d9a92162173cbd234e00d99,3.2090752
2018-06-24,b5f7245e14a8a3d52f0a6e468971e6d9,0.95977867
2018-06-24,b60c241f66e031959b70e1c60725f0bc,-0.6320085
2018-06-24,b7a812ed1b86b3b00e566dc29ba7ec7c,1.5650063
2018-06-24,b84520a57891e7a8ae2c68741dcc7146,2.3624744
2018-06-24,b8b426747049f2d3d6e00b486d47dedb,2.9124916
2018-06-24,b92a7304ebad1ca5b393b53b2de5c70a,3.0988417
2018-06-24,b944aabf1fc45c01599ee96c7f4d533e,1.4990392
2018-06-24,ba4a91633739ceceb2b73b627e2cfbc3,3.8950396
2018-06-24,bacf2de8920bbcaf6f005a30d81391d2,0.8128157
2018-06-24,bb463a67fa5f529fed44b2a697346c4e,0.93018854
2018-06-24,bb50f2e236e5eea0100680137654686c,17.26272
2018-06-24,bc072f287b475a918c00b3478d1bcef9,0.86181563
2018-06-24,bc4c74766d34e4f4f9b803e75d1e689d,0.8702801
2018-06-24,bcb73e60afae97b054a92e2a80759091,0.85597104
2018-06-24,bce474cc95b6e77657e10939b0b4248c,3.9637256
2018-06-24,bd6e6fce9ada76ea2db0f1912e8e478f,5.478833
2018-06-24,bdcf6a834e8faa30dac3886c7a58e92e,31.24191
2018-06-24,bebd360fe73dc670fd6439e9b943ceb7,0.9533795
2018-06-24,bef82b9c3489736794c29f6d4a686ca6,1.0174861
2018-06-24,c0350d6ac413eda4641bf92ab687f1b5,1.4637537
2018-06-24,c077c1ab5ccc8f57fd2fb6fd2f0b03cf,0.9002887
2018-06-24,c0abb5707b6d57b4e7d9797222a77fc8,0.96641386
2018-06-24,c0c5899d3df29722ba3f12be79dfeb10,2.7275248
2018-06-24,c10a7001e8b49dfc03817444b5f2ed81,1.4958802
2018-06-24,c1678c7353738f1698430b8ea0d6a488,0.74430144
2018-06-24,c1dfd7dc17df380ed269d0fc905f6e22,2.3875728
2018-06-24,c211ff3068fcd2f8898192976d8b3a32,2.4097333
2018-06-24,c3002d67c0b8c6449c3a80c1556ad8c5,0.9846171
2018-06-24,c342f482010f1ec6d94f55102e4994b9,0.8355352
2018-06-24,c3602326cc2e91dc18ad2ae9a575b5e7,0.8108544
2018-06-24,c3798d484fb730f0b5c23af0d5361595,2.9510374
2018-06-24,c3ba4e8d3cb30049213b682e751e9d00,3.3316915
2018-06-24,c47696608d548c9999a92966e435b3f6,0.94022983
2018-06-24,c4a235a34fa3361e6746f11175504a94,0.9584478
2018-06-24,c50ca07e9e4db9ea5011f06802c0aea0,12.418362
2018-06-24,c589625c8ccc7bfd2e8f1fb041e24c4a,2.7526658
2018-06-24,c5cd81e7dcab1a6baed9cedff7c531ef,0.6073775
2018-06-24,c65f71634a9d0de5b4a1d7dbb6d3ae01,1.204049
2018-06-24,c695342500b74ff952db47b541726de1,2.3245995
2018-06-24,c7aa6e6a39fc78bf4285e9ec06823bd4,1.0122784
2018-06-24,c7dd80b25977a47ab7ca338ec01aacda,0.80388397
2018-06-24,c8cfa622661e047ea2499f8bce4731a5,2.2114217
2018-06-24,c927fb6e90732272045f357a48eaf58b,0.9046621
2018-06-24,c99666957e5d14717bd1d5ba0fd33f53,0.96579385
2018-06-24,c9c6fde711572c1ad99ca12728c6af00,26.606499
2018-06-24,c9c95f9e62d83a9d190792abc83f6811,0.86320686
2018-06-24,ca0e18cb90ba3928271a3b09d9141dd0,0.94845587
2018-06-24,ca5c923962558430573f83661dbe36d6,2.332481
2018-06-24,caa526308abc9a77d0c56869139dbae9,0.949103
2018-06-24,cac9e5692471a0700418aa3400b9b2b1,12.835952
2018-06-24,cadb69af336c16aba5c5223599821245,3.995403
2018-06-24,cb81df0e3ccece253557f2a07df4727e,3.2178452
2018-06-24,cbf5cf4e5d906cda4c6d91d5b7b15e8b,3.0916338
2018-06-24,cc1cb33bcc814aeaa4631761a34bd23e,1.4976029
2018-06-24,cce55549bb816a12eba7ddfd637a961d,1.6146438
2018-06-24,cd46fbff1f4a0d9b923f70e332add4b5,2.1980314
2018-06-24,ce066f4a83649651549d717c9b566816,1.1923753
2018-06-24,ce6f74096c84567f22728c84f3d6e7fc,6.15057
2018-06-24,ced87016b816472a7e668e311d127ae0,0.8522242
2018-06-24,cf5fb18f3ac3f373759295cc8ba3e2c3,2.9024508
2018-06-24,cf857bce01d442bb8631a548a4432def,4.202678
2018-06-24,cfb763496d9fc48751a27db4fd02aa2d,2.0133471
2018-06-24,cfb79bfbdaf59cfe2e9ae0a071451f32,2.4577007
2018-06-24,d017a2151d543a9885604dc62a3d9dcc,24.329727
2018-06-24,d04857e7b4b708ee8b8b9921163edba3,32.261776
2018-06-24,d04bbac48960ecb7ea311b00ca6e1cb7,3.5507646
2018-06-24,d04e48982547095af81c231c3d581cb6,1.4703293
2018-06-24,d1a57f4402dbfe2cb1c271ad0da64311,1.0085866
2018-06-24,d1a7965ac8d6ae62c9c1984434227cb6,1.4421476
2018-06-24,d1c427060a0f73f6b889a5c7c61f2ac4,68.262856
2018-06-24,d2f5484cbffe4ca766301b21ab9246dd,7.3231297
2018-06-24,d315b738a6e96f4d9710af966cb7cd5b,0.9194994
2018-06-24,d322eb25f02924adba73e58dbc36b29c,1.2143309
2018-06-24,d339b523c298009f15d242a3a99392c7,1.9465512
2018-06-24,d3e1006ba3735c0d44160026b6e0ced3,2.5073702
2018-06-24,d4dccae17c83ffbaafc50d763503e9eb,2.656028
2018-06-24,d4e19eb1e5c5d6194af618d3a67de4e6,1.6199845
2018-06-24,d56c3ea4f42e37bc279359ab8ca16479,0.8008896
2018-06-24,d63c1011f49d98b976c352955b1c4bea,3.8120346
2018-06-24,d8a5b759acaff49096bf67c33d9a9372,0.9771627
2018-06-24,d8f254be723da6488610b42935533b05,1.3748335
2018-06-24,da0d0ec65596b1f14ff4c5d40bcdb452,0.9008966
2018-06-24,da596542f9179c1021970d21d9b53b76,1.0265346
2018-06-24,dab2413ead0edda9967edbc9bda2a64e,7.8795547
2018-06-24,dabbb10b2f36548cf2aff2993f4cf5e2,1.1648029
2018-06-24,db6796aa712a2626572bb3d0b9a039cf,1.6487858
2018-06-24,db8d62bf1bf1d2dd880c99b88ebff3fb,1.8330741
2018-06-24,dbaee28f4ee64465838a229582d77520,0.73252505
2018-06-24,dc52f0f5d3ec37a93eaf956cde4e5d2c,1.6510338
2018-06-24,dce3d94fd2f5d6d78c586d93faa33646,0.86935216
2018-06-24,dd231637766e756fd1cf2fd80501fce1,1.98463
2018-06-24,dd9b00fa5df89d6f25ccdb11d98b0f51,0.9094941
2018-06-24,ddceb6eef6af67e9fbbd4c148dbe5fd9,5.814156
2018-06-24,def8b2856a5c8fea8715aa849a198cd4,1.4786195
2018-06-24,dfe123265435bbc08b40fc418f66d9a3,1.5282216
2018-06-24,e0cf79767c5b016251fe139915c59a26,5.248448
2018-06-24,e0d64dcfaa3b6db5c54ca298ae101d05,16.298887
2018-06-24,e0e2e29a516b06947e388d20aa7bf7a6,3.0464962
2018-06-24,e1da6ab77f4859eb17950e5df1c0f815,14.185404
2018-06-24,e1e0040c906cc890d032092141a9b6de,1.4409208
2018-06-24,e1e932dfb67414e80b87ad97688cf2a3,2.008523
2018-06-24,e224399b59101fa9f7607737c7961f1b,1.1475224
2018-06-24,e2372fa4eec7531e44bb43844876e25b,1.3997566
2018-06-24,e27e689c4ce425f2fe7e2a270fd4d2db,3.927843
2018-06-24,e2bb00220a167d9e60b6776ac33717bc,1.894304
2018-06-24,e3db46616e0d26551a86377bab9b0308,0.7651629
2018-06-24,e482ad963bfb9a9abc51b9850aca97b7,1.4182904
2018-06-24,e4d325bd1eea550509bdbbc5c3301fc1,2.2780755
2018-06-24,e53e557d5a159f5aa2c5e995dfdf244b,103.75613
2018-06-24,e61be15b90a7985c32b0a239e18e07ff,0.88575804
2018-06-24,e707c577789af56087a82650995ed3c8,1.0070288
2018-06-24,e82b2802625252b6d72b3e1d36f82670,0.99212635
2018-06-24,e85d91619b497e98754390b6198a9818,2.163273
2018-06-24,e8f487b9cb03fdb7daf2505822570853,0.87727875
2018-06-24,e94df75b2e9a8b056be0c144a731f55c,1.4247209
2018-06-24,ea5774e69135147e6f0e1eb593d9b105,0.6450118
2018-06-24,eac8b9e1c1eaa41a41acc9f41d1287e5,0.91102713
2018-06-24,eae2dd85f947bc3cd623a4443bc91111,0.8826417
2018-06-24,eb8c629f70275fd1c4f809116cce1efc,19.852396
2018-06-24,ebf5a1e0cf87ae9837d87ab93d47a46b,0.876941
2018-06-24,ec2d43cc59763ec91694573b31f1c29a,15.4590645
2018-06-24,ec5a5cf28e0fbef0c5391157203ab8ce,2.410373
2018-06-24,ec7dad92a5f70cbc21297b16d7a2be96,0.71373403
2018-06-24,ed77034b92386a1a8cfd3c648d715dde,5.476552
2018-06-24,edd087ed331c3ce178ec3489b9ecf117,1.0021007
2018-06-24,ee0c1cf2fbeae95205b4aa506f1469f0,5.4177394
2018-06-24,ee3465de8b8ccf1b5e2f9f966cffcf04,0.8513564
2018-06-24,ee5329ffbe604bebcf84b2fd7792024e,4.348172
2018-06-24,ef7f13c7694be202c48017b71801815c,2.0058851
2018-06-24,efcef300fe9b2c558a8ea258127f6e6f,1.8348169
2018-06-24,efd7af8312533d58ccb5ac26304dd3d5,1.070514
2018-06-24,f152b09d0630df240acc7c63009e814d,0.9273864
2018-06-24,f20135d2d37130bbd6a2a9fa2e501e8f,1.8639731
2018-06-24,f32415d23c358ef1e387a7d329d9ce9f,1.6216787
2018-06-24,f35927953ed82e19d06ad3aac2f06353,2.3592346
2018-06-24,f40e67d9fbad11e25f958cc8b534af73,1.5114852
2018-06-24,f46098048d1a0c30ce1495246b8fd752,1.9026686
2018-06-24,f521813909e310116b6b2f0b11f3dd44,1.2019516
2018-06-24,f62cbf4416c9ef8e1b4e8d5279891f24,2.9396276
2018-06-24,f646af315b0f3a597f69213537ca2199,14.266178
2018-06-24,f68db1bd8309b0f83c38d83717b390a8,1.037231
2018-06-24,f6e6c65001237d8ad94691b224e17753,1.6625291
2018-06-24,f71050e65776861c8c3ec7a2d2b0194c,1.2901039
2018-06-24,f8077831f3c3f393fb67b93c5acd8daf,2.7535257
2018-06-24,f8ca22f13e0b58c30e9a8822f20d9ba9,0.93060154
2018-06-24,f92ffd606b7b4417f1b714ed4b653e70,0.95473045
2018-06-24,f9377612042bc929a4aae64a8dbc58da,0.6058875
2018-06-24,f9421e9d9b4689dd804adbdb8c712d39,0.84412104
2018-06-24,f97f7f15dc57882fed36ae1dc9de8090,0.9416477
2018-06-24,f9be8e0e5acd947d8f49dbc390b9ab20,1.4096825
2018-06-24,fa335dcd3999105b8bfb1ce9300de4d1,1.6034799
2018-06-24,fa381a4a9af65ea5fc8f3829214045f9,1.5129992
2018-06-24,fa7e460c8ef762c029b4042723e481c7,0.80094826
2018-06-24,fad3ac91e2ae2e3e0e3f0bed36a565b8,1.3374104
2018-06-24,fb8e60e1a3c247d3a2e17f6986e71a40,1.4595643
2018-06-24,fbce4c4cb307679d89a3bf3d3bb353b9,19.136623
2018-06-24,fc13bac52be6640d9a77f54894e2c0e6,4.576102
2018-06-24,fc1d8637c0268af3db482c14b7ef8e75,7.3562193
2018-06-24,fc877e6bbeb95de8809398eca3f2a3fe,0.69700396
2018-06-24,fcf6ad274391aea29f5d6e5ef9da5050,1.7970725
2018-06-24,fd7d446e2582c5bbc8be63f9179e98ac,0.9846171
2018-06-24,fdb86e192fdd20037175daab38af9656,1.0909128
2018-06-24,fe077ec80df6b4ee60bb4498d5ab1962,2.0629144
2018-06-24,ff3ec972ebd16eb98d55e8ea2fa255ee,1.9111794
2018-06-24,ffa7e0cbe11656d11a117b534bb1db27,5.0193143
2018-06-24,ffc9caf33e2d1e9f44e3e06da19085f7,2.7815194
2018-07-01,00905d58c87afcbce21420b3712cacaa,0.8666722
2018-07-01,0152f69b6cf919bcdaf117aa8c43e5a2,4.3065424
2018-07-01,02ed3b595447e948efc3eac897e4df0e,2.4973683
2018-07-01,0366dd798c6de7ec8d16c23de6a82cfd,0.730225
2018-07-01,0412ec72192f1d85e92047c0773434ec,3.4362793
2018-07-01,0485eb91cf4786a456d0b61ef9d9183e,0.83922213
2018-07-01,0496f30fa502d5454825087842d7a497,0.8513564
2018-07-01,04ca6bf4b3d9aa78046f0973efe2f4b1,0.9991445
2018-07-01,054515fd15bc1a2029f10de97ffa9120,6.1991043
2018-07-01,05f0fe07929d35be0748fac56eecbeb2,0.8702801
2018-07-01,06e95441ade9262a325f6d5c1561cbb4,0.84543854
2018-07-01,06ef9525b604908b6ef27fa630b4f22f,1.6216787
2018-07-01,077599a82ee54960bc4f4c941b0d1359,2.9438791
2018-07-01,07bcd890d449e493b4ec23d05a9e40ee,1.7501713
2018-07-01,093f502d13b400c7acad57562017a149,0.9884347
2018-07-01,0aabfb375647d9738ad0f7b4ea3653b1,7.5222425
2018-07-01,0bcc3eeca39e1064258aa1e932269894,6.848683
2018-07-01,0bdd9a52d192d64770e33ae559512478,1.2680279
2018-07-01,0c2b45d82e82097170c709f30037dcb7,1.0160244
2018-07-01,0c71252f37443403376d2008034a7240,4.517673
2018-07-01,0cf41187284d7f099adc8415a743ebbd,1.825616
2018-07-01,0d43f8d3ba891d985e8087bf048d3f85,10.348763
2018-07-01,0d85c435fd60b277ffb9e9b0f88f927a,11.0466385
2018-07-01,0dadef6ed70b861b14eddb3a3ca6b73e,4.6070814
2018-07-01,0dce093fc7ec4dec214256df878e3c08,1.453401
2018-07-01,0e0487ef680ae92e064423238d1b4c05,1.328312
2018-07-01,0e2d365a247d105fefc31b17ab8706d9,2.1629865
2018-07-01,0e2d52789a024cfd6f9204778320a8e5,0.9688172
2018-07-01,0ea04fc101523a27bb53845d14d7d809,0.8032182
2018-07-01,0ef509449287240ee39e57b7eb630202,0.735451
2018-07-01,0f6e2c3bbb97980782ed6cb1506f5d95,0.87641287
2018-07-01,0f92f397b79607d4226672220bd7a291,0.9280286
2018-07-01,0fe922b7f7d43ef454bbc241416e7401,5.332426
2018-07-01,10070e29929f7c7d609ee3201f236b8e,2.0406394
2018-07-01,10698a66d71ebd12be9e8c39302c74b3,3.3229299
2018-07-01,111d0b1e69f349615615113cf6b275fa,0.8836698
2018-07-01,11dcc970f7a5581e1bf777b6da3f7096,6.0483947
2018-07-01,121f7f44c9e25be4873ca9296542ebd3,3.3562422
2018-07-01,133f594a246e5c52489304a4b5a39830,1.0050324
2018-07-01,145978af3e89b318be0b717a0953649a,6.0703816
2018-07-01,1501b0033c68a37fa9560033a440e529,3.098953
2018-07-01,1522589c64efd46731d3522568e5bc83,1.0430853
2018-07-01,156fef830e2c8871e3f1bf4dadf8e312,1.4611104
2018-07-01,157ee978f4fcdf8984b0bb33a6687fde,1.7358518
2018-07-01,159ea658243f5e5c4a18fa69d80adc16,1.0646747
2018-07-01,1600dcf1cea8c0c83702e07b577ab231,3.4555748
2018-07-01,1613b819ab5dae53aead2dbb4ebdb378,12.454375
2018-07-01,16ed6a6e3fce23b741650437fe58d65b,2.1100059
2018-07-01,177d3d5bb9d4d29222a222e3b3554f41,1.7224886
2018-07-01,17878434ca0082537806de545c2f0351,1.4118323
2018-07-01,17ad136b7421ea8690fded631b651158,1.4998392
2018-07-01,180fbb426ea5ab0708d43ad3f3839bb9,2.4951909
2018-07-01,181097c3de536f867a3c1dcfb06970de,1.8178602
2018-07-01,186fe07c8b8005ec6a498587ffbc1352,2.170476
2018-07-01,189f163ac190749c553a4835c22aa3a8,1.2814854
2018-07-01,18b0e642cbae7251e60a64aa07dd9eb9,21.231548
2018-07-01,18f6ea7e8cff29f8053baac6762449f9,2.1823375
2018-07-01,19c91ef95d509ea33eda93495c4d3481,57.93499
2018-07-01,1a3577790b3f28eb137b105c4d62ca17,2.0594113
2018-07-01,1a6c9da4039deae58c2b769f049ae121,1.3528175
2018-07-01,1a758361b1c10b3ffe3d3373332de319,3.926377
2018-07-01,1b6033cbf12974cf79c1cccbf8592ffd,1.3174176
2018-07-01,1b861948326326b19c7442789ef59ebb,0.9046621
2018-07-01,1bfb290d7273a442c874dbe74b4abae6,15.821917
2018-07-01,1cab19d5be9a1286428e85aaebf82906,0.5258536
2018-07-01,1d182262154abc7c75392cf645118ce6,1.084728
2018-07-01,1d974de82e60d653a2d1cc79984dcec8,1.5529678
2018-07-01,1db1301d6b2401401a26dd1aabcb809e,0.7367282
2018-07-01,1ecaa47c3ade7f098ca5dd97e8dcb018,0.78855634
2018-07-01,1fb344134cd7164d32dea4d87ba3ec5a,2.9046295
2018-07-01,205204e979a44d5dca4251324f853a46,1.6867113
2018-07-01,209699610264262664b7357184f3b83f,0.7636663
2018-07-01,20d6d5469584eb71125803455ccf914a,0.89272344
2018-07-01,21767347dfdabbe42b3ca5846a4cdb48,0.83323973
2018-07-01,21b524c4c060169fa75ccf08c7da4627,6.1420336
2018-07-01,21d2fdced5c69bfc6539b67908a4ad28,1.4841899
2018-07-01,22a8168cf1f1c6347da8d29863b7f75e,1.7073226
2018-07-01,23227b07fc69250d2fa4be6602011aea,1.2815286
2018-07-01,23384f296aa1bf6461d22912093a9847,1.4747331
2018-07-01,268feec11ba1349f37164ab1b833aae8,0.8863334
2018-07-01,26a6aaf337b078349b5ec749be2e7a5e,0.976111
2018-07-01,26b2a480ced2900a62bb9431133e95aa,4.147665
2018-07-01,2722b7e5f68e776d18fe901638034e54,5.6201887
2018-07-01,2722b86640ddc24e1374c2df1ac2a230,1.399114
2018-07-01,282dcadbd8c61f52f06a8ae802b54ee6,3.1612513
2018-07-01,28bc7d95951d962dd5cdda791e07b56f,1.6335022
2018-07-01,28beefcab28e6a3b659bae1bf1cbe453,1.5350975
2018-07-01,2a5806f10d0f00e5ad032dd2e3c8806e,2.644515
2018-07-01,2a7841348f24a00ee83641784f88f9b4,0.9252943
2018-07-01,2ace3826b9a1b13030adc77ae9ae7902,0.95193595
2018-07-01,2ae5ed1d99afbb14a8b24041a81df16b,4.6466837
2018-07-01,2b4609f8948be18874494203496bc318,4.452007
2018-07-01,2b7fd8137a4b6427e3547cd05d3aca49,1.0429511
2018-07-01,2b939dc9b176d7fa21594d588815d4a4,1.7595819
2018-07-01,2ba4dc95f18bb2bedbef662cb24de95e,0.7178099
2018-07-01,2ba4f78910f6fe61e7ae7bfa4efe2726,3.2455583
2018-07-01,2be2be0a6a5916840503fdf50808ebcb,1.7241582
2018-07-01,2c3dfe5b09e660349378f30d628d70bb,0.8172982
2018-07-01,2c96824d8716171d254d8177e6a232e7,0.57729703
2018-07-01,2dd91cf063cf57cb0eebef072746daab,2.5202072
2018-07-01,2e513e110e3f95926fa3d1ac44444ff4,4.5626173
2018-07-01,2f5895fbda5cbf713513c5b641383a97,0.7637988
2018-07-01,2f785af0f4f132585052347521b90b29,0.8966885
2018-07-01,2fea0f2cec6b6324a277d4a61c2ed2c6,71.43048
2018-07-01,2ff995aead9c63a1f37a07b3664ead37,6.72257
2018-07-01,31b8e7c2a22f3dba5183cc110bdd72f7,5.0141506
2018-07-01,31d6f0a621ee145ae8c70304cf564483,0.92965263
2018-07-01,3258acb04d37e2f91f76c9250f3b80a0,3.0405803
2018-07-01,3354a4e684f5e7199f9407db70ccd92b,9.79755
2018-07-01,349ce46a0e2e20054aa9d80c48af8816,5.4945955
2018-07-01,35537536ed2b4c561b4018bf3abf54e0,1.5111009
2018-07-01,35afc973633aaeb6b877ff57b2793310,6.479928
2018-07-01,35ebf08a93899d44e756809e11b14754,3.6801882
2018-07-01,363218ba55c610b750224f90bdd34be1,6.7759485
2018-07-01,368c6c730842d78016ad823897a372db,56.447304
2018-07-01,36f60d45225e60c7da4558b070ce4b60,8.33059
2018-07-01,378fed7e555fa94c149f571bba1d71b0,0.74012434
2018-07-01,37aad66f525d46bbf7e3925d4491cd09,1.039555
2018-07-01,37f4d0bf85fbf875c920d460766d6a5c,0.7458665
2018-07-01,389d119b48cf3043d311335e499d9c6b,64.16886
2018-07-01,38e1784cae89a04473ff96b4ae246419,0.9960662
2018-07-01,3a806ac1ab98107febb4ffcf38bc1fac,2.0029752
2018-07-01,3beef4346c92eb0b4ad0b7d025dfe15b,2.7121077
2018-07-01,3c5559ffe829dd89665484c98f0c4e18,3.021481
2018-07-01,3c59055b72a9160589590ca99611487e,8.918697
2018-07-01,3c883b9d3fd2d0ce448d4136349dc0a4,3.1107
2018-07-01,3c9ddb88ecde498679b5c3b5f9b0a213,0.7721418
2018-07-01,3dd2a17168ec895c781a9191c1e95ad7,86.75205
2018-07-01,3e0ca14990ca0de11f16f0dd5595c1b1,1.0156747
2018-07-01,3e6d2bde9274ac275013aa90d7e2bf16,0.76546645
2018-07-01,3f0376e782caf27ef19342d8e5c7e6f5,0.97219443
2018-07-01,3f1361100ad34281edf04ce745f62b89,2.8053339
2018-07-01,3f212fef0e1f11b343226b633f0426df,1.4466655
2018-07-01,3f24e35922fa51c0626c7c51d2f3a9a4,0.6603203
2018-07-01,3fbc0ef745950c7932d5f2a446189725,53.323742
2018-07-01,3fc00af0f0a8d4ac2933d3900416c977,0.6694122
2018-07-01,3fea39f18b756acc072ecde595f7f8fa,0.9499835
2018-07-01,404c6e8590cbb06f8c5e911d8a90b1e5,3.226187
2018-07-01,4178e16324fd0c9a8e18463caf390cc6,1.9330842
2018-07-01,417c36fe8603e10f20aba1359eb8e2f4,3.0070949
2018-07-01,41c24b8ce92d1a2cac62db5edfd088b2,20.926313
2018-07-01,422879e10f46682990de24d770e7f83d,521.14703
2018-07-01,4231002e80d2a25aed31d65b4b91f479,2.0700514
2018-07-01,428f11967f2d855633c7857078c16fd6,1.0231384
2018-07-01,4298b7e67dc399c200662b569563a2b2,52.718273
2018-07-01,42a953368300be8c91cc2fc62fda2aba,5.573429
2018-07-01,42d1fff9f30ad3e2fada37eb95868fe6,0.9513343
2018-07-01,42d3ba4dd1a78c5ba05ccc0d3417706c,1.9946127
2018-07-01,42ec84ace63b58b8c5a7ba7be01d5fb8,3.5376444
2018-07-01,437c05a395e9e47f9762e677a7068ce7,177.03595
2018-07-01,438b5ad4eda7949fae4a4b834a69bcd6,0.9588665
2018-07-01,43b54d1fc56ff394092a3dff6be2d39f,1.4546216
2018-07-01,43ee88561093499d9e571d4db5f20b79,6.1490726
2018-07-01,44523a5e61f0a718c2231922b8856ad7,0.86181563
2018-07-01,44d097d59e8430f88a67517cd0c4f865,1.9722974
2018-07-01,44fc450365728c413fefc547592626be,6.699471
2018-07-01,4520766ec412348b8d4caa5e8a18c464,3.9140365
2018-07-01,45ae343d4991cc21e7ec0a775239402f,1.0853165
2018-07-01,460a66fcc404a3d7306d5f50fcb2d18a,1.8212051
2018-07-01,485977d79fe47209050d22d220aaab7f,0.8263291
2018-07-01,49b624365d1b55a1747aedf255a15e62,0.9579395
2018-07-01,49cd59957f1c81427ca0b2edf5696969,1.5829041
2018-07-01,4cce3fa9fee9eb2361e0b9bd32516958,0.9222444
2018-07-01,4ce6c1b5cfe26c9f980438fc1c810f8d,4.100137
2018-07-01,4d012181c7a23a79f84dc6cdd1cb1c04,0.7743012
2018-07-01,4d071a22b9cc548b64a75075a4c63151,0.8475172
2018-07-01,4deb009c36a910076a023947a7929201,15.303763
2018-07-01,4e0dbe365a79679e8072f9ce716d3f5d,0.83984935
2018-07-01,4e1346d7b7e02c737a366b086462e33e,6.9764953
2018-07-01,4f288e27579d68e616d2712ad669f99e,1.3156791
2018-07-01,4fd6ec612afa6f67b850b157f00a3368,1.8532683
2018-07-01,4fe644d766c7566dbc46fb851363cb3b,17.704916
2018-07-01,500870614ddcf5bd84f7d26861026c8a,3.3099265
2018-07-01,51d35e4714b113bccacfe7248a13375a,1.1042904
2018-07-01,51e8feeedd83467b86a79aa2769367c5,5.317438
2018-07-01,5237c554fade603fbb83dcbcdadcdaac,0.729897
2018-07-01,52c80cedd4e90108bf4fa6a206ef6b03,14.511945
2018-07-01,5348b1bdd951b67a4d2a58992e2233ed,0.9262566
2018-07-01,53759a2ecddad2bb87a079a1f1519f73,105.18148
2018-07-01,53b36df67ebb7c41585e8d54d6772e08,165.51749
2018-07-01,53d8ee87caa1a2320c66074ff9c99e61,0.86500007
2018-07-01,5403528d987ad26e8d7cb25940411987,1.0090797
2018-07-01,542d6af4881a5a647cde02c201f43916,1.0342691
2018-07-01,55782ee5db5083e1e3bb2dbb054fdf49,1.3118958
2018-07-01,55bfa0307d7a46bed72c492259921231,0.8966885
2018-07-01,56e841b3011bbc87265ef5c05544e7c1,1.1064659
2018-07-01,57ba9fd4b96512b1aced2dd46e1aea68,0.91408443
2018-07-01,57d79905de06d8897872c551bfd09358,3.601969
2018-07-01,57e089e3103f5cda6a4ce23b77399bdb,5.7205224
2018-07-01,57f2bc497c1a3ebe41ba7a06d78ed159,2.7248902
2018-07-01,58727e154e8e85d84052cd22b0136c84,1.3205429
2018-07-01,58a56598bd27e4169dd5ab99d2eee335,0.7495582
2018-07-01,593236d0ff46b4299b4787fb8d43f7f0,4.3021283
2018-07-01,59536eeb13a52ef81966f81b91fb481e,38.685284
2018-07-01,595fac2a385ac33a80bd5114aec74eb8,4.9678125
2018-07-01,5999995b8f64d769dbc6f592b86d6f8a,1.3854837
2018-07-01,59be0d716996dda6b7d60b3e839efad3,0.7769146
2018-07-01,59ebd2c07d59483d0855b5b3d5e18728,1.552348
2018-07-01,59f17be62604541797d4df87ae80cf73,0.9134155
2018-07-01,59fb1c8d9f3640a622cf774c3867e170,0.934613
2018-07-01,5ab535a49436f1b34f5b83ca7375c4ef,1.012869
2018-07-01,5ae2f57d379f89f995f9444cdb6d5c60,4.765874
2018-07-01,5b3b5f9ae84ca9ead3138b199420cc94,4.157342
2018-07-01,5bd7e57735a44e529bf066fee83a9c60,1.8721298
2018-07-01,5bfc7506459ae2a7b4b573fe557a58e1,1.5810922
2018-07-01,5c2bb11cf2149bd4d9fffcc1246458c3,2.198586
2018-07-01,5d4259625c11acce3dcc39c169037a9a,3.9583151
2018-07-01,5f42d57952b7815098979a5c4fa6f82a,4.27707
2018-07-01,5f622da714951c5ae86acf68c0a03d30,0.9737667
2018-07-01,6001f761aeace35d6f7a724813b4a098,0.9296922
2018-07-01,612c7f49d1026f7beded75464b574f81,1.4904541
2018-07-01,616042729c11849827291496b18e9ec5,14.01644
2018-07-01,61d01171a3784bab50137290350e5332,10.713114
2018-07-01,625dac8156b3157351e7257305148f3f,0.9139987
2018-07-01,62984ea1bba7fcea1f5b57084d3bf885,0.83478105
2018-07-01,64315bd8c0c47303179dd2e25b579d00,1.4090288
2018-07-01,6456fdf43df7d711b98d91fe574e43d4,1.7858093
2018-07-01,6463e442310f2f4f321c83a32d8c662b,1.2647082
2018-07-01,64fb265487de2238627ce43fe8a67efc,8.413041
2018-07-01,65266b2da20d04dbe00c5c2d3bb7859e,6.8772388
2018-07-01,656e0eca68dcecf6a31b8ececfabe3e8,46.797295
2018-07-01,668c1d83312f239e50994fbb06aeb4dd,0.7769146
2018-07-01,668e8ee8f69c3545109fc40f72336e8f,2.1989813
2018-07-01,67bd616e1ba0d3d3e8545f3113b0140d,10.556369
2018-07-01,681953ccd5c33207d75571a4bfbe127d,0.9550519
2018-07-01,689c51a11e9c5daefc1f9b0782e28fcf,0.90038025
2018-07-01,68ad45d48d69404aeb71ce87e1b2c948,1.7072306
2018-07-01,69455f41626a745aea9ee9164cb9eafd,7.514276
2018-07-01,695c34c5771cca25ecdc04d24a9b49f6,0.99574834
2018-07-01,698b3ddae2f0b80c2a48fb40624ca4e4,2.7435348
2018-07-01,6a1c65dbbecc1ece8c22856122a774ac,1.4324535
2018-07-01,6a29caa68d4bc5536b4447c25de4c937,0.98515946
2018-07-01,6a8631b72a2f8729b91514db87e771c0,8.248166
2018-07-01,6ab9d49c399f239bc88ea28c7568213f,1.4977645
2018-07-01,6abd84909e8ed79ef808c16f90b91093,2.4417996
2018-07-01,6ac3978babf6ca76087369391bb6ce5a,2.3916676
2018-07-01,6adab229374835b551f6402e0dc53267,1.9057099
2018-07-01,6adc47df234495741cc1af4ffc25b58c,0.84229845
2018-07-01,6ae3f85f46a37844372252496c77b4d8,1.435313
2018-07-01,6c50c87e36d8641d67fbcceed5cfec5e,2.0758595
2018-07-01,6c81db10f914c4d032b14fa93aa0a818,2.2323062
2018-07-01,6d0d7c2d9a4b8b79dbc12c47c74349dd,2.056947
2018-07-01,6d6c510f2222e168bf3b6b67e24c9535,27.714027
2018-07-01,6e423c2d28bfb207e1fd1d6e1df84721,8.216095
2018-07-01,6e835aea84ae8eb68b8c14878dd43b30,2.7091036
2018-07-01,6eb70dfb283dc3f645ed7b03c990dc72,4.1074467
2018-07-01,6ee79a827c36202118501870afb17875,24.593603
2018-07-01,6f2af80a4dddb41170c1afe551f88765,4.383492
2018-07-01,6f3b5b605d91b7439c5e3f5a8dffeea7,9.6896515
2018-07-01,6f46359e56f51d5deded13adcd1c255c,1.8792142
2018-07-01,700e755cb2df115278726cbf8cc322fd,0.9688172
2018-07-01,7046a5632fbe7baa273b14b3253e1547,0.69202864
2018-07-01,7088744b00831b410bd17716cb578f39,4.6386
2018-07-01,70bf4f61950297cf24e18a9b84c3208a,1.3891755
2018-07-01,70f408ac32f2b337c6a2d82c98886aad,1.1804136
2018-07-01,7148a8f67a1564b5a6c5944398357e18,1.8314105
2018-07-01,71540d636652fc682032d3b3c0a180c1,1.3506101
2018-07-01,719d571299707561c34ba04ab867b32a,4.9822664
2018-07-01,723f62c36c298037716bf60c0ad0df3a,0.8381248
2018-07-01,727a46f0b58a9ef165af9f7ebcfebfa9,-12.655637
2018-07-01,72b253635b316f49e42e618d6e585ebc,2.7507546
2018-07-01,72f78c618c8f81c2b8f0ffd2a51293b4,0.7373923
2018-07-01,73bcea88583002fe12b7399af4ae60da,7.9435315
2018-07-01,7416f209ecc901d8c6c64377f12cd1d5,0.8538963
2018-07-01,7435b3acc47c0cccaf692a61002d8908,1.6729841
2018-07-01,7564c1759c04fc0a38f2aa84f7a370ee,11.135521
2018-07-01,75b433ca888fe027b18dfac89a284667,1.6214226
2018-07-01,764292b2b0f73f77a0272be03fdd45f3,2.7740023
2018-07-01,7650dd3b2dc10798a8cbccc78d9e6e3b,0.905632
2018-07-01,777d2e438a1b645f3aec9bd57e92672c,2.8595726
2018-07-01,7783fe1498ca5fafb9bb45c8a1d117e4,0.5735434
2018-07-01,779dd392d4fbe5ca656bf3ceabecbf0b,2.4301074
2018-07-01,7814c273ab16783d73a9863ebfa8b141,6.459654
2018-07-01,781afe929e3016a667f5f439afd55fce,5.362268
2018-07-01,789ad1b65fbd127472ba15371dd1144a,0.9604187
2018-07-01,78afca59cc52394bc61491aa56f77d6e,0.95473045
2018-07-01,78efe838c04bbc568be034082200ac20,33.468933
2018-07-01,79a0f9f823d85410833d712d89666717,0.37564892
2018-07-01,7a3bc1b5f3ad201ecd5d03d51d34bedd,1.5028198
2018-07-01,7a5d0e89d069c89b2112e9da539343c2,5.3378973
2018-07-01,7b1f2b12d9bcca133f8df7a53b55db6e,0.8564306
2018-07-01,7b44e5ea770ef06810f5df89006cc8b2,2.1390452
2018-07-01,7c1bd920dbdf22470b68bde975dd3ccf,8.744869
2018-07-01,7d4293d63939e17d3b331866cae7735f,94.295135
2018-07-01,7e48d9554094858ee2269c4ef809f50e,2.9406514
2018-07-01,7e503dc4ddcb4b145a8bb4c00a7c3249,0.8077782
2018-07-01,7f064525eaaa1ce9d22c085f7ff5413a,1.283763
2018-07-01,7f457254a89d62960399e075711b3deb,1.5843883
2018-07-01,7f72a8900b3d2fc8fa2635b7836d6e6e,12.5829735
2018-07-01,7f97636768f5bb7b8f2843974b48a1e8,4.5811787
2018-07-01,7fb04722aba7a2b632bac8f9819796f3,8.545492
2018-07-01,80d3aeff2ab6c9d795010c029dbd5ddd,0.7344834
2018-07-01,810e2944bca9850b934e1570ba372e7d,12.5684185
2018-07-01,811ea06b526cf16fd375cbabb9b8a99f,0.80273545
2018-07-01,81b6c7c058add831803fcbba6dcc1df2,1.472753
2018-07-01,81c6b0f031d89938fce1df449b3b464b,0.88111675
2018-07-01,82a61259a621866c4ba63743da29a342,1.5955645
2018-07-01,82cef15a4bafa854c7a2a2c9854b7e44,0.88068974
2018-07-01,8317b177579dd27ff068b83205e2169b,2.443501
2018-07-01,839321c2db7b3b3eaff4944c3b052ecd,2.2446563
2018-07-01,842fb98abb484ddb50b2682d0be9c3f2,0.88182044
2018-07-01,84f456958365164420cfc80fbe4c7fab,11.123657
2018-07-01,84f5c4f480ad6c9998d6a6860f1a2e41,2.3647337
2018-07-01,85d619318aa201aca57171aabeed0048,1.039555
2018-07-01,86c43103446290e7efacad3701cd654d,1.969432
2018-07-01,87716aafd7c6269cddb3403f85e4102e,0.955332
2018-07-01,8828464e34fc3da3892f568218e14d61,2.5716481
2018-07-01,887c03038c774a15272a3e75ca7b4fa7,5.2843995
2018-07-01,88a3a882d28c386d79c18ac2141eaea1,0.7587359
2018-07-01,88fb259945a739dec6cdd001e2cbad55,1.0939678
2018-07-01,89321f94e35fc6d7903d36f74e351d40,39.00376
2018-07-01,8a12c0e223d9dbd49ccfcd2ad25d1b30,0.9601152
2018-07-01,8ab83b53b9a953395f4f21f0b1a845ef,5.8352036
2018-07-01,8ae7db511529da9af9685c9d0375bd82,0.9244661
2018-07-01,8af5b5f4f89849cc4dce36dee73dd9de,3.5796409
2018-07-01,8b27cbcf8e5472830ab6ec2bd7a6b867,0.2609529
2018-07-01,8b50a72d52d7a91fb19d19fbe069e2f2,12.265741
2018-07-01,8b51c6ccc9c0548c951214e1cd1547ff,1.4085408
2018-07-01,8c591ab0ca519558779df02023177f44,11.003681
2018-07-01,8cbc8c6a8696b2ff8e6999b709b3d068,0.9674915
2018-07-01,8d139b1550c8cc91a3babc9cfe9fc147,1.3893468
2018-07-01,8e6dfb07d2c8f0e078107d9e8d3559af,0.8267869
2018-07-01,8ed094bfe076c568f6bb10feada3f75d,12.883214
2018-07-01,8fc803c7d0a99a53798c7896a7c1e93c,2.709328
2018-07-01,909b87db6cb3a7ab26bd03cc59860136,9.754806
2018-07-01,90aa2ab699cd0e459be93124aa91c82f,2.4248886
2018-07-01,90d11936871062d5cb6d23175734ea91,1.5098494
2018-07-01,91442659f31ec0f0fc73215e77854fac,1.0244249
2018-07-01,91846781ef75057e134949400768e272,2.0421407
2018-07-01,919b08607e72077425654ac5fc0b5528,2.0740755
2018-07-01,91c82ace62e0ca1b69b1a45bcc214b45,4.0107584
2018-07-01,928e52a9ad53a294fdcc91bcf59d1751,43.58813
2018-07-01,937c825572d26b9e5a723527c6d625c6,1.678543
2018-07-01,93a12c289ca2b78e7069e469f5053ef2,19.528917
2018-07-01,93b513d693c7e922381d6aec80dfb639,0.89689255
2018-07-01,94475071013412139f862c0bd7e3bb37,3.1598382
2018-07-01,947f602dbb2ac7b6795cc5b1f0508a52,0.8865452
2018-07-01,94cff684a6f115a32507988ff6541801,0.9846171
2018-07-01,952e73f7e8bee61569a32b35c19bc981,2.9871387
2018-07-01,9545d45c37449ccbc376de3a04c66e71,2.5855095
2018-07-01,95e67a8fbaf668c2d060eb3938a0c999,0.9499835
2018-07-01,95ed9ac528aa2547407e6dff356c12ba,0.7919367
2018-07-01,9613dd0d7c6c50922dbbda403223381c,0.8474374
2018-07-01,962a6951154f98f2c8e9a5b8b2bcf4a9,27.026442
2018-07-01,962fcda8dd2506e82cb237b3efb5ba5a,0.83880293
2018-07-01,96530fd162c17a87b70830cc5fb0f45c,1.1213238
2018-07-01,968996bd8988520a2e0e9e869819fbaa,0.927848
2018-07-01,9712e67c33f564648b46afc6505db72a,0.85875785
2018-07-01,9749139e09929de55d37e68e64b89706,2.3557508
2018-07-01,9766505cde62429c3629bb6411cd9dc4,1.6752442
2018-07-01,97f1396a5a1f7c07ba51784efdec44b8,20.42669
2018-07-01,98a4301b1aacd45984603af55b7a1de4,26.281801
2018-07-01,990d135e28e075648cb7d83198fdccf4,8.261735
2018-07-01,99a4788cb24856965c36a24e339b6058,27.093521
2018-07-01,9a0620ddaf3055b7e588e936e036a529,3.3115227
2018-07-01,9abef3ac1829af69f004c3dcbba958d9,0.8233992
2018-07-01,9ada4c8f4e072df42ff63b30520b6975,1.9338074
2018-07-01,9afc7bd1c6286201ccf4bf74ffc9ce6b,0.92740494
2018-07-01,9b5a5d9bb3fee413357c176ff3817567,0.72847736
2018-07-01,9ba0a80d7ee6698a4ff8af48e37ddcbb,0.7880915
2018-07-01,9c31382f02ac001fe1a33a466471d98c,1.7492402
2018-07-01,9d5aabe3e3265ed911b2a85d14474635,0.8840586
2018-07-01,9da950e8c8c482441f1b93955b21c827,2.0754917
2018-07-01,9ddd762ee8a13576a809dc66f22aa2b5,1.4632353
2018-07-01,9f10eed205ecad4edb9002f9d0b62ac8,2.1340606
2018-07-01,9f6621f95877826c7f967b6c4e7979b5,0.9639057
2018-07-01,9faa5e4f81da9a1b33f8d8f3ed90e89a,1.207073
2018-07-01,9fe172fa8e662ca8572cf12abf8bce23,1.9862664
2018-07-01,a01c3a8e3ccddf44069c082b1590f19a,2.313643
2018-07-01,a02d0123079f4ae96001ba2010d1a2df,4.0374737
2018-07-01,a03e401d58a45187271718c5d7610422,1.8837779
2018-07-01,a05b734b423527efdc1917e441f19234,0.8756508
2018-07-01,a0d20b18f2a06b34206ba5933b4ec05b,28.04042
2018-07-01,a19b6951c75da43aad691622dd2f6abe,36.62195
2018-07-01,a1b5a3e2a2233424b6c4ce31f31aa8db,0.7617733
2018-07-01,a2105c8c0d5d99dbc5a2a9ad94321e5c,2.357962
2018-07-01,a2da86fa759178e9e58e54aa1a144e59,4.8763995
2018-07-01,a314a62cff3e5725f545fa263aed7a7b,0.9930623
2018-07-01,a35a9f46dcee0a67c8c7ad8493eb4135,2.4415236
2018-07-01,a39cc58c1b5926b6f9f378daa89f1315,2.1405776
2018-07-01,a3daee3915d4fb98376e039ede6bdea6,15.168465
2018-07-01,a4ea9c0ad9f13236720b9027254545a8,0.9108868
2018-07-01,a52dba3d501f168fc53246f8f8798249,38.75698
2018-07-01,a59fb60fddcc72a9878b7ed5cb69d8e4,12.42597
2018-07-01,a5bbc554f75cf4afa2cd56791015ec27,5.976039
2018-07-01,a5e74dc2d01e8b9df1590c7160358273,3.5277648
2018-07-01,a62e25e09e05e6faf31d90c6ec1aa3d1,64.19833
2018-07-01,a630323d497e2acc89574e8b792c6936,0.6188127
2018-07-01,a6f2ba5bb6d6d36ac92ed1faf4d123f2,2.523642
2018-07-01,a7037f839ea8b769428eba2ab0801434,0.87229824
2018-07-01,a783f0d718c28a1375f64c1dfff1818a,0.7938604
2018-07-01,a8075470f960215ffb67624782f80fec,2.1349802
2018-07-01,a848f5d152bc4b1ed01d9d231f15cdca,0.93518895
2018-07-01,a8b0dd2c57b49b649373ff5a495a697e,1.4052168
2018-07-01,a8b3b0af05abaf1bc4d318debe51f3e1,0.992617
2018-07-01,a8bb7885faf316d9a5062d42d2b2fba4,0.89252305
2018-07-01,a92930c327948861c015c919a0bcb4a8,59.550045
2018-07-01,a9ccb9dca11ae8ca804b47417d0411f2,3.3965116
2018-07-01,aa0756c28665669298ad1d32c064619e,0.84403706
2018-07-01,aa53b7499856e6df13008f34100cc336,3.9713767
2018-07-01,aa70c29cc4b519f080d45ba24d79e144,0.9111663
2018-07-01,aadff88486740e0b0ebe2be6c09476ae,2.8501742
2018-07-01,ab1f9387c0627dd24000bfbc54fdeee0,4.0969157
2018-07-01,abc3432ff825d8e524db1d4eac6d2099,5.581271
2018-07-01,abe0406750c920638274baad5a52d61e,0.92432326
2018-07-01,ac44def10e24998cdee20a208d691127,1.9762158
2018-07-01,ac8d637154b9a2717786c0f933d4c7da,0.8477289
2018-07-01,acc2b77287b61cff79eb763499a4571b,0.9134155
2018-07-01,acc8648b140586ffaa6cce2905ff6872,1.9378239
2018-07-01,ad5e26211dacf07063fac8864fb68e4f,0.9143079
2018-07-01,adf591c625cb265c12bc6749d3a2f757,2.7482004
2018-07-01,aeb383f37bb53452cce26e3da03a6d80,1.5180013
2018-07-01,aeb767ca82c5a6cca8bbac33c4e21579,100.434296
2018-07-01,afeeea6271148ee1bb15173b8187c431,8.947389
2018-07-01,b021c76fe55cfee1a103b025bda7346f,3.4040318
2018-07-01,b0456bed910862a9189f7db732e7a2ff,0.8768913
2018-07-01,b0528299d65ab35e3ed853f6a853b8b8,0.9324547
2018-07-01,b0961721fd839e9982420e807758a2a6,7.787922
2018-07-01,b0c8da302d49498d2ce6be8c631e4e20,9.312717
2018-07-01,b114bf337c0626166abe574eee9e3f32,44.693222
2018-07-01,b1ab3619ae093935fbb0e0033ac2046f,0.99574834
2018-07-01,b2775a101dfacb48184ed1c1cb4a278b,0.69424874
2018-07-01,b2b2279a0174bb3ce78d8b668f8fe27d,0.7862547
2018-07-01,b3793f4676bdf327ca34c40d236ee2b2,6.1516886
2018-07-01,b38b25d838ae0b8385e8cc68b9017644,3.8398829
2018-07-01,b3bf52e880d6c9f4dd7e34fb682d5054,2.5975018
2018-07-01,b4bcc9155de9c60e343ecbff22b86dc8,0.8088059
2018-07-01,b52e4724d5ae56c1e1503a363b388d2a,0.74272275
2018-07-01,b532349fe46b38fbc7bb3914c1bdae07,28.984299
2018-07-01,b60856ce32d90658dbf99b9485327c25,2.1761365
2018-07-01,b61ca163d698bd09698b6876a3e945e6,1.0078857
2018-07-01,b702f87f77d8feeade7ecf7598730aea,1.0549016
2018-07-01,b71c0cacf053d9d8f92eb5965d8bd00c,0.9419083
2018-07-01,b75a056d7d03227c3a3b60e9ccf518c9,2.4550085
2018-07-01,b7c26f18ec50a3fbdb10c7189b8f459d,0.7918318
2018-07-01,b84520a57891e7a8ae2c68741dcc7146,4.8313766
2018-07-01,b8b426747049f2d3d6e00b486d47dedb,8.713888
2018-07-01,b93ce2bec0961862bd811f643e704566,0.71679306
2018-07-01,b948a6dd0adccdcf3ea81888bf678924,1.2119166
2018-07-01,b99e2a514ed0d9a2594decfe71da28e7,1.700409
2018-07-01,b9ca577f48894c59a9677f895f9a44bc,4.055223
2018-07-01,ba8ebd875851a6e44d2290d2cbea64cd,0.8478208
2018-07-01,ba9943916136c9959e24f71bdae28faa,1.4765699
2018-07-01,bace90a7338e9d31371ad47811cf4c7d,1.6471587
2018-07-01,bb42f37fc3d9130e4a4339d24a47dd7c,3.1861339
2018-07-01,bb50f2e236e5eea0100680137654686c,29.655743
2018-07-01,bc4c74766d34e4f4f9b803e75d1e689d,0.9324581
2018-07-01,bd07b66896d6f1494f5b86251848ced7,2.9625378
2018-07-01,bd6e6fce9ada76ea2db0f1912e8e478f,11.700349
2018-07-01,bdcf6a834e8faa30dac3886c7a58e92e,31.990215
2018-07-01,be837f2e0152a208d4386f4126d5bd7c,2.0943928
2018-07-01,bed8edcc8479914748b6e6173513b3eb,0.9630079
2018-07-01,c0c5899d3df29722ba3f12be79dfeb10,0.90691084
2018-07-01,c10a7001e8b49dfc03817444b5f2ed81,4.4101453
2018-07-01,c1b94ad68c3ff2b989d6df457a0d657a,1.7983787
2018-07-01,c1cf541d5b33a4b04ddc1c3be7aa1c86,2.5542052
2018-07-01,c1dfd7dc17df380ed269d0fc905f6e22,2.3875728
2018-07-01,c1f5307decb89342351bec53668cffd9,5.464961
2018-07-01,c211ff3068fcd2f8898192976d8b3a32,2.4097333
2018-07-01,c3602326cc2e91dc18ad2ae9a575b5e7,0.86688393
2018-07-01,c3798d484fb730f0b5c23af0d5361595,1.4738206
2018-07-01,c3ba4e8d3cb30049213b682e751e9d00,3.3660982
2018-07-01,c44343d9d6d3551e161f3c72bfcbfc3b,4.07669
2018-07-01,c477957dd9b5f51032f3631c50630585,0.735673
2018-07-01,c4a235a34fa3361e6746f11175504a94,0.9550519
2018-07-01,c4baedd846ed09b85f78a781b522f126,5.064323
2018-07-01,c4ee4437696f1885d323b41852fedc8c,1.1897702
2018-07-01,c50ca07e9e4db9ea5011f06802c0aea0,6.5175757
2018-07-01,c5841303f830680eb1cdda8be0ff35bf,1.2484965
2018-07-01,c6fa05b26acb1af4a61bf2830419d1fa,0.97728163
2018-07-01,c7a94c6dde9d81dc864941084dbdfe45,0.8071741
2018-07-01,c8b96022819f31119f1404ad2c3c1059,0.6643573
2018-07-01,c940221719c27b554b86f7fc9f8438fc,0.6299522
2018-07-01,c96dae58447b1aade5e8a7e28a87a31a,0.9099035
2018-07-01,c9c6fde711572c1ad99ca12728c6af00,18.131071
2018-07-01,ca5c923962558430573f83661dbe36d6,2.3912628
2018-07-01,cb81df0e3ccece253557f2a07df4727e,3.4555748
2018-07-01,cbf065c6b1569d0a2f384856d3f27dc5,5.6929264
2018-07-01,cc1cb33bcc814aeaa4631761a34bd23e,1.4782209
2018-07-01,cc60892b5adc06df9d5cc4531fc06df6,1.0070288
2018-07-01,cd46fbff1f4a0d9b923f70e332add4b5,1.9662669
2018-07-01,ce6f74096c84567f22728c84f3d6e7fc,2.1010735
2018-07-01,cec09725da5ed01471d9a505e7389d37,6.3774543
2018-07-01,cf78006a2a6b0429b9663edd99bb38f9,2.2817287
2018-07-01,d011223de539cd224b5c5c8082313d46,2.0533295
2018-07-01,d017a2151d543a9885604dc62a3d9dcc,16.219223
2018-07-01,d04857e7b4b708ee8b8b9921163edba3,15.515419
2018-07-01,d04ae06ca1423cdc5bd50d87c0f7c372,1.7565563
2018-07-01,d04bbac48960ecb7ea311b00ca6e1cb7,7.029991
2018-07-01,d04e48982547095af81c231c3d581cb6,1.6038139
2018-07-01,d10f7bc1a57ebe26d5994076f2bfa06b,0.82482725
2018-07-01,d1a57f4402dbfe2cb1c271ad0da64311,0.9708877
2018-07-01,d1c427060a0f73f6b889a5c7c61f2ac4,35.444794
2018-07-01,d2085f7e0f9533605386960fc7e987ec,39.57307
2018-07-01,d2347fba1e60ea51f533960fc555baff,1.0853165
2018-07-01,d2b42ba1cc7c04d6f6e4ea54392b95fa,1.4353174
2018-07-01,d2f5484cbffe4ca766301b21ab9246dd,5.7100534
2018-07-01,d339b523c298009f15d242a3a99392c7,3.626845
2018-07-01,d5140e1d258c83a340419c6522c7da22,1.7939155
2018-07-01,d54c5b81fc2b38707588dd4eddc7c594,0.8940182
2018-07-01,d63c1011f49d98b976c352955b1c4bea,3.8120346
2018-07-01,d6637bdb2f31c77a3335a1b3c36923d1,0.93089837
2018-07-01,d6dc2dcbb3ef25e47ef82f3c013ab820,0.88218397
2018-07-01,d7cdea99e6f50310c242d02f16f1f63c,1.0415592
2018-07-01,d8f254be723da6488610b42935533b05,1.4614667
2018-07-01,d918b3f4aa5272c2c3cd088d087ca069,4.7491493
2018-07-01,d950221a89e7555306dc5daef996e134,0.9617873
2018-07-01,da1ff964ecbb4df51db9322cdf7a4a74,1.9616959
2018-07-01,da501879ed2eaf908ff2efd3e8535abc,0.36519468
2018-07-01,dbfc3878e8b8a96816236363e132e6e3,1.0442878
2018-07-01,dc52f0f5d3ec37a93eaf956cde4e5d2c,2.9728532
2018-07-01,dc6fe08afddfeb23ce334ce4cf5890eb,0.21428144
2018-07-01,dd1247b741df1771259ee7beb0e4b8fc,0.70982945
2018-07-01,dd231637766e756fd1cf2fd80501fce1,1.990602
2018-07-01,dd4c3b4ab7e001aaf385ea2e68952030,2.3470986
2018-07-01,de533fe5b9448ea9792195806938dbf5,1.6468785
2018-07-01,df1d7f15348e965b342ce28a7feba374,1.1586839
2018-07-01,df3655ac9aa8c6cbfa63bdd8d3b09c50,6.8300414
2018-07-01,e06f99e79036d681effa3de75989bf22,2.3472285
2018-07-01,e0cf79767c5b016251fe139915c59a26,10.727108
2018-07-01,e0d64dcfaa3b6db5c54ca298ae101d05,26.082226
2018-07-01,e1da6ab77f4859eb17950e5df1c0f815,14.028609
2018-07-01,e2372fa4eec7531e44bb43844876e25b,1.315292
2018-07-01,e25331bf25687974d6fc419b3bd576dd,0.9278119
2018-07-01,e3db46616e0d26551a86377bab9b0308,0.7099051
2018-07-01,e482ad963bfb9a9abc51b9850aca97b7,1.4565077
2018-07-01,e4b6f030d5280d30656abaa4ee64ef81,1.9886303
2018-07-01,e4d325bd1eea550509bdbbc5c3301fc1,2.1522007
2018-07-01,e4d6002d3e034177ea1f31aa222cc722,0.53311414
2018-07-01,e53e557d5a159f5aa2c5e995dfdf244b,15.747303
2018-07-01,e5431fe7b289028ba2b453fafd45f0f8,0.8172982
2018-07-01,e56b42f71554ce1f5b7dbd07ec8dca6d,11.366582
2018-07-01,e57eb018e37376580079825eb29a3419,2.4772565
2018-07-01,e7593e3c84b3302e1531a715f1ded8b2,0.8736233
2018-07-01,e7d5464b94c9a5963f7c686fc80145ad,49.121674
2018-07-01,e7f85e7f0203b7b95cc1b4c21b4b070c,2.8138213
2018-07-01,e83ded7d97b96d338c4e72bb1ff7676c,0.77869314
2018-07-01,e84997d75938765ef99930f908ceedf4,4.325973
2018-07-01,e85d91619b497e98754390b6198a9818,4.267786
2018-07-01,e8c421a493af37beaefc9092d0798203,1.039555
2018-07-01,e8ca1ff2d0a28edb5be8bfbf2964dc3a,2.7321415
2018-07-01,e94df75b2e9a8b056be0c144a731f55c,1.7404346
2018-07-01,e9c1abcc7126360336d8f56d49041a8c,1.4822934
2018-07-01,ea0342e49437a3633a3a35c326aa1e46,0.710742
2018-07-01,ea5774e69135147e6f0e1eb593d9b105,0.9315189
2018-07-01,eb8c629f70275fd1c4f809116cce1efc,17.87192
2018-07-01,eb973cc4544c2ff1016bcaf981ca1f18,4.366631
2018-07-01,ec165cd31c50585786ffda6feff5d0a6,1.0021007
2018-07-01,ec2d43cc59763ec91694573b31f1c29a,7.82226
2018-07-01,ec7dad92a5f70cbc21297b16d7a2be96,0.9584478
2018-07-01,ecf9484703bdfb9cfcc1ac9c2084b567,1.4000756
2018-07-01,ee0324bc19887939d7d0fcfca68ee955,1.968174
2018-07-01,ee57070aa3b24a06fdd0e02efd2d757d,1.6551173
2018-07-01,eefc086ab9cdb9fbf8e27f2541049e3b,0.9688172
2018-07-01,ef61eac41af4d480bf8e6c728136397d,0.7721418
2018-07-01,efd7af8312533d58ccb5ac26304dd3d5,1.0671178
2018-07-01,f0146f7e7693b74880d23a452ea03e90,0.9099035
2018-07-01,f20a14d45e85b05ef554d10d7283f7da,1.4911181
2018-07-01,f27aff266ad97e75d4a24c893b2c311e,1.2639648
2018-07-01,f2d649f157cebee085ed738f23d5d6b7,2.0250585
2018-07-01,f35927953ed82e19d06ad3aac2f06353,2.2514334
2018-07-01,f361fccba568fabe00db466f80626d1e,2.4941027
2018-07-01,f3dd572f31692bb5b6ab21d2af0673b1,0.97636604
2018-07-01,f521813909e310116b6b2f0b11f3dd44,1.3082755
2018-07-01,f5889057b0c061390ce20f4b7b842ac0,2.0562987
2018-07-01,f622086c97c7060ffc84d17b9986a1b8,0.99357253
2018-07-01,f63e5eb82736ac58d9d286f64fe5c44f,2.4559183
2018-07-01,f71050e65776861c8c3ec7a2d2b0194c,1.3185388
2018-07-01,f7f59e6186e10983a061ac7bdb3494d6,6.706494
2018-07-01,f8077831f3c3f393fb67b93c5acd8daf,2.670197
2018-07-01,f889fb87b505b73de10c18b93352469f,1.9898686
2018-07-01,f8a7665279f140d238371c8e7604c204,9.672987
2018-07-01,f8a9ed2d85e69c00f817d88ee3de7333,1.3014275
2018-07-01,f8c2617f62d3371e14acbe60d9483482,0.9423128
2018-07-01,f8e4c6a9bf1c1277191c445474b61778,0.7854081
2018-07-01,f9377612042bc929a4aae64a8dbc58da,0.9768586
2018-07-01,f97f7f15dc57882fed36ae1dc9de8090,0.9032548
2018-07-01,f999580a69ce2d199677c5b6a5472aee,1.084728
2018-07-01,f9b178c9fdc90bbcfbd6c6b49ed47d4c,1.3660839
2018-07-01,f9b4f8ef12259efd919fbaf21f8f66a4,0.85221153
2018-07-01,f9e110c72727fb5733e1a7e6a7a230c5,1.8419958
2018-07-01,fa304c5424fd292aed9c35eb36d9f495,0.7883032
2018-07-01,fb61126545fe19cfa0593140a5cc3b13,0.73578054
2018-07-01,fb8e60e1a3c247d3a2e17f6986e71a40,1.7633095
2018-07-01,fb931f000171a7ce4963df2a8bbfe82a,2.830401
2018-07-01,fb979d44fd4269b2ea30e300b66c89f3,1.7221645
2018-07-01,fbc1488c1a1e72ba175f53ab29a248e8,18.50529
2018-07-01,fbce4c4cb307679d89a3bf3d3bb353b9,40.3549
2018-07-01,fbd4031ddbc3d02b95834b62769d3ad0,4.7350707
2018-07-01,fc13bac52be6640d9a77f54894e2c0e6,18.947935
2018-07-01,fc1d8637c0268af3db482c14b7ef8e75,2.4537246
2018-07-01,fc8595227785863846b7daa2ae3f2c9b,0.7662319
2018-07-01,fca62108387e25005784da2f551466a1,1.5448593
2018-07-01,fcf6ad274391aea29f5d6e5ef9da5050,1.8255073
2018-07-01,fe077ec80df6b4ee60bb4498d5ab1962,2.0629144
2018-07-01,fe75529a267b76ac6e96f0c322a899a4,1.9205016
2018-07-01,fe8b0ea4a95d3a6488d8e23b41720e46,0.7782154
2018-07-08,008cff0e5792219fae03e570f980b330,4.3279185
2018-07-08,0152f69b6cf919bcdaf117aa8c43e5a2,8.704269
2018-07-08,016711f78a6a87696645db0a6a834826,1.4044375
2018-07-08,016cae136d358dcdacbd7ac9f1864c09,0.73252505
2018-07-08,01cf7c4cffff8db0a1cbe612bd2d50a4,2.8553133
2018-07-08,03aad9707028422f38b0563410912177,4.3948627
2018-07-08,0505f239830b15ffbd923b4113a96855,0.6555864
2018-07-08,0603179793e4bf68b9dbdb4ba238a3b7,2.2416456
2018-07-08,060c17562f97e5bb60bc0dfa4dd5b3f2,2.9873588
2018-07-08,06f2166336faca73c644b11eaca22d06,1.7148536
2018-07-08,077599a82ee54960bc4f4c941b0d1359,1.4685434
2018-07-08,0798196b28c04c8e543322896c882902,1.2225821
2018-07-08,07fe9ffbb84b9d22610d79efb16e81a7,1.4816754
2018-07-08,092be1e8336fc404c57bd5970d056886,2.8442283
2018-07-08,0a4093a4af429dc0a9334300e5c13ae5,3.6492236
2018-07-08,0a5a41c678bcf81e041826bb24eb0b01,2.4807262
2018-07-08,0a9a9c25c5a06532d1766e00db833a7f,1.0555803
2018-07-08,0bbdc963004d9b2fd3427ee3c5ae3608,1.7990444
2018-07-08,0bc4d2de176747bbc8b5e680bfdb66b6,2.9332108
2018-07-08,0bcc3eeca39e1064258aa1e932269894,14.12303
2018-07-08,0bdd9a52d192d64770e33ae559512478,1.7020217
2018-07-08,0bff7ada15fd3840490f79b2612db33b,0.9688172
2018-07-08,0c71252f37443403376d2008034a7240,4.607229
2018-07-08,0c79aab7a6a2449f932887fb3c8d0127,3.0049686
2018-07-08,0cf41187284d7f099adc8415a743ebbd,1.4410396
2018-07-08,0d90fced28b749fa0468818d98cb8212,1.3259981
2018-07-08,0dce093fc7ec4dec214256df878e3c08,1.3731762
2018-07-08,0e2d365a247d105fefc31b17ab8706d9,4.230152
2018-07-08,0e40b1ed4cfd3da1962ec91913e54ba8,3.2091124
2018-07-08,0ec7b6a863e219792bc4d50d3a62a839,1.6526743
2018-07-08,0ec96e6d31a1493b0475805c9ae1a0a2,2.2272096
2018-07-08,0f91b6a95a57a43203a9b17de98960d9,1.0862792
2018-07-08,0fb9aa9a6103872d8f580d721e099f89,0.95514715
2018-07-08,10070e29929f7c7d609ee3201f236b8e,8.692729
2018-07-08,111d0b1e69f349615615113cf6b275fa,0.949103
2018-07-08,11fd9d7ba552e1d28872e008acf1e050,2.8743985
2018-07-08,121f7f44c9e25be4873ca9296542ebd3,6.423594
2018-07-08,134957eeec87be2414ac629ee0b947a4,2.1119244
2018-07-08,1427b126f61597524866770b05d4eed2,1.1509527
2018-07-08,157ee978f4fcdf8984b0bb33a6687fde,1.7358518
2018-07-08,15d8ac236009f0d5e74a5033a53ba460,1.4822934
2018-07-08,1600dcf1cea8c0c83702e07b577ab231,3.4555748
2018-07-08,1613b819ab5dae53aead2dbb4ebdb378,9.333086
2018-07-08,163da86e86f0089de089399c28c3fcbb,0.91268086
2018-07-08,177d3d5bb9d4d29222a222e3b3554f41,1.7025481
2018-07-08,17878434ca0082537806de545c2f0351,1.467862
2018-07-08,182b016da1c600181f4ed79df14186c7,0.9855263
2018-07-08,186fe07c8b8005ec6a498587ffbc1352,1.8761438
2018-07-08,189f163ac190749c553a4835c22aa3a8,1.3726025
2018-07-08,18b0e642cbae7251e60a64aa07dd9eb9,32.77615
2018-07-08,18f6ea7e8cff29f8053baac6762449f9,2.1789415
2018-07-08,19a6ffd4e245a92747a693805163a60f,0.923742
2018-07-08,19c91ef95d509ea33eda93495c4d3481,99.12245
2018-07-08,1a080577618e7fe4d9ddd8fb2b47a964,4.805505
2018-07-08,1a6c9da4039deae58c2b769f049ae121,1.4569067
2018-07-08,1af2a3ec7cecc4015321e562a26c9d1d,0.9375887
2018-07-08,1b861948326326b19c7442789ef59ebb,0.9596095
2018-07-08,1cab19d5be9a1286428e85aaebf82906,0.5258536
2018-07-08,1dce3fd38c13a3e74fe5000f33858442,1.2162012
2018-07-08,1dfb36d969d347f56f43590ec42c7b8c,1.3739631
2018-07-08,1eacd44485008a89ec96c524993d8207,1.0214459
2018-07-08,1f75be631e988bb0ad750e60e18d043b,1.4767187
2018-07-08,224f4ce3262279a31db214df54befe1b,1.046796
2018-07-08,22a8168cf1f1c6347da8d29863b7f75e,1.8148103
2018-07-08,24c66f106f642621e524291a895c9032,20.260197
2018-07-08,24c9d329963373e2fccaa3f3204db19e,0.8138013
2018-07-08,25a2985f8f3f93ddf1c1d26847658dad,3.4460979
2018-07-08,261dc97192b478e60fd1318cd0650618,1.0231384
2018-07-08,2647221a6a477afe2d0268b378f1fdcd,0.9910226
2018-07-08,26a6aaf337b078349b5ec749be2e7a5e,0.9898548
2018-07-08,2722b7e5f68e776d18fe901638034e54,5.279727
2018-07-08,274d4e727ddbeb7c392ea2e551e3a77d,0.659452
2018-07-08,277bf2ba07ff0451aa37701b45aad827,0.18860568
2018-07-08,27f7b5c6bcf21bb57da65887d11cbd51,0.8927397
2018-07-08,28e1646763656b0a621cf2b65c118da9,9.538798
2018-07-08,2a5806f10d0f00e5ad032dd2e3c8806e,2.8303185
2018-07-08,2a7841348f24a00ee83641784f88f9b4,0.79087806
2018-07-08,2ab3eebb03e660d44470d936c0f20bb6,1.4760453
2018-07-08,2ae94d219369eb83f204effd82cb9f31,0.93224627
2018-07-08,2b4609f8948be18874494203496bc318,9.43169
2018-07-08,2ccd049c8e7ea210e079a1aa8ad92477,1.2680279
2018-07-08,2daba1ba2b585317701770c97f0a3c0b,3.1009133
2018-07-08,2e513e110e3f95926fa3d1ac44444ff4,2.2683082
2018-07-08,2fea0f2cec6b6324a277d4a61c2ed2c6,67.14262
2018-07-08,2ff995aead9c63a1f37a07b3664ead37,27.158138
2018-07-08,30360c8b0b2ac6918f53ab66bc3c306f,0.8093959
2018-07-08,310b40ec41fbfc061e5309006482e68a,2.7509189
2018-07-08,310b993294194cea025dcc9c23637b62,0.9084932
2018-07-08,31e085df58ad2bb752bfbabd1972197c,0.99591595
2018-07-08,3258acb04d37e2f91f76c9250f3b80a0,1.1428576
2018-07-08,32e18e89237933ebdaaebd78a27e7fa1,43.25103
2018-07-08,3354a4e684f5e7199f9407db70ccd92b,4.8850355
2018-07-08,3360da0bdc5e96e78beaade20beeefa4,0.99065816
2018-07-08,349ce46a0e2e20054aa9d80c48af8816,5.079682
2018-07-08,35537536ed2b4c561b4018bf3abf54e0,3.2208345
2018-07-08,3591b4602bb8316dd178c98a97c29454,1.8399494
2018-07-08,35afc973633aaeb6b877ff57b2793310,6.112396
2018-07-08,365cdbd29e4a18a4e258fc40c6fc746c,0.9065108
2018-07-08,36f60d45225e60c7da4558b070ce4b60,24.778385
2018-07-08,3745086e428495d12317f5864306279f,0.9017273
2018-07-08,37c8b2425c9c0455491b06ad8671c224,0.8960875
2018-07-08,389d119b48cf3043d311335e499d9c6b,29.949398
2018-07-08,38d070104c7e27171e177d581758a90f,2.415491
2018-07-08,3931aaf38ba4cc928100541ff51b82ff,0.8182038
2018-07-08,3997a6da5a88930a92998ccbf98adf32,0.85221153
2018-07-08,3a362c0e7f9a69276e2d95869a3e143b,2.565901
2018-07-08,3af6d5f9fdb78f106c003ce49d7f0186,1.4940727
2018-07-08,3b0fbb3ab5b1512278d2e1c695b07e85,6.5921493
2018-07-08,3b10cf7d1e08c598428ad6eb7c59d09c,2.4571254
2018-07-08,3cb39171fd36c50097f2dedbbe0dfe6e,3.5758502
2018-07-08,3cb883c745ef0016bbfc89e032b5a853,0.80713373
2018-07-08,3d2083882f7be28ab6c8d9c807e3026c,0.9189287
2018-07-08,3d5837f86205fe83f03fb5f7e4d5b9cf,3.1883705
2018-07-08,3dd2a17168ec895c781a9191c1e95ad7,55.836517
2018-07-08,3dd6c9d499e7c311a29e08afe1fd8fc6,0.53412944
2018-07-08,3e442d09f9dfef002aadf31960869f65,2.1691415
2018-07-08,3efd399c5d016b9e6a5ad3196eade44f,1.5105108
2018-07-08,3f1361100ad34281edf04ce745f62b89,0.9601152
2018-07-08,3fbc0ef745950c7932d5f2a446189725,106.24861
2018-07-08,4005df5f887f3c2529f363671fc8f4a5,0.91102713
2018-07-08,4025ee582ef6b8c478af3b44cf89054b,1.2440655
2018-07-08,404c6e8590cbb06f8c5e911d8a90b1e5,3.2934883
2018-07-08,417c36fe8603e10f20aba1359eb8e2f4,1.410926
2018-07-08,41c24b8ce92d1a2cac62db5edfd088b2,7.175032
2018-07-08,41db6d8062fcd38410c699743ccc0265,2.6950102
2018-07-08,423b46d7ff817b1cd19ab195c7b76546,2.2048483
2018-07-08,4298b7e67dc399c200662b569563a2b2,26.09011
2018-07-08,42eb5329dd0ee3d76d135ce04c84451b,1.4971788
2018-07-08,42ec84ace63b58b8c5a7ba7be01d5fb8,3.5312839
2018-07-08,43b54d1fc56ff394092a3dff6be2d39f,1.4512254
2018-07-08,44d097d59e8430f88a67517cd0c4f865,1.6297611
2018-07-08,44d53f1240d6332232e4393c06500475,0.9037764
2018-07-08,450c25d98ed6923154a934554475bf13,1.4118205
2018-07-08,4520766ec412348b8d4caa5e8a18c464,3.9691012
2018-07-08,4535b0e1091c278dfd193e5a1d63b39f,1.6913892
2018-07-08,458ae769e3911daa7d7e44ee726c7e78,1.0169091
2018-07-08,45a6892a98568b366b52ffeec9a03691,11.407224
2018-07-08,45ae343d4991cc21e7ec0a775239402f,0.98982733
2018-07-08,45e967683e7292b195609137fadaf2fe,2.4453773
2018-07-08,461f43be3bdf8844e65b62d9ac2c7a5a,4.626356
2018-07-08,47ea90e9a2976bc290c3cdf3b5e0573d,0.9033579
2018-07-08,48cce5e4d2191b274474ac6327a3df2d,1.7098202
2018-07-08,48e169d7e70bdfd06b008415e0f072e3,2.202796
2018-07-08,49eeae59754cbcf1abeeffb8f51184ee,1.0182624
2018-07-08,4c2065301aac51ff9004422acc07765d,0.9356453
2018-07-08,4c7135793bfbc474845cef259450e694,0.80094826
2018-07-08,4d012181c7a23a79f84dc6cdd1cb1c04,0.66989595
2018-07-08,4fe644d766c7566dbc46fb851363cb3b,33.13093
2018-07-08,500870614ddcf5bd84f7d26861026c8a,3.303182
2018-07-08,5135301d684848b74276f22afcc6781c,0.35339338
2018-07-08,518461aa554cd12890fa4baedfc868dc,0.8700684
2018-07-08,51d35e4714b113bccacfe7248a13375a,1.0421122
2018-07-08,524c471f4a5843ed7e79ef886d522948,5.0985856
2018-07-08,52c80cedd4e90108bf4fa6a206ef6b03,3.5681648
2018-07-08,53759a2ecddad2bb87a079a1f1519f73,1.5991604
2018-07-08,53b36df67ebb7c41585e8d54d6772e08,497.18094
2018-07-08,553c5116d8f8866d39a1281071b3776f,1.0816447
2018-07-08,55782cb82e0efe052da0a3da237da3b2,5.2995157
2018-07-08,56cdfe67fbda57c1dcc752f5f361f981,2.0557964
2018-07-08,57552a168008a60472e3e6bb351422e7,1.5051581
2018-07-08,577c6116dcce6a33261911b5225ac475,0.9237818
2018-07-08,57ba9fd4b96512b1aced2dd46e1aea68,1.0085866
2018-07-08,57d79905de06d8897872c551bfd09358,1.9531288
2018-07-08,57f2bc497c1a3ebe41ba7a06d78ed159,3.0964236
2018-07-08,58727e154e8e85d84052cd22b0136c84,1.3205429
2018-07-08,5999995b8f64d769dbc6f592b86d6f8a,1.3376735
2018-07-08,5a3320037d5922a7708647c81ecc1f15,31.44532
2018-07-08,5a7373ba4c9b3e13513ded06cd1986c4,1.5595006
2018-07-08,5a9390e32c656cca81df71054e77b93b,1.072838
2018-07-08,5ab535a49436f1b34f5b83ca7375c4ef,0.97395587
2018-07-08,5b75bff143600c85dd1fe69b7055982b,0.7367282
2018-07-08,5c3aca5c078a343b3b873362e7ac2fcc,4.7223787
2018-07-08,5c6a3e484e7aebf406c2045718dea406,1.7647219
2018-07-08,5d2d01b64b76916f0cbe74e407041187,0.95193595
2018-07-08,5d6bea33648f018dbb563f3a2fab09f3,8.054417
2018-07-08,5f42d57952b7815098979a5c4fa6f82a,2.1828
2018-07-08,5f439ff2783a474946e17badd77aea1c,1.2274212
2018-07-08,6001f761aeace35d6f7a724813b4a098,1.055887
2018-07-08,612c7f49d1026f7beded75464b574f81,1.4938502
2018-07-08,61eee7a9f1884caed59c316047c5832f,0.9740198
2018-07-08,629e019a6f298a83aeecc7877964f935,3.7926579
2018-07-08,634256dbcd184b3757ffd7632c9fe52a,92.4845
2018-07-08,63bfa27a0cee21fd896dc27f58b6d656,1.0021007
2018-07-08,64fb265487de2238627ce43fe8a67efc,4.099513
2018-07-08,655110abedc57d73d3b2150d8ba2092a,4.088388
2018-07-08,668e8ee8f69c3545109fc40f72336e8f,2.2215326
2018-07-08,688ad0169550f8e2eb0307b61df3ba12,4.599311
2018-07-08,69455f41626a745aea9ee9164cb9eafd,3.707185
2018-07-08,698b3ddae2f0b80c2a48fb40624ca4e4,2.6525471
2018-07-08,6a767a963418d92134920e184e918517,0.8945423
2018-07-08,6aa8f339965debf52a549f8aade6d068,0.9768586
2018-07-08,6abd84909e8ed79ef808c16f90b91093,2.1600904
2018-07-08,6adab229374835b551f6402e0dc53267,1.9057099
2018-07-08,6cdd53843498f92890544667809f1595,6.490376
2018-07-08,6dae4e6bc334685708571a48aa41d437,0.7674857
2018-07-08,6e649da572cb3e7bd20ef7203d43829c,1.884174
2018-07-08,6e77b89d36e50217e6793780a8ce5c82,1.5676664
2018-07-08,6f3b5b605d91b7439c5e3f5a8dffeea7,13.939632
2018-07-08,6fd08d44046ab994b96ff38ad6fcfba1,1.6036901
2018-07-08,700e755cb2df115278726cbf8cc322fd,0.7360437
2018-07-08,703d742887bb9267f89b675608ba7aa0,25.75727
2018-07-08,70aa499facb0946dc40ff974166fd522,2.3221076
2018-07-08,70e0c10acc3dd72e17f2136ddb027317,0.99357253
2018-07-08,71191d3e8768745afc1c290c63f6241e,1.8480471
2018-07-08,712c57780310856377c327e662653625,0.7458665
2018-07-08,71a5f1c2a5fd9889ef26b5ac22aec9c6,2.2970014
2018-07-08,727a46f0b58a9ef165af9f7ebcfebfa9,-17.273123
2018-07-08,72ba1b1e37ca92467fe787728625c76a,0.80667794
2018-07-08,72f78c618c8f81c2b8f0ffd2a51293b4,0.78965086
2018-07-08,7340a3839a1de1e99d149b8cf052a2ec,2.7023692
2018-07-08,741ab0ea9712d54a420f0a347ce71613,0.9550519
2018-07-08,750dcfda0a9788bba89c94bb82a322db,1.5195376
2018-07-08,7650dd3b2dc10798a8cbccc78d9e6e3b,0.9324547
2018-07-08,76b7fa5da50b22fe17d1e7bbde661106,1.8787724
2018-07-08,76d1a1a9d21ab677a61c3ae34b1b352f,2.5826674
2018-07-08,777d2e438a1b645f3aec9bd57e92672c,6.2372165
2018-07-08,779559842fc122d55edbd03153f35e81,0.9751913
2018-07-08,779dd392d4fbe5ca656bf3ceabecbf0b,2.4649782
2018-07-08,7814c273ab16783d73a9863ebfa8b141,3.1968522
2018-07-08,781afe929e3016a667f5f439afd55fce,7.13796
2018-07-08,78efe838c04bbc568be034082200ac20,24.388805
2018-07-08,78f29023586e374cdc3773ce0af6bd2c,1.3007251
2018-07-08,7940f574701f6518fea2877012f7055e,0.78876424
2018-07-08,7ac5f520abfc0589418bc7c76cea7a7c,1.446932
2018-07-08,7bb755757b4b21a1abc9cc6e9991a8ad,2.5323143
2018-07-08,7bc1718ece4c3bbedfc272ebb0c3114a,2.4386609
2018-07-08,7bcf2266b78ccc737b8f26f925d3c5d4,1.3913381
2018-07-08,7c1bd920dbdf22470b68bde975dd3ccf,3.4712985
2018-07-08,7cdd05e9483aff93c2c0a41cceb9b445,1.4686561
2018-07-08,7e0f1b886ed1dd65930f3b9a30d563d2,0.90400964
2018-07-08,7f72a8900b3d2fc8fa2635b7836d6e6e,6.27675
2018-07-08,7fb04722aba7a2b632bac8f9819796f3,16.517553
2018-07-08,80096496b2a02d4fff129b5e6a8f047e,2.7511427
2018-07-08,803668f063859a1f96b67b83b71e86ef,0.8665593
2018-07-08,80a08e4dfa5115b34f674eca035a01dd,0.9253849
2018-07-08,80fc21f90a43fdcfc623f11f5457db10,1.0579267
2018-07-08,810e2944bca9850b934e1570ba372e7d,4.0992894
2018-07-08,817e1c2d22418c36386406ccacfa53e8,1.561501
2018-07-08,81a3d1dc085d3226530f23cd4af5030b,0.95193595
2018-07-08,81b6c7c058add831803fcbba6dcc1df2,1.5494311
2018-07-08,81e057ba50dab8e85df716fabefa2adb,0.7779929
2018-07-08,81ec0756335856bf7e5bd40073652c44,0.84229845
2018-07-08,829e27d905ccac1f24f6dd5c5898de89,5.8571544
2018-07-08,82a61259a621866c4ba63743da29a342,1.5955645
2018-07-08,82c51c3938503a4ddc096fbed86428d6,4.2958965
2018-07-08,8317b177579dd27ff068b83205e2169b,6.4903684
2018-07-08,83caf799100f6f9418e0eb2950b757af,29.411558
2018-07-08,84904413b82eee333a3f79137e8d197e,1.1037947
2018-07-08,8562e2c780a345b609e1b802d7e3e4ae,2.5185692
2018-07-08,868b3136c5b206f91b8208fbfdf2cb7c,1.4648628
2018-07-08,86c43103446290e7efacad3701cd654d,1.969432
2018-07-08,871760e304a33f81d67fc135d2c437ac,0.9307089
2018-07-08,87aff1d9a5e94db6840c5b963a5cef90,2.999595
2018-07-08,87ea2f45559e10519513a20b24147316,1.7090704
2018-07-08,87f6e794e8e759e774a4c34590565036,1.0127907
2018-07-08,8828464e34fc3da3892f568218e14d61,1.3644702
2018-07-08,8899e549604c83a99da5fd3ec51d955d,1.0003084
2018-07-08,88bffa97ba651ca4ee0710fa7e0e9653,0.94570684
2018-07-08,89005f5c60b53829a9a617fe5e292221,0.97419035
2018-07-08,89321f94e35fc6d7903d36f74e351d40,49.509377
2018-07-08,8983a3b149303c013fceabef902e835a,1.3432035
2018-07-08,89e4362d74afa10ac57f8d67210132a6,2.246386
2018-07-08,8a8d870b168dfa470a5f28efab92145d,0.92971677
2018-07-08,8b50a72d52d7a91fb19d19fbe069e2f2,4.592614
2018-07-08,8b51c6ccc9c0548c951214e1cd1547ff,1.4191042
2018-07-08,8b5a201cdb79e1962baa08534f71d382,0.9928875
2018-07-08,8d4dac6177fb8134f26fb4c5cc6c0aff,10.9607935
2018-07-08,8e382dedd9ae71943f9a70f6725b748f,0.9513343
2018-07-08,8e910a5a78e3378d8c570c13e143d631,1.5384936
2018-07-08,8e93bf2cbba0420f166afa0c797525b0,0.84229845
2018-07-08,8f2a61109d01cbda2cc6cdea233b1102,0.99357253
2018-07-08,8f5501bc2a52a32cb42e220c855cd589,1.0201182
2018-07-08,8f71fe1e1b5bbb6773e7276b5c37ef65,0.84433275
2018-07-08,90846606739f4063e6092aa0fadd78a9,2.549455
2018-07-08,90aa2ab699cd0e459be93124aa91c82f,4.511824
2018-07-08,91442659f31ec0f0fc73215e77854fac,1.1472378
2018-07-08,92144cc00a16129494387f172aa54198,0.8763595
2018-07-08,928e52a9ad53a294fdcc91bcf59d1751,48.59667
2018-07-08,93c902b021a9e594f658ab1b0351602a,3.0924408
2018-07-08,944a8fa6055b8213f9e715720d4e2d5c,0.9697496
2018-07-08,94a6c010ef78e62cab34c6caf0a69b5f,1.2434129
2018-07-08,9545d45c37449ccbc376de3a04c66e71,2.382931
2018-07-08,962a6951154f98f2c8e9a5b8b2bcf4a9,379.26105
2018-07-08,964093075b6885bfcc6520dd216e4d8f,1.5439665
2018-07-08,96ac5914ae8307995bed8c15fc1bcebb,1.0442878
2018-07-08,97017430754804328eb9597b7f85da03,17.687405
2018-07-08,97722a15d9ccbf90ef47621baa79b87f,0.94570684
2018-07-08,979a52ea2c0c4e9e7e7e4a766d4eeda4,1.097838
2018-07-08,97f1396a5a1f7c07ba51784efdec44b8,10.631172
2018-07-08,990d135e28e075648cb7d83198fdccf4,13.1655655
2018-07-08,99a4788cb24856965c36a24e339b6058,132.9142
2018-07-08,9ac1378f05cd222b3fb34a3cccc626c7,14.40909
2018-07-08,9bfc55df037ce3ac01bfd84781adf7e5,1.5083352
2018-07-08,9c1f132d460c48b30f756f3585d4a894,0.9921945
2018-07-08,9c7ce59c96e74dfdfc51f13a4a6c3869,2.1832318
2018-07-08,9db0afe3dcd2942f8bef6f7195b9a2e1,0.86500007
2018-07-08,9eae06d51aaa383b2bed5547a19d581c,0.90691084
2018-07-08,a00d11a2119bd70d658fc7cdcf1f59d3,1.4466655
2018-07-08,a03e401d58a45187271718c5d7610422,1.8837779
2018-07-08,a16dacf975b8dcbafff14b679e6eeec2,0.730225
2018-07-08,a19b6951c75da43aad691622dd2f6abe,37.237095
2018-07-08,a1e903cd2d23763ef8b85ec12eb79d9c,1.4818436
2018-07-08,a1f1aaa22f634ff796e9acad925c346d,0.8616039
2018-07-08,a2da86fa759178e9e58e54aa1a144e59,4.8949986
2018-07-08,a35a9f46dcee0a67c8c7ad8493eb4135,2.3985019
2018-07-08,a54244559e62c8ef2939e52189d65d4c,1.4982256
2018-07-08,a5ae8400fc9fcacd4af585a57bbf264a,2.098302
2018-07-08,a5db7a80a8d9c9d49050360fceb6ffd4,1.6387851
2018-07-08,a5e537da8376b8623758e0186bfa400f,2.4022508
2018-07-08,a62e25e09e05e6faf31d90c6ec1aa3d1,16.91662
2018-07-08,a8075470f960215ffb67624782f80fec,2.2462902
2018-07-08,a80de388aa0d0380e27081e741f8408f,0.83962417
2018-07-08,a8bb7885faf316d9a5062d42d2b2fba4,2.0755243
2018-07-08,a92930c327948861c015c919a0bcb4a8,97.678474
2018-07-08,a94036c0bb4dfce8d5762777c07b7be2,1.4546216
2018-07-08,a9ccb9dca11ae8ca804b47417d0411f2,0.7662796
2018-07-08,aa53b7499856e6df13008f34100cc336,7.4946976
2018-07-08,aadff88486740e0b0ebe2be6c09476ae,2.8846047
2018-07-08,ab1f9387c0627dd24000bfbc54fdeee0,10.799431
2018-07-08,abc3432ff825d8e524db1d4eac6d2099,5.928421
2018-07-08,ad4d0d4117b535484bf7e32089e5b1a5,1.1021608
2018-07-08,adf591c625cb265c12bc6749d3a2f757,2.7176688
2018-07-08,ae8465400218e5aa54535b74d9138416,0.8966885
2018-07-08,aece157b74fa793277ecc4e94bedf9a0,1.6378295
2018-07-08,af2d506fb01b724e03591349ad36b67e,2.7835255
2018-07-08,af53bbaeee1f3190c2ff939fc236b6f5,1.2339123
2018-07-08,af71eaa0649e29ecc95cf394f03f76be,0.89252305
2018-07-08,afdb06ebeca917512783bcbaa8ed28c0,16.105253
2018-07-08,afeeea6271148ee1bb15173b8187c431,9.332677
2018-07-08,b0961721fd839e9982420e807758a2a6,9.63766
2018-07-08,b0c8da302d49498d2ce6be8c631e4e20,18.713234
2018-07-08,b30d7b0adcdc4a117f455472548155ec,2.9792702
2018-07-08,b38b25d838ae0b8385e8cc68b9017644,1.59558
2018-07-08,b41bc92e95bff65143623215ead52dba,0.51149577
2018-07-08,b532349fe46b38fbc7bb3914c1bdae07,51.569935
2018-07-08,b60856ce32d90658dbf99b9485327c25,2.1689692
2018-07-08,b6f3b8136ba8302906df7e11ff908751,0.9688172
2018-07-08,b84520a57891e7a8ae2c68741dcc7146,4.410458
2018-07-08,b948a6dd0adccdcf3ea81888bf678924,1.9772048
2018-07-08,ba92b5a0701d2f820ba6ca8f8c86294f,1.0169789
2018-07-08,bb42f37fc3d9130e4a4339d24a47dd7c,3.1861339
2018-07-08,bb50f2e236e5eea0100680137654686c,15.132638
2018-07-08,bbff7e0ea95dd990ce461d8104ee9173,0.7841858
2018-07-08,bc4c74766d34e4f4f9b803e75d1e689d,0.8108544
2018-07-08,bd135e2d8464317f17a1eddd678e8860,0.9017273
2018-07-08,bd6e6fce9ada76ea2db0f1912e8e478f,17.75331
2018-07-08,bdcf6a834e8faa30dac3886c7a58e92e,11.990286
2018-07-08,bf06a69bb27c58156391de458700f3e7,0.9112388
2018-07-08,bf2f8d918c34551d0bc8861f3779953e,0.80651027
2018-07-08,c0aed8767e46cce56e77db0ceef83035,3.434166
2018-07-08,c0bc78ee82fbbd6bfc0638d513c238df,0.99357253
2018-07-08,c10a7001e8b49dfc03817444b5f2ed81,2.8268867
2018-07-08,c1617123e66d2491ca93ceadfd36203e,1.2222049
2018-07-08,c1f5307decb89342351bec53668cffd9,2.5748765
2018-07-08,c211ff3068fcd2f8898192976d8b3a32,2.4131296
2018-07-08,c3002d67c0b8c6449c3a80c1556ad8c5,0.9218981
2018-07-08,c3602326cc2e91dc18ad2ae9a575b5e7,0.9324581
2018-07-08,c36bf06e0eb9da82511d954d8f25114c,0.7495319
2018-07-08,c3ba4e8d3cb30049213b682e751e9d00,5.6825647
2018-07-08,c429a719cac9a29bfb5749d8f9043dae,1.6729841
2018-07-08,c44343d9d6d3551e161f3c72bfcbfc3b,1.28995
2018-07-08,c4baedd846ed09b85f78a781b522f126,5.253323
2018-07-08,c4e5ffa25998bab21ddca0d28448435f,0.9375887
2018-07-08,c50ca07e9e4db9ea5011f06802c0aea0,11.685267
2018-07-08,c589625c8ccc7bfd2e8f1fb041e24c4a,2.6870914
2018-07-08,c7fd13b5e515bffdab855d0812842edb,40.049698
2018-07-08,c8327011b01e4666db6770ebb8a86fa9,2.0995777
2018-07-08,c8ab4e1fd53092c488c0a1777d522b41,0.95454335
2018-07-08,c99666957e5d14717bd1d5ba0fd33f53,0.992617
2018-07-08,ca0e18cb90ba3928271a3b09d9141dd0,0.8939313
2018-07-08,ca5861c2b694c968ae74e0a6ad72790e,0.90691084
2018-07-08,ca8b9b8192b5fd79de43cf6480c6cdeb,4.5827155
2018-07-08,caf1ca4c82e6ab734903a3407795f556,2.2683399
2018-07-08,cb81df0e3ccece253557f2a07df4727e,3.54673
2018-07-08,cbdb9bf611328898bd4b32a384506b3a,13.382396
2018-07-08,cd2ea14a901da3b47b33516f3ca6929e,1.4516078
2018-07-08,cd360a9f341f57c25699dbac377f5efd,19.59232
2018-07-08,cdd914e78124a73cc28a165cfc4a0bbc,1.5277455
2018-07-08,ce6f74096c84567f22728c84f3d6e7fc,1.9755418
2018-07-08,ce8a29973a1fed3f8d22ea5514d9ea07,1.0528365
2018-07-08,cec09725da5ed01471d9a505e7389d37,24.569775
2018-07-08,cf5fb18f3ac3f373759295cc8ba3e2c3,1.4390085
2018-07-08,cfd414b4463647f58c7775eaae06893d,1.1436851
2018-07-08,d017a2151d543a9885604dc62a3d9dcc,8.181627
2018-07-08,d03a2a3433372ac8f9f6649d1dacadae,5.0329537
2018-07-08,d04857e7b4b708ee8b8b9921163edba3,16.41408
2018-07-08,d06466afa11453b6450b70992c90ece7,3.2973027
2018-07-08,d103a59e482517dd37f6865b1bf5499d,1.6692578
2018-07-08,d1c427060a0f73f6b889a5c7c61f2ac4,5.0298357
2018-07-08,d285360f29ac7fd97640bf0baef03de0,4.810049
2018-07-08,d2c7a1e57b8f3e74095798f867334b36,0.89239484
2018-07-08,d315b738a6e96f4d9710af966cb7cd5b,1.6699703
2018-07-08,d34ec3c23c142291062f958688a1b41c,1.3696798
2018-07-08,d35825dd1741eee134506022d73f4e71,0.7391767
2018-07-08,d45f43af9b205b51568f78314d3057a6,1.9026686
2018-07-08,d48bacc1dcd9c86bf1ed4ed2a303336c,4.339688
2018-07-08,d4dccae17c83ffbaafc50d763503e9eb,5.3810267
2018-07-08,d54c5b81fc2b38707588dd4eddc7c594,0.92423695
2018-07-08,d678178aa4291cd25a755a90188375c8,8.620734
2018-07-08,d6dc2dcbb3ef25e47ef82f3c013ab820,0.906098
2018-07-08,d76c049f36a5b4975aa3cf095a6fa499,10.549065
2018-07-08,d9235fea02ba3f9fafcd78d898ac4355,0.8088059
2018-07-08,d93e0523fc2cc1c5a81d432364ed2d06,4.364298
2018-07-08,d99526b1e4fa5f57b8bde34a7337b5ee,2.2979572
2018-07-08,da1ff964ecbb4df51db9322cdf7a4a74,0.90861505
2018-07-08,dab2413ead0edda9967edbc9bda2a64e,3.4763842
2018-07-08,db8c9fec8be4ec050d0cee6a1e06a3c6,0.89093775
2018-07-08,dbaee28f4ee64465838a229582d77520,0.90691084
2018-07-08,dce7d5964fd84b401af7d9369a9df643,1.0105652
2018-07-08,dd768d259ee6054e0dadd66c8e2be0b6,1.4522508
2018-07-08,dde1e366db6c0e996f4e1d92122b431c,2.886632
2018-07-08,de92134fd940e9302d27c31af4581fbd,1.4595052
2018-07-08,dfc9d9ea4c2fbabe7abb0066097d9905,1.7124834
2018-07-08,e0cf79767c5b016251fe139915c59a26,15.762543
2018-07-08,e187f69b85487c86a0da79e18ee51982,0.8212608
2018-07-08,e1e0040c906cc890d032092141a9b6de,1.4569067
2018-07-08,e25331bf25687974d6fc419b3bd576dd,1.2550976
2018-07-08,e2bb00220a167d9e60b6776ac33717bc,5.7045546
2018-07-08,e3f7b3cbb0ccf1f1e361e6974b22e346,1.5021628
2018-07-08,e47d150b1ca529641e12015c3109bb24,2.0067885
2018-07-08,e4b6f030d5280d30656abaa4ee64ef81,0.992617
2018-07-08,e50ee1b5ca5566f7f341e115533015f5,0.9804814
2018-07-08,e53e557d5a159f5aa2c5e995dfdf244b,15.188704
2018-07-08,e59dd207c69d86e890febadc796d1078,10.844757
2018-07-08,e792f2bb275bdea9b6076c2acbb5abcd,0.74012434
2018-07-08,e7d5464b94c9a5963f7c686fc80145ad,37.719315
2018-07-08,e801441171ec3eaf3bbb86d6ba6fc9af,0.90861505
2018-07-08,e84997d75938765ef99930f908ceedf4,2.1002674
2018-07-08,e8c421a493af37beaefc9092d0798203,1.0429511
2018-07-08,e97ee7673459375fac14fe9a01a64e6c,0.9550519
2018-07-08,e9a69340883a438c3f91739d14d3a56d,3.6966414
2018-07-08,ea1185fcb2a7197e60bf9680e889f475,0.81220204
2018-07-08,ecf9484703bdfb9cfcc1ac9c2084b567,1.8012425
2018-07-08,ecfe9a892071ef1c94ee53f77e2e063b,1.2003864
2018-07-08,ed321c2cdae7c40c08ac0eae3d500495,0.9046621
2018-07-08,ee5329ffbe604bebcf84b2fd7792024e,9.680366
2018-07-08,ef61eac41af4d480bf8e6c728136397d,0.8281715
2018-07-08,efa490145b5cc82438b6a6de691535fa,1.2308354
2018-07-08,f0bb82bede57b520480ce892667bb71d,20.808647
2018-07-08,f0c1c1d5ec61ce4c4846abd4283631df,4.4692893
2018-07-08,f102842fbe436027eeeb7fc76d3063aa,2.9597216
2018-07-08,f292ca832e0400809217dc0478a31650,1.8801686
2018-07-08,f49e985b4cb2d0543890d6dd00077663,1.3505473
2018-07-08,f521813909e310116b6b2f0b11f3dd44,1.4466655
2018-07-08,f5badee8a0e679f057ec0ca4f0f32dcb,2.814404
2018-07-08,f646af315b0f3a597f69213537ca2199,14.393727
2018-07-08,f889fb87b505b73de10c18b93352469f,6.1261578
2018-07-08,f8a7665279f140d238371c8e7604c204,12.361208
2018-07-08,f9c972fb058194f8e948a46e6c611ee1,0.967824
2018-07-08,fad3ac91e2ae2e3e0e3f0bed36a565b8,2.8103387
2018-07-08,fadc89c2a60ff96b18827644074dfd70,1.3501515
2018-07-08,fb3d9b25b111fc87a868c07e66489cae,0.8012575
2018-07-08,fb8e60e1a3c247d3a2e17f6986e71a40,1.4991376
2018-07-08,fbce4c4cb307679d89a3bf3d3bb353b9,28.835157
2018-07-08,fbd4031ddbc3d02b95834b62769d3ad0,4.6876287
2018-07-08,fc13bac52be6640d9a77f54894e2c0e6,6.447517
2018-07-08,fc1d8637c0268af3db482c14b7ef8e75,2.4503284
2018-07-08,fc6b299cf83fa76632dd1b0a2c611f33,0.8863334
2018-07-08,fcf28afb1353f2f12ea041dd74954226,1.6491448
2018-07-08,fd220f6fd5a3f13ef9db07428f9c935d,1.4519521
2018-07-15,0152f69b6cf919bcdaf117aa8c43e5a2,4.505449
2018-07-15,0193fc18d9a6e9b9b0b3a41768fefa12,0.89793116
2018-07-15,020a80cb704bf65f38761fcedf2af192,1.4411285
2018-07-15,027cdd14a677a5834bc67a9789db5021,8.863996
2018-07-15,02b7929be620a2f05bb13d0c0e2cbd48,1.2424111
2018-07-15,02ed3b595447e948efc3eac897e4df0e,2.3985746
2018-07-15,03ed331c2c9bb4cd5c3d986928bc8d9c,1.1394224
2018-07-15,053dc19b1456837ad35f75a6fdce5988,0.90565974
2018-07-15,054515fd15bc1a2029f10de97ffa9120,12.398209
2018-07-15,06061c9fd664126ac731a142995fa893,19.187077
2018-07-15,06c950c36d589b39b34f5dc1d4a75e29,1.9529011
2018-07-15,06e95441ade9262a325f6d5c1561cbb4,0.8759523
2018-07-15,06edb72f1e0c64b14c5b79353f7abea3,13.801692
2018-07-15,07821918ef487fd64eb20b3c8aeb897f,4.58688
2018-07-15,081cac4fc215928a462eb2c06a14dffe,0.6821324
2018-07-15,092be1e8336fc404c57bd5970d056886,2.8858938
2018-07-15,0bbdc963004d9b2fd3427ee3c5ae3608,3.3958304
2018-07-15,0bcc3eeca39e1064258aa1e932269894,3.6082199
2018-07-15,0bdd9a52d192d64770e33ae559512478,1.5679357
2018-07-15,0c71252f37443403376d2008034a7240,3.9841862
2018-07-15,0c79aab7a6a2449f932887fb3c8d0127,3.0184393
2018-07-15,0cf41187284d7f099adc8415a743ebbd,3.7712355
2018-07-15,0d85c435fd60b277ffb9e9b0f88f927a,21.436855
2018-07-15,0dce093fc7ec4dec214256df878e3c08,1.5155791
2018-07-15,0e0487ef680ae92e064423238d1b4c05,1.5673724
2018-07-15,0e2d365a247d105fefc31b17ab8706d9,2.1629865
2018-07-15,0ec96e6d31a1493b0475805c9ae1a0a2,4.5882926
2018-07-15,113f80f12c8892f0c59206f70b862b40,2.4384742
2018-07-15,11a0fdc4251f15bb96dbfff7ef5475eb,0.58960336
2018-07-15,11f5b5f05fa5e1a6084d240310fac08c,0.9499835
2018-07-15,11fd9d7ba552e1d28872e008acf1e050,3.154757
2018-07-15,14d6a43dc8ec3b5e86ef500845374ebd,1.023966
2018-07-15,154e7e31ebfa092203795c972e5804a6,4.7517223
2018-07-15,1613b819ab5dae53aead2dbb4ebdb378,4.2382374
2018-07-15,16ed6a6e3fce23b741650437fe58d65b,4.280164
2018-07-15,177d3d5bb9d4d29222a222e3b3554f41,3.5815768
2018-07-15,17a019676883dce326999c11a46a14f0,1.285557
2018-07-15,180fbb426ea5ab0708d43ad3f3839bb9,0.98595333
2018-07-15,189f163ac190749c553a4835c22aa3a8,1.4472225
2018-07-15,18b0e642cbae7251e60a64aa07dd9eb9,10.919499
2018-07-15,19421075ae0b585f2dc13ff149e2119d,5.139914
2018-07-15,194e74feac1f84a8ee5a517d4b3e107a,1.5980488
2018-07-15,19c91ef95d509ea33eda93495c4d3481,62.368942
2018-07-15,1a080577618e7fe4d9ddd8fb2b47a964,2.1937582
2018-07-15,1a6c9da4039deae58c2b769f049ae121,1.2077546
2018-07-15,1a758361b1c10b3ffe3d3373332de319,0.9363155
2018-07-15,1a96bfd3ef9221f2775d1eccd98a7f17,7.838088
2018-07-15,1b363f393faf61f11af873b840645eb9,0.79961
2018-07-15,1b474c650cb9407d32a1e066937b68fd,5.398157
2018-07-15,1bbf3c5abc34eb8f1d884a7503b7764f,1.9038904
2018-07-15,1c55a8be0613dd888ed9c039cea3d660,1.6927377
2018-07-15,1cab19d5be9a1286428e85aaebf82906,0.8123607
2018-07-15,1dce3fd38c13a3e74fe5000f33858442,0.89369965
2018-07-15,1f75be631e988bb0ad750e60e18d043b,1.389929
2018-07-15,1fb344134cd7164d32dea4d87ba3ec5a,2.6268961
2018-07-15,20531b0644a0719b8d506c4db3c56609,3.9308202
2018-07-15,21c00997a28e1efcdd07c8a67f26d4ce,1.5563039
2018-07-15,225f4fe326aa42f164181adc215bcd09,0.8187856
2018-07-15,22a8168cf1f1c6347da8d29863b7f75e,2.4094207
2018-07-15,23384f296aa1bf6461d22912093a9847,1.9024167
2018-07-15,252dc23ff7e1241d046a1c2c5041ffb5,0.9819429
2018-07-15,25e2023ed83352bde98dc1490d14c3d8,13.702922
2018-07-15,2647221a6a477afe2d0268b378f1fdcd,1.0085866
2018-07-15,26baeb9025380946e10f3f86d808e24d,0.9683243
2018-07-15,2722b86640ddc24e1374c2df1ac2a230,1.3008856
2018-07-15,27617ba1ba0b3e090f9397a809f18e95,0.91060257
2018-07-15,277acb101c00b04ed2eabf11a7285a7c,0.69733924
2018-07-15,277bf2ba07ff0451aa37701b45aad827,1.5793922
2018-07-15,281bbfe70848e0b304bef88fc2caf2c3,2.223995
2018-07-15,28f61ad35fb219e9debd750a73b63985,0.85660625
2018-07-15,2a209ce7ce3ea3a21cc0b4c36495e9df,1.0808449
2018-07-15,2a5806f10d0f00e5ad032dd2e3c8806e,3.2213054
2018-07-15,2ada8214e59b86de70b03d8f03894c93,0.93672967
2018-07-15,2b0c892ab2b8e600a0b186db31f5947d,1.0790602
2018-07-15,2b4609f8948be18874494203496bc318,15.5060005
2018-07-15,2e513e110e3f95926fa3d1ac44444ff4,2.3584685
2018-07-15,2f13d1dc8b4e1d9d8027be50339546a9,2.7945926
2018-07-15,2fea0f2cec6b6324a277d4a61c2ed2c6,76.641396
2018-07-15,2ff995aead9c63a1f37a07b3664ead37,13.600161
2018-07-15,30b426aecc4e322e14030c1f384b1763,2.0476806
2018-07-15,30d755143f7313a7c3d24f936273dc19,0.9143079
2018-07-15,310b40ec41fbfc061e5309006482e68a,1.3750805
2018-07-15,31b8e7c2a22f3dba5183cc110bdd72f7,2.151743
2018-07-15,330144665b875c2b4555f88d9f4ed7c1,2.9427378
2018-07-15,3354a4e684f5e7199f9407db70ccd92b,2.3959117
2018-07-15,3429d7e4892a2df967fae671f4c98deb,1.2725137
2018-07-15,349ce46a0e2e20054aa9d80c48af8816,5.9559255
2018-07-15,34bd280578cc88e0e8591ba38e2dd7d2,0.8584909
2018-07-15,368c6c730842d78016ad823897a372db,863.9578
2018-07-15,37318ccebb2ced72bd1b548b55ab4e31,0.92423546
2018-07-15,3731a08877914ac1dbf9b7c995854f84,0.7534183
2018-07-15,37f582e625d4301ab2d6b200238405d1,0.9978927
2018-07-15,389d119b48cf3043d311335e499d9c6b,7.7445536
2018-07-15,3ac52f93c2299daa201fbb7ff36546f7,1.060311
2018-07-15,3b42242085259cb66b6e577ae5173c76,1.4693464
2018-07-15,3c59055b72a9160589590ca99611487e,9.166886
2018-07-15,3cb39171fd36c50097f2dedbbe0dfe6e,7.123322
2018-07-15,3d74d787086b0e22ac320ae43b240aea,1.7782251
2018-07-15,3dd2a17168ec895c781a9191c1e95ad7,70.94317
2018-07-15,3e442d09f9dfef002aadf31960869f65,2.288509
2018-07-15,3e7ca2ff3d372303c5773c8018746fc2,1.8607987
2018-07-15,3f212fef0e1f11b343226b633f0426df,1.4079207
2018-07-15,3f31ad7df5482b3e8fcaac6ea060574f,0.7927874
2018-07-15,3fbc0ef745950c7932d5f2a446189725,121.19638
2018-07-15,410fdf98ab61894c35ffe4e1f76e204b,1.0962213
2018-07-15,4178e16324fd0c9a8e18463caf390cc6,2.025348
2018-07-15,4180a49d4b879e727ad2c8e82a9f4d87,4.5817013
2018-07-15,422879e10f46682990de24d770e7f83d,495.43228
2018-07-15,4298b7e67dc399c200662b569563a2b2,26.140514
2018-07-15,42eb5329dd0ee3d76d135ce04c84451b,1.4971788
2018-07-15,431d674f9a4fbd0957ecf6ba3fcb6899,11.9873495
2018-07-15,43423cdffde7fda63d0414ed38c11a73,10.334651
2018-07-15,437c05a395e9e47f9762e677a7068ce7,542.90533
2018-07-15,43e09fcb6175856e87a4d9b91321addb,0.6612449
2018-07-15,44e086c4a977f37a888627b43880586c,2.1110637
2018-07-15,450c25d98ed6923154a934554475bf13,2.9501595
2018-07-15,457ca2b0e3bf044a65c8bee434d5c5f8,1.0836202
2018-07-15,461f43be3bdf8844e65b62d9ac2c7a5a,3.7726486
2018-07-15,49427490053ae7f72efeaf0a89c84d26,1.3733896
2018-07-15,49cd59957f1c81427ca0b2edf5696969,1.6019065
2018-07-15,4bf69d3613878eefeaff2e9ab865e468,0.8130808
2018-07-15,4c7d4a2efde21e3bf1660926fabc6a9d,4.1160064
2018-07-15,4c82c8d31845d751d797debc3d03697f,1.2168146
2018-07-15,4c9073fdec69bd1812b35ff1a3472aa8,1.0376713
2018-07-15,4ce9ab528124f89e091b17d11aa2e97c,3.5575836
2018-07-15,4eea8502d7c2de8da6eea6bc6243b50c,1.0394624
2018-07-15,4f288e27579d68e616d2712ad669f99e,1.6014016
2018-07-15,4fe644d766c7566dbc46fb851363cb3b,30.37532
2018-07-15,500870614ddcf5bd84f7d26861026c8a,3.3738425
2018-07-15,5115d8cd6438c0c4d8abdf38d5d41ebd,1.4086605
2018-07-15,52261c8a90724edab7b960c69dbf7a9c,0.9550519
2018-07-15,52c80cedd4e90108bf4fa6a206ef6b03,3.4066644
2018-07-15,5328338cfaa16ba10561cd970c73ca11,2.0581734
2018-07-15,53a72a0b6feec4a5cb40c5c79374b471,1.2439909
2018-07-15,53b36df67ebb7c41585e8d54d6772e08,-2.8197508
2018-07-15,53d8ee87caa1a2320c66074ff9c99e61,1.9173803
2018-07-15,5494497e1078148d7b0e41d4551412a7,0.71853054
2018-07-15,55782cb82e0efe052da0a3da237da3b2,4.98832
2018-07-15,57d79905de06d8897872c551bfd09358,1.9296798
2018-07-15,57e089e3103f5cda6a4ce23b77399bdb,3.1503794
2018-07-15,57f2bc497c1a3ebe41ba7a06d78ed159,1.6770346
2018-07-15,5875399e51bcc0cee61e4a28b648b786,0.5864173
2018-07-15,58816ce2ec224ea03aff8abe045f8407,5.043274
2018-07-15,593236d0ff46b4299b4787fb8d43f7f0,5.2773423
2018-07-15,595fac2a385ac33a80bd5114aec74eb8,4.9882445
2018-07-15,5ab535a49436f1b34f5b83ca7375c4ef,0.97400516
2018-07-15,5c2bb11cf2149bd4d9fffcc1246458c3,4.225018
2018-07-15,5c77339ada5044e33450d5c2660692e0,1.3862373
2018-07-15,5d6bea33648f018dbb563f3a2fab09f3,8.224524
2018-07-15,625dac8156b3157351e7257305148f3f,0.8579692
2018-07-15,633cb41f42ef3dcfc01174d27637d0ad,0.80330175
2018-07-15,634256dbcd184b3757ffd7632c9fe52a,175.94164
2018-07-15,63888810573fd78e60644cdf803cd2fa,0.81809324
2018-07-15,63bfa27a0cee21fd896dc27f58b6d656,1.0150592
2018-07-15,64b4f32393cbf55be791078e7a2adca0,279.95514
2018-07-15,656e0eca68dcecf6a31b8ececfabe3e8,14.679638
2018-07-15,668e8ee8f69c3545109fc40f72336e8f,2.4230373
2018-07-15,69455f41626a745aea9ee9164cb9eafd,11.820514
2018-07-15,69523f67543ff9ea6b1a15858fb59b3b,1.0021682
2018-07-15,6a8631b72a2f8729b91514db87e771c0,12.798881
2018-07-15,6c50c87e36d8641d67fbcceed5cfec5e,2.0247626
2018-07-15,6cdd53843498f92890544667809f1595,41.01344
2018-07-15,6dae4e6bc334685708571a48aa41d437,0.85374606
2018-07-15,6f0169f259bb0ff432bfff7d829b9946,1.0790602
2018-07-15,6f28f90ba66cfbdbe2b962446a0bec69,2.159807
2018-07-15,6fd82d8f842424334fedf31190e54d24,1.1376972
2018-07-15,703d742887bb9267f89b675608ba7aa0,11.588394
2018-07-15,70bf4f61950297cf24e18a9b84c3208a,2.9250193
2018-07-15,70c1bce00b24bfd21332f7f8ebe2217f,209.1767
2018-07-15,71540d636652fc682032d3b3c0a180c1,4.1053767
2018-07-15,72dd2e7b7e10b8a4083e53c7867c1564,0.6296027
2018-07-15,74104f4d2a450d95d04f0bed142b082c,1.3606116
2018-07-15,7564c1759c04fc0a38f2aa84f7a370ee,3.7307625
2018-07-15,759c85bda80286f647f1f71b847c6457,1.6927377
2018-07-15,7614c62b86a81021243e438cfde78ccc,1.5220172
2018-07-15,76b7fa5da50b22fe17d1e7bbde661106,2.2963395
2018-07-15,76c73618750ec1718b6f51a96c498f93,4.3522124
2018-07-15,76d1a1a9d21ab677a61c3ae34b1b352f,2.4896045
2018-07-15,777d2e438a1b645f3aec9bd57e92672c,3.1069136
2018-07-15,778f8850980a158eafa6e7555c085ea1,1.5371469
2018-07-15,779dd392d4fbe5ca656bf3ceabecbf0b,2.514866
2018-07-15,7814c273ab16783d73a9863ebfa8b141,3.1595287
2018-07-15,78540167bc14d4024b1aae7adfa2f7c9,1.7195915
2018-07-15,78f29023586e374cdc3773ce0af6bd2c,1.4597441
2018-07-15,79366d6a24de9351b7ca6e3cf75a68ec,2.19669
2018-07-15,7b44e5ea770ef06810f5df89006cc8b2,2.5455246
2018-07-15,7bb755757b4b21a1abc9cc6e9991a8ad,2.888823
2018-07-15,7bdb28a55646012fb3348058d629d9bc,3.2730963
2018-07-15,7c1bd920dbdf22470b68bde975dd3ccf,4.420815
2018-07-15,7c4a8bec217df1de0df2b5aaf8175b65,3.4602318
2018-07-15,7cdd05e9483aff93c2c0a41cceb9b445,1.5208404
2018-07-15,7d50930301709838d8e90dcac5cfaa84,5.177104
2018-07-15,7ea49f9a853882a4a3b2f6a4bf47c11f,0.9846171
2018-07-15,7f72a8900b3d2fc8fa2635b7836d6e6e,12.38757
2018-07-15,7fb04722aba7a2b632bac8f9819796f3,8.397898
2018-07-15,803668f063859a1f96b67b83b71e86ef,0.56968343
2018-07-15,80df62ce491a20d390c9f69402310f0a,2.886388
2018-07-15,817e1c2d22418c36386406ccacfa53e8,1.5608813
2018-07-15,81a7ce9e5b3c92b523c22a4d3d3e05f4,1.0085866
2018-07-15,82c51c3938503a4ddc096fbed86428d6,2.2334862
2018-07-15,82e4ad16521ca131d95e198d507db370,2.3538847
2018-07-15,8323a7adeb57da21acea7e83563bed90,0.7458665
2018-07-15,836c9611edefc9a7015fc464453ed246,0.79961
2018-07-15,84c79830527ae823029ee6b904cf948c,1.2655869
2018-07-15,84f456958365164420cfc80fbe4c7fab,13.72514
2018-07-15,8569e9a17c2b63e9e6e998dac2dfa533,0.8130808
2018-07-15,87290188bdd2822babc1331bb6bca5e2,0.9052189
2018-07-15,89321f94e35fc6d7903d36f74e351d40,40.782967
2018-07-15,8983a3b149303c013fceabef902e835a,1.2073381
2018-07-15,8994980b6420059104bb47e2cb680e0a,0.9328192
2018-07-15,8a8d870b168dfa470a5f28efab92145d,1.3733896
2018-07-15,8b27cbcf8e5472830ab6ec2bd7a6b867,1.0755928
2018-07-15,8b51c6ccc9c0548c951214e1cd1547ff,1.4085408
2018-07-15,8c0fd3e89ebf51f2fcff46abbc4eca05,1.8174345
2018-07-15,8c292ca193d326152e335d77176746f0,3.9959223
2018-07-15,8c591ab0ca519558779df02023177f44,4.7621994
2018-07-15,8d165e4e114bdd886972a3061c44ebba,0.39999753
2018-07-15,8d56572e0e7f9f3c82d73c8ebe61623e,0.81064266
2018-07-15,8d6f2c3454002d3f5aa7479a7fad7794,3.449222
2018-07-15,8e45f326187b3e85211143797e4bd30d,0.9908755
2018-07-15,8e910a5a78e3378d8c570c13e143d631,1.5350975
2018-07-15,8f7ba3a21866ed0cf0233dd71fa0da72,1.0021682
2018-07-15,91846781ef75057e134949400768e272,2.030446
2018-07-15,91c82ace62e0ca1b69b1a45bcc214b45,3.744444
2018-07-15,928e52a9ad53a294fdcc91bcf59d1751,19.438072
2018-07-15,933f4f76eae38d2a97ecfb7c6355f0bc,1.3140776
2018-07-15,94475071013412139f862c0bd7e3bb37,3.1947408
2018-07-15,96ac5914ae8307995bed8c15fc1bcebb,0.9744008
2018-07-15,96c1f14a0754e0f2c40523478a4075df,1.0250337
2018-07-15,98c9ff7d86040b4030472af040f1a4a8,0.956402
2018-07-15,9a469eaf45dfbc43d39ba1977a3c07af,0.8989145
2018-07-15,9ab817d90bc61ed772ffea01b4cdcdb6,1.1339598
2018-07-15,9af7b4a3262141c12ba9bd489a8573c7,1.4283988
2018-07-15,9c3225fb1d3bb4943cf7be6afa4b4246,4.5544868
2018-07-15,9da950e8c8c482441f1b93955b21c827,2.0462847
2018-07-15,9db0afe3dcd2942f8bef6f7195b9a2e1,0.97515655
2018-07-15,9ea1152d6d52dc57ab2ea49aa626adc1,1.2585162
2018-07-15,9fdc434e0c81bc6d990065c2a7efb4de,0.88584906
2018-07-15,9fe172fa8e662ca8572cf12abf8bce23,2.2718108
2018-07-15,9ff8568dfb9041b898e65ff4018c8c57,1.2189504
2018-07-15,a02d0123079f4ae96001ba2010d1a2df,3.765477
2018-07-15,a0644c97f9915e9f442b94b4a5a2fa1b,0.86091334
2018-07-15,a19b6951c75da43aad691622dd2f6abe,38.70976
2018-07-15,a2ac160db30aac7da9de55d381d376c4,2.9207206
2018-07-15,a35a9f46dcee0a67c8c7ad8493eb4135,2.4650815
2018-07-15,a5647c44af977b148e0a3a4751a09e2e,10.900161
2018-07-15,a59fb60fddcc72a9878b7ed5cb69d8e4,2.8174105
2018-07-15,a62e25e09e05e6faf31d90c6ec1aa3d1,24.75233
2018-07-15,a783f0d718c28a1375f64c1dfff1818a,1.5388584
2018-07-15,a86859b91d632c991b914aead6ec8ad4,1.0141149
2018-07-15,a92930c327948861c015c919a0bcb4a8,17.699203
2018-07-15,aa8d88eb4b9cb38894e33fa624c4287f,1.8137718
2018-07-15,ab1f9387c0627dd24000bfbc54fdeee0,6.3180966
2018-07-15,ac0bb4405e9661957160dd5ee9d5585c,1.1478724
2018-07-15,ac8d637154b9a2717786c0f933d4c7da,0.92271906
2018-07-15,aca2eb7d00ea1a7b8ebd4e68314663af,164.11673
2018-07-15,acb9adf09c2067284e67a72f46cc17cf,0.974659
2018-07-15,acc444eb5ad26f79d5a11baa6a03c439,9.93232
2018-07-15,acd87806fdeb28ef871e3a33bddd93a8,1.1962501
2018-07-15,ae16b1d896c15ed60614a0d88c4abf03,19.140255
2018-07-15,ae1848ad278bbd5098dea4a749b333a1,1.4189941
2018-07-15,ae760abaecd982ddef888b342412ee8d,0.7454087
2018-07-15,aed75ad669fbebd5a385ac7cc2ae7573,1.1968833
2018-07-15,af2d506fb01b724e03591349ad36b67e,2.5848358
2018-07-15,af6fa1b762e2da2c65b98be13d87bab5,0.7928379
2018-07-15,afdb06ebeca917512783bcbaa8ed28c0,6.962971
2018-07-15,afeeea6271148ee1bb15173b8187c431,8.748801
2018-07-15,b09790edda54333116f9cf1decc580a1,1.3875413
2018-07-15,b0c8da302d49498d2ce6be8c631e4e20,9.607099
2018-07-15,b114bf337c0626166abe574eee9e3f32,17.7583
2018-07-15,b2775a101dfacb48184ed1c1cb4a278b,0.72437096
2018-07-15,b30d7b0adcdc4a117f455472548155ec,1.4628121
2018-07-15,b38b25d838ae0b8385e8cc68b9017644,3.8877015
2018-07-15,b3da02c4cb913443d1b2d80852831557,7.279548
2018-07-15,b3e62451b0073eb78f48426d3832b8d2,0.76862764
2018-07-15,b53de21d6ac42f6bc21b82af0e89a002,0.9617873
2018-07-15,b5e04fdc949ee208ed3f3ba6a7696046,0.77128136
2018-07-15,b687561332a5ebe8324a81851b0479aa,0.93389714
2018-07-15,b72a8fd99d59007948419121f2a5056e,0.7919367
2018-07-15,b75a056d7d03227c3a3b60e9ccf518c9,1.3249768
2018-07-15,b813c88d024da60c2cbdf7a531e4fa77,1.7708272
2018-07-15,b8b426747049f2d3d6e00b486d47dedb,3.037085
2018-07-15,b92a7304ebad1ca5b393b53b2de5c70a,1.6441362
2018-07-15,b944aabf1fc45c01599ee96c7f4d533e,1.4430095
2018-07-15,ba18adc40ca44b32fa25f2dd031e1d6c,0.94022983
2018-07-15,bb50f2e236e5eea0100680137654686c,19.71142
2018-07-15,bb5fc9090888f494938ab2b3c90dda7a,0.7996448
2018-07-15,bb77135946e78428a7a5634a46113a22,0.86699444
2018-07-15,bcdef08f4db7ae67bff7538debd6daf6,0.9682924
2018-07-15,bd6e6fce9ada76ea2db0f1912e8e478f,17.6039
2018-07-15,bdc3291ab242ec1effc8eb0987850268,12.339647
2018-07-15,c0704b7b41d23540e8576c5e84484dcb,3.8739045
2018-07-15,c10a7001e8b49dfc03817444b5f2ed81,1.4461601
2018-07-15,c181ddb9a0403b7f2010870a988a61bd,0.833224
2018-07-15,c1cf541d5b33a4b04ddc1c3be7aa1c86,2.492027
2018-07-15,c1f5307decb89342351bec53668cffd9,2.7958086
2018-07-15,c2fb73db15e28aa021dcf7b2856fef27,1.4649074
2018-07-15,c3002d67c0b8c6449c3a80c1556ad8c5,0.7468875
2018-07-15,c367cd626353eda46b3db64e735c2f6f,0.79621387
2018-07-15,c3ba4e8d3cb30049213b682e751e9d00,3.3402967
2018-07-15,c4baedd846ed09b85f78a781b522f126,6.1980457
2018-07-15,c4ee4437696f1885d323b41852fedc8c,1.4281971
2018-07-15,c6336fa91fbd87c359e44f5dca5a90ed,9.350449
2018-07-15,c63ea4621680c1b0fca8864c0564bd78,2.1621184
2018-07-15,c681df24c54f79b5eab51e15b603abf8,0.70001185
2018-07-15,c75d5edf6cf5302523d622c43a072be0,0.9245407
2018-07-15,c7c57beb314dfd634634c758da3eba64,0.7661458
2018-07-15,c88f6f752875535d69510094205bab77,0.84426534
2018-07-15,c8cfa622661e047ea2499f8bce4731a5,2.574246
2018-07-15,c8eca123751676bbdaaa9e4a84721362,0.8118209
2018-07-15,c92a761aaccfb831d4220d44648f260a,0.8209114
2018-07-15,c9e3b986ab953f3b1f4028bee505deea,1.0739919
2018-07-15,ca5c923962558430573f83661dbe36d6,2.3290846
2018-07-15,ca8b9b8192b5fd79de43cf6480c6cdeb,5.306579
2018-07-15,cba54528d3adcef3c12d8e8b9a48bc17,0.72432774
2018-07-15,cbf5cf4e5d906cda4c6d91d5b7b15e8b,1.5458169
2018-07-15,cc60892b5adc06df9d5cc4531fc06df6,0.89182425
2018-07-15,cd304278981c392c0b5ea2de4bcb6e2b,0.935413
2018-07-15,cd46fbff1f4a0d9b923f70e332add4b5,2.3728979
2018-07-15,cd48f265a63e13b762601f5f794c5fca,44.514797
2018-07-15,ce6f74096c84567f22728c84f3d6e7fc,1.9827089
2018-07-15,cebff45f1d1558430be0e07ac0df6a68,2.6997821
2018-07-15,cef16b173166d8d44b4fbf05b4b43bec,0.91697717
2018-07-15,cf5fb18f3ac3f373759295cc8ba3e2c3,1.5397986
2018-07-15,cf857bce01d442bb8631a548a4432def,1.304195
2018-07-15,cfb763496d9fc48751a27db4fd02aa2d,1.7970378
2018-07-15,d017a2151d543a9885604dc62a3d9dcc,8.369733
2018-07-15,d04857e7b4b708ee8b8b9921163edba3,16.746164
2018-07-15,d1a57f4402dbfe2cb1c271ad0da64311,1.0873107
2018-07-15,d1c427060a0f73f6b889a5c7c61f2ac4,-1.576016
2018-07-15,d23d89e8971b610d32ca194a212ae44b,0.9898548
2018-07-15,d285360f29ac7fd97640bf0baef03de0,2394.8804
2018-07-15,d2c7a1e57b8f3e74095798f867334b36,1.0021682
2018-07-15,d2f5484cbffe4ca766301b21ab9246dd,3.1382203
2018-07-15,d322eb25f02924adba73e58dbc36b29c,2.4509873
2018-07-15,d34c07a2d817ac73f4caf8c574215fed,249.72864
2018-07-15,d34ec3c23c142291062f958688a1b41c,1.4266484
2018-07-15,d3e1006ba3735c0d44160026b6e0ced3,4.526165
2018-07-15,d53fa4385b1c7af4bc099d079edd4b32,1.1493124
2018-07-15,d5ef840497eb48a751179b06d1efd063,1.6684017
2018-07-15,d6061ffaf719f75dd074a637c535b644,0.7862547
2018-07-15,d7cdea99e6f50310c242d02f16f1f63c,3.281503
2018-07-15,d99526b1e4fa5f57b8bde34a7337b5ee,2.2280707
2018-07-15,da97969972a524bca894f97ea6bcff90,1.4531994
2018-07-15,dab2413ead0edda9967edbc9bda2a64e,4.356087
2018-07-15,dc52f0f5d3ec37a93eaf956cde4e5d2c,1.5802346
2018-07-15,dc6fe08afddfeb23ce334ce4cf5890eb,0.7015133
2018-07-15,ddceb6eef6af67e9fbbd4c148dbe5fd9,2.9519901
2018-07-15,e06f99e79036d681effa3de75989bf22,2.1207278
2018-07-15,e070a61270050c4b1b704300f331cca6,1.1682743
2018-07-15,e1da6ab77f4859eb17950e5df1c0f815,13.919995
2018-07-15,e1e0040c906cc890d032092141a9b6de,1.3934575
2018-07-15,e2372fa4eec7531e44bb43844876e25b,1.424268
2018-07-15,e2600770da5cfd446d3e971c1d41b44c,0.9079757
2018-07-15,e53e557d5a159f5aa2c5e995dfdf244b,87.320465
2018-07-15,e5431fe7b289028ba2b453fafd45f0f8,0.50158423
2018-07-15,e59dd207c69d86e890febadc796d1078,37.986126
2018-07-15,e61c78a7343d82c0539d27df0f7dfc31,1.3167437
2018-07-15,e7d5464b94c9a5963f7c686fc80145ad,40.61712
2018-07-15,e7f85e7f0203b7b95cc1b4c21b4b070c,8.943896
2018-07-15,e85d91619b497e98754390b6198a9818,2.2454093
2018-07-15,e934947ca6b64f5a6d864e21dca13b73,1.682431
2018-07-15,e9a69340883a438c3f91739d14d3a56d,31.410791
2018-07-15,ea5774e69135147e6f0e1eb593d9b105,0.64087623
2018-07-15,eb048e296b8db6cd64b1bafd9500786c,1.0442878
2018-07-15,eb883e95b710f252cb15d0fb41d8bbe9,0.85727984
2018-07-15,ec242882027ee23182f0e790e4117128,1.3518219
2018-07-15,ec5b3c8bb77ad22278f6e9d719a83de3,3.096782
2018-07-15,ecf9484703bdfb9cfcc1ac9c2084b567,1.551368
2018-07-15,ed3d4d9d28256f0c6c2af63d199cd720,0.97172046
2018-07-15,ee0c1cf2fbeae95205b4aa506f1469f0,21.390469
2018-07-15,ee5329ffbe604bebcf84b2fd7792024e,7.78085
2018-07-15,ee57070aa3b24a06fdd0e02efd2d757d,2.0554397
2018-07-15,ee6c49af1a2de55aa0e076257ab4ab99,16.768003
2018-07-15,eeb185c268c344e2308a3eca19154cee,0.9495434
2018-07-15,f102842fbe436027eeeb7fc76d3063aa,1.6030601
2018-07-15,f27aff266ad97e75d4a24c893b2c311e,2.348
2018-07-15,f292ca832e0400809217dc0478a31650,1.874748
2018-07-15,f32415d23c358ef1e387a7d329d9ce9f,1.5168442
2018-07-15,f6fa93875f4a7dac03e0a22143f4d815,2.1293876
2018-07-15,f8077831f3c3f393fb67b93c5acd8daf,2.9775825
2018-07-15,f889fb87b505b73de10c18b93352469f,1.9964297
2018-07-15,f9bdcb274f479aa71dd34e8bccdd9a82,0.9645015
2018-07-15,faaa13c4eb6bb073693378999e40b9a0,0.71679306
2018-07-15,fad3ac91e2ae2e3e0e3f0bed36a565b8,1.4432862
2018-07-15,fbc1488c1a1e72ba175f53ab29a248e8,11.831766
2018-07-15,fbce4c4cb307679d89a3bf3d3bb353b9,22.008986
2018-07-15,fc13bac52be6640d9a77f54894e2c0e6,4.9286895
2018-07-15,fcaab5d7f656094e49fbe4ee3a506658,2.8929348
2018-07-15,fe077ec80df6b4ee60bb4498d5ab1962,2.032696
2018-07-15,fe75529a267b76ac6e96f0c322a899a4,1.7487402
2018-07-15,ffa7e0cbe11656d11a117b534bb1db27,4.98614
2018-07-22,008cff0e5792219fae03e570f980b330,4.253841
2018-07-22,00fefaf41156bb4b0d850fb27da97897,1.072838
2018-07-22,011377a7487fef47fc9e73fa5f7322a6,0.7896654
2018-07-22,013ee64977aaa6b2b25475095162e0e9,3.0368936
2018-07-22,0152f69b6cf919bcdaf117aa8c43e5a2,17.300646
2018-07-22,016711f78a6a87696645db0a6a834826,1.2801547
2018-07-22,01cf7c4cffff8db0a1cbe612bd2d50a4,3.078813
2018-07-22,01f3a99b81f49109d42540d84bcb8e07,0.9262566
2018-07-22,020a80cb704bf65f38761fcedf2af192,1.4411285
2018-07-22,02475368dfb38934fe55f574024fe1d7,1.5533093
2018-07-22,02d53241d2a3c4b1d65f21028e15fde8,0.6839189
2018-07-22,03c0275df9996ed2720b28488c7946d4,7.7842407
2018-07-22,044f05bc9de36e8a693a83e4bc79dd0d,4.383165
2018-07-22,05019bc35fc2ed878c0c0f55346b91c6,0.9461847
2018-07-22,0505f239830b15ffbd923b4113a96855,0.58178663
2018-07-22,052413504e5295cd66ec4ced0b310062,1.743282
2018-07-22,053dc19b1456837ad35f75a6fdce5988,0.8860378
2018-07-22,054515fd15bc1a2029f10de97ffa9120,24.950304
2018-07-22,05f0fe07929d35be0748fac56eecbeb2,0.8702801
2018-07-22,060c17562f97e5bb60bc0dfa4dd5b3f2,3.154322
2018-07-22,060f0122cdc8f25db4a0d7359fdae7b0,5.396801
2018-07-22,06c950c36d589b39b34f5dc1d4a75e29,0.9237818
2018-07-22,06dce482ace017e78349b6f1fa83a022,1.5361235
2018-07-22,06edb72f1e0c64b14c5b79353f7abea3,5.263434
2018-07-22,06f756df8d80309915285f3ee6ea1059,1.6311928
2018-07-22,07821918ef487fd64eb20b3c8aeb897f,4.566118
2018-07-22,0798196b28c04c8e543322896c882902,2.8999748
2018-07-22,07fe9ffbb84b9d22610d79efb16e81a7,1.2410796
2018-07-22,08a58dc963320d6073623382b9ceb920,5.378724
2018-07-22,090621b8ea8b2c856067283a91b493e9,0.8302547
2018-07-22,092be1e8336fc404c57bd5970d056886,1.4648628
2018-07-22,09b0d15a8cc9a84e7af7e0225f67dc45,4.9014373
2018-07-22,0a4f9f421af66d2ea061fbb8883419f7,11.330058
2018-07-22,0a8bc1a07183eceacf95ae5cb4cbd076,0.8885072
2018-07-22,0a9a9c25c5a06532d1766e00db833a7f,0.9928609
2018-07-22,0afcde02bc6b3c33e6d2dc2a90c7e3eb,0.7099051
2018-07-22,0bbdc963004d9b2fd3427ee3c5ae3608,3.4028382
2018-07-22,0bcc3eeca39e1064258aa1e932269894,6.4458995
2018-07-22,0c71252f37443403376d2008034a7240,4.7287297
2018-07-22,0cf2faf9749f53924cea652a09d8e327,0.7743012
2018-07-22,0e0487ef680ae92e064423238d1b4c05,1.6597897
2018-07-22,0e2d365a247d105fefc31b17ab8706d9,2.1629865
2018-07-22,0ec7b6a863e219792bc4d50d3a62a839,3.2482388
2018-07-22,0f6fe4862e89ffc00d229ccb2fc46159,1.046796
2018-07-22,0f9dbdf3289052ac7406ba5bc1b0dbc4,0.9499835
2018-07-22,10aecaf5be4119fd6b8b9e2e8a5a1454,0.908113
2018-07-22,11182511f8556822085ea032df785dae,1.7285808
2018-07-22,11ad873e7f5b2a8fe696997ba983e2d1,0.9499835
2018-07-22,12cc2ed46e4c9ea184a622881afc1de9,1.3557528
2018-07-22,14227590bd7dbecb72b7b37fc74a8065,3.3369374
2018-07-22,145978af3e89b318be0b717a0953649a,5.982227
2018-07-22,14d6a43dc8ec3b5e86ef500845374ebd,0.96228075
2018-07-22,154e7e31ebfa092203795c972e5804a6,5.9600506
2018-07-22,1600dcf1cea8c0c83702e07b577ab231,3.4555748
2018-07-22,1613b819ab5dae53aead2dbb4ebdb378,6.2228985
2018-07-22,169837a0e2864f37482261c3d7a2dd80,0.85816795
2018-07-22,176faef125e3675b4eeaa6083ada61e1,1.129296
2018-07-22,177d3d5bb9d4d29222a222e3b3554f41,1.8007401
2018-07-22,17a019676883dce326999c11a46a14f0,1.3407654
2018-07-22,17ad136b7421ea8690fded631b651158,1.4730161
2018-07-22,18290697e1929309b3195d2931c91b09,1.2087322
2018-07-22,183c95ad186f48c320bbac4643829d3f,2.7179177
2018-07-22,186d7d472f062ca6ef30689faa935d2e,1.560088
2018-07-22,18b0e642cbae7251e60a64aa07dd9eb9,32.18493
2018-07-22,1937b3e587fc766c8d1cef0c11c6aa53,1.437268
2018-07-22,19a6ffd4e245a92747a693805163a60f,0.85816795
2018-07-22,19c91ef95d509ea33eda93495c4d3481,44.80146
2018-07-22,1a758361b1c10b3ffe3d3373332de319,1.4172189
2018-07-22,1ae200ea89b47dfa17d0ae0745a25492,0.887736
2018-07-22,1bfb290d7273a442c874dbe74b4abae6,27.91227
2018-07-22,1c42a107473d6b20db8ac7772b870e33,1.821575
2018-07-22,1c93cf120c0711a9ba9f0a188a52f649,1.2187985
2018-07-22,1d974de82e60d653a2d1cc79984dcec8,3.1059356
2018-07-22,1f75be631e988bb0ad750e60e18d043b,1.389929
2018-07-22,2028bf1b01cafb2d2b1901fca4083222,11.71566
2018-07-22,211d04c14dd756f5e4dec38c19187fdb,1.51528
2018-07-22,2136c70bbe723d338fab53da3c03e6dc,9.408813
2018-07-22,2265e8aa066cc6c4528d4be900eb5b64,49.14886
2018-07-22,24c9d329963373e2fccaa3f3204db19e,0.9065108
2018-07-22,259bd66612b61aa4e82ce3cde9272bbc,1.7621822
2018-07-22,26baeb9025380946e10f3f86d808e24d,0.83134514
2018-07-22,2722b7e5f68e776d18fe901638034e54,2.8771248
2018-07-22,277bf2ba07ff0451aa37701b45aad827,1.2730446
2018-07-22,27c0cea4dc76549f5bd124d9cad0ae3b,0.9444493
2018-07-22,27d089865ecb267c190122ec1feddb8a,0.9981325
2018-07-22,27f53b8bf57426361b3e0174c16232e3,0.88575804
2018-07-22,281bbfe70848e0b304bef88fc2caf2c3,4.385271
2018-07-22,283dc451ad3918badb976d56ff887289,2.9866679
2018-07-22,2856a85030eb8a2cdb21a8073c679057,2.8932014
2018-07-22,29fd9022374ff3fef2e8f82c39b4133e,1.3140991
2018-07-22,2a5806f10d0f00e5ad032dd2e3c8806e,2.9289522
2018-07-22,2ab3eebb03e660d44470d936c0f20bb6,1.4612246
2018-07-22,2b4609f8948be18874494203496bc318,5.6181808
2018-07-22,2c71e9b9845634cb1ea6285a8f3cbf50,0.91524255
2018-07-22,2dd91cf063cf57cb0eebef072746daab,4.9833717
2018-07-22,2de5c479fb0c490a0f2a2f3ab36e71b6,1.1859936
2018-07-22,2e6be77a8a0914080c1e8b6f3dde836b,0.99357253
2018-07-22,2f13d1dc8b4e1d9d8027be50339546a9,5.506169
2018-07-22,2fea0f2cec6b6324a277d4a61c2ed2c6,40.778496
2018-07-22,2ff995aead9c63a1f37a07b3664ead37,26.817196
2018-07-22,306d69bdf4ce0d89bad3e622e443cf47,0.82477534
2018-07-22,31b5755dd3e583e7c227a935657a818f,1.8646364
2018-07-22,31d6f0a621ee145ae8c70304cf564483,0.95998085
2018-07-22,32442bee23baee10041f5a964cfcbd15,1.4572194
2018-07-22,3258acb04d37e2f91f76c9250f3b80a0,1.4310095
2018-07-22,3275f9e184aa1d82aa1e2517017bda63,0.7743012
2018-07-22,3354a4e684f5e7199f9407db70ccd92b,4.8710155
2018-07-22,3360da0bdc5e96e78beaade20beeefa4,0.9872617
2018-07-22,33b9801fec06f14bb7d33af01769bb3f,1.4055277
2018-07-22,33ba4b29d820b397054cc97e892ab1bc,1.9004772
2018-07-22,349ce46a0e2e20054aa9d80c48af8816,5.2204704
2018-07-22,35afc973633aaeb6b877ff57b2793310,19.609398
2018-07-22,35ebf08a93899d44e756809e11b14754,5.051349
2018-07-22,36244ee06dc3aec1f9b7b5852e0f7bc8,0.81283575
2018-07-22,365cdbd29e4a18a4e258fc40c6fc746c,0.8209062
2018-07-22,368c6c730842d78016ad823897a372db,21.251432
2018-07-22,372645c7439f9661fbbacfd129aa92ec,5.5230374
2018-07-22,3745086e428495d12317f5864306279f,1.865633
2018-07-22,37ba623c5ab34ea8b964009a10e87126,0.85258555
2018-07-22,389d119b48cf3043d311335e499d9c6b,135.7334
2018-07-22,3cc7ec95300ba6432c64f0b12673bae6,0.94527465
2018-07-22,3dd2a17168ec895c781a9191c1e95ad7,118.835075
2018-07-22,3e442d09f9dfef002aadf31960869f65,2.1458051
2018-07-22,3e5201fe0d1ba474d9b90152c83c706c,13.405535
2018-07-22,3e824028352cd013af85473283f832ce,0.9166241
2018-07-22,3eb3d01a76a4cbaff641de8a47e4ebec,0.58758205
2018-07-22,3eebb0207da828bf5376257ceca70959,0.501796
2018-07-22,3f212fef0e1f11b343226b633f0426df,1.4500617
2018-07-22,3f31ad7df5482b3e8fcaac6ea060574f,0.8525974
2018-07-22,3fbc0ef745950c7932d5f2a446189725,58.626366
2018-07-22,3fc00af0f0a8d4ac2933d3900416c977,0.75533974
2018-07-22,3fc3d637781e5d185455013606a6e2cd,1.0112818
2018-07-22,4178e16324fd0c9a8e18463caf390cc6,2.0899312
2018-07-22,417c36fe8603e10f20aba1359eb8e2f4,1.4143221
2018-07-22,4180a49d4b879e727ad2c8e82a9f4d87,4.335995
2018-07-22,419ad775cb3c503c2ef135826f81065d,0.7190434
2018-07-22,419cb1b441eda9b92ebd1a1b96090c26,2.108548
2018-07-22,41b821274ec513636f9144375c9f9031,0.9096951
2018-07-22,41db6d8062fcd38410c699743ccc0265,5.173835
2018-07-22,422879e10f46682990de24d770e7f83d,42.537838
2018-07-22,423b46d7ff817b1cd19ab195c7b76546,2.127397
2018-07-22,425db55cb3b0f5b18a2d9964da31c3c0,5.4259586
2018-07-22,4298b7e67dc399c200662b569563a2b2,35.12592
2018-07-22,42eb5329dd0ee3d76d135ce04c84451b,1.4531994
2018-07-22,42ec84ace63b58b8c5a7ba7be01d5fb8,3.4452474
2018-07-22,43423cdffde7fda63d0414ed38c11a73,11.297377
2018-07-22,437c05a395e9e47f9762e677a7068ce7,39.08232
2018-07-22,43b54d1fc56ff394092a3dff6be2d39f,2.905847
2018-07-22,44d097d59e8430f88a67517cd0c4f865,1.9689012
2018-07-22,4520766ec412348b8d4caa5e8a18c464,3.982959
2018-07-22,457ca2b0e3bf044a65c8bee434d5c5f8,2.0911255
2018-07-22,472e6464088101bf2ec351d222c415ab,0.8071741
2018-07-22,485977d79fe47209050d22d220aaab7f,0.8263291
2018-07-22,49650e49c3af7ccc896f634d039cd921,0.9981325
2018-07-22,4a78f5e17416dcfec28c101279235838,2.0723262
2018-07-22,4aaa2ddc43f64a2db232b71fc4639064,0.8990682
2018-07-22,4c7d4a2efde21e3bf1660926fabc6a9d,1.9425778
2018-07-22,4e1346d7b7e02c737a366b086462e33e,6.3594446
2018-07-22,4eea8502d7c2de8da6eea6bc6243b50c,0.8698796
2018-07-22,4f00a5557f84aad1f45c6f70e3efc353,0.7151001
2018-07-22,4fe644d766c7566dbc46fb851363cb3b,6.604617
2018-07-22,501c8cd285f4f2ed96efffbb3c697d0b,1.6464908
2018-07-22,50497261c5976a5ca9c115935de42450,0.95961165
2018-07-22,50e9e70a21b874311949e3db8ace597d,3.152202
2018-07-22,5115d8cd6438c0c4d8abdf38d5d41ebd,2.5880787
2018-07-22,514171f9d45a3d93574fc587ef775579,0.90787286
2018-07-22,51e3084a334ce75dc646c9c6eea90e37,1.6657552
2018-07-22,51e8feeedd83467b86a79aa2769367c5,5.202747
2018-07-22,5237c554fade603fbb83dcbcdadcdaac,0.76172787
2018-07-22,529bb98486625f3590837af3e22e49a4,0.7814359
2018-07-22,52c80cedd4e90108bf4fa6a206ef6b03,3.5681648
2018-07-22,53759a2ecddad2bb87a079a1f1519f73,145.71301
2018-07-22,537f8133bb109ca8ae9c6f48370af9ec,0.8893273
2018-07-22,53b36df67ebb7c41585e8d54d6772e08,376.5753
2018-07-22,53d8ee87caa1a2320c66074ff9c99e61,0.8239052
2018-07-22,5403528d987ad26e8d7cb25940411987,2.2816048
2018-07-22,550dc4417c636abc04c71404342de695,4.681917
2018-07-22,56a474f5d7d6cfaa8500cddd0aa35bba,0.8029024
2018-07-22,56cdfe67fbda57c1dcc752f5f361f981,4.123012
2018-07-22,56e04ad5959e2c30a6754d9cc1f098f2,0.45849097
2018-07-22,57552a168008a60472e3e6bb351422e7,3.2157207
2018-07-22,57d79905de06d8897872c551bfd09358,1.8664957
2018-07-22,57e089e3103f5cda6a4ce23b77399bdb,5.9410033
2018-07-22,57f2bc497c1a3ebe41ba7a06d78ed159,4.737219
2018-07-22,595fac2a385ac33a80bd5114aec74eb8,9.870253
2018-07-22,5999995b8f64d769dbc6f592b86d6f8a,1.3854837
2018-07-22,5a7373ba4c9b3e13513ded06cd1986c4,1.4709709
2018-07-22,5a9390e32c656cca81df71054e77b93b,1.0135149
2018-07-22,5b226d7c52f86ac72457617f78cff95d,6.275792
2018-07-22,5b3aa845bba5aa7ba1216e36ae882cfa,2.262771
2018-07-22,5c2bb11cf2149bd4d9fffcc1246458c3,4.23713
2018-07-22,5cc3b3b52374e67281fd366c03b57ff5,0.95961165
2018-07-22,5d2d01b64b76916f0cbe74e407041187,0.8778804
2018-07-22,5d6bea33648f018dbb563f3a2fab09f3,24.36071
2018-07-22,5f42d57952b7815098979a5c4fa6f82a,2.1828
2018-07-22,613221d716be89edd3bb436c8060cd05,0.7367282
2018-07-22,61e8bddb5e00dffe8bfbf972cf3fdf18,1.738959
2018-07-22,628f5ed6c14790dcb9233c8dbf596175,1.4829805
2018-07-22,629e019a6f298a83aeecc7877964f935,3.868182
2018-07-22,634256dbcd184b3757ffd7632c9fe52a,-8.417384
2018-07-22,63bfa27a0cee21fd896dc27f58b6d656,2.0075974
2018-07-22,6463e442310f2f4f321c83a32d8c662b,1.261312
2018-07-22,64b4f32393cbf55be791078e7a2adca0,234.7602
2018-07-22,64fb265487de2238627ce43fe8a67efc,8.46521
2018-07-22,663d6ef343ce527b3548d6a255f89eb8,0.8180856
2018-07-22,66421745b3128972e1b0dcb3123e8c1d,1.6640265
2018-07-22,66471e25b47c629da4dae1bc0a52c427,0.57358515
2018-07-22,6711154203fd685dabc8bf121fb9fde4,0.9551642
2018-07-22,688ad0169550f8e2eb0307b61df3ba12,2.235238
2018-07-22,689c51a11e9c5daefc1f9b0782e28fcf,0.942443
2018-07-22,69455f41626a745aea9ee9164cb9eafd,25.658125
2018-07-22,69523f67543ff9ea6b1a15858fb59b3b,0.9170708
2018-07-22,6a1a04054158fe995e1688d8f79605b2,6.615829
2018-07-22,6a29caa68d4bc5536b4447c25de4c937,0.8276348
2018-07-22,6a31191d5ac5852b0478f6e245ac5b02,1.3468319
2018-07-22,6a8631b72a2f8729b91514db87e771c0,4.062829
2018-07-22,6ac3978babf6ca76087369391bb6ce5a,5.038329
2018-07-22,6adab229374835b551f6402e0dc53267,3.7266614
2018-07-22,6c8b2975a4a05d1f36948b20753b29ca,3.1876235
2018-07-22,6c8dfcd9be1c04a1b4f98bb6c283a6aa,0.88285345
2018-07-22,6c936d19c8369a0133f91638147d81db,1.0421122
2018-07-22,6cdd53843498f92890544667809f1595,15.912558
2018-07-22,6d07236d4abe99b5b1cbf368971bf6e7,5.282445
2018-07-22,6d83ca45d94919027131b87caf3b2a6c,7.299744
2018-07-22,6e423c2d28bfb207e1fd1d6e1df84721,9.1062765
2018-07-22,6e7b435ac3c84fc5348dba974e184322,1.4411862
2018-07-22,6eb70dfb283dc3f645ed7b03c990dc72,2.2531178
2018-07-22,6f0169f259bb0ff432bfff7d829b9946,1.875901
2018-07-22,6f1b3488c5314b527201978357a8d85f,2.5992224
2018-07-22,6f3b5b605d91b7439c5e3f5a8dffeea7,26.340767
2018-07-22,6f58431a7150fa91bac9f28f5454a8e8,0.9391458
2018-07-22,703d742887bb9267f89b675608ba7aa0,50.416836
2018-07-22,70aa499facb0946dc40ff974166fd522,2.1808486
2018-07-22,71191d3e8768745afc1c290c63f6241e,1.5200245
2018-07-22,71540d636652fc682032d3b3c0a180c1,1.3960764
2018-07-22,71a5f1c2a5fd9889ef26b5ac22aec9c6,2.1856914
2018-07-22,71e5d0eb5a5fcc829dc6c1bc1ecac7cf,1.5066919
2018-07-22,723f62c36c298037716bf60c0ad0df3a,0.8631632
2018-07-22,72b253635b316f49e42e618d6e585ebc,2.4912193
2018-07-22,7340a3839a1de1e99d149b8cf052a2ec,5.4248137
2018-07-22,73bcea88583002fe12b7399af4ae60da,4.006521
2018-07-22,741ab0ea9712d54a420f0a347ce71613,0.9550519
2018-07-22,750dcfda0a9788bba89c94bb82a322db,1.5267048
2018-07-22,7564c1759c04fc0a38f2aa84f7a370ee,11.047596
2018-07-22,758eb93d6519618b22b2721413074847,1.0017743
2018-07-22,76d1a1a9d21ab677a61c3ae34b1b352f,2.5826674
2018-07-22,777d2e438a1b645f3aec9bd57e92672c,3.036444
2018-07-22,77c0d362526797bf132aaf564b1e436d,2.053675
2018-07-22,7814c273ab16783d73a9863ebfa8b141,9.53086
2018-07-22,781a5256893d06b9526750ff0b5f50e4,2.4867628
2018-07-22,781afe929e3016a667f5f439afd55fce,5.619518
2018-07-22,783caabd539c4079ec08423e30719fba,1.6316226
2018-07-22,78efe838c04bbc568be034082200ac20,8.068409
2018-07-22,78f29023586e374cdc3773ce0af6bd2c,1.3461914
2018-07-22,79161ecc0839d5d58374918d289ee6c7,0.9673968
2018-07-22,79da264732f717f10ebf5d102aa6c32a,2.00216
2018-07-22,79e42c4fa2bde6e0c828d23c4fb7df35,0.9917844
2018-07-22,7a054d17dc450583ed639068a9298afd,0.68409455
2018-07-22,7a5d0e89d069c89b2112e9da539343c2,10.562668
2018-07-22,7b2a6e3216a405943fc9e3acbff18cae,1.0642788
2018-07-22,7b31b39ebebeb8282009c48e5587b1d0,0.84412104
2018-07-22,7bb755757b4b21a1abc9cc6e9991a8ad,2.8102427
2018-07-22,7c4a8bec217df1de0df2b5aaf8175b65,6.812977
2018-07-22,7c6fbb3a5346dfd607386155c6f628f8,0.7332932
2018-07-22,7c91038b7370c2ea3343e1472be3e97c,1.0338348
2018-07-22,7cb1e417bdc1490f948ee59caccb6e1b,0.54150563
2018-07-22,7d0b7e7fe3e96e047cacafa33a808bd7,2.1609907
2018-07-22,7dddc9aac98dd159ea9e9c1f68654649,0.9533795
2018-07-22,7f457254a89d62960399e075711b3deb,3.1531656
2018-07-22,7f4e034245e45549110139d1de248f83,3.4079297
2018-07-22,7f72a8900b3d2fc8fa2635b7836d6e6e,12.597099
2018-07-22,7fb04722aba7a2b632bac8f9819796f3,30.765146
2018-07-22,803f77475e1b51b47f1bfec4f2ec353f,2.0913115
2018-07-22,80d2404aa74015aa6cd21863642295f7,0.8666722
2018-07-22,80df62ce491a20d390c9f69402310f0a,1.6064563
2018-07-22,810e2944bca9850b934e1570ba372e7d,12.632841
2018-07-22,8155728af949f234b666bf60ed257e6a,0.86443764
2018-07-22,81d2fa5b1805af5f9e0d08af321b2f35,0.81873435
2018-07-22,81de659bfde3389fc8614bfba92e585a,1.3246516
2018-07-22,82a61259a621866c4ba63743da29a342,1.6027317
2018-07-22,82c3ea364e5480f335f6743ee725a921,2.4265912
2018-07-22,82c51c3938503a4ddc096fbed86428d6,2.1759634
2018-07-22,82e4ad16521ca131d95e198d507db370,4.5307097
2018-07-22,832b74a0faa3b602a48e0f20990adaf7,1.5846528
2018-07-22,8370300e444c4394d3c3f878606a9601,1.6388044
2018-07-22,839321c2db7b3b3eaff4944c3b052ecd,2.1984453
2018-07-22,83aae8023b8feda53259f63e0ec06390,1.2387608
2018-07-22,84952f1f00709e71d58587cb34163e26,1.1644727
2018-07-22,84d2057bc1f88332d0892eea0e997d28,1.4906765
2018-07-22,84f456958365164420cfc80fbe4c7fab,22.649515
2018-07-22,8562e2c780a345b609e1b802d7e3e4ae,5.0647736
2018-07-22,85d619318aa201aca57171aabeed0048,0.92315334
2018-07-22,85df978207ed4024ea16570dbb64fd6e,1.1287074
2018-07-22,8603fd58099e4089e9811dfffe1d5ea2,0.9307089
2018-07-22,864413ca56c2bcea359a213956a922c0,0.8846845
2018-07-22,86f2416d4670e4ea3ca5494d043d9f24,3.6652033
2018-07-22,87283a98b24f9f1ac3a31b631073cf47,1.8021861
2018-07-22,87290188bdd2822babc1331bb6bca5e2,0.6248604
2018-07-22,872c150bc3167f3a4fd9214f82931358,0.9629751
2018-07-22,87805e636e977dafc7329bb3c4a383d6,0.84412104
2018-07-22,87d780fa7d2cf3710aa02dc4ca8db985,1.6919848
2018-07-22,887c03038c774a15272a3e75ca7b4fa7,1.8495941
2018-07-22,88a3f73bd7326cded0153029c775d145,1.4827594
2018-07-22,88fb259945a739dec6cdd001e2cbad55,0.8641186
2018-07-22,89005f5c60b53829a9a617fe5e292221,0.99357253
2018-07-22,89321f94e35fc6d7903d36f74e351d40,10.221756
2018-07-22,8983a3b149303c013fceabef902e835a,1.2638369
2018-07-22,89e4362d74afa10ac57f8d67210132a6,2.2213476
2018-07-22,8a8d870b168dfa470a5f28efab92145d,2.6560473
2018-07-22,8b5227e28272123eefd613a10ffd7704,1.3857837
2018-07-22,8c292ca193d326152e335d77176746f0,4.095804
2018-07-22,8c591ab0ca519558779df02023177f44,10.7927475
2018-07-22,8cdb9ebdf8dcdd09f8495eec1851b0ae,0.88998365
2018-07-22,8ceb6a29cf065f382c7b8cbc9fea3a84,0.97314566
2018-07-22,8d139b1550c8cc91a3babc9cfe9fc147,1.4060249
2018-07-22,8d165e4e114bdd886972a3061c44ebba,0.7628279
2018-07-22,8e7a3ee016b12c87b5e3e7e717620758,2.8446336
2018-07-22,8e910a5a78e3378d8c570c13e143d631,1.5350975
2018-07-22,90d11936871062d5cb6d23175734ea91,1.5098494
2018-07-22,90ebb732ad20456afe8516eb5fbf75f6,0.8648113
2018-07-22,91442659f31ec0f0fc73215e77854fac,1.0772156
2018-07-22,914c9e9af640dd56f48764a225b00f89,1.8821591
2018-07-22,91846781ef75057e134949400768e272,1.9919758
2018-07-22,91c82ace62e0ca1b69b1a45bcc214b45,3.7912087
2018-07-22,9286aa6d0235770b570beb128f608e42,1.153679
2018-07-22,931541a73da8874f772b1fa532b99fea,0.9518204
2018-07-22,9361d7d8750b24496371f42a056065b5,0.74926263
2018-07-22,9391a573abe00141c56e38d84d7d5b3b,0.99796456
2018-07-22,93a12c289ca2b78e7069e469f5053ef2,9.279732
2018-07-22,93c902b021a9e594f658ab1b0351602a,4.0114927
2018-07-22,946344697156947d846d27fe0d503033,1.4385154
2018-07-22,94938d42be4ea1064db3325c385ee6d6,0.81802166
2018-07-22,952e73f7e8bee61569a32b35c19bc981,1.4222616
2018-07-22,953439fbf9090e2362532905d89b991f,1.9960356
2018-07-22,95561023115b71f8bbb280afc56b7bed,0.55705714
2018-07-22,95c40b993a22463c83beb5c51a03d46c,4.4264107
2018-07-22,96f027a4749058d508f6c1bda657c79d,-0.44460008
2018-07-22,972c34115d851ba523bc16ec0ab2b098,0.82482725
2018-07-22,9759a740aa84f55b71c0c8c306a80737,5.239596
2018-07-22,9800689d93f54df6dc7df4ebd0aade31,0.9593698
2018-07-22,98c9ff7d86040b4030472af040f1a4a8,0.9674915
2018-07-22,995e25d9b46dee183004994645768d95,1.7444605
2018-07-22,9ac1378f05cd222b3fb34a3cccc626c7,11.747219
2018-07-22,9d32095f76b97762307e86cfc18dd7a0,2.3585138
2018-07-22,9d5aabe3e3265ed911b2a85d14474635,0.9722133
2018-07-22,9da950e8c8c482441f1b93955b21c827,2.078888
2018-07-22,9ea1152d6d52dc57ab2ea49aa626adc1,1.465169
2018-07-22,9fe172fa8e662ca8572cf12abf8bce23,2.2253408
2018-07-22,9ff8568dfb9041b898e65ff4018c8c57,0.85096264
2018-07-22,a009a84a95de59e574851aef710ee0f3,1.0342691
2018-07-22,a02d0123079f4ae96001ba2010d1a2df,12.823713
2018-07-22,a03e401d58a45187271718c5d7610422,1.8542247
2018-07-22,a0644c97f9915e9f442b94b4a5a2fa1b,0.887736
2018-07-22,a1dd59756b92c62cd39375d0b0222698,1.2253653
2018-07-22,a2105c8c0d5d99dbc5a2a9ad94321e5c,2.62352
2018-07-22,a291cc846d74d97f01611894f983073b,6.84025
2018-07-22,a35a9f46dcee0a67c8c7ad8493eb4135,2.6008286
2018-07-22,a388f2043ca885de714453e4fac616e2,0.88994133
2018-07-22,a39cc58c1b5926b6f9f378daa89f1315,2.4080365
2018-07-22,a39dac35775c3a863b0b7b6d72e839ca,0.65131605
2018-07-22,a4ea23e4c7a6ea7b4106779177221ce7,2.7871146
2018-07-22,a5341e3f8155dbb3e62323d3ea289729,5.6898804
2018-07-22,a59fb60fddcc72a9878b7ed5cb69d8e4,21.769548
2018-07-22,a5e28e21acf7c99188ad33f688f18837,5.168436
2018-07-22,a5e537da8376b8623758e0186bfa400f,2.4191337
2018-07-22,a62e25e09e05e6faf31d90c6ec1aa3d1,33.19217
2018-07-22,a7216be504e1ff211b67479ab193a552,2.7250888
2018-07-22,a72d9b5dc60e2abd5063eba3b18d1e86,1.0021007
2018-07-22,a8075470f960215ffb67624782f80fec,4.4011483
2018-07-22,a8115d34a4b7b74388da609692162c37,2.327465
2018-07-22,a92930c327948861c015c919a0bcb4a8,76.63793
2018-07-22,a9c07eb189dfb45ac5652b6a82f7b008,0.9292068
2018-07-22,a9ccb9dca11ae8ca804b47417d0411f2,1.9324107
2018-07-22,aa4383b373c6aca5d8797843e5594415,1.0727433
2018-07-22,aa70ae9ee9a798d44ae6e00ce6d82cb1,4.543996
2018-07-22,aa8d88eb4b9cb38894e33fa624c4287f,3.7108917
2018-07-22,ab1f9387c0627dd24000bfbc54fdeee0,16.7975
2018-07-22,abf7c583f35ff13ce82c05debdef8ef0,0.84490496
2018-07-22,ac0bb4405e9661957160dd5ee9d5585c,1.4388312
2018-07-22,ac2c77058e1e5ec1eda726fe7358ef2f,0.88068974
2018-07-22,aca2eb7d00ea1a7b8ebd4e68314663af,62.180717
2018-07-22,acc444eb5ad26f79d5a11baa6a03c439,9.795223
2018-07-22,acd87806fdeb28ef871e3a33bddd93a8,1.7186979
2018-07-22,acf962a85a6f611c28a60519a4ae46e5,0.75533974
2018-07-22,ae07626dfa269bbe4dc753edc3ce83b3,0.7438955
2018-07-22,ae16b1d896c15ed60614a0d88c4abf03,9.561846
2018-07-22,ae2f987a774d66463c1bfcc0a82c3456,57.51864
2018-07-22,af0a99476d96dcc1a1baa7c0d9ff6b9d,4.228256
2018-07-22,af2d506fb01b724e03591349ad36b67e,2.5810177
2018-07-22,af37cff523f7bacc47bc01c5674bf4b4,0.729897
2018-07-22,af53bbaeee1f3190c2ff939fc236b6f5,1.0884665
2018-07-22,af8acb9fc1592c0d00bf5b8a3d43e8e9,1.0693471
2018-07-22,af91083bde899b201798b52ae89babea,1.5742828
2018-07-22,afdb06ebeca917512783bcbaa8ed28c0,21.551687
2018-07-22,afecbd7b41e981fa603c9c008f894f15,10.155819
2018-07-22,afeeea6271148ee1bb15173b8187c431,18.036926
2018-07-22,b0528299d65ab35e3ed853f6a853b8b8,0.939622
2018-07-22,b0b7beef8fa67d157bf514f3ee1ad5d3,1.7216263
2018-07-22,b0c657fb8995510c4729dcb9739226c8,0.9473971
2018-07-22,b0c8da302d49498d2ce6be8c631e4e20,26.879963
2018-07-22,b16c0da649071283aa94607f11da154a,2.0639954
2018-07-22,b192be433004cc1f10b467c0e9ea309b,19.071339
2018-07-22,b21239d9e018b809f9c5a9707b214235,0.8512883
2018-07-22,b30d7b0adcdc4a117f455472548155ec,2.9317346
2018-07-22,b370dd237db6a8a0bd74a6da9e367a80,0.8332487
2018-07-22,b532349fe46b38fbc7bb3914c1bdae07,96.3309
2018-07-22,b586bd078d2983fc172740035eb9cd3b,0.93149054
2018-07-22,b5f7245e14a8a3d52f0a6e468971e6d9,1.0338348
2018-07-22,b6b76b074ed0d77d0f3443b12d8adb5e,0.9099035
2018-07-22,b6e352d888ba31d8999af279cd63aa24,1.2339123
2018-07-22,b7a89537c40b1f5a18b5ba75dbb91cbe,-0.36113563
2018-07-22,b8b426747049f2d3d6e00b486d47dedb,2.902454
2018-07-22,b8b743faa0c9c15594a70b1bc2e78d8e,0.9260705
2018-07-22,b91e21bfc2c8edfe31dda8ab56cc8791,0.69408613
2018-07-22,b948a6dd0adccdcf3ea81888bf678924,0.9651835
2018-07-22,b9976e9c22fb1540bd71d1bcd2989475,1.822546
2018-07-22,b99e2a514ed0d9a2594decfe71da28e7,1.6970129
2018-07-22,ba4a91633739ceceb2b73b627e2cfbc3,1.8867694
2018-07-22,ba74c6b75d2ad7503175809688d5a03c,6.197293
2018-07-22,ba80c9f47a84d1e08465f72e22930c83,6.5782766
2018-07-22,bb5f7cb699fd0467c5d6289669df9510,0.83724064
2018-07-22,bb5fc9090888f494938ab2b3c90dda7a,0.88627803
2018-07-22,bb77135946e78428a7a5634a46113a22,1.1287074
2018-07-22,bbc3a3f2596e849548463e3a46d833f0,0.7378308
2018-07-22,bc072f287b475a918c00b3478d1bcef9,1.6033809
2018-07-22,bc1771eea502c7888f4fa3d568a69111,0.7558425
2018-07-22,bc2d9919d641257d3745492c23bd16ee,0.9237818
2018-07-22,bd6e6fce9ada76ea2db0f1912e8e478f,5.9187694
2018-07-22,bd8c0934082247e8c53c9b8fe35a4dad,0.8995938
2018-07-22,bdb0b11a36aed4d0d862a7037c838560,1.6287378
2018-07-22,bdcf6a834e8faa30dac3886c7a58e92e,5.6005855
2018-07-22,be55ae76be8824525f40695d49a5a7b5,1.9099114
2018-07-22,bfa0e398bef2d28bb421d42997982cab,0.82878476
2018-07-22,c0704b7b41d23540e8576c5e84484dcb,3.6334598
2018-07-22,c075b8e131353552218860f1c421e4ef,4.829049
2018-07-22,c0eeedfd383f32ae9524a15a8898b129,0.9779496
2018-07-22,c10a7001e8b49dfc03817444b5f2ed81,2.8563342
2018-07-22,c1cf541d5b33a4b04ddc1c3be7aa1c86,4.6596584
2018-07-22,c20a3f598c16d77249da67e81caa8317,22.554749
2018-07-22,c3798d484fb730f0b5c23af0d5361595,1.4738206
2018-07-22,c395a11dd90b985496c100861b7c4710,2.9063852
2018-07-22,c3ba4e8d3cb30049213b682e751e9d00,6.711069
2018-07-22,c429a719cac9a29bfb5749d8f9043dae,4.922151
2018-07-22,c44343d9d6d3551e161f3c72bfcbfc3b,1.3493758
2018-07-22,c4baedd846ed09b85f78a781b522f126,10.322222
2018-07-22,c50ca07e9e4db9ea5011f06802c0aea0,12.975828
2018-07-22,c589625c8ccc7bfd2e8f1fb041e24c4a,5.3775787
2018-07-22,c63ea4621680c1b0fca8864c0564bd78,2.1303227
2018-07-22,c65f71634a9d0de5b4a1d7dbb6d3ae01,1.1299812
2018-07-22,c66473cee835e09bdd0edc66f628af7c,1.0421122
2018-07-22,c706d50b57c9e83293c2586d01f32445,5.2980385
2018-07-22,c7944f654db61924bb81f0e3160ab757,0.8334964
2018-07-22,c7a94c6dde9d81dc864941084dbdfe45,0.80377793
2018-07-22,c7caa8b7b6e51a771b10a6565125b0f4,0.93060154
2018-07-22,c7fd13b5e515bffdab855d0812842edb,25.894642
2018-07-22,c80124276571cd4bef53cf35d9b36c5c,0.8593788
2018-07-22,c87a617241993d71f043ed39858daa43,3.3868039
2018-07-22,c8cfa622661e047ea2499f8bce4731a5,2.2072861
2018-07-22,c8eca123751676bbdaaa9e4a84721362,0.6076291
2018-07-22,c9701c7e21b5d653f1154e62ada219d7,0.89261335
2018-07-22,c985e917daf44dfe2779833209017098,1.8603913
2018-07-22,c9e3b986ab953f3b1f4028bee505deea,0.76203877
2018-07-22,ca0e18cb90ba3928271a3b09d9141dd0,0.8027698
2018-07-22,ca3f06758a5c1f826803c6839d39b541,4.4744782
2018-07-22,ca5c923962558430573f83661dbe36d6,2.3290846
2018-07-22,cac9e5692471a0700418aa3400b9b2b1,5.980241
2018-07-22,cc5447118c174dcc6456c84ccb29e6f7,2.223804
2018-07-22,cc60892b5adc06df9d5cc4531fc06df6,0.8342773
2018-07-22,ccd42132afae2f1f5bfd5e27549c6ece,4.163229
2018-07-22,cd935d283d47f1050c505e1c39c48b67,1.281248
2018-07-22,ce6f74096c84567f22728c84f3d6e7fc,2.031728
2018-07-22,cea3e34396621bb2677f5969c11316bc,0.74305874
2018-07-22,ceb25e5f3be12c14a1c69bd9e9e0f67f,1.2412632
2018-07-22,cebff45f1d1558430be0e07ac0df6a68,3.0038538
2018-07-22,cec09725da5ed01471d9a505e7389d37,6.2099605
2018-07-22,cf5fb18f3ac3f373759295cc8ba3e2c3,1.4512254
2018-07-22,cf857bce01d442bb8631a548a4432def,2.0933192
2018-07-22,cfb763496d9fc48751a27db4fd02aa2d,3.8312252
2018-07-22,d011223de539cd224b5c5c8082313d46,4.2095156
2018-07-22,d017a2151d543a9885604dc62a3d9dcc,8.061472
2018-07-22,d04857e7b4b708ee8b8b9921163edba3,32.933437
2018-07-22,d04ae06ca1423cdc5bd50d87c0f7c372,1.7565563
2018-07-22,d04bbac48960ecb7ea311b00ca6e1cb7,7.101529
2018-07-22,d06466afa11453b6450b70992c90ece7,1.6628689
2018-07-22,d1040cea3114b6e9f7e2170dc39af1db,1.5484078
2018-07-22,d1a57f4402dbfe2cb1c271ad0da64311,0.95624834
2018-07-22,d1c427060a0f73f6b889a5c7c61f2ac4,23.49942
2018-07-22,d285360f29ac7fd97640bf0baef03de0,454.00806
2018-07-22,d2efc686acbf02ce6200ee423516f0d0,0.9970222
2018-07-22,d315b738a6e96f4d9710af966cb7cd5b,1.440799
2018-07-22,d33a74e1b6cfc152b6b3f43324d54987,1.5028989
2018-07-22,d4f91ac96799dc3d9221293e29892e30,0.79535604
2018-07-22,d540d228abea2bb0713acb40e4f3d341,2.706189
2018-07-22,d58020f0dc3b18e41728f846f5072a6c,1.6470394
2018-07-22,d6a246503bb84b2e0914e8a1dfb58a04,0.8863334
2018-07-22,d7252737cad49d030f9ce83b50249120,0.8666722
2018-07-22,d7cdea99e6f50310c242d02f16f1f63c,0.9722133
2018-07-22,d86936d170828ee19b4bac2befe8ab1e,0.8648113
2018-07-22,d8f254be723da6488610b42935533b05,1.4021436
2018-07-22,da1ff964ecbb4df51db9322cdf7a4a74,0.9089188
2018-07-22,da97969972a524bca894f97ea6bcff90,1.5153775
2018-07-22,db96ef2aef93a5a96d1e3296a32648e5,0.8648113
2018-07-22,dbe30cd7571498ff45963ea671014c6a,0.9150559
2018-07-22,dc448e6ccff3210312c96e9fad49552d,0.7828383
2018-07-22,dcdf0ea8fa671dc311eeb3c391b5a4aa,0.67985636
2018-07-22,dd2ca29c9d0f93d3b1d28d7d7ee3025c,1.9276402
2018-07-22,dd4bb630f241ce3910d9595b395efeb5,0.79950625
2018-07-22,dd768d259ee6054e0dadd66c8e2be0b6,1.4063717
2018-07-22,ddceb6eef6af67e9fbbd4c148dbe5fd9,2.818771
2018-07-22,de89f330c497e12d2510c2cd2a48a29f,1.7692688
2018-07-22,def19e614797eefc0a11face884c50ba,0.96388626
2018-07-22,df969ce58d2f301f941a09bc75558cd4,0.94557035
2018-07-22,dfeb944b00d6cf42f80ee3b42d831ab8,0.9715495
2018-07-22,e06f99e79036d681effa3de75989bf22,6.510598
2018-07-22,e06ff9a961edac4a89f5451882861adf,0.8465424
2018-07-22,e0cf79767c5b016251fe139915c59a26,10.50548
2018-07-22,e178e8610a35f4d6c9b0934fb5e20e85,6.810746
2018-07-22,e1da6ab77f4859eb17950e5df1c0f815,22.461878
2018-07-22,e2372fa4eec7531e44bb43844876e25b,1.2885588
2018-07-22,e27477bc051dcfafd523c6064551bd25,0.9208491
2018-07-22,e2bb00220a167d9e60b6776ac33717bc,1.8385774
2018-07-22,e2fcaac49de7a3a90f0dc74d7b1e9f10,1.2221094
2018-07-22,e3f7b3cbb0ccf1f1e361e6974b22e346,3.007722
2018-07-22,e482ad963bfb9a9abc51b9850aca97b7,1.4531115
2018-07-22,e53e557d5a159f5aa2c5e995dfdf244b,98.09694
2018-07-22,e5431fe7b289028ba2b453fafd45f0f8,0.89406645
2018-07-22,e583bb5fa3cb1e876a6ea48f21dfef34,1.0816447
2018-07-22,e5ae72c62ebfa708624f5029d609b160,3.003692
2018-07-22,e70b02b0b99965f2ff4341de50a35c5d,0.7978434
2018-07-22,e70f7c188cd2c0f01a1f6b35411cc481,0.9550519
2018-07-22,e7cc48a9daff5436f63d3aad9426f28b,1960.4425
2018-07-22,e7d5464b94c9a5963f7c686fc80145ad,27.251116
2018-07-22,e84997d75938765ef99930f908ceedf4,8.47027
2018-07-22,e8726dba146280f6ac62eddbf22d71b0,0.8972049
2018-07-22,e94df75b2e9a8b056be0c144a731f55c,3.5341682
2018-07-22,e966b10d5690d77bfc03cef8f9a26d57,2.3920226
2018-07-22,ea10285afcafd4d505a539481c9c576b,0.75831205
2018-07-22,ea2012e0b6ae52438a98f2c18108beed,5.737144
2018-07-22,ec53d5cd09b1dd78aa48a7d076fc51b1,1.0501921
2018-07-22,ecd7770e1f7f64ee8c295da808d2ce5b,0.8199072
2018-07-22,ece54c93627dcd4a6352b330d5052678,0.7820952
2018-07-22,ed2067a9c1f79553088a3c67b99a9f97,2.7912552
2018-07-22,ed739dfa91e2c770354726fe0bf9cc72,1.0077947
2018-07-22,ee0c1cf2fbeae95205b4aa506f1469f0,109.57952
2018-07-22,ef59f328cef34c7b309bb12e86b6418b,0.9708739
2018-07-22,ef61eac41af4d480bf8e6c728136397d,0.45324177
2018-07-22,ef7f13c7694be202c48017b71801815c,5.40598
2018-07-22,ef814c6dd6dc000a73c50dbaedef4002,1.0149207
2018-07-22,f081174cf4cde1e4f75cd45b4518bbe6,0.8530882
2018-07-22,f0d1b9adbb40033054296d0ce2581aea,0.8692267
2018-07-22,f15c46e2da924b1fc76fe638911262bc,1.5365117
2018-07-22,f16e5b7883c1349e57bc5e92ba9e0d96,0.9267271
2018-07-22,f20a14d45e85b05ef554d10d7283f7da,1.3193564
2018-07-22,f282b8032570cf3ce692b8ea7e1b6c53,1.8996534
2018-07-22,f2e53dd1670f3c376518263b3f71424d,5.737401
2018-07-22,f4685661dba7a38783007afb3e5fe8ac,1.6250749
2018-07-22,f49e985b4cb2d0543890d6dd00077663,2.76721
2018-07-22,f68980d7981fcc92059f42a4fd82fb38,0.9636676
2018-07-22,f6d6246239cec75f604b82f359cdf148,0.8858731
2018-07-22,f71050e65776861c8c3ec7a2d2b0194c,1.2935001
2018-07-22,f7740e5b4337a3cc4a8a204553101a85,4.403501
2018-07-22,f8077831f3c3f393fb67b93c5acd8daf,2.6904187
2018-07-22,f889fb87b505b73de10c18b93352469f,3.7483628
2018-07-22,f8b624d4e475bb8d1bddf1b65c6a64f6,5.776531
2018-07-22,f8f93700c26007f74716eca57d217cfd,0.85226583
2018-07-22,f92ffd606b7b4417f1b714ed4b653e70,1.0135128
2018-07-22,f9624194634737145e6066d831213df8,0.8037376
2018-07-22,f9b178c9fdc90bbcfbd6c6b49ed47d4c,3.0616078
2018-07-22,fa7be99321f2dbb1e518d2139ccb1d39,4.158985
2018-07-22,fa7e460c8ef762c029b4042723e481c7,0.77072924
2018-07-22,fad3ac91e2ae2e3e0e3f0bed36a565b8,2.7791896
2018-07-22,fad5712458efaf9fff0c29431c558b07,1.0411391
2018-07-22,fb19ac22e32dfecea21afbdde4b97b5f,1.7958523
2018-07-22,fb8ec7f3124032e812713f60633e6167,0.7743012
2018-07-22,fbc1488c1a1e72ba175f53ab29a248e8,12.060617
2018-07-22,fbce4c4cb307679d89a3bf3d3bb353b9,20.048023
2018-07-22,fc13bac52be6640d9a77f54894e2c0e6,14.952723
2018-07-22,fc1d8637c0268af3db482c14b7ef8e75,2.4795833
2018-07-22,fc44aa56f6950438772a08ec23552fd9,1.1862178
2018-07-22,fcaab5d7f656094e49fbe4ee3a506658,2.9080257
2018-07-22,fdd06e4d9669d1f11992a3973a0fdd7b,1.0171587
2018-07-22,fe25db018a92c3f4ff5cd5d2e0bb7290,0.9768586
2018-07-22,fe7f10e5c9d36a294333b0c35ccc24ad,2.8524008
2018-07-22,ffa7e0cbe11656d11a117b534bb1db27,4.932396
2018-07-22,ffedbd68fa6f44e788ff6c2db8094715,6.314895
2018-07-22,ffef256879dbadcab7e77950f4f4a195,1.9646173
2018-07-29,003128f981470c3e5a2e7445e4a771cd,0.8821109
2018-07-29,01cfc3d9c29504c2d370933e53f002b4,0.9558211
2018-07-29,01d4157fd9738ea81038316ae4cfc192,4.61986
2018-07-29,02b750ee6f6f12a23c311b775ee4427a,1.076449
2018-07-29,03b29ca1beec2e03e15a3b980c1505ed,0.87448424
2018-07-29,03e931f387c2dd5b006aecdb12515b2e,1.2336179
2018-07-29,054515fd15bc1a2029f10de97ffa9120,31.208803
2018-07-29,059ca09d32720d9adce3ae12e181339d,0.6325194
2018-07-29,05a9ab81472f6bdcd910cb49b636c5b5,0.816357
2018-07-29,05df88a280f9c6edca3b2f5f9b3e75ad,0.9134155
2018-07-29,060c17562f97e5bb60bc0dfa4dd5b3f2,6.137545
2018-07-29,06e95441ade9262a325f6d5c1561cbb4,0.79345113
2018-07-29,06edb72f1e0c64b14c5b79353f7abea3,5.218438
2018-07-29,06f2166336faca73c644b11eaca22d06,3.663375
2018-07-29,071d40163502c7a04c4b49983787485c,3.435079
2018-07-29,0798196b28c04c8e543322896c882902,2.8003845
2018-07-29,07fe9ffbb84b9d22610d79efb16e81a7,1.478035
2018-07-29,0820af09ddc75b84841b1fab4da4be9b,1.6410257
2018-07-29,092eff69a9499b052a2258f502ea0775,0.9802549
2018-07-29,0950783476d3f6529a03b28fcac219d1,0.84485763
2018-07-29,09b0d15a8cc9a84e7af7e0225f67dc45,6.127223
2018-07-29,0a407038cdb51df51fa8d01c54fa05f0,0.88571435
2018-07-29,0a4093a4af429dc0a9334300e5c13ae5,3.6458275
2018-07-29,0a4f9f421af66d2ea061fbb8883419f7,11.411992
2018-07-29,0a5a41c678bcf81e041826bb24eb0b01,2.3979635
2018-07-29,0b814a3c8fa6dbb849df7c28c1bd6831,0.9673968
2018-07-29,0bbb557651f08b3c732d9836de4d0bc3,0.9317927
2018-07-29,0bbdc963004d9b2fd3427ee3c5ae3608,7.1250124
2018-07-29,0bcc3eeca39e1064258aa1e932269894,6.848683
2018-07-29,0bdd9a52d192d64770e33ae559512478,1.5767097
2018-07-29,0c5b17c1b54fc1dc48752ddb8caab6fc,2.3036206
2018-07-29,0cf41187284d7f099adc8415a743ebbd,1.8306924
2018-07-29,0d85c435fd60b277ffb9e9b0f88f927a,9.860754
2018-07-29,0d90fced28b749fa0468818d98cb8212,1.1955522
2018-07-29,0ddb2f7b7b817ea4239bfab24f67f742,0.6110231
2018-07-29,0e0487ef680ae92e064423238d1b4c05,1.6709825
2018-07-29,0e2d365a247d105fefc31b17ab8706d9,4.329369
2018-07-29,0ea678faa34b54418a17e76511472882,1.7450078
2018-07-29,0f8977d115c52d93a05dd4eb7052baff,2.7852697
2018-07-29,0f91b6a95a57a43203a9b17de98960d9,1.8171896
2018-07-29,0fe922b7f7d43ef454bbc241416e7401,3.0669575
2018-07-29,1015bdc42b2ec0548e728cdc0ad72380,1.0092679
2018-07-29,103704a4243ec0118742f6b229b029d7,0.85727984
2018-07-29,10dae91e0aba95747e90280edeffe883,1.070514
2018-07-29,11182511f8556822085ea032df785dae,1.7285808
2018-07-29,11dcc970f7a5581e1bf777b6da3f7096,2.1503491
2018-07-29,11e02f2cd150fa54525a1109f61ea2de,0.8807191
2018-07-29,1201cfbb572a190305bbefabcec7e7eb,0.9256406
2018-07-29,12fc9ab82dd45f3824881d94f79edb38,1.8308231
2018-07-29,134afbb1d3ef60a407f8e4491dd63622,0.8894831
2018-07-29,13a7ea24fee9ef57c3b7b5b69d3b4cda,0.9880132
2018-07-29,145028037adecb27b1a58cf9597676cc,3.7351134
2018-07-29,145978af3e89b318be0b717a0953649a,3.0368888
2018-07-29,154e7e31ebfa092203795c972e5804a6,5.4112096
2018-07-29,15a8b28443e64b840cc27ee2491507d4,0.7477486
2018-07-29,1600dcf1cea8c0c83702e07b577ab231,10.367662
2018-07-29,1613b819ab5dae53aead2dbb4ebdb378,8.723358
2018-07-29,163da86e86f0089de089399c28c3fcbb,0.9444979
2018-07-29,165cf891cdb818da8293163bf0a9b2ba,1.1051292
2018-07-29,1686ad611d0c19159f8052758f93f660,1.0499791
2018-07-29,16cc7a098d176187b6d8e9519fa81585,0.8643095
2018-07-29,174bd46514622ad40ab32df5c832aaf3,0.7208646
2018-07-29,177d3d5bb9d4d29222a222e3b3554f41,1.7856859
2018-07-29,18b0e642cbae7251e60a64aa07dd9eb9,43.31327
2018-07-29,1b34de23397f9ce6cd0f7afa27b60eac,0.9487718
2018-07-29,1cab19d5be9a1286428e85aaebf82906,0.565925
2018-07-29,1dce3fd38c13a3e74fe5000f33858442,0.83983666
2018-07-29,1ebde342c905182ffc07333fc569c590,5.235877
2018-07-29,1f532d60bbc8273d9dd553120f6e47d5,11.146262
2018-07-29,1f5542855786adc0116f56cfd6f9f830,1.8993475
2018-07-29,1f75be631e988bb0ad750e60e18d043b,1.4822562
2018-07-29,1fb344134cd7164d32dea4d87ba3ec5a,2.9080257
2018-07-29,2028bf1b01cafb2d2b1901fca4083222,19.34554
2018-07-29,20b4a894367b7b66ea1c5ae7efb5a7eb,0.99591595
2018-07-29,20fb650ad1615624d7e202031400f695,0.8894831
2018-07-29,24c002cf6aa7f3c184a964064e2a2e5c,0.84625345
2018-07-29,24c66f106f642621e524291a895c9032,17.970074
2018-07-29,259bd66612b61aa4e82ce3cde9272bbc,1.7621822
2018-07-29,259df46ee92a13043ed24ebabb9534fe,6.7934437
2018-07-29,25e2023ed83352bde98dc1490d14c3d8,12.163577
2018-07-29,27d089865ecb267c190122ec1feddb8a,1.0545638
2018-07-29,282dcadbd8c61f52f06a8ae802b54ee6,1.6042784
2018-07-29,288dbc06591742c5d7fe90fbfb08943e,1.991452
2018-07-29,28beefcab28e6a3b659bae1bf1cbe453,1.5350975
2018-07-29,2ab3eebb03e660d44470d936c0f20bb6,1.2507133
2018-07-29,2b4042dfabc3fe9d3f16951a8e1a3b70,2.5681112
2018-07-29,2b4472df15512a2825ae86fd9ae79335,5.7812138
2018-07-29,2b4609f8948be18874494203496bc318,8.296195
2018-07-29,2ba4dc95f18bb2bedbef662cb24de95e,0.80713373
2018-07-29,2ba4f78910f6fe61e7ae7bfa4efe2726,3.1946204
2018-07-29,2c71e9b9845634cb1ea6285a8f3cbf50,0.9665944
2018-07-29,2cc9fe0726e28bee40b04417a8971b53,0.86500007
2018-07-29,2dd91cf063cf57cb0eebef072746daab,2.516811
2018-07-29,2de5c479fb0c490a0f2a2f3ab36e71b6,1.3281353
2018-07-29,2f13d1dc8b4e1d9d8027be50339546a9,2.824812
2018-07-29,2fb9e46750ac55362f7b642f12b5835b,124.610176
2018-07-29,2ff995aead9c63a1f37a07b3664ead37,27.785965
2018-07-29,308f901f3cbc9dd383146e97562ef8ed,1.1020383
2018-07-29,30f2abe62a0f5fb21e4361e83e19f3d8,1.1716914
2018-07-29,310b40ec41fbfc061e5309006482e68a,1.4632353
2018-07-29,31b5755dd3e583e7c227a935657a818f,6.1501293
2018-07-29,31b8e7c2a22f3dba5183cc110bdd72f7,2.046331
2018-07-29,31c47aaa5775c3b8eed73650e59586a6,1.0085866
2018-07-29,32bad49615b7c5da42609b98df97482c,0.7154817
2018-07-29,330144665b875c2b4555f88d9f4ed7c1,5.398489
2018-07-29,3354a4e684f5e7199f9407db70ccd92b,2.56075
2018-07-29,3360da0bdc5e96e78beaade20beeefa4,0.94913846
2018-07-29,3362ef5324870dec8f228bc39f93245b,0.90750843
2018-07-29,33ba4b29d820b397054cc97e892ab1bc,1.9004772
2018-07-29,35310457211638bcf0670da2cd8ba8be,0.9334239
2018-07-29,35afc973633aaeb6b877ff57b2793310,5.314982
2018-07-29,368c6c730842d78016ad823897a372db,14.732379
2018-07-29,36d74b6f7d7c0e188328c310f9d9896e,0.9880132
2018-07-29,389d119b48cf3043d311335e499d9c6b,237.98682
2018-07-29,38db388d2fc1b20662fcfd3f38b0be28,0.90861505
2018-07-29,3932e37f1f658768ac53fbe680f145bc,0.99357253
2018-07-29,394ccaadf8429703362e1796dccbf4d9,0.9651835
2018-07-29,3a362c0e7f9a69276e2d95869a3e143b,2.4827635
2018-07-29,3a53c1796dd7e4050fdfd2f5d4c90f70,0.8590503
2018-07-29,3b068029db5363533440150014d95d9b,0.38221014
2018-07-29,3b10cf7d1e08c598428ad6eb7c59d09c,4.9070835
2018-07-29,3bed6bc2893ec6b0858eb24e4ea9b371,1.7573504
2018-07-29,3cb39171fd36c50097f2dedbbe0dfe6e,9.394455
2018-07-29,3dd2a17168ec895c781a9191c1e95ad7,15.107844
2018-07-29,3eebb0207da828bf5376257ceca70959,0.85150003
2018-07-29,3f212fef0e1f11b343226b633f0426df,1.5378207
2018-07-29,409ad0594dd6af287d870a566756dc10,0.9401176
2018-07-29,4167a7ae0930579d1f27d465a1a042f0,0.7332932
2018-07-29,4178e16324fd0c9a8e18463caf390cc6,4.364229
2018-07-29,417c36fe8603e10f20aba1359eb8e2f4,2.8107185
2018-07-29,422879e10f46682990de24d770e7f83d,621.84467
2018-07-29,423a6644f0aa529e8828ff1f91003690,2.0497272
2018-07-29,425db55cb3b0f5b18a2d9964da31c3c0,5.7835865
2018-07-29,4298b7e67dc399c200662b569563a2b2,17.866768
2018-07-29,43423cdffde7fda63d0414ed38c11a73,9.752086
2018-07-29,437c05a395e9e47f9762e677a7068ce7,26.404099
2018-07-29,43b54d1fc56ff394092a3dff6be2d39f,1.4546216
2018-07-29,43f88c8353708451babf9bcdd1fda92a,1.4569067
2018-07-29,44231a850e5be11ed6374fab222ff49f,1.0054969
2018-07-29,44d097d59e8430f88a67517cd0c4f865,1.9162679
2018-07-29,450c25d98ed6923154a934554475bf13,1.5282216
2018-07-29,4520766ec412348b8d4caa5e8a18c464,3.9476647
2018-07-29,4563095e06df1fa67de2eade86f4f01b,1.0043986
2018-07-29,457ca2b0e3bf044a65c8bee434d5c5f8,1.0217904
2018-07-29,461f43be3bdf8844e65b62d9ac2c7a5a,4.578805
2018-07-29,4651cbf18222b853f46619003d9861f3,0.056139093
2018-07-29,4713819035a9ef628d084f8ff4fa71f2,0.8700684
2018-07-29,472e6464088101bf2ec351d222c415ab,0.50302964
2018-07-29,4821fcfd5ac4f89ee295f3ac1f20c7a3,0.8683902
2018-07-29,49427490053ae7f72efeaf0a89c84d26,0.9855263
2018-07-29,49f19939bc5c8639e06c36d3bf01ee98,3.8120575
2018-07-29,4a25d757ff72fad7534f478c90be77e6,7.963632
2018-07-29,4a5c3967bfd3629fe07ef4d0cc8c3818,0.9434817
2018-07-29,4b4a4a757b32080f88805beb030d7955,0.9359667
2018-07-29,4b54b3c4276e14492c3b466f49583f72,0.96579385
2018-07-29,4c0f00c6b8f193c1cb9459e6b97e0320,0.910307
2018-07-29,4c7d4a2efde21e3bf1660926fabc6a9d,1.6429089
2018-07-29,4c82c8d31845d751d797debc3d03697f,1.3891755
2018-07-29,4cb33e9787e8a38b82bd68e70f5f4700,1.2403151
2018-07-29,4e1346d7b7e02c737a366b086462e33e,6.9802666
2018-07-29,4e191b1e429b88c6eae1a014f823cb7c,0.7417965
2018-07-29,4e2fa5131fc9956bb6a6b9e84b39e798,0.8337148
2018-07-29,4e90dce938e15bfe8ef9b962391e9866,0.79837686
2018-07-29,4f00b2fac67879a28298642092faa414,0.93089837
2018-07-29,4f0abfbee7569e43b80f9aaa256a9bf8,2.1054149
2018-07-29,4f18ca9862f511ecba98258b2194d061,41.83593
2018-07-29,4fe644d766c7566dbc46fb851363cb3b,6.64807
2018-07-29,5115d8cd6438c0c4d8abdf38d5d41ebd,1.3889108
2018-07-29,514171f9d45a3d93574fc587ef775579,0.8154757
2018-07-29,51d646c5c93e0f1de543528d0e24eadc,1.3005103
2018-07-29,5233802c90651b80bc4ed98158a68823,1.096013
2018-07-29,52c80cedd4e90108bf4fa6a206ef6b03,3.820325
2018-07-29,52f7bc73b7afc86c2b4a318c19671e2e,14.456452
2018-07-29,53759a2ecddad2bb87a079a1f1519f73,129.13493
2018-07-29,53a72a0b6feec4a5cb40c5c79374b471,1.2445501
2018-07-29,53b36df67ebb7c41585e8d54d6772e08,-47.505623
2018-07-29,5403528d987ad26e8d7cb25940411987,2.4038253
2018-07-29,541fe3a51f05d6f3ee6e730fafa0b8d5,2.063103
2018-07-29,5494497e1078148d7b0e41d4551412a7,0.730225
2018-07-29,55403fdc84a027ae6565b360af50e1ee,1.2310014
2018-07-29,55552e80f046fafe13e130e6a07745e2,0.8406241
2018-07-29,55b71bf300a2765a382eaec566df531f,6.918476
2018-07-29,5743cde12b14a481dbc29d4dc336f92c,0.77795637
2018-07-29,57552a168008a60472e3e6bb351422e7,3.174906
2018-07-29,577c6116dcce6a33261911b5225ac475,0.92717797
2018-07-29,57f2bc497c1a3ebe41ba7a06d78ed159,4.1869535
2018-07-29,58816ce2ec224ea03aff8abe045f8407,4.652295
2018-07-29,58cda2faccdf7f8620e45b6a863efd3f,0.8644471
2018-07-29,58ebe34ff100ca78de11d954b6bede1d,0.73730916
2018-07-29,58f63077f5153309a576fda4e0851982,2.4044745
2018-07-29,5948868c402a614a2dd3b90ebb06a253,0.9099035
2018-07-29,595fac2a385ac33a80bd5114aec74eb8,11.428776
2018-07-29,5999995b8f64d769dbc6f592b86d6f8a,1.3854837
2018-07-29,5a7373ba4c9b3e13513ded06cd1986c4,3.0470734
2018-07-29,5a9390e32c656cca81df71054e77b93b,1.0762341
2018-07-29,5ae2f57d379f89f995f9444cdb6d5c60,4.966139
2018-07-29,5b226d7c52f86ac72457617f78cff95d,6.4853196
2018-07-29,5b75bff143600c85dd1fe69b7055982b,1.219816
2018-07-29,5be202203d884803b74c45c7ff991706,0.8666722
2018-07-29,5c2bb11cf2149bd4d9fffcc1246458c3,2.2019823
2018-07-29,5c6a3e484e7aebf406c2045718dea406,3.4084835
2018-07-29,5ca739ddd646d1ba53cca4e3c099a953,0.8260814
2018-07-29,5d6bea33648f018dbb563f3a2fab09f3,30.996172
2018-07-29,5d7c23067ed3fc8c6e699b9373d5890b,1.9311371
2018-07-29,5fabb51e7d99bb9d824b30a637c36595,0.85727036
2018-07-29,5fd295ecaf1c3821da3a53a52dac90e2,6.8564262
2018-07-29,61a4100ccd6d9c4c808a1fd954ddb8ad,1.4229497
2018-07-29,61e8bddb5e00dffe8bfbf972cf3fdf18,1.5030422
2018-07-29,622d3b263cd40b06e1eeea144fb83f19,0.8284671
2018-07-29,628b17449083fb34688b2959b80bdecd,0.89281124
2018-07-29,628f5ed6c14790dcb9233c8dbf596175,4.4436226
2018-07-29,634256dbcd184b3757ffd7632c9fe52a,67.59822
2018-07-29,63888810573fd78e60644cdf803cd2fa,0.91957045
2018-07-29,63bfa27a0cee21fd896dc27f58b6d656,0.93181574
2018-07-29,640dcd3e549f736cd39e1f943ff14c3b,2.5637891
2018-07-29,6463e442310f2f4f321c83a32d8c662b,1.261312
2018-07-29,64fb265487de2238627ce43fe8a67efc,3.858265
2018-07-29,656e0eca68dcecf6a31b8ececfabe3e8,52.521404
2018-07-29,65fd9b358b7ee029fba34839e9c35fdf,2.024132
2018-07-29,6727051471a0fc4a0e7737b57bff2549,4.6845922
2018-07-29,677d8ace413e0060fa8686cde56eaf10,1.058626
2018-07-29,67bd616e1ba0d3d3e8545f3113b0140d,10.338815
2018-07-29,67e927f7378303fc91ee4c3fc301bf5a,1.0521547
2018-07-29,683647534fe73616ae97d91a6ef253f4,4.2435374
2018-07-29,688ad0169550f8e2eb0307b61df3ba12,2.3379283
2018-07-29,69455f41626a745aea9ee9164cb9eafd,3.7577486
2018-07-29,698b3ddae2f0b80c2a48fb40624ca4e4,2.9738114
2018-07-29,6a29caa68d4bc5536b4447c25de4c937,0.95595276
2018-07-29,6a31191d5ac5852b0478f6e245ac5b02,4.5276594
2018-07-29,6ab6d9589ae19abcee458918d4779fae,1.2884896
2018-07-29,6ab9d49c399f239bc88ea28c7568213f,2.9921327
2018-07-29,6ac3978babf6ca76087369391bb6ce5a,2.6303275
2018-07-29,6adab229374835b551f6402e0dc53267,1.8137844
2018-07-29,6cdd53843498f92890544667809f1595,4.052947
2018-07-29,6d8f2ccbced01ba3165048d784a5cf0c,0.75536203
2018-07-29,6d97e5cb4df5111845c6aaafba7111ca,2.6667418
2018-07-29,6f0169f259bb0ff432bfff7d829b9946,0.7214684
2018-07-29,6f3b5b605d91b7439c5e3f5a8dffeea7,25.626032
2018-07-29,6f6d0c21d57a3bac0a6dc84cae4c0bcb,0.8821109
2018-07-29,703d742887bb9267f89b675608ba7aa0,45.982697
2018-07-29,70aa499facb0946dc40ff974166fd522,4.6255455
2018-07-29,7148a8f67a1564b5a6c5944398357e18,2.0145786
2018-07-29,71540d636652fc682032d3b3c0a180c1,1.4582546
2018-07-29,71a5f1c2a5fd9889ef26b5ac22aec9c6,2.2084715
2018-07-29,71a7800a633691de8ecdd17463335e2e,1.9460925
2018-07-29,727a46f0b58a9ef165af9f7ebcfebfa9,478.74808
2018-07-29,72f78c618c8f81c2b8f0ffd2a51293b4,0.7862547
2018-07-29,730f1927f42fda4370209c28203eb0ab,20.091497
2018-07-29,738da8ddda2e593acfdc53c2d1520dfa,3.7889812
2018-07-29,73bcea88583002fe12b7399af4ae60da,8.006251
2018-07-29,741ab0ea9712d54a420f0a347ce71613,0.7103379
2018-07-29,7564c1759c04fc0a38f2aa84f7a370ee,3.4525552
2018-07-29,75dffc4de999c1c28630b084e58beee4,0.93491507
2018-07-29,7650dd3b2dc10798a8cbccc78d9e6e3b,0.9345537
2018-07-29,77e56e1e099429aab02aa75e36831eac,0.95362085
2018-07-29,781afe929e3016a667f5f439afd55fce,5.4922953
2018-07-29,783caabd539c4079ec08423e30719fba,1.612691
2018-07-29,786248c98cab9ad5cccdb751909da1af,0.9248475
2018-07-29,78efe838c04bbc568be034082200ac20,26.453543
2018-07-29,78f03f51ef7a8e468dfe807ab205c9e5,0.9550519
2018-07-29,78f29023586e374cdc3773ce0af6bd2c,1.2935579
2018-07-29,79b0cb968ca5e0ef4d6338171123a3df,0.9432822
2018-07-29,7a5d0e89d069c89b2112e9da539343c2,5.0131173
2018-07-29,7afdd65f79f63819ff5bee328843fa37,2.9398181
2018-07-29,7bcc81e7096d625f592094c60385ebc5,0.7458665
2018-07-29,7bcf2266b78ccc737b8f26f925d3c5d4,1.3582357
2018-07-29,7c4a8bec217df1de0df2b5aaf8175b65,3.5392656
2018-07-29,7f457254a89d62960399e075711b3deb,3.2241623
2018-07-29,7f72a8900b3d2fc8fa2635b7836d6e6e,13.1054
2018-07-29,7fe486a60125c1541517e30944f95066,1.3409114
2018-07-29,80736543f7c5c511bccb61d1544d9d0b,0.8841153
2018-07-29,810e2944bca9850b934e1570ba372e7d,4.0365705
2018-07-29,818c2f4d29b94c0600bbc109c6fa0efd,3.8063476
2018-07-29,82c3ea364e5480f335f6743ee725a921,2.368184
2018-07-29,82c51c3938503a4ddc096fbed86428d6,2.1233296
2018-07-29,839321c2db7b3b3eaff4944c3b052ecd,2.3842857
2018-07-29,84f456958365164420cfc80fbe4c7fab,11.844475
2018-07-29,85cdaad7591c6b04ee56edf0a4407a5a,0.9432822
2018-07-29,867dda95bbba37fe56fa288449fa122f,3.0099046
2018-07-29,868b3136c5b206f91b8208fbfdf2cb7c,1.3987474
2018-07-29,86ecc269de40ba13205e7beeee12f26f,4.81826
2018-07-29,87ea2f45559e10519513a20b24147316,1.7980716
2018-07-29,883cea107372a7f07b5830904f74952d,3.174615
2018-07-29,88a3f73bd7326cded0153029c775d145,1.5709302
2018-07-29,89005f5c60b53829a9a617fe5e292221,0.99357253
2018-07-29,89321f94e35fc6d7903d36f74e351d40,48.884785
2018-07-29,89e4362d74afa10ac57f8d67210132a6,3.2733543
2018-07-29,89ea72335f0b688b56ba7daa5a2e98c2,0.7370643
2018-07-29,8ae7db511529da9af9685c9d0375bd82,0.83984935
2018-07-29,8b50a72d52d7a91fb19d19fbe069e2f2,3.6275744
2018-07-29,8b5227e28272123eefd613a10ffd7704,1.4598391
2018-07-29,8c591ab0ca519558779df02023177f44,5.576983
2018-07-29,8d39a63db6a98e40571f486e0c711cf7,0.9303938
2018-07-29,8ebb1bc470f9bfd4017c0be0773211ad,1.0853165
2018-07-29,8edf8f0889f2cf40d743f3b983aebd3b,1.957887
2018-07-29,8f5501bc2a52a32cb42e220c855cd589,0.95454335
2018-07-29,8f71fe1e1b5bbb6773e7276b5c37ef65,1.6920617
2018-07-29,8fc803c7d0a99a53798c7896a7c1e93c,4.7683463
2018-07-29,9041a4cde4a900bc259d3b1b6847f6b1,0.56775063
2018-07-29,904a9e449fbfd90da738ab70ae6ca003,0.79525876
2018-07-29,90846606739f4063e6092aa0fadd78a9,2.9243844
2018-07-29,90aa2ab699cd0e459be93124aa91c82f,2.3791113
2018-07-29,90d11936871062d5cb6d23175734ea91,1.5720276
2018-07-29,91442659f31ec0f0fc73215e77854fac,1.1497754
2018-07-29,91846781ef75057e134949400768e272,2.1633947
2018-07-29,928e52a9ad53a294fdcc91bcf59d1751,51.46226
2018-07-29,931541a73da8874f772b1fa532b99fea,1.1033359
2018-07-29,93a12c289ca2b78e7069e469f5053ef2,9.296246
2018-07-29,94475071013412139f862c0bd7e3bb37,3.1314034
2018-07-29,94938d42be4ea1064db3325c385ee6d6,0.82578903
2018-07-29,94a6c010ef78e62cab34c6caf0a69b5f,1.4380603
2018-07-29,953439fbf9090e2362532905d89b991f,1.9877378
2018-07-29,9545d45c37449ccbc376de3a04c66e71,2.3527117
2018-07-29,96cfc21d191df7257d9a6dfef4d897fd,0.9555915
2018-07-29,96f027a4749058d508f6c1bda657c79d,1.6842606
2018-07-29,97017430754804328eb9597b7f85da03,5.737896
2018-07-29,9739d07ec835e1c66eedb9a6df402bd5,0.98014194
2018-07-29,9766505cde62429c3629bb6411cd9dc4,1.8913875
2018-07-29,97bb088389e83ef547d4f736067ada7c,0.62976456
2018-07-29,9800689d93f54df6dc7df4ebd0aade31,0.99357253
2018-07-29,98935aea5a6ca26c5d8cd205a97c98d1,0.9489899
2018-07-29,995e25d9b46dee183004994645768d95,3.3308797
2018-07-29,99a4788cb24856965c36a24e339b6058,32.541878
2018-07-29,9a469eaf45dfbc43d39ba1977a3c07af,1.0545638
2018-07-29,9ab817d90bc61ed772ffea01b4cdcdb6,0.7071899
2018-07-29,9ac1378f05cd222b3fb34a3cccc626c7,11.664252
2018-07-29,9ada4c8f4e072df42ff63b30520b6975,1.99861
2018-07-29,9af7b4a3262141c12ba9bd489a8573c7,1.3630668
2018-07-29,9ba8f142d5750b47282d95c0dad1ef57,5.0722976
2018-07-29,9d7e2c8835276b06ea5facb880789f4b,0.710742
2018-07-29,9da950e8c8c482441f1b93955b21c827,2.1386082
2018-07-29,9e2ee57a77fedecd33b6914e9cf61199,0.9432822
2018-07-29,9e47ae55f9327141d2dc2cbca3317e49,0.9906762
2018-07-29,9fab8bd1f9c69cf2301b8ad3bec47480,1.8537526
2018-07-29,a009a84a95de59e574851aef710ee0f3,3.0840592
2018-07-29,a02d0123079f4ae96001ba2010d1a2df,8.663372
2018-07-29,a03e401d58a45187271718c5d7610422,1.7513086
2018-07-29,a04087ab6a96ffa041f8a2701a72b616,4.173688
2018-07-29,a0b7d5a992ccda646f2d34e418fff5a0,3.9504006
2018-07-29,a19b6951c75da43aad691622dd2f6abe,36.96613
2018-07-29,a291cc846d74d97f01611894f983073b,6.647069
2018-07-29,a39cc58c1b5926b6f9f378daa89f1315,5.722252
2018-07-29,a3daee3915d4fb98376e039ede6bdea6,15.386019
2018-07-29,a4ea23e4c7a6ea7b4106779177221ce7,2.617394
2018-07-29,a54244559e62c8ef2939e52189d65d4c,1.4982256
2018-07-29,a62e25e09e05e6faf31d90c6ec1aa3d1,95.701256
2018-07-29,a6961c368e99bfa3e39fadf7530d7ea1,0.8960875
2018-07-29,a8075470f960215ffb67624782f80fec,4.317029
2018-07-29,a87595e0311a6cb55db1cef3c1c0e7a0,0.8864346
2018-07-29,a8b0dd2c57b49b649373ff5a495a697e,1.4052168
2018-07-29,a8bb7885faf316d9a5062d42d2b2fba4,1.1428144
2018-07-29,a92930c327948861c015c919a0bcb4a8,64.527565
2018-07-29,aa70ae9ee9a798d44ae6e00ce6d82cb1,4.543996
2018-07-29,aa8d88eb4b9cb38894e33fa624c4287f,5.3807025
2018-07-29,ab1f9387c0627dd24000bfbc54fdeee0,5.241318
2018-07-29,abc3432ff825d8e524db1d4eac6d2099,2.4509792
2018-07-29,abc3c2e40b0c9b7b115a96bc6c919ae1,0.9007959
2018-07-29,ac50a885bf3b6a817bf6a0a2f1e27af4,1.0030833
2018-07-29,ac8af924237ed4591dc8d9b8c6a935f0,1.6343086
2018-07-29,acc444eb5ad26f79d5a11baa6a03c439,10.206365
2018-07-29,ad88641611c35ebd59ecda07a9f17099,1.9724392
2018-07-29,adaf53b4c04b9aca88c0f5c9ba4c3880,0.42897403
2018-07-29,addc4d1f7d82e1b6c5ba37d6559ac127,0.9710567
2018-07-29,adf591c625cb265c12bc6749d3a2f757,1.3724021
2018-07-29,ae16b1d896c15ed60614a0d88c4abf03,8.823147
2018-07-29,aef98ce647739e381bae28e004c63235,0.9604187
2018-07-29,af0a99476d96dcc1a1baa7c0d9ff6b9d,3.8783836
2018-07-29,af2d506fb01b724e03591349ad36b67e,5.641706
2018-07-29,af8acb9fc1592c0d00bf5b8a3d43e8e9,1.0693471
2018-07-29,afd22faefd9584467a374bf7a50f0996,0.45872056
2018-07-29,afeeea6271148ee1bb15173b8187c431,8.889725
2018-07-29,b05ec8d9cabec69e637318ebba813a09,4.816393
2018-07-29,b114bf337c0626166abe574eee9e3f32,19.61946
2018-07-29,b12c4b01322e1befea8465bdf7fe2360,0.8037376
2018-07-29,b192be433004cc1f10b467c0e9ea309b,19.265404
2018-07-29,b38b25d838ae0b8385e8cc68b9017644,1.983935
2018-07-29,b3bf52e880d6c9f4dd7e34fb682d5054,10.826641
2018-07-29,b51485801348808e02617629d896c936,0.8900207
2018-07-29,b75a056d7d03227c3a3b60e9ccf518c9,1.3810065
2018-07-29,b7a812ed1b86b3b00e566dc29ba7ec7c,3.0845327
2018-07-29,b7a89537c40b1f5a18b5ba75dbb91cbe,1.9458061
2018-07-29,b813c88d024da60c2cbdf7a531e4fa77,1.780703
2018-07-29,b84520a57891e7a8ae2c68741dcc7146,4.8242435
2018-07-29,b9976e9c22fb1540bd71d1bcd2989475,0.9584478
2018-07-29,b99e2a514ed0d9a2594decfe71da28e7,1.6887145
2018-07-29,ba4a91633739ceceb2b73b627e2cfbc3,1.098576
2018-07-29,ba74c6b75d2ad7503175809688d5a03c,2.119729
2018-07-29,ba80c9f47a84d1e08465f72e22930c83,14.386351
2018-07-29,bb1713a6219e4b6575cdd9c380638a65,0.9418786
2018-07-29,bb42f37fc3d9130e4a4339d24a47dd7c,6.434446
2018-07-29,bb50f2e236e5eea0100680137654686c,38.39341
2018-07-29,bc072f287b475a918c00b3478d1bcef9,0.8652118
2018-07-29,bcaccccaa0255d8132172dfe9c10ab2e,1.8982806
2018-07-29,bce474cc95b6e77657e10939b0b4248c,2.1823375
2018-07-29,bcf23a98430ab0bd4ee446c36b596c25,0.9700658
2018-07-29,bcf3aa04becb30e6279242e23dc516f8,0.8547724
2018-07-29,bd121e63c181b55f2204d15c44795736,0.92717797
2018-07-29,bd6e6fce9ada76ea2db0f1912e8e478f,23.542847
2018-07-29,bd8c0934082247e8c53c9b8fe35a4dad,0.9029899
2018-07-29,bfa0e398bef2d28bb421d42997982cab,0.6712597
2018-07-29,bff2390f68a7b76b01ef61b684888261,5.469752
2018-07-29,bffdb7d6bdb994823039ac983d6d30ec,0.8834389
2018-07-29,c075b8e131353552218860f1c421e4ef,2.4145246
2018-07-29,c0abb5707b6d57b4e7d9797222a77fc8,1.8016706
2018-07-29,c1617123e66d2491ca93ceadfd36203e,2.3917675
2018-07-29,c1cf541d5b33a4b04ddc1c3be7aa1c86,2.4034972
2018-07-29,c1f5307decb89342351bec53668cffd9,2.7992048
2018-07-29,c20a3f598c16d77249da67e81caa8317,10.554383
2018-07-29,c20e9c8a7361bfa0d6530ab73075921b,0.7623245
2018-07-29,c2c00c360a8407127ec5393828933bc5,5.269493
2018-07-29,c3602326cc2e91dc18ad2ae9a575b5e7,0.8702801
2018-07-29,c36bf06e0eb9da82511d954d8f25114c,0.9872617
2018-07-29,c3ba4e8d3cb30049213b682e751e9d00,8.264817
2018-07-29,c3df8a716bc06d8fed63c0ed6e2c904d,1.070514
2018-07-29,c4baedd846ed09b85f78a781b522f126,4.95418
2018-07-29,c4ee4437696f1885d323b41852fedc8c,4.449199
2018-07-29,c589625c8ccc7bfd2e8f1fb041e24c4a,2.6870914
2018-07-29,c5fb7fbe39f4e09e048ffbc5b28db49a,1.0707649
2018-07-29,c6336fa91fbd87c359e44f5dca5a90ed,17.770937
2018-07-29,c68252426f70e1434cf6e465d7cae869,0.92717797
2018-07-29,c6c1f263e076bd9c1f1640250a5d0c29,0.9875488
2018-07-29,c6e3c9a59b663e36a8b95b2dde81fa33,1.3048848
2018-07-29,c708ba7c6269161f89ce0683cdd7c432,1.5575197
2018-07-29,c784aabc6d8366b8fd85eaf9631cf96f,1.5323069
2018-07-29,c7b3b8509e06ae21abdd78b541215cda,1.5138834
2018-07-29,c8543f8ff0cb8015bea93c0c61b15024,0.9579395
2018-07-29,c862d801c5bf9b08e1bde0e3801199ed,0.83000827
2018-07-29,c88f6f752875535d69510094205bab77,0.81885237
2018-07-29,c909912a223f3d98dd5c1eac6e93fecd,8.335152
2018-07-29,c92a761aaccfb831d4220d44648f260a,0.8803372
2018-07-29,ca0e18cb90ba3928271a3b09d9141dd0,0.84229845
2018-07-29,ca5c923962558430573f83661dbe36d6,2.3439596
2018-07-29,cac9e5692471a0700418aa3400b9b2b1,20.079353
2018-07-29,cc5447118c174dcc6456c84ccb29e6f7,2.6220665
2018-07-29,cce679660c66e6fbd5c8091dfd29e9cd,3.0897837
2018-07-29,cce794ab6b84d0345332bb1910f9eb20,0.8201687
2018-07-29,cdd914e78124a73cc28a165cfc4a0bbc,1.475112
2018-07-29,ce341595864bee3e380631fc5f61ff06,1.0231384
2018-07-29,ce6f74096c84567f22728c84f3d6e7fc,4.0332375
2018-07-29,cebff45f1d1558430be0e07ac0df6a68,1.474234
2018-07-29,cec09725da5ed01471d9a505e7389d37,12.03283
2018-07-29,cee4ebfc997a2ac7f01145efb59cc7be,0.91182935
2018-07-29,cf492edce9b45b948fae7ca5cfb4c24c,5.464575
2018-07-29,cfa7ee31b3e91eacffe78176dc964965,3.1275115
2018-07-29,cfb79bfbdaf59cfe2e9ae0a071451f32,2.4879203
2018-07-29,cfba4923dc05bdeee56a049ae75d078a,1.0587893
2018-07-29,cfd414b4463647f58c7775eaae06893d,1.3067877
2018-07-29,d011223de539cd224b5c5c8082313d46,6.2087326
2018-07-29,d017a2151d543a9885604dc62a3d9dcc,15.736783
2018-07-29,d04857e7b4b708ee8b8b9921163edba3,35.633076
2018-07-29,d19c5ff1a4d4e8b0558536d57cf43cf7,1.2483212
2018-07-29,d1a7965ac8d6ae62c9c1984434227cb6,2.8273897
2018-07-29,d1c427060a0f73f6b889a5c7c61f2ac4,24.01754
2018-07-29,d2f5484cbffe4ca766301b21ab9246dd,6.8733335
2018-07-29,d320834f42a07dcc3cf09805bc8c7001,0.9273864
2018-07-29,d3e1006ba3735c0d44160026b6e0ced3,5.011344
2018-07-29,d4dccae17c83ffbaafc50d763503e9eb,2.6594243
2018-07-29,d51f9e208b88e49c98f6a55649d5df35,1.1640762
2018-07-29,d5ef840497eb48a751179b06d1efd063,0.8826417
2018-07-29,d6061ffaf719f75dd074a637c535b644,0.67676586
2018-07-29,d6aa421b9567e3e2a3a0caf8fb846cbc,2.5073667
2018-07-29,d725b0198c31ea044c691b51d13656d4,0.79653883
2018-07-29,d87fc3441d23a38e9921cd2fa603b931,1.7785695
2018-07-29,dc52f0f5d3ec37a93eaf956cde4e5d2c,1.6640453
2018-07-29,dd231637766e756fd1cf2fd80501fce1,1.9880261
2018-07-29,dd4adcbacf68be8bc2fdcd498de6a06a,1.0003084
2018-07-29,ddceb6eef6af67e9fbbd4c148dbe5fd9,2.9507565
2018-07-29,de533fe5b9448ea9792195806938dbf5,1.6990628
2018-07-29,de89f330c497e12d2510c2cd2a48a29f,0.9688172
2018-07-29,df3655ac9aa8c6cbfa63bdd8d3b09c50,3.4238846
2018-07-29,e06f99e79036d681effa3de75989bf22,6.321574
2018-07-29,e0cf79767c5b016251fe139915c59a26,15.854271
2018-07-29,e0d64dcfaa3b6db5c54ca298ae101d05,25.384039
2018-07-29,e1963d980dceccd99cce847556e111ae,2.3589613
2018-07-29,e1e0040c906cc890d032092141a9b6de,1.3518821
2018-07-29,e24c96c234ee0f2b0947bd394ec402ca,1.7730023
2018-07-29,e2bb00220a167d9e60b6776ac33717bc,1.954417
2018-07-29,e35b86603770bdb3faef7f1dac64aca0,0.8616039
2018-07-29,e4c7ed7a832858c17d60ad5e38b00aba,0.97723305
2018-07-29,e4e5cbc0077aa2c7aacbe435166df909,0.8862496
2018-07-29,e5ae72c62ebfa708624f5029d609b160,3.0070884
2018-07-29,e62d582ddb7630168d7227ca1f9edbd2,0.8475172
2018-07-29,e792f2bb275bdea9b6076c2acbb5abcd,0.7367282
2018-07-29,e7cc48a9daff5436f63d3aad9426f28b,8752.501
2018-07-29,e84997d75938765ef99930f908ceedf4,2.2579381
2018-07-29,e934947ca6b64f5a6d864e21dca13b73,0.9281007
2018-07-29,e9aa3fd3f316b44c85f671552a04fa4a,1.1378237
2018-07-29,ea2012e0b6ae52438a98f2c18108beed,6.017846
2018-07-29,eae2dd85f947bc3cd623a4443bc91111,0.8826417
2018-07-29,eb8c629f70275fd1c4f809116cce1efc,22.144268
2018-07-29,ebb6edef98680a55bc741b18c3c30844,0.88008195
2018-07-29,ec242882027ee23182f0e790e4117128,1.2193526
2018-07-29,ec72148301904394ad2c3f6204781102,0.9604187
2018-07-29,ec9ec25e8e942a90369022c80ec9abe4,0.90790737
2018-07-29,ecc224ec2ca908e1fdacf9aaad00fbe1,0.93806565
2018-07-29,eccec1984cb1d214cc91f3168b113958,4.1150823
2018-07-29,ece54c93627dcd4a6352b330d5052678,0.83472866
2018-07-29,ee57070aa3b24a06fdd0e02efd2d757d,2.2489483
2018-07-29,ee6c49af1a2de55aa0e076257ab4ab99,10.152603
2018-07-29,ef59f328cef34c7b309bb12e86b6418b,1.0188977
2018-07-29,efa490145b5cc82438b6a6de691535fa,1.4594218
2018-07-29,efcef300fe9b2c558a8ea258127f6e6f,1.7553177
2018-07-29,f081174cf4cde1e4f75cd45b4518bbe6,0.9324547
2018-07-29,f110a8fd4a8052d5717ce2adc2bb71d0,0.63998514
2018-07-29,f15c46e2da924b1fc76fe638911262bc,2.990922
2018-07-29,f1b5bab9091189a35c60f52afb5bcfa0,0.8807191
2018-07-29,f3d7339839e02f580fe8fca5755e0e25,0.9768586
2018-07-29,f49e985b4cb2d0543890d6dd00077663,1.7057631
2018-07-29,f521813909e310116b6b2f0b11f3dd44,2.7156234
2018-07-29,f58749565f856133a556122fbb08784b,1.0432724
2018-07-29,f71050e65776861c8c3ec7a2d2b0194c,1.2935001
2018-07-29,f734cc43e615be8b85d014e3c5b52a3b,0.95454335
2018-07-29,f7740e5b4337a3cc4a8a204553101a85,1.4127438
2018-07-29,f78f73f3c49ae249f939acc5d0f66b24,1.0579267
2018-07-29,f7f59e6186e10983a061ac7bdb3494d6,6.872979
2018-07-29,f8077831f3c3f393fb67b93c5acd8daf,1.3324466
2018-07-29,f889fb87b505b73de10c18b93352469f,4.0304594
2018-07-29,f8de5dc036075be786ca24c29b5bea56,0.8804166
2018-07-29,f9b178c9fdc90bbcfbd6c6b49ed47d4c,1.3402734
2018-07-29,f9b4f8ef12259efd919fbaf21f8f66a4,0.7961819
2018-07-29,fad534edb8f35664713c4b766fa473d4,0.9639842
2018-07-29,fb19ac22e32dfecea21afbdde4b97b5f,3.977573
2018-07-29,fb55982be901439613a95940feefd9ee,23.083584
2018-07-29,fb61913f136b043fa02aef89b739fd1a,0.8533544
2018-07-29,fb979d44fd4269b2ea30e300b66c89f3,1.8083682
2018-07-29,fbc1488c1a1e72ba175f53ab29a248e8,18.113737
2018-07-29,fbce4c4cb307679d89a3bf3d3bb353b9,49.43374
2018-07-29,fbd4031ddbc3d02b95834b62769d3ad0,4.6824374
2018-07-29,fe077ec80df6b4ee60bb4498d5ab1962,2.0629144
2018-07-29,fe7f10e5c9d36a294333b0c35ccc24ad,3.078199
2018-07-29,ff55834c0b3272853dfe62340f2bb91b,1.4781628
2018-07-29,ffa7e0cbe11656d11a117b534bb1db27,4.9240975
2018-08-05,000b8f95fcb9e0096488278317764d19,0.7515935
2018-08-05,005030ef108f58b46b78116f754d8d38,1.7017817
2018-08-05,008cff0e5792219fae03e570f980b330,2.4403372
2018-08-05,013ee64977aaa6b2b25475095162e0e9,8.890843
2018-08-05,020a80cb704bf65f38761fcedf2af192,4.7548294
2018-08-05,03078714f1e3f3758555f67ff35b4b01,0.85080206
2018-08-05,0437850bd55b9b2b9cf104b59a611666,1.754248
2018-08-05,0496f30fa502d5454825087842d7a497,0.9964376
2018-08-05,052413504e5295cd66ec4ced0b310062,6.7435656
2018-08-05,054515fd15bc1a2029f10de97ffa9120,19.41344
2018-08-05,058453fe8a9473eceee27349de3b38ac,0.97485495
2018-08-05,059ca09d32720d9adce3ae12e181339d,2.9142983
2018-08-05,0603179793e4bf68b9dbdb4ba238a3b7,2.6285658
2018-08-05,060c17562f97e5bb60bc0dfa4dd5b3f2,5.1651525
2018-08-05,060e9bdedfae37724dbce0b3270d76ae,0.9781152
2018-08-05,060f0122cdc8f25db4a0d7359fdae7b0,4.2843523
2018-08-05,06601c3059e35a3bf65e72f2fd2ac626,2.096361
2018-08-05,06edb72f1e0c64b14c5b79353f7abea3,10.087984
2018-08-05,06f2166336faca73c644b11eaca22d06,3.604323
2018-08-05,06f756df8d80309915285f3ee6ea1059,3.115465
2018-08-05,07133eebda0768a2ad3d68ef4d95b597,0.95183194
2018-08-05,07821918ef487fd64eb20b3c8aeb897f,4.7375584
2018-08-05,07fe9ffbb84b9d22610d79efb16e81a7,1.2823184
2018-08-05,08418a3bc628e92c012281010957e259,0.7434216
2018-08-05,08a58dc963320d6073623382b9ceb920,8.227165
2018-08-05,09b0d15a8cc9a84e7af7e0225f67dc45,6.042942
2018-08-05,09f6dccfebfa0688abfc1af640b69e61,0.92810625
2018-08-05,0a407038cdb51df51fa8d01c54fa05f0,1.8286088
2018-08-05,0a4093a4af429dc0a9334300e5c13ae5,15.140535
2018-08-05,0a4f9f421af66d2ea061fbb8883419f7,22.004936
2018-08-05,0a5a41c678bcf81e041826bb24eb0b01,2.5460062
2018-08-05,0a9a9c25c5a06532d1766e00db833a7f,1.0999999
2018-08-05,0bbdc963004d9b2fd3427ee3c5ae3608,3.8073282
2018-08-05,0bcc3eeca39e1064258aa1e932269894,4.043254
2018-08-05,0c5b17c1b54fc1dc48752ddb8caab6fc,2.366089
2018-08-05,0c71252f37443403376d2008034a7240,4.7133555
2018-08-05,0c7e301c5eecc0fe996dd86bc9c290fa,3.4010086
2018-08-05,0c96091f6f20b1d2c946a933370782a4,1.1138351
2018-08-05,0cf41187284d7f099adc8415a743ebbd,1.8775402
2018-08-05,0d0bc6cf9765ffe8b4d3103138c96cdd,4.449373
2018-08-05,0d85c435fd60b277ffb9e9b0f88f927a,21.190208
2018-08-05,0e362037e5f02f62c8ce89f49cb9d520,0.9715495
2018-08-05,0eb8e03d4ef83152c4642b606b5bbdec,2.299141
2018-08-05,0f2fd0a589cb7849c1dbedbd4109c2f8,1.001717
2018-08-05,0f9dbdf3289052ac7406ba5bc1b0dbc4,1.0385342
2018-08-05,103cc8c441a717d9a54fca312ae8ec3c,2.7630742
2018-08-05,1078e04ece7f1498a5ea393bf9c4eb98,1.7205689
2018-08-05,11dcc970f7a5581e1bf777b6da3f7096,3.976231
2018-08-05,11e02f2cd150fa54525a1109f61ea2de,1.7930846
2018-08-05,120fa011365fc39efe382cba4e50999e,0.9717605
2018-08-05,12cc2ed46e4c9ea184a622881afc1de9,0.6064236
2018-08-05,13bb5184d064f9b96e56d241eb8b7814,0.9329305
2018-08-05,145978af3e89b318be0b717a0953649a,2.5918643
2018-08-05,1522589c64efd46731d3522568e5bc83,1.8675196
2018-08-05,154e7e31ebfa092203795c972e5804a6,10.349839
2018-08-05,157ee978f4fcdf8984b0bb33a6687fde,2.8282
2018-08-05,15a8b28443e64b840cc27ee2491507d4,0.9139345
2018-08-05,1600dcf1cea8c0c83702e07b577ab231,3.5261374
2018-08-05,16048247166ec654c76c845f308c85f5,2.087683
2018-08-05,1613b819ab5dae53aead2dbb4ebdb378,13.083084
2018-08-05,163da86e86f0089de089399c28c3fcbb,2.1735203
2018-08-05,177d3d5bb9d4d29222a222e3b3554f41,4.924137
2018-08-05,183c95ad186f48c320bbac4643829d3f,2.519894
2018-08-05,186d7d472f062ca6ef30689faa935d2e,1.4650782
2018-08-05,189f163ac190749c553a4835c22aa3a8,1.2776401
2018-08-05,18b0e642cbae7251e60a64aa07dd9eb9,54.43921
2018-08-05,18f6ea7e8cff29f8053baac6762449f9,2.219008
2018-08-05,19c91ef95d509ea33eda93495c4d3481,35.65458
2018-08-05,1a758361b1c10b3ffe3d3373332de319,1.7814674
2018-08-05,1dfb36d969d347f56f43590ec42c7b8c,1.4778562
2018-08-05,1efd84ba20d23186f576a37baf64ae9d,2.1091094
2018-08-05,1f75be631e988bb0ad750e60e18d043b,2.839696
2018-08-05,1fb344134cd7164d32dea4d87ba3ec5a,2.5042357
2018-08-05,2028bf1b01cafb2d2b1901fca4083222,14.301222
2018-08-05,210927ec4e766c525d07a1c17d4bb578,1.007169
2018-08-05,2136c70bbe723d338fab53da3c03e6dc,14.476725
2018-08-05,2216232cbfdfdc984d20cd53acb7aba8,0.7928718
2018-08-05,22f799df8d5495f40f6ed3cc8b18b712,6.6393523
2018-08-05,231081927a13592c84df280baf744393,1.0557601
2018-08-05,24c002cf6aa7f3c184a964064e2a2e5c,1.0128764
2018-08-05,24c0de23191c9450049b2b3d8749ad35,0.7627993
2018-08-05,24c66f106f642621e524291a895c9032,18.568024
2018-08-05,24c9d329963373e2fccaa3f3204db19e,0.9544892
2018-08-05,25e2023ed83352bde98dc1490d14c3d8,26.70483
2018-08-05,2669a9fe1aaf6cb29071f8f866014afc,3.8442638
2018-08-05,26c927e65e1f0e55dd678ab40436bc99,4.919652
2018-08-05,27080bc09a8965fb3ba30063cefb12de,1.2280598
2018-08-05,278cade00c52e9e5c49c7c32c68872cd,0.869837
2018-08-05,27c5d184e397082e7f0ff11ace0d7269,1.0762932
2018-08-05,27d089865ecb267c190122ec1feddb8a,1.2342983
2018-08-05,281bbfe70848e0b304bef88fc2caf2c3,2.2566166
2018-08-05,285443086e6af2a43edcd6f0274585af,0.84323275
2018-08-05,28beefcab28e6a3b659bae1bf1cbe453,1.5355378
2018-08-05,28e1646763656b0a621cf2b65c118da9,8.382717
2018-08-05,2ab3eebb03e660d44470d936c0f20bb6,1.5500041
2018-08-05,2b301a96f8ae692b3157360f621b658f,13.410232
2018-08-05,2b4609f8948be18874494203496bc318,5.261738
2018-08-05,2ba4f78910f6fe61e7ae7bfa4efe2726,3.1884458
2018-08-05,2caf3d5ea53377d4de079fdaf4ef13e7,1.1790566
2018-08-05,2d760d94cb67db3551e9a01ceb060161,1.9662588
2018-08-05,2dd91cf063cf57cb0eebef072746daab,2.6055756
2018-08-05,2ff17002562478fb03cd44f09e7ca51a,1.3758727
2018-08-05,2ff995aead9c63a1f37a07b3664ead37,13.584539
2018-08-05,310b993294194cea025dcc9c23637b62,1.2091281
2018-08-05,313f8ed3413f949a1c0eb1cd6495ae5d,0.9046621
2018-08-05,31b8e7c2a22f3dba5183cc110bdd72f7,6.034177
2018-08-05,330144665b875c2b4555f88d9f4ed7c1,5.231977
2018-08-05,3319ec949aa117693a4d6fd941858af9,1.0436025
2018-08-05,3354a4e684f5e7199f9407db70ccd92b,6.838969
2018-08-05,3360da0bdc5e96e78beaade20beeefa4,2.0808342
2018-08-05,33ba4b29d820b397054cc97e892ab1bc,3.7900925
2018-08-05,349ce46a0e2e20054aa9d80c48af8816,12.745655
2018-08-05,35537536ed2b4c561b4018bf3abf54e0,1.4400133
2018-08-05,35afc973633aaeb6b877ff57b2793310,26.290699
2018-08-05,365cdbd29e4a18a4e258fc40c6fc746c,0.41516316
2018-08-05,368c6c730842d78016ad823897a372db,261.82376
2018-08-05,37470d84427730445b3b251bb796d528,0.9426913
2018-08-05,380b4664ba5bb18cc9db78ee6bac3558,2.1032746
2018-08-05,386703f26f328414fe118e10a5d92675,0.70793283
2018-08-05,389d119b48cf3043d311335e499d9c6b,-2.575543
2018-08-05,38db388d2fc1b20662fcfd3f38b0be28,1.0241109
2018-08-05,38fa750a3a3b3204f169c86a3284d387,4.652839
2018-08-05,394ccaadf8429703362e1796dccbf4d9,0.9851112
2018-08-05,3a362c0e7f9a69276e2d95869a3e143b,2.664363
2018-08-05,3a7d90845985f39048815a6939c56be4,0.8826417
2018-08-05,3aa3fb2fdb16c7383879e48a574fc8ab,0.9401525
2018-08-05,3b10cf7d1e08c598428ad6eb7c59d09c,2.4590907
2018-08-05,3ca00c4e1220f5de09fed51ea33cec30,0.66813815
2018-08-05,3cb39171fd36c50097f2dedbbe0dfe6e,3.602164
2018-08-05,3dd2a17168ec895c781a9191c1e95ad7,113.51248
2018-08-05,3e442d09f9dfef002aadf31960869f65,2.2281208
2018-08-05,3e845176ca89939bffd10efd3467a090,0.95961165
2018-08-05,3eebb0207da828bf5376257ceca70959,0.56737036
2018-08-05,3ef787b4af18c9a34154a46928b09b24,1.1202726
2018-08-05,3f1a741cf5591384428c1cbb0ef07ec0,2.2770064
2018-08-05,3f55ca21769e7535d3ba989450207285,0.85660625
2018-08-05,3fbc0ef745950c7932d5f2a446189725,19.29229
2018-08-05,408dc0e1523c3915352e552a1a23c663,0.992617
2018-08-05,41315ed74df21b8ba3b9e4a8738b43f8,3.9784718
2018-08-05,4167a7ae0930579d1f27d465a1a042f0,0.7182025
2018-08-05,4178e16324fd0c9a8e18463caf390cc6,1.6319393
2018-08-05,41c24b8ce92d1a2cac62db5edfd088b2,21.386662
2018-08-05,41db6d8062fcd38410c699743ccc0265,2.5560362
2018-08-05,422879e10f46682990de24d770e7f83d,129.62279
2018-08-05,423b46d7ff817b1cd19ab195c7b76546,2.2038472
2018-08-05,42737e3759311804e830f222c6135e30,1.0633577
2018-08-05,4298b7e67dc399c200662b569563a2b2,9.599447
2018-08-05,42ca857208d059f51c317b503000c385,0.8909414
2018-08-05,42d3ba4dd1a78c5ba05ccc0d3417706c,1.0823996
2018-08-05,42ec84ace63b58b8c5a7ba7be01d5fb8,2.0182571
2018-08-05,43423cdffde7fda63d0414ed38c11a73,9.919417
2018-08-05,437c05a395e9e47f9762e677a7068ce7,1107.2808
2018-08-05,43b54d1fc56ff394092a3dff6be2d39f,3.1406114
2018-08-05,43f224fb79bae5b22585eb868fe3b84b,0.65917534
2018-08-05,44231a850e5be11ed6374fab222ff49f,0.989193
2018-08-05,44493ebe02de3fd58d529f40fd2944d1,1.690244
2018-08-05,44b6fc0101a9341e43ad3342a51ef75b,0.83472866
2018-08-05,44d097d59e8430f88a67517cd0c4f865,6.3168473
2018-08-05,450c25d98ed6923154a934554475bf13,3.3598967
2018-08-05,4520766ec412348b8d4caa5e8a18c464,2.1556666
2018-08-05,4532fa1bbe47099ce5c9e2313fb9bf2a,1.8325081
2018-08-05,4563095e06df1fa67de2eade86f4f01b,0.9998653
2018-08-05,4608a449f45011c89095f36265e75ec3,2.7319198
2018-08-05,461f43be3bdf8844e65b62d9ac2c7a5a,16.578333
2018-08-05,46c01e269265ddd1b66ccc8b4588a411,0.93672967
2018-08-05,485aa17cb179a6624fb0c9e12cc639d1,0.9275131
2018-08-05,49cb84851ad1487be5bf70a42bb954dd,1.1518725
2018-08-05,4b54b3c4276e14492c3b466f49583f72,2.357843
2018-08-05,4b96786612ebe7463132fce2c4dca136,5.0925198
2018-08-05,4c2a4020fcd651812100ebbeac1b2753,0.9858072
2018-08-05,4c7d4a2efde21e3bf1660926fabc6a9d,5.5091414
2018-08-05,4c82c8d31845d751d797debc3d03697f,1.4695466
2018-08-05,4ce9ab528124f89e091b17d11aa2e97c,7.0873275
2018-08-05,4e1346d7b7e02c737a366b086462e33e,9.794613
2018-08-05,4e2fa5131fc9956bb6a6b9e84b39e798,0.75894046
2018-08-05,4f0abfbee7569e43b80f9aaa256a9bf8,4.1374497
2018-08-05,4fe644d766c7566dbc46fb851363cb3b,38.01529
2018-08-05,4ff38de0673d41a0da1499e300720ef6,23.779028
2018-08-05,500870614ddcf5bd84f7d26861026c8a,13.705304
2018-08-05,501c8cd285f4f2ed96efffbb3c697d0b,1.7063287
2018-08-05,5083416598756311d4bb4ddabd661e25,0.8826417
2018-08-05,50e9e70a21b874311949e3db8ace597d,2.0042677
2018-08-05,5101f008a270fb10336de6703f32221e,0.86179197
2018-08-05,5145cef9f9e1293cf8cba2c924eb94e9,3.1997929
2018-08-05,51e3084a334ce75dc646c9c6eea90e37,1.7065288
2018-08-05,52c80cedd4e90108bf4fa6a206ef6b03,8.551475
2018-08-05,53a72a0b6feec4a5cb40c5c79374b471,1.2776599
2018-08-05,5403528d987ad26e8d7cb25940411987,2.1973877
2018-08-05,541fe3a51f05d6f3ee6e730fafa0b8d5,2.427619
2018-08-05,543b4f1745e0cd1505219f3af6d56d7b,0.67837375
2018-08-05,54bdcedc88ea391aef4f35cc5f54342d,0.67597324
2018-08-05,55552e80f046fafe13e130e6a07745e2,0.91961956
2018-08-05,55b71bf300a2765a382eaec566df531f,7.283409
2018-08-05,569ffd16f8032478cbeb9800f2e94ba0,8.78238
2018-08-05,56cdfe67fbda57c1dcc752f5f361f981,2.3265867
2018-08-05,5716717fcac28d7783b530d6678cecca,2.0097218
2018-08-05,57e089e3103f5cda6a4ce23b77399bdb,2.8036025
2018-08-05,57e1815b050566a793e010162f765cdb,1.994985
2018-08-05,57f2bc497c1a3ebe41ba7a06d78ed159,3.0576653
2018-08-05,5861217c6b00a886e28a101167dbb1e1,0.5815838
2018-08-05,5910243c1624994e66138f05c7f4a275,0.78497565
2018-08-05,595fac2a385ac33a80bd5114aec74eb8,8.93802
2018-08-05,5a0c21ad6b82a1b61856e48ec959764d,1.4453217
2018-08-05,5a168adb8f812ea06dbbfaaa3bae7986,0.84664226
2018-08-05,5a7373ba4c9b3e13513ded06cd1986c4,1.5294031
2018-08-05,5a75c30c323b0ae56499ef163504648a,1.0838908
2018-08-05,5a7cd5a522f29bef101933fea87a1a1a,1.0706016
2018-08-05,5add6c33b03c128b413ddfb2ac185a56,1.0684247
2018-08-05,5afde944579b289b99c1ee420b2ad73d,1.8911785
2018-08-05,5b226d7c52f86ac72457617f78cff95d,6.3812094
2018-08-05,5c2bb11cf2149bd4d9fffcc1246458c3,2.1897674
2018-08-05,5c909f03b5baf836858186d3d5867020,9.633659
2018-08-05,5d6bea33648f018dbb563f3a2fab09f3,23.65464
2018-08-05,5d7c23067ed3fc8c6e699b9373d5890b,4.145672
2018-08-05,5dec0a1a4dd30fb1ac9031f5dc4e2f5e,0.94609314
2018-08-05,5ec9cc4e1217d387b9fedfa362b7bc24,1.2382815
2018-08-05,5f42d57952b7815098979a5c4fa6f82a,4.306665
2018-08-05,6030a4783b8f3adc3d0e392b0df67064,0.6396215
2018-08-05,616042729c11849827291496b18e9ec5,11.116093
2018-08-05,622d3b263cd40b06e1eeea144fb83f19,0.8788145
2018-08-05,628f5ed6c14790dcb9233c8dbf596175,2.8276086
2018-08-05,629e019a6f298a83aeecc7877964f935,8.034723
2018-08-05,62f423e57a8c157d3877ee5867d7db88,9.855916
2018-08-05,632921e8d6c6b23ae47ff20950a56854,0.83069587
2018-08-05,634256dbcd184b3757ffd7632c9fe52a,151.09113
2018-08-05,6463e442310f2f4f321c83a32d8c662b,1.3589151
2018-08-05,64fb13596caf118c438edc5c6ed2d50a,10.5302725
2018-08-05,64fb265487de2238627ce43fe8a67efc,7.8570776
2018-08-05,656e0eca68dcecf6a31b8ececfabe3e8,60.30137
2018-08-05,65fd9b358b7ee029fba34839e9c35fdf,2.0567527
2018-08-05,6610dc3cac3b77009d969495cc2d7037,10.588808
2018-08-05,67bd616e1ba0d3d3e8545f3113b0140d,30.094917
2018-08-05,67e927f7378303fc91ee4c3fc301bf5a,2.9512067
2018-08-05,681953ccd5c33207d75571a4bfbe127d,1.0641356
2018-08-05,688ad0169550f8e2eb0307b61df3ba12,2.3690996
2018-08-05,694cbe624717957c7536ef8cd9dfbf57,9.9213505
2018-08-05,69523f67543ff9ea6b1a15858fb59b3b,2.8215775
2018-08-05,698b3ddae2f0b80c2a48fb40624ca4e4,8.241346
2018-08-05,6a23ae3187f1dac41b7210a8c7739d6b,26.473219
2018-08-05,6a31191d5ac5852b0478f6e245ac5b02,3.01479
2018-08-05,6aa8f339965debf52a549f8aade6d068,0.9718454
2018-08-05,6ab9d49c399f239bc88ea28c7568213f,3.0709207
2018-08-05,6ac3978babf6ca76087369391bb6ce5a,5.2896767
2018-08-05,6b5170a2d3ae93a38e63f17b356da239,2.0280504
2018-08-05,6c09be1fc42a113b2f3e558d7df2f133,4.6479635
2018-08-05,6c50c87e36d8641d67fbcceed5cfec5e,2.170822
2018-08-05,6c8b2975a4a05d1f36948b20753b29ca,1.5856497
2018-08-05,6cdd53843498f92890544667809f1595,8.290595
2018-08-05,6d07236d4abe99b5b1cbf368971bf6e7,5.69806
2018-08-05,6e415cdc78febbdbe465df65d52dbc19,3.79151
2018-08-05,6e6cc4bc64ffea91782dbc0cc7c325d9,0.99357253
2018-08-05,6f1b3488c5314b527201978357a8d85f,10.774656
2018-08-05,6f3b5b605d91b7439c5e3f5a8dffeea7,28.80453
2018-08-05,6fd08d44046ab994b96ff38ad6fcfba1,1.5849726
2018-08-05,6fd82d8f842424334fedf31190e54d24,1.3158308
2018-08-05,70120d2f9b9193aa0030342072d8adec,1.7562416
2018-08-05,701ff123e9085dcc9c2f833efded6374,0.9875488
2018-08-05,703d742887bb9267f89b675608ba7aa0,24.858501
2018-08-05,704ef63ad0ac345842ea734060a83db2,2.9272287
2018-08-05,7052c556fc966a2321d570f3c5a8790f,1.1414908
2018-08-05,70aa499facb0946dc40ff974166fd522,2.36141
2018-08-05,70bf4f61950297cf24e18a9b84c3208a,1.4210066
2018-08-05,727a46f0b58a9ef165af9f7ebcfebfa9,8.800151
2018-08-05,72dd2e7b7e10b8a4083e53c7867c1564,0.95623356
2018-08-05,73326828aa5efe1ba096223de496f596,35.43155
2018-08-05,73bcea88583002fe12b7399af4ae60da,16.57917
2018-08-05,754ea8d75da6030e9a9bfabce28b0d9f,1.0475659
2018-08-05,7564c1759c04fc0a38f2aa84f7a370ee,14.835275
2018-08-05,758eb93d6519618b22b2721413074847,1.0372136
2018-08-05,76d1a1a9d21ab677a61c3ae34b1b352f,3.0222714
2018-08-05,774bf54401ea79ee6962d25b605716dc,0.78074163
2018-08-05,774ea72f37a7fbf1fb32b973a18f2348,3.2027798
2018-08-05,777c635c0e75758c283037a6ae684c20,0.94638306
2018-08-05,779559842fc122d55edbd03153f35e81,1.1202726
2018-08-05,779dd392d4fbe5ca656bf3ceabecbf0b,7.7074165
2018-08-05,77a5af4a7d2e2717af0999f7dd0dd046,0.97485495
2018-08-05,77da35d9e8023abd25ed7a92d9a65288,4.111697
2018-08-05,7814c273ab16783d73a9863ebfa8b141,9.967414
2018-08-05,781afe929e3016a667f5f439afd55fce,5.1506634
2018-08-05,787a7fee45732e04f90ace8fda0ed076,0.9991073
2018-08-05,78efe838c04bbc568be034082200ac20,25.055197
2018-08-05,78f03f51ef7a8e468dfe807ab205c9e5,0.93951285
2018-08-05,78f29023586e374cdc3773ce0af6bd2c,1.3939712
2018-08-05,79161ecc0839d5d58374918d289ee6c7,1.0035775
2018-08-05,7a054d17dc450583ed639068a9298afd,0.8254928
2018-08-05,7c1bd920dbdf22470b68bde975dd3ccf,4.8488894
2018-08-05,7e48d9554094858ee2269c4ef809f50e,1.5702804
2018-08-05,7f457254a89d62960399e075711b3deb,1.4412327
2018-08-05,7f4e034245e45549110139d1de248f83,6.5551596
2018-08-05,7f72a8900b3d2fc8fa2635b7836d6e6e,6.255193
2018-08-05,803668f063859a1f96b67b83b71e86ef,0.75536203
2018-08-05,80459e1beff7fc5d0e2fbe676d043a64,1.0633577
2018-08-05,810e2944bca9850b934e1570ba372e7d,4.12583
2018-08-05,82c51c3938503a4ddc096fbed86428d6,6.885212
2018-08-05,830345ab5d2e365c7c6b91459119ea2d,2.7808795
2018-08-05,8323a7adeb57da21acea7e83563bed90,0.96020377
2018-08-05,8370300e444c4394d3c3f878606a9601,3.0013657
2018-08-05,83aae8023b8feda53259f63e0ec06390,1.3158308
2018-08-05,84c4e13ecfbf13c8e4039927f887154b,2.1368494
2018-08-05,84f456958365164420cfc80fbe4c7fab,5.7708383
2018-08-05,86133a2151bd98a3ed2ad758709e6d1b,2.1091375
2018-08-05,863c150f7756157ab06ad61737ce9a16,15.303704
2018-08-05,8683af6cf14f1bf2426f390ba500a980,0.63687515
2018-08-05,8684bd8f93b4f4038d07188a23811e93,0.92532533
2018-08-05,86ecc269de40ba13205e7beeee12f26f,5.9698195
2018-08-05,88a3f73bd7326cded0153029c775d145,1.5716274
2018-08-05,88fb259945a739dec6cdd001e2cbad55,1.0010983
2018-08-05,89321f94e35fc6d7903d36f74e351d40,37.24064
2018-08-05,89411fc3098e56bb679697117c2055af,0.89546585
2018-08-05,8983a3b149303c013fceabef902e835a,2.8949223
2018-08-05,89e4362d74afa10ac57f8d67210132a6,2.3251483
2018-08-05,89ea72335f0b688b56ba7daa5a2e98c2,0.93052685
2018-08-05,8aa87bc5f3053b4df2b05a2d3059790b,1.4553678
2018-08-05,8b18b26ce90f9f0e4c9ae339e532f325,1.0035775
2018-08-05,8b27cbcf8e5472830ab6ec2bd7a6b867,0.42956197
2018-08-05,8b50a72d52d7a91fb19d19fbe069e2f2,13.024534
2018-08-05,8b5227e28272123eefd613a10ffd7704,1.5309814
2018-08-05,8b8702416a4fecb685fc70b056cac372,0.86832947
2018-08-05,8c154410716f31649d25e436f7d5d838,2.1177983
2018-08-05,8c292ca193d326152e335d77176746f0,3.7900715
2018-08-05,8c591ab0ca519558779df02023177f44,5.791981
2018-08-05,8de065ea288024906fe52d09d8021df4,0.95514715
2018-08-05,8e910a5a78e3378d8c570c13e143d631,3.0666914
2018-08-05,8f7ba3a21866ed0cf0233dd71fa0da72,0.9987717
2018-08-05,8fad1e543221d7d6867e756d4bc5e286,1.0641356
2018-08-05,8fc803c7d0a99a53798c7896a7c1e93c,6.064664
2018-08-05,9041a4cde4a900bc259d3b1b6847f6b1,1.8667488
2018-08-05,904a9e449fbfd90da738ab70ae6ca003,0.94247967
2018-08-05,909b87db6cb3a7ab26bd03cc59860136,22.700962
2018-08-05,90aa2ab699cd0e459be93124aa91c82f,2.316933
2018-08-05,90aaf7f993470e411207adabf5b998b6,10.746195
2018-08-05,90ebb732ad20456afe8516eb5fbf75f6,0.9245407
2018-08-05,91846781ef75057e134949400768e272,2.1310086
2018-08-05,91c82ace62e0ca1b69b1a45bcc214b45,3.1739714
2018-08-05,9271d2541a43f8db13d164887228a189,0.8260814
2018-08-05,928e52a9ad53a294fdcc91bcf59d1751,62.323647
2018-08-05,92e2d2146e433cd4d1f09a3f8633ead0,1.0430102
2018-08-05,931541a73da8874f772b1fa532b99fea,1.007507
2018-08-05,9361d7d8750b24496371f42a056065b5,0.7646577
2018-08-05,936a034fe3b07b7ae7c87fc8ceb0749d,1.4839218
2018-08-05,93a12c289ca2b78e7069e469f5053ef2,5.5590587
2018-08-05,93b513d693c7e922381d6aec80dfb639,1.0289576
2018-08-05,94475071013412139f862c0bd7e3bb37,6.078552
2018-08-05,94a6c010ef78e62cab34c6caf0a69b5f,0.98116106
2018-08-05,962a6951154f98f2c8e9a5b8b2bcf4a9,109.01075
2018-08-05,97017430754804328eb9597b7f85da03,11.783808
2018-08-05,9711e523a681d75526ae8a1e98c8b2b8,0.74599975
2018-08-05,97f1396a5a1f7c07ba51784efdec44b8,11.236454
2018-08-05,990d135e28e075648cb7d83198fdccf4,-0.0043905894
2018-08-05,99a4788cb24856965c36a24e339b6058,-11.556101
2018-08-05,9a89064fd209d1c1661271942a65099f,1.678967
2018-08-05,9ac1378f05cd222b3fb34a3cccc626c7,12.35839
2018-08-05,9c8d6227bbe62913ca96217005540fda,0.8232707
2018-08-05,9da950e8c8c482441f1b93955b21c827,2.0462847
2018-08-05,9ea1152d6d52dc57ab2ea49aa626adc1,1.2312292
2018-08-05,9f22d89800e8f59f79d50aa9d732f5e2,0.9548822
2018-08-05,9faa5e4f81da9a1b33f8d8f3ed90e89a,1.7585473
2018-08-05,9fe172fa8e662ca8572cf12abf8bce23,12.979413
2018-08-05,a02d0123079f4ae96001ba2010d1a2df,8.461
2018-08-05,a04087ab6a96ffa041f8a2701a72b616,4.0125046
2018-08-05,a080d0af331e8a4152c49bfc8113dec9,0.8489257
2018-08-05,a0b7d5a992ccda646f2d34e418fff5a0,1.8616627
2018-08-05,a0d20b18f2a06b34206ba5933b4ec05b,22.1828
2018-08-05,a1e903cd2d23763ef8b85ec12eb79d9c,2.9996352
2018-08-05,a1eae0ed718c783a4c0dfef382d31ee4,0.77619034
2018-08-05,a291cc846d74d97f01611894f983073b,5.0761003
2018-08-05,a35a9f46dcee0a67c8c7ad8493eb4135,2.571684
2018-08-05,a39cc58c1b5926b6f9f378daa89f1315,7.8895836
2018-08-05,a3cd9517ebf5a50dca25acce54f3b171,1.0794336
2018-08-05,a4d0871577d73bc394c482dd0998af7d,1.5893047
2018-08-05,a511bdae1b7671858cdc3398cd601ab1,1.2227685
2018-08-05,a59fb60fddcc72a9878b7ed5cb69d8e4,4.6571493
2018-08-05,a62e25e09e05e6faf31d90c6ec1aa3d1,44.967506
2018-08-05,a67862541af347668d69290d8951beeb,4.371671
2018-08-05,a6883f92891e256b926bf8b9c40fbe9f,3.6847672
2018-08-05,a6ad77b15e566298a4e8ee2011ab1255,43.990078
2018-08-05,a7216be504e1ff211b67479ab193a552,3.1958423
2018-08-05,a783f0d718c28a1375f64c1dfff1818a,0.9559698
2018-08-05,a7b497445896c24d425d100e4f03d8cd,1.042311
2018-08-05,a7d2c99f1d0e7ddfbce06d48f12b61a2,7.383515
2018-08-05,a87595e0311a6cb55db1cef3c1c0e7a0,0.841352
2018-08-05,a8b0dd2c57b49b649373ff5a495a697e,1.4588183
2018-08-05,a91c1a94d83d36316c44e00e738607b1,1.7189472
2018-08-05,a92930c327948861c015c919a0bcb4a8,96.819046
2018-08-05,aa53b7499856e6df13008f34100cc336,4.19942
2018-08-05,aadff88486740e0b0ebe2be6c09476ae,3.0129163
2018-08-05,ab1106e227a745836a0dc83b374e2575,3.762905
2018-08-05,abc3432ff825d8e524db1d4eac6d2099,2.292445
2018-08-05,acc444eb5ad26f79d5a11baa6a03c439,10.518482
2018-08-05,adaf53b4c04b9aca88c0f5c9ba4c3880,0.51476383
2018-08-05,adf591c625cb265c12bc6749d3a2f757,1.387483
2018-08-05,aed75ad669fbebd5a385ac7cc2ae7573,1.4415972
2018-08-05,af0a99476d96dcc1a1baa7c0d9ff6b9d,9.9269495
2018-08-05,af2d506fb01b724e03591349ad36b67e,5.613453
2018-08-05,af69caef8804ace46d262381e80dd523,0.97395587
2018-08-05,af8215adef2df1e9e66642f159e81e55,0.8858731
2018-08-05,af82bdd672f63ec5fb84b31302e39506,0.9987717
2018-08-05,af893b2efa430418d774a852e7870601,1.9831601
2018-08-05,af91083bde899b201798b52ae89babea,3.1050105
2018-08-05,afeeea6271148ee1bb15173b8187c431,21.133286
2018-08-05,b05ec8d9cabec69e637318ebba813a09,10.160317
2018-08-05,b0c89945c034268074f5f80b362bda34,2.129704
2018-08-05,b0c8da302d49498d2ce6be8c631e4e20,20.788197
2018-08-05,b114bf337c0626166abe574eee9e3f32,24.099834
2018-08-05,b192be433004cc1f10b467c0e9ea309b,22.290829
2018-08-05,b30d7b0adcdc4a117f455472548155ec,1.5968322
2018-08-05,b38b25d838ae0b8385e8cc68b9017644,2.0387087
2018-08-05,b532349fe46b38fbc7bb3914c1bdae07,82.33449
2018-08-05,b5e04fdc949ee208ed3f3ba6a7696046,0.88377047
2018-08-05,b5f7245e14a8a3d52f0a6e468971e6d9,1.0664566
2018-08-05,b72a8fd99d59007948419121f2a5056e,0.95427763
2018-08-05,b74d57e3377dd78aace6d070fc48cc88,2.1253204
2018-08-05,b7a812ed1b86b3b00e566dc29ba7ec7c,1.5182729
2018-08-05,b7a89537c40b1f5a18b5ba75dbb91cbe,1.7472532
2018-08-05,b7ff94c9416e098a62e75a26f3a53268,0.7177304
2018-08-05,b84520a57891e7a8ae2c68741dcc7146,7.2459917
2018-08-05,b8b426747049f2d3d6e00b486d47dedb,5.906128
2018-08-05,b8eb8663142255eb7ab4526b3ee1c7fd,1.7393003
2018-08-05,b92a7304ebad1ca5b393b53b2de5c70a,3.1376133
2018-08-05,ba4d4408f422ce8b42de69cbf879f5f9,0.95427763
2018-08-05,ba80c9f47a84d1e08465f72e22930c83,7.0195494
2018-08-05,bb42f37fc3d9130e4a4339d24a47dd7c,9.721903
2018-08-05,bb50f2e236e5eea0100680137654686c,7.6021113
2018-08-05,bb77135946e78428a7a5634a46113a22,2.3329566
2018-08-05,bc072f287b475a918c00b3478d1bcef9,0.97704035
2018-08-05,bc0f31b5e89dfeba8169ad1123d44d2b,1.0911347
2018-08-05,bd6e6fce9ada76ea2db0f1912e8e478f,23.909416
2018-08-05,bd988548c4a31b6c4fe5571e3cea8f8a,1.0751557
2018-08-05,bdc3291ab242ec1effc8eb0987850268,14.155067
2018-08-05,bdcf6a834e8faa30dac3886c7a58e92e,6.347496
2018-08-05,bde643c31f72e37dd1aac0c43e130ddc,1.0860664
2018-08-05,be0dbdc3d67d55727a65d4cd696ca73c,271.75406
2018-08-05,bf06a69bb27c58156391de458700f3e7,0.89211273
2018-08-05,bf2f8d918c34551d0bc8861f3779953e,0.7824915
2018-08-05,bffdb7d6bdb994823039ac983d6d30ec,0.88683504
2018-08-05,c075b8e131353552218860f1c421e4ef,5.095343
2018-08-05,c181ddb9a0403b7f2010870a988a61bd,2.2776623
2018-08-05,c1ad8ac66c91ad301cefc322ba2adf31,3.7367578
2018-08-05,c20a3f598c16d77249da67e81caa8317,21.611523
2018-08-05,c2849941c090e1ee1732b25aaf01b397,0.9615092
2018-08-05,c32b1155b886162db8e1ec114699a799,6.6257987
2018-08-05,c3798d484fb730f0b5c23af0d5361595,1.5541916
2018-08-05,c3a954d7be97f5818bf83f743a17863a,1.1045623
2018-08-05,c3ba4e8d3cb30049213b682e751e9d00,3.5381944
2018-08-05,c3c47cc2c109b294de98015792804e64,1.1317039
2018-08-05,c4baedd846ed09b85f78a781b522f126,12.469065
2018-08-05,c5079acea9d34174b1948b00f599d2d2,1.0066279
2018-08-05,c50ca07e9e4db9ea5011f06802c0aea0,12.881264
2018-08-05,c589625c8ccc7bfd2e8f1fb041e24c4a,2.6870914
2018-08-05,c5c66926b3f964b8cf9e7dfb1150d13e,0.4146911
2018-08-05,c5e19a898511a0e8b60bd98fbc1d72eb,3.009856
2018-08-05,c65f71634a9d0de5b4a1d7dbb6d3ae01,1.0677938
2018-08-05,c6bf4cdc2fc9ca1189d18f026d95af07,0.9534376
2018-08-05,c706d50b57c9e83293c2586d01f32445,2.3579392
2018-08-05,c784a651cf319526cc7cf854f83cb941,1.0998434
2018-08-05,c784aabc6d8366b8fd85eaf9631cf96f,3.015129
2018-08-05,c7944f654db61924bb81f0e3160ab757,0.9364857
2018-08-05,c7b3b8509e06ae21abdd78b541215cda,1.558267
2018-08-05,c87a617241993d71f043ed39858daa43,3.217974
2018-08-05,c8ce6fa564890ef82eb876c0bbb8f01d,0.40619928
2018-08-05,c8cfa622661e047ea2499f8bce4731a5,2.0334125
2018-08-05,c92a761aaccfb831d4220d44648f260a,1.0390508
2018-08-05,ca00f42e51fa8b6226d4c57ef6557967,1.1057833
2018-08-05,ca0e18cb90ba3928271a3b09d9141dd0,0.7661955
2018-08-05,ca5c923962558430573f83661dbe36d6,9.552597
2018-08-05,ca8b9b8192b5fd79de43cf6480c6cdeb,4.573584
2018-08-05,cac52d956eff0cacf32f4b0f0f3aac5c,10.49093
2018-08-05,cac9e5692471a0700418aa3400b9b2b1,18.36465
2018-08-05,cb48e30ec967ad7cf282f8b417e397e2,0.93951285
2018-08-05,cba54528d3adcef3c12d8e8b9a48bc17,0.9622625
2018-08-05,cc1cb33bcc814aeaa4631761a34bd23e,1.4853882
2018-08-05,cce55549bb816a12eba7ddfd637a961d,1.7671363
2018-08-05,cd46fbff1f4a0d9b923f70e332add4b5,2.3782368
2018-08-05,cd935d283d47f1050c505e1c39c48b67,1.43224
2018-08-05,cdc4af478fef19f03f1d0353c00271cd,1.617483
2018-08-05,cdd914e78124a73cc28a165cfc4a0bbc,3.1255944
2018-08-05,cdfbf89ab41de77f2bc60c0194c00d37,0.9632243
2018-08-05,ceb9200bc33732558224476d75815c32,0.8266121
2018-08-05,cebff45f1d1558430be0e07ac0df6a68,2.7135882
2018-08-05,cf857bce01d442bb8631a548a4432def,3.9395885
2018-08-05,cfb79bfbdaf59cfe2e9ae0a071451f32,8.593444
2018-08-05,d011223de539cd224b5c5c8082313d46,2.1129904
2018-08-05,d017a2151d543a9885604dc62a3d9dcc,33.219475
2018-08-05,d04857e7b4b708ee8b8b9921163edba3,32.97298
2018-08-05,d06466afa11453b6450b70992c90ece7,1.844658
2018-08-05,d10a774b4598f38e0313d45db68008eb,0.605416
2018-08-05,d1a7965ac8d6ae62c9c1984434227cb6,2.949287
2018-08-05,d1b1a0e78589ee89279d0be1e4a8b905,0.79621387
2018-08-05,d1c2619dd30b8bc3c63f18ca9692660a,5.5694065
2018-08-05,d1c427060a0f73f6b889a5c7c61f2ac4,12.257278
2018-08-05,d2f5484cbffe4ca766301b21ab9246dd,2.745079
2018-08-05,d3e1006ba3735c0d44160026b6e0ced3,2.1899998
2018-08-05,d4548e7ab697993ec51d864766a8ea4f,0.89900684
2018-08-05,d45f43af9b205b51568f78314d3057a6,1.0169091
2018-08-05,d5140e1d258c83a340419c6522c7da22,1.8032728
2018-08-05,d537e54e990d95194a5733e79f1af1aa,3.7495878
2018-08-05,d5ef840497eb48a751179b06d1efd063,0.9278946
2018-08-05,d76b0c7f80641d892f4e650e74e4c120,0.8919011
2018-08-05,d8a5b759acaff49096bf67c33d9a9372,0.94022983
2018-08-05,d8aed41af112033ae4733abcf1f206fc,0.8653041
2018-08-05,d99526b1e4fa5f57b8bde34a7337b5ee,2.3808975
2018-08-05,d9bdf643d95cb89844c0da1a0df1d16e,0.80303764
2018-08-05,da02ed24d3cfd1ef9e90a96964a72cba,1.176821
2018-08-05,da1415c61b55b4e9ea8cb19521c857df,5.549655
2018-08-05,dac106d9436467c9e5ba3767d1c5aa01,0.8951626
2018-08-05,dbaee28f4ee64465838a229582d77520,1.2729664
2018-08-05,dbb67791e405873b259e4656bf971246,99.75893
2018-08-05,dc52f0f5d3ec37a93eaf956cde4e5d2c,3.3940318
2018-08-05,dd2ca29c9d0f93d3b1d28d7d7ee3025c,1.1250954
2018-08-05,dd768d259ee6054e0dadd66c8e2be0b6,1.263339
2018-08-05,de0f5a42f807e66ec0e2803eb10a5a4b,1.0684247
2018-08-05,de89f330c497e12d2510c2cd2a48a29f,1.1855688
2018-08-05,deb5048402088c1bd33af3910bf9a92f,2.4168997
2018-08-05,dfbbf137ccb6af48e66d186a33118579,0.95372945
2018-08-05,dfeb944b00d6cf42f80ee3b42d831ab8,1.1045623
2018-08-05,e03102efbc2229024c89be731f0aedcb,8.378488
2018-08-05,e070a61270050c4b1b704300f331cca6,1.4557557
2018-08-05,e0cf79767c5b016251fe139915c59a26,22.16338
2018-08-05,e0d64dcfaa3b6db5c54ca298ae101d05,14.566342
2018-08-05,e1bf2f209fd2b08e1af3ed71732d9008,1.6579206
2018-08-05,e2372fa4eec7531e44bb43844876e25b,1.3006731
2018-08-05,e24c96c234ee0f2b0947bd394ec402ca,1.8641936
2018-08-05,e24cb34674177a7fe1358c33cf899417,1.0085918
2018-08-05,e2765be8c962369ccda8f9880e6c3b6b,0.78441596
2018-08-05,e27e689c4ce425f2fe7e2a270fd4d2db,3.7886016
2018-08-05,e2bb00220a167d9e60b6776ac33717bc,1.9227388
2018-08-05,e30a07181e238b29af319577b9bb22fe,0.79621387
2018-08-05,e343a7fbf868e28cb3f80ef0f6d9300c,0.8358531
2018-08-05,e389381479408ccdcdd406d8d3049e45,1.9942183
2018-08-05,e3dd5a5b73bfbb610ada4ed74a6612b6,2.5662303
2018-08-05,e4c7ed7a832858c17d60ad5e38b00aba,1.0889578
2018-08-05,e53e557d5a159f5aa2c5e995dfdf244b,27.975563
2018-08-05,e5897f494af72d083f3899808f341659,21.709011
2018-08-05,e59aa08eee1bd7faa765a89aab2095cb,1.0557601
2018-08-05,e59dd207c69d86e890febadc796d1078,40.390705
2018-08-05,e6e3b7c71e3a84b79b0dc5300587fd6a,1.0633577
2018-08-05,e70f7c188cd2c0f01a1f6b35411cc481,1.0641356
2018-08-05,e7cc48a9daff5436f63d3aad9426f28b,11160.506
2018-08-05,e7f85e7f0203b7b95cc1b4c21b4b070c,8.546214
2018-08-05,e85d91619b497e98754390b6198a9818,4.1517015
2018-08-05,e8c421a493af37beaefc9092d0798203,1.0927098
2018-08-05,e919bdbe0314f5cef7d86707f9d89c1e,2.7077987
2018-08-05,eaa26a34984cbfedc19b1e45f09f3c9a,5.9750166
2018-08-05,eab77f3ca90afdb347367c198efdb8be,3.8608196
2018-08-05,eb6913790ee61d3d4d8dffcbbedea827,13.565405
2018-08-05,eb883e95b710f252cb15d0fb41d8bbe9,0.8891105
2018-08-05,ebb12274522d82caa7dca657873b2ad7,0.8751228
2018-08-05,ec242882027ee23182f0e790e4117128,2.7071686
2018-08-05,ecd5590150f090ae992fb88204802235,1.7200495
2018-08-05,ed2067a9c1f79553088a3c67b99a9f97,2.7247145
2018-08-05,ee0c1cf2fbeae95205b4aa506f1469f0,2.7924604
2018-08-05,ee57070aa3b24a06fdd0e02efd2d757d,2.2561157
2018-08-05,eed8b513f23793f1d52a3baf41f38392,0.7291249
2018-08-05,ef59f328cef34c7b309bb12e86b6418b,0.9967858
2018-08-05,ef61eac41af4d480bf8e6c728136397d,0.74880487
2018-08-05,ef7f13c7694be202c48017b71801815c,2.947841
2018-08-05,efcef300fe9b2c558a8ea258127f6e6f,4.1214514
2018-08-05,f2399cabe080029634d12cec4f60dbf0,2.3048167
2018-08-05,f27aff266ad97e75d4a24c893b2c311e,1.2303993
2018-08-05,f2bb1681ac26e3993d10ff79cba282d5,0.7998022
2018-08-05,f303e2cdf0967ef1a153d12f2685d280,1.5551021
2018-08-05,f35927953ed82e19d06ad3aac2f06353,2.4958653
2018-08-05,f3d7339839e02f580fe8fca5755e0e25,0.998668
2018-08-05,f49e985b4cb2d0543890d6dd00077663,1.5049419
2018-08-05,f521813909e310116b6b2f0b11f3dd44,3.161901
2018-08-05,f5badee8a0e679f057ec0ca4f0f32dcb,1.4416629
2018-08-05,f7740e5b4337a3cc4a8a204553101a85,4.700173
2018-08-05,f78c2e2b9562f4eb436a275b2a230531,1.5605417
2018-08-05,f8077831f3c3f393fb67b93c5acd8daf,3.1841545
2018-08-05,f8375e9fa93ad89af5386c8d0ff4e186,1.2326552
2018-08-05,f889fb87b505b73de10c18b93352469f,2.1404111
2018-08-05,f8b624d4e475bb8d1bddf1b65c6a64f6,24.046688
2018-08-05,f8fd8cb547c24b155448d09bfc478059,0.95372945
2018-08-05,f940327804bdcb40342a12c93de069b8,11.277709
2018-08-05,f9a508234fed38c95437c5a16b847774,1.3606716
2018-08-05,f9b0ee95ce8b1ef8b50eecc5e0fa4348,1.8997731
2018-08-05,f9e110c72727fb5733e1a7e6a7a230c5,2.1506226
2018-08-05,fa304c5424fd292aed9c35eb36d9f495,0.9426913
2018-08-05,fa7be99321f2dbb1e518d2139ccb1d39,1.3728933
2018-08-05,fa92cdb881a2eab7e1f10d0ba6f42fc5,1.0911347
2018-08-05,fad3ac91e2ae2e3e0e3f0bed36a565b8,1.6422971
2018-08-05,fadc89c2a60ff96b18827644074dfd70,1.4084637
2018-08-05,fb979d44fd4269b2ea30e300b66c89f3,1.8074845
2018-08-05,fbc1488c1a1e72ba175f53ab29a248e8,18.290882
2018-08-05,fbce4c4cb307679d89a3bf3d3bb353b9,40.263317
2018-08-05,fc17dfdde3d4bd5a186b417704775d06,0.95267195
2018-08-05,fc1d8637c0268af3db482c14b7ef8e75,2.522299
2018-08-05,fe077ec80df6b4ee60bb4498d5ab1962,2.1214597
2018-08-05,fe7f10e5c9d36a294333b0c35ccc24ad,1.5853798
2018-08-05,fe9dfbe7f974621789683b7b78be2a16,2.276014
2018-08-05,feee7d52babf4002f100a79183eb7989,1.0201203
2018-08-05,ff55834c0b3272853dfe62340f2bb91b,1.812259
2018-08-05,ffa7e0cbe11656d11a117b534bb1db27,4.1625986
2018-08-12,0127db1f4effcf8f5b88d80588bc5624,0.98046976
2018-08-12,01cf7c4cffff8db0a1cbe612bd2d50a4,1.5428027
2018-08-12,020a80cb704bf65f38761fcedf2af192,2.2586975
2018-08-12,027cdd14a677a5834bc67a9789db5021,18.500431
2018-08-12,02851253400fd18410f8eb4369cff9e1,0.80696714
2018-08-12,02b750ee6f6f12a23c311b775ee4427a,0.9873185
2018-08-12,02ed3b595447e948efc3eac897e4df0e,3.3979554
2018-08-12,054515fd15bc1a2029f10de97ffa9120,12.515816
2018-08-12,056010e0e6196d99309275e1b2d12c80,0.92349327
2018-08-12,059344baebbeaa42fa9f2bbe11b1583e,1.9203844
2018-08-12,059ca09d32720d9adce3ae12e181339d,2.8682785
2018-08-12,060c17562f97e5bb60bc0dfa4dd5b3f2,3.0765688
2018-08-12,060f0122cdc8f25db4a0d7359fdae7b0,5.0198746
2018-08-12,0615dcf981da53a5ca8777cd6a80361b,1.068426
2018-08-12,06dce482ace017e78349b6f1fa83a022,1.5983909
2018-08-12,06edb72f1e0c64b14c5b79353f7abea3,5.4604025
2018-08-12,06ef9525b604908b6ef27fa630b4f22f,1.5263413
2018-08-12,06f2166336faca73c644b11eaca22d06,1.7148536
2018-08-12,06f756df8d80309915285f3ee6ea1059,1.6690845
2018-08-12,077599a82ee54960bc4f4c941b0d1359,1.4685434
2018-08-12,07821918ef487fd64eb20b3c8aeb897f,4.50394
2018-08-12,08c63555bbee955cad9c6a9feab9e9d4,3.0680394
2018-08-12,092eff69a9499b052a2258f502ea0775,0.9646781
2018-08-12,0950783476d3f6529a03b28fcac219d1,0.75028366
2018-08-12,09b0d15a8cc9a84e7af7e0225f67dc45,17.490849
2018-08-12,09f6dccfebfa0688abfc1af640b69e61,1.971154
2018-08-12,0a407038cdb51df51fa8d01c54fa05f0,0.79535604
2018-08-12,0a4f9f421af66d2ea061fbb8883419f7,23.869482
2018-08-12,0a5a41c678bcf81e041826bb24eb0b01,2.529142
2018-08-12,0a795de8287e3f8f1f6c2ddcd8091f8e,2.7721598
2018-08-12,0bcc3eeca39e1064258aa1e932269894,17.086226
2018-08-12,0bdd9a52d192d64770e33ae559512478,1.5735037
2018-08-12,0c5b17c1b54fc1dc48752ddb8caab6fc,2.357354
2018-08-12,0c7e301c5eecc0fe996dd86bc9c290fa,3.5833576
2018-08-12,0d43f8d3ba891d985e8087bf048d3f85,11.211508
2018-08-12,0d5837a2580f92e18e2d1b5f7fa70c2d,0.8858731
2018-08-12,0eb8e03d4ef83152c4642b606b5bbdec,1.7265338
2018-08-12,1078e04ece7f1498a5ea393bf9c4eb98,0.9468807
2018-08-12,10f2ada0cff82206dc9afa52ebac690b,2.2399888
2018-08-12,11dcc970f7a5581e1bf777b6da3f7096,4.484726
2018-08-12,12b5c5d13512ad7cae70181fc503f42e,1.9226196
2018-08-12,145978af3e89b318be0b717a0953649a,9.626455
2018-08-12,1522589c64efd46731d3522568e5bc83,0.92420256
2018-08-12,157d8cabb7a3a318aed5ce596f4be96e,0.5618906
2018-08-12,157ee978f4fcdf8984b0bb33a6687fde,3.1269398
2018-08-12,1600dcf1cea8c0c83702e07b577ab231,10.360609
2018-08-12,1613b819ab5dae53aead2dbb4ebdb378,9.589283
2018-08-12,163da86e86f0089de089399c28c3fcbb,0.6043304
2018-08-12,177d3d5bb9d4d29222a222e3b3554f41,1.8592575
2018-08-12,17a019676883dce326999c11a46a14f0,1.3721904
2018-08-12,183c95ad186f48c320bbac4643829d3f,2.507645
2018-08-12,186d7d472f062ca6ef30689faa935d2e,1.7293961
2018-08-12,189f163ac190749c553a4835c22aa3a8,2.7576723
2018-08-12,18b0e642cbae7251e60a64aa07dd9eb9,21.519955
2018-08-12,18f6ea7e8cff29f8053baac6762449f9,2.2022355
2018-08-12,194e74feac1f84a8ee5a517d4b3e107a,1.3365552
2018-08-12,1965752f8e30a01b19fea24c2577ad0d,4.445681
2018-08-12,199a6bb74fd406310616fda54aa93a80,0.8470806
2018-08-12,19c91ef95d509ea33eda93495c4d3481,86.47586
2018-08-12,1a758361b1c10b3ffe3d3373332de319,2.6585453
2018-08-12,1aaeaa2c5da72dcc8358011100dc5a26,0.9051235
2018-08-12,1b34de23397f9ce6cd0f7afa27b60eac,0.62838626
2018-08-12,1bdfcb8320195a0fbab354ae99d95d91,5.3287644
2018-08-12,1bfb290d7273a442c874dbe74b4abae6,13.800413
2018-08-12,1d7db62a21ffb4f220d3e8a05fa77e02,1.5983909
2018-08-12,1dce3fd38c13a3e74fe5000f33858442,1.2089665
2018-08-12,1f75be631e988bb0ad750e60e18d043b,1.2732899
2018-08-12,20abd285d5491b50603aaea6b4c85e93,0.92994833
2018-08-12,20fb650ad1615624d7e202031400f695,1.0436025
2018-08-12,211d04c14dd756f5e4dec38c19187fdb,1.9760587
2018-08-12,2216232cbfdfdc984d20cd53acb7aba8,1.686383
2018-08-12,24bc2932a12c983f8e76d828b65cf39b,3.915636
2018-08-12,24c9d329963373e2fccaa3f3204db19e,0.81751007
2018-08-12,25e2023ed83352bde98dc1490d14c3d8,12.294626
2018-08-12,2669a9fe1aaf6cb29071f8f866014afc,1.6003047
2018-08-12,26b2a480ced2900a62bb9431133e95aa,2.141732
2018-08-12,2772d1e494d431a05b7bcc95b02163b6,129.35666
2018-08-12,27d089865ecb267c190122ec1feddb8a,0.9981325
2018-08-12,281bbfe70848e0b304bef88fc2caf2c3,2.214316
2018-08-12,2a55bbbba62db632421607d23042a393,1.0288913
2018-08-12,2a71952901bd77a33530d79a65b13747,0.8130808
2018-08-12,2b4042dfabc3fe9d3f16951a8e1a3b70,2.852901
2018-08-12,2bd9b51a9ab079e095aca987845d3266,41.88625
2018-08-12,2c71e9b9845634cb1ea6285a8f3cbf50,1.0783113
2018-08-12,2cc9fe0726e28bee40b04417a8971b53,0.9237818
2018-08-12,2e9575efe2eb834f5673cb75df8537f9,1.2089665
2018-08-12,2f0ea37228e35c052271f5617038986b,4.854845
2018-08-12,2f13d1dc8b4e1d9d8027be50339546a9,3.4009652
2018-08-12,2f785af0f4f132585052347521b90b29,0.9000847
2018-08-12,2fea0f2cec6b6324a277d4a61c2ed2c6,99.461006
2018-08-12,2ff995aead9c63a1f37a07b3664ead37,13.720773
2018-08-12,2ffdf10e724b958c0f7ea69e97d32f64,4.2229137
2018-08-12,3003a2841d6a775095317139ed2f7943,12.137297
2018-08-12,306b0c58328826c0564cbc520787d508,2.5089874
2018-08-12,306e6b5dda3397e4a9312f94d82565b5,0.9792468
2018-08-12,31b8e7c2a22f3dba5183cc110bdd72f7,3.4750037
2018-08-12,31d6f0a621ee145ae8c70304cf564483,0.92965263
2018-08-12,32900f7eff5b58558727f11a07d1bcbd,3.4920428
2018-08-12,330144665b875c2b4555f88d9f4ed7c1,3.0730276
2018-08-12,3354a4e684f5e7199f9407db70ccd92b,4.891766
2018-08-12,341624e20527d473745831850a7263ea,0.8416443
2018-08-12,349ce46a0e2e20054aa9d80c48af8816,12.0553055
2018-08-12,35310457211638bcf0670da2cd8ba8be,1.1317039
2018-08-12,363218ba55c610b750224f90bdd34be1,27.282576
2018-08-12,368c6c730842d78016ad823897a372db,109.552155
2018-08-12,3745086e428495d12317f5864306279f,0.9343492
2018-08-12,37ba623c5ab34ea8b964009a10e87126,0.90861505
2018-08-12,389d119b48cf3043d311335e499d9c6b,152.5675
2018-08-12,38a3b0c53acb7f9b75ba80fa1c597219,0.5618906
2018-08-12,38db388d2fc1b20662fcfd3f38b0be28,0.97465545
2018-08-12,3a7d90845985f39048815a6939c56be4,0.94318897
2018-08-12,3ae13337333ac7ba984074d5a6349074,0.9322137
2018-08-12,3b42242085259cb66b6e577ae5173c76,1.5712714
2018-08-12,3bed6bc2893ec6b0858eb24e4ea9b371,0.99591595
2018-08-12,3c883b9d3fd2d0ce448d4136349dc0a4,3.0494463
2018-08-12,3cb39171fd36c50097f2dedbbe0dfe6e,10.431572
2018-08-12,3dd2a17168ec895c781a9191c1e95ad7,14.083999
2018-08-12,3e6de3159fd57b7d7e62c584a3c9fc70,1.9450076
2018-08-12,3e935c981d34489d33ea5c721ab2e14c,2.6575134
2018-08-12,3e9fecd898d8fc598fb18399c2af0248,0.95996255
2018-08-12,3f1a741cf5591384428c1cbb0ef07ec0,2.2806752
2018-08-12,3fbc0ef745950c7932d5f2a446189725,47.36985
2018-08-12,3fc3d637781e5d185455013606a6e2cd,2.7707565
2018-08-12,4025cbfac798d74f87c30ee87e6e9f70,1.1405407
2018-08-12,41c24b8ce92d1a2cac62db5edfd088b2,14.378626
2018-08-12,41db6d8062fcd38410c699743ccc0265,2.824981
2018-08-12,422879e10f46682990de24d770e7f83d,364.37137
2018-08-12,4231002e80d2a25aed31d65b4b91f479,1.0625758
2018-08-12,423a6644f0aa529e8828ff1f91003690,2.1446896
2018-08-12,423b46d7ff817b1cd19ab195c7b76546,2.5022287
2018-08-12,42a2efd39155b59e16bac90081495285,2.011181
2018-08-12,42ec84ace63b58b8c5a7ba7be01d5fb8,1.6800056
2018-08-12,437c05a395e9e47f9762e677a7068ce7,218.2469
2018-08-12,43b54d1fc56ff394092a3dff6be2d39f,1.4318434
2018-08-12,43cc8e4d981bc04b9d78b12e8a908d41,2.6978135
2018-08-12,44d097d59e8430f88a67517cd0c4f865,3.904642
2018-08-12,4520766ec412348b8d4caa5e8a18c464,1.9313117
2018-08-12,4532fa1bbe47099ce5c9e2313fb9bf2a,1.8325081
2018-08-12,45f0310974e6082deeda855f91984347,0.9458016
2018-08-12,45f59788a3a09e09ab433234d03afd2a,6.532367
2018-08-12,462646c1c1495199e63684d79e6e0d1b,1.070514
2018-08-12,46c01e269265ddd1b66ccc8b4588a411,1.930768
2018-08-12,47ea90e9a2976bc290c3cdf3b5e0573d,0.9067541
2018-08-12,49427490053ae7f72efeaf0a89c84d26,1.007169
2018-08-12,4a78f5e17416dcfec28c101279235838,2.6689034
2018-08-12,4c82c8d31845d751d797debc3d03697f,1.3925717
2018-08-12,4ce9ab528124f89e091b17d11aa2e97c,3.3254018
2018-08-12,4eff4dd8918d15c9a308a9645d353807,3.023507
2018-08-12,4f0abfbee7569e43b80f9aaa256a9bf8,2.1214008
2018-08-12,4fe644d766c7566dbc46fb851363cb3b,12.507076
2018-08-12,4ff38de0673d41a0da1499e300720ef6,36.267273
2018-08-12,500870614ddcf5bd84f7d26861026c8a,5.2695413
2018-08-12,501c8cd285f4f2ed96efffbb3c697d0b,1.7063287
2018-08-12,5083416598756311d4bb4ddabd661e25,0.94247967
2018-08-12,50e9e70a21b874311949e3db8ace597d,1.9632448
2018-08-12,5101f008a270fb10336de6703f32221e,4.4783206
2018-08-12,51e8feeedd83467b86a79aa2769367c5,5.080086
2018-08-12,52c80cedd4e90108bf4fa6a206ef6b03,5.1696143
2018-08-12,53759a2ecddad2bb87a079a1f1519f73,312.7998
2018-08-12,53a72a0b6feec4a5cb40c5c79374b471,1.2445501
2018-08-12,5403528d987ad26e8d7cb25940411987,4.920227
2018-08-12,54ad5859b44c8ff3b83abf1f024a2007,0.72408587
2018-08-12,55782cb82e0efe052da0a3da237da3b2,16.264692
2018-08-12,55dae7585569be721ef89eba4379e38b,0.9630079
2018-08-12,561e48cdfacd14e7cfe67aa4ebd0caea,1.3833182
2018-08-12,56a474f5d7d6cfaa8500cddd0aa35bba,0.92468786
2018-08-12,57e1815b050566a793e010162f765cdb,0.91666216
2018-08-12,57f2bc497c1a3ebe41ba7a06d78ed159,4.6044574
2018-08-12,57f2de7e1c6028c7d38a50cff155c794,1.6427257
2018-08-12,58d412a7724e865ba73ae3b5b27bf481,1.9641633
2018-08-12,595fac2a385ac33a80bd5114aec74eb8,15.342506
2018-08-12,5a0c21ad6b82a1b61856e48ec959764d,1.3506626
2018-08-12,5a848e4ab52fd5445cdc07aab1c40e48,21.147648
2018-08-12,5ab535a49436f1b34f5b83ca7375c4ef,0.9187476
2018-08-12,5b75bff143600c85dd1fe69b7055982b,0.7906439
2018-08-12,5c2bb11cf2149bd4d9fffcc1246458c3,6.6338096
2018-08-12,5c6a3e484e7aebf406c2045718dea406,1.8093139
2018-08-12,5c77339ada5044e33450d5c2660692e0,1.3862373
2018-08-12,5c909f03b5baf836858186d3d5867020,6.9096136
2018-08-12,5d6bea33648f018dbb563f3a2fab09f3,17.662754
2018-08-12,5e6248437b2668bba62c0fdd71eaf72d,1.2384518
2018-08-12,5ed9eaf534f6936b51d0b6c5e4d5c2e9,4.7356057
2018-08-12,5f19455f0c3902e89f16a6042bd4221d,2.3170204
2018-08-12,5f2ace2fddff857d247fa4f6ec591474,1.8478502
2018-08-12,5f416bfe77190b2f1c9de649d926e56a,0.848828
2018-08-12,5f439ff2783a474946e17badd77aea1c,1.6297958
2018-08-12,5f622da714951c5ae86acf68c0a03d30,0.89689255
2018-08-12,602c01834bee89627e66532343914a2b,1.3242006
2018-08-12,6030a4783b8f3adc3d0e392b0df67064,0.78441596
2018-08-12,61d01171a3784bab50137290350e5332,11.149358
2018-08-12,61e8bddb5e00dffe8bfbf972cf3fdf18,1.5881963
2018-08-12,629e019a6f298a83aeecc7877964f935,4.194801
2018-08-12,62f423e57a8c157d3877ee5867d7db88,40.493965
2018-08-12,634256dbcd184b3757ffd7632c9fe52a,124.83936
2018-08-12,63955fd9443dc0f492c2e146c343bf93,1.0604002
2018-08-12,67e927f7378303fc91ee4c3fc301bf5a,0.8948991
2018-08-12,688ad0169550f8e2eb0307b61df3ba12,2.123344
2018-08-12,69523f67543ff9ea6b1a15858fb59b3b,0.9869735
2018-08-12,695e7998d136c389e5b287c1ffe4b62a,0.9921878
2018-08-12,6abd84909e8ed79ef808c16f90b91093,4.6521454
2018-08-12,6b7de889f456ee35f031172d358b2cd2,0.9701368
2018-08-12,6bd4c564d1f96b0db5d02d376b4daed6,1.652893
2018-08-12,6c09be1fc42a113b2f3e558d7df2f133,2.3959398
2018-08-12,6c50c87e36d8641d67fbcceed5cfec5e,2.3526485
2018-08-12,6c712952b8ef62f8d06a0314917400c8,2.0515404
2018-08-12,6c8b2975a4a05d1f36948b20753b29ca,1.6543969
2018-08-12,6cdd53843498f92890544667809f1595,6.111518
2018-08-12,6d44b2c01b6843eb2e68beddf853dd82,2.3758821
2018-08-12,6e263657e75994ff623356f9cff692db,3.5752926
2018-08-12,6e415cdc78febbdbe465df65d52dbc19,2.0966797
2018-08-12,6f0169f259bb0ff432bfff7d829b9946,1.0436025
2018-08-12,6f0f907c9cf458139bac7f01777b9bbf,2.489087
2018-08-12,6f1b3488c5314b527201978357a8d85f,4.815688
2018-08-12,6f3b5b605d91b7439c5e3f5a8dffeea7,21.106852
2018-08-12,6fd08d44046ab994b96ff38ad6fcfba1,1.6659576
2018-08-12,703d742887bb9267f89b675608ba7aa0,30.64754
2018-08-12,70aa499facb0946dc40ff974166fd522,9.202592
2018-08-12,70bf4f61950297cf24e18a9b84c3208a,1.3925717
2018-08-12,71540d636652fc682032d3b3c0a180c1,1.3472883
2018-08-12,71a7800a633691de8ecdd17463335e2e,1.9460925
2018-08-12,727a46f0b58a9ef165af9f7ebcfebfa9,-11.069309
2018-08-12,72b253635b316f49e42e618d6e585ebc,2.6765904
2018-08-12,72d3bf1d3a790f8874096fcf860e3eff,3.4678864
2018-08-12,73326828aa5efe1ba096223de496f596,108.03961
2018-08-12,735b17533036ee19f4c943704271660a,1.5491204
2018-08-12,73bcea88583002fe12b7399af4ae60da,4.389
2018-08-12,7564c1759c04fc0a38f2aa84f7a370ee,3.6458526
2018-08-12,75c1defd23a9893201a8bed3740168eb,0.8985238
2018-08-12,7634da152a4610f1595efa32f14722fc,1.0974339
2018-08-12,765828bfddc553298bd28c90187d5aaa,1.0477344
2018-08-12,774e2ab4466ae169c99921fb8c12a390,1.0098907
2018-08-12,774ea72f37a7fbf1fb32b973a18f2348,1.1085566
2018-08-12,779dd392d4fbe5ca656bf3ceabecbf0b,2.2771366
2018-08-12,77a5af4a7d2e2717af0999f7dd0dd046,0.9741227
2018-08-12,78119fbfa709d07b86f5ccf15043c6d6,1.607134
2018-08-12,7814c273ab16783d73a9863ebfa8b141,3.236288
2018-08-12,781afe929e3016a667f5f439afd55fce,5.4651666
2018-08-12,783caabd539c4079ec08423e30719fba,3.2761211
2018-08-12,78efe838c04bbc568be034082200ac20,34.4268
2018-08-12,78f29023586e374cdc3773ce0af6bd2c,1.3963968
2018-08-12,7b32b1b87594b60dced8abb4531d2986,1.4437234
2018-08-12,7bdb28a55646012fb3348058d629d9bc,1.5856957
2018-08-12,7c1e2b3fa0233e46fb3bcdcb9919a72f,1.5917393
2018-08-12,7c4a8bec217df1de0df2b5aaf8175b65,9.989151
2018-08-12,7f457254a89d62960399e075711b3deb,1.5843883
2018-08-12,7f4e034245e45549110139d1de248f83,6.7553415
2018-08-12,7f72a8900b3d2fc8fa2635b7836d6e6e,18.786795
2018-08-12,803668f063859a1f96b67b83b71e86ef,0.94320315
2018-08-12,810e2944bca9850b934e1570ba372e7d,20.458939
2018-08-12,81de659bfde3389fc8614bfba92e585a,1.2981751
2018-08-12,826f5b971a308b08c7596b03ae80246f,1.2140335
2018-08-12,82c3ea364e5480f335f6743ee725a921,2.364413
2018-08-12,8370300e444c4394d3c3f878606a9601,1.7210568
2018-08-12,83b23a333b811855258c5ec9431f6d3e,1.5796727
2018-08-12,84952f1f00709e71d58587cb34163e26,1.064067
2018-08-12,84c4e13ecfbf13c8e4039927f887154b,1.0119829
2018-08-12,8569e9a17c2b63e9e6e998dac2dfa533,0.8130808
2018-08-12,86133a2151bd98a3ed2ad758709e6d1b,4.817273
2018-08-12,86ecc269de40ba13205e7beeee12f26f,2.2948172
2018-08-12,87ea2f45559e10519513a20b24147316,1.7361969
2018-08-12,89321f94e35fc6d7903d36f74e351d40,51.18825
2018-08-12,89e4362d74afa10ac57f8d67210132a6,6.822666
2018-08-12,8af5b5f4f89849cc4dce36dee73dd9de,1.6397758
2018-08-12,8b50a72d52d7a91fb19d19fbe069e2f2,9.069204
2018-08-12,8bff0b13faf092077c3bba691c07ff16,2.1853542
2018-08-12,8ea2105f9dac119565ef0138ad05f6fb,1.108276
2018-08-12,8f9eb414b31a9433e8c89178813a2072,1.6816696
2018-08-12,8fb8fc612eb9832ae220a1b88f3b375d,2.8366392
2018-08-12,8fc803c7d0a99a53798c7896a7c1e93c,5.5088043
2018-08-12,90aaf7f993470e411207adabf5b998b6,16.36183
2018-08-12,90e7f883fbd53dbb43ea8c32eb63ebe9,0.8477289
2018-08-12,912d1fc21117a94dc8a67186df6010a7,3.5309381
2018-08-12,91846781ef75057e134949400768e272,6.052868
2018-08-12,91c82ace62e0ca1b69b1a45bcc214b45,3.6981375
2018-08-12,936a034fe3b07b7ae7c87fc8ceb0749d,1.4686222
2018-08-12,937c825572d26b9e5a723527c6d625c6,1.7842523
2018-08-12,93c902b021a9e594f658ab1b0351602a,3.850872
2018-08-12,94475071013412139f862c0bd7e3bb37,3.1832154
2018-08-12,946344697156947d846d27fe0d503033,2.9483914
2018-08-12,94cff684a6f115a32507988ff6541801,0.9880132
2018-08-12,94eecc7cef7bc0bb31e2c26526efdd0a,1.0477344
2018-08-12,95ed6f297ce9eff502631d01905cbd9e,1.1364632
2018-08-12,962a6951154f98f2c8e9a5b8b2bcf4a9,28.67441
2018-08-12,964093075b6885bfcc6520dd216e4d8f,1.6110868
2018-08-12,97017430754804328eb9597b7f85da03,6.016173
2018-08-12,9759a740aa84f55b71c0c8c306a80737,3.3412488
2018-08-12,9783237142769b3f294c1dfb6a1cf69b,1.106094
2018-08-12,98f129cbe241892b96fca3363f2caed4,0.88765514
2018-08-12,990d135e28e075648cb7d83198fdccf4,4.6980186
2018-08-12,99a4788cb24856965c36a24e339b6058,-6.0581
2018-08-12,9c8d6227bbe62913ca96217005540fda,1.8975863
2018-08-12,9e2ee57a77fedecd33b6914e9cf61199,0.94667834
2018-08-12,9fe172fa8e662ca8572cf12abf8bce23,4.3101273
2018-08-12,a02d0123079f4ae96001ba2010d1a2df,8.67054
2018-08-12,a04087ab6a96ffa041f8a2701a72b616,4.068537
2018-08-12,a1013e8a0647368039fc1a2f7cd5e516,4.832
2018-08-12,a142a106133a43bc55573a6a77be9d57,0.9380901
2018-08-12,a16a8eed860c19b57d6326c7f6936d3e,0.9643711
2018-08-12,a1dd59756b92c62cd39375d0b0222698,1.1762178
2018-08-12,a1e903cd2d23763ef8b85ec12eb79d9c,1.4148108
2018-08-12,a2105c8c0d5d99dbc5a2a9ad94321e5c,2.5695987
2018-08-12,a39cc58c1b5926b6f9f378daa89f1315,5.988391
2018-08-12,a3cd9517ebf5a50dca25acce54f3b171,1.064067
2018-08-12,a45af86c4a7948f5fabbb5b0132475cd,1.3758821
2018-08-12,a59fb60fddcc72a9878b7ed5cb69d8e4,2.8208065
2018-08-12,a5db7a80a8d9c9d49050360fceb6ffd4,1.6073941
2018-08-12,a5e537da8376b8623758e0186bfa400f,2.390556
2018-08-12,a5e74dc2d01e8b9df1590c7160358273,3.7096412
2018-08-12,a62e25e09e05e6faf31d90c6ec1aa3d1,54.727997
2018-08-12,a6ad77b15e566298a4e8ee2011ab1255,37.745636
2018-08-12,a7bd5cdf5ec9debc822d3d64b5c4a80f,0.898209
2018-08-12,a8075470f960215ffb67624782f80fec,4.636931
2018-08-12,a8b0dd2c57b49b649373ff5a495a697e,1.4052168
2018-08-12,a92930c327948861c015c919a0bcb4a8,23.83144
2018-08-12,aa8d88eb4b9cb38894e33fa624c4287f,3.666726
2018-08-12,aadff88486740e0b0ebe2be6c09476ae,5.8773675
2018-08-12,abc3432ff825d8e524db1d4eac6d2099,2.8505692
2018-08-12,aca2eb7d00ea1a7b8ebd4e68314663af,234.07977
2018-08-12,ad0a798e7941f3a5a2fb8139cb62ad78,2.087966
2018-08-12,addc4d1f7d82e1b6c5ba37d6559ac127,2.0992231
2018-08-12,ae16b1d896c15ed60614a0d88c4abf03,9.775448
2018-08-12,aef98ce647739e381bae28e004c63235,1.0564694
2018-08-12,af0a99476d96dcc1a1baa7c0d9ff6b9d,2.582485
2018-08-12,af2d506fb01b724e03591349ad36b67e,8.329784
2018-08-12,af63237de5e7f1f9c067f7b7c506287e,1.0167221
2018-08-12,af893b2efa430418d774a852e7870601,3.5546446
2018-08-12,afdb06ebeca917512783bcbaa8ed28c0,19.511047
2018-08-12,afeeea6271148ee1bb15173b8187c431,43.889435
2018-08-12,aff39c649de8c4e36d325880de8f4338,2.0385678
2018-08-12,b05ec8d9cabec69e637318ebba813a09,2.5042734
2018-08-12,b0961721fd839e9982420e807758a2a6,9.291984
2018-08-12,b0c89945c034268074f5f80b362bda34,7.525869
2018-08-12,b192be433004cc1f10b467c0e9ea309b,6.355054
2018-08-12,b35c8479840135aa13a0f2d6aa8b7f38,0.9079523
2018-08-12,b38b25d838ae0b8385e8cc68b9017644,4.2312326
2018-08-12,b4bcc9155de9c60e343ecbff22b86dc8,2.0418336
2018-08-12,b532349fe46b38fbc7bb3914c1bdae07,110.60199
2018-08-12,b5e6d813290cd06e3015f41d246512e7,2.907888
2018-08-12,b5f2e8a3a5468c998e821b0cc15ca5c3,1.7069452
2018-08-12,b67841db204fe56a1b7d0b4d7c6fca8b,0.86791
2018-08-12,b7029935abacaa5e117b31bc355e9341,0.8477964
2018-08-12,b75a056d7d03227c3a3b60e9ccf518c9,1.479365
2018-08-12,b7a812ed1b86b3b00e566dc29ba7ec7c,3.2329867
2018-08-12,b84520a57891e7a8ae2c68741dcc7146,2.2934265
2018-08-12,b883409932bf862f43008f116a06cda5,793.2972
2018-08-12,b948a6dd0adccdcf3ea81888bf678924,1.1307162
2018-08-12,b99e2a514ed0d9a2594decfe71da28e7,1.7488251
2018-08-12,bb42f37fc3d9130e4a4339d24a47dd7c,3.3464222
2018-08-12,bb50f2e236e5eea0100680137654686c,59.90345
2018-08-12,bce474cc95b6e77657e10939b0b4248c,6.6848774
2018-08-12,bd6e6fce9ada76ea2db0f1912e8e478f,11.828829
2018-08-12,bdc3291ab242ec1effc8eb0987850268,8.864544
2018-08-12,be0dbdc3d67d55727a65d4cd696ca73c,16.278397
2018-08-12,c077c1ab5ccc8f57fd2fb6fd2f0b03cf,0.95961165
2018-08-12,c12b64bf0861a27e0f06c36ef82f457d,0.95285344
2018-08-12,c1617123e66d2491ca93ceadfd36203e,2.7263737
2018-08-12,c1cf541d5b33a4b04ddc1c3be7aa1c86,2.4547622
2018-08-12,c20a3f598c16d77249da67e81caa8317,57.698433
2018-08-12,c32b1155b886162db8e1ec114699a799,4.8890114
2018-08-12,c3798d484fb730f0b5c23af0d5361595,1.4216362
2018-08-12,c38458375b2a89d0c8a6313b016dcdc7,1.1047705
2018-08-12,c3ba4e8d3cb30049213b682e751e9d00,3.4113655
2018-08-12,c429a719cac9a29bfb5749d8f9043dae,1.8214988
2018-08-12,c432f90fa332fd2e5091f2ac2d226aad,0.8909414
2018-08-12,c4baedd846ed09b85f78a781b522f126,12.645811
2018-08-12,c6336fa91fbd87c359e44f5dca5a90ed,8.932069
2018-08-12,c6bf4cdc2fc9ca1189d18f026d95af07,0.9378287
2018-08-12,c784aabc6d8366b8fd85eaf9631cf96f,1.0788039
2018-08-12,c7b3b8509e06ae21abdd78b541215cda,3.0932193
2018-08-12,c862d801c5bf9b08e1bde0e3801199ed,1.014004
2018-08-12,c87a617241993d71f043ed39858daa43,2.4539497
2018-08-12,c8f17c4ceaa05acfb30a852b8ee2c0a9,0.9139871
2018-08-12,ca0e18cb90ba3928271a3b09d9141dd0,0.894111
2018-08-12,ca5c923962558430573f83661dbe36d6,2.3022616
2018-08-12,cbf96c04205dc933b89e025748c2a057,1.6922889
2018-08-12,cc60892b5adc06df9d5cc4531fc06df6,0.8839278
2018-08-12,ccd42132afae2f1f5bfd5e27549c6ece,10.595735
2018-08-12,cce794ab6b84d0345332bb1910f9eb20,0.8569018
2018-08-12,cd935d283d47f1050c505e1c39c48b67,1.2778518
2018-08-12,ce50ce6bd3918bddcce75a3014b560f6,0.9521484
2018-08-12,ce9642db03eabe825b92638bd5d4aebd,0.8889961
2018-08-12,cebff45f1d1558430be0e07ac0df6a68,2.9464512
2018-08-12,cec09725da5ed01471d9a505e7389d37,11.46792
2018-08-12,cf857bce01d442bb8631a548a4432def,1.5968066
2018-08-12,cfb79bfbdaf59cfe2e9ae0a071451f32,2.926836
2018-08-12,d011223de539cd224b5c5c8082313d46,2.1608913
2018-08-12,d017a2151d543a9885604dc62a3d9dcc,24.534254
2018-08-12,d04857e7b4b708ee8b8b9921163edba3,32.11961
2018-08-12,d04ae06ca1423cdc5bd50d87c0f7c372,1.8549148
2018-08-12,d104587c550fe86cd47e55d8f1b3ca72,0.7099051
2018-08-12,d1b1a0e78589ee89279d0be1e4a8b905,0.7880846
2018-08-12,d1c427060a0f73f6b889a5c7c61f2ac4,26.262938
2018-08-12,d2c7a1e57b8f3e74095798f867334b36,0.9869735
2018-08-12,d2f5484cbffe4ca766301b21ab9246dd,8.038749
2018-08-12,d3e1006ba3735c0d44160026b6e0ced3,2.4922793
2018-08-12,d41a23bd2bc3ec10cfffc66c0611a290,1.4847327
2018-08-12,d48782d1a53a65a84d63efd6aabd4f03,0.879047
2018-08-12,d537e54e990d95194a5733e79f1af1aa,1.8390448
2018-08-12,d64a5abc068bfa0e7e1b7ad7f64fe96c,0.95961165
2018-08-12,d670c0f6be30a062ebd8f8612ea82d71,0.9875488
2018-08-12,d7252737cad49d030f9ce83b50249120,0.9800262
2018-08-12,d7a023eecac412d29d49735e9e9b629f,12.742504
2018-08-12,da97969972a524bca894f97ea6bcff90,2.9826725
2018-08-12,db580783a754f97648c304e049cf4d76,0.8130808
2018-08-12,dbb67791e405873b259e4656bf971246,25.861864
2018-08-12,dd4bb630f241ce3910d9595b395efeb5,0.8263291
2018-08-12,de92134fd940e9302d27c31af4581fbd,1.3728721
2018-08-12,df3ad3f81d16c72bccc160c5c81e40d3,0.94638306
2018-08-12,e06f99e79036d681effa3de75989bf22,2.124124
2018-08-12,e06ff9a961edac4a89f5451882861adf,0.80936813
2018-08-12,e0cf79767c5b016251fe139915c59a26,16.992699
2018-08-12,e0d64dcfaa3b6db5c54ca298ae101d05,44.634808
2018-08-12,e1e0040c906cc890d032092141a9b6de,6.1820145
2018-08-12,e25a1bed3de19f42a0719cff1c771436,0.9669398
2018-08-12,e2bab04d6a471ed7a3629fbe2a64b55a,1.6483693
2018-08-12,e343a7fbf868e28cb3f80ef0f6d9300c,0.9008386
2018-08-12,e3dd5a5b73bfbb610ada4ed74a6612b6,2.3048186
2018-08-12,e4d325bd1eea550509bdbbc5c3301fc1,2.2733476
2018-08-12,e57eb018e37376580079825eb29a3419,2.5286345
2018-08-12,e586ebb6022265ae1eea38f46ffe3ead,0.6886325
2018-08-12,e59dd207c69d86e890febadc796d1078,41.868404
2018-08-12,e5cac955339b48ea3b9773f034623e29,1.2537196
2018-08-12,e7cc48a9daff5436f63d3aad9426f28b,12639.162
2018-08-12,e85d91619b497e98754390b6198a9818,4.334364
2018-08-12,e919bdbe0314f5cef7d86707f9d89c1e,1.707207
2018-08-12,e94df75b2e9a8b056be0c144a731f55c,3.5062938
2018-08-12,e9a19740a95180e871a7fd864bf65dd7,10.047904
2018-08-12,e9c1abcc7126360336d8f56d49041a8c,1.5253261
2018-08-12,e9cf370eb883adbdcb4b8738057a9d8b,0.60985196
2018-08-12,ea0342e49437a3633a3a35c326aa1e46,0.7880846
2018-08-12,eb6913790ee61d3d4d8dffcbbedea827,7.717112
2018-08-12,eb8c629f70275fd1c4f809116cce1efc,50.254547
2018-08-12,ec242882027ee23182f0e790e4117128,1.3518219
2018-08-12,ec74982f2c5381621923b6b704605624,0.9738855
2018-08-12,efa490145b5cc82438b6a6de691535fa,2.999488
2018-08-12,f25bb6afe10215e774d598f4f79d74e8,0.7118761
2018-08-12,f4d2144023a238288d36db2840a37ea0,0.8411163
2018-08-12,f521813909e310116b6b2f0b11f3dd44,3.100889
2018-08-12,f5b952758d88a5995ae5c8208a63b913,1.8756466
2018-08-12,f72379337062680ca5a2b7b0275913d8,0.9550519
2018-08-12,f7740e5b4337a3cc4a8a204553101a85,2.6017275
2018-08-12,f8077831f3c3f393fb67b93c5acd8daf,1.447356
2018-08-12,f8763c8e0ef828c6d393b091888f9eb8,2.0920756
2018-08-12,f8b624d4e475bb8d1bddf1b65c6a64f6,5.4165797
2018-08-12,f9b0ee95ce8b1ef8b50eecc5e0fa4348,2.1078835
2018-08-12,f9b178c9fdc90bbcfbd6c6b49ed47d4c,1.3103755
2018-08-12,f9cce3e19235fa7d11942f69caaa22c7,1.4799498
2018-08-12,fa814ebf85f1640b2acea3c4378d40f9,0.851217
2018-08-12,fb19ac22e32dfecea21afbdde4b97b5f,3.5695057
2018-08-12,fbc1488c1a1e72ba175f53ab29a248e8,12.10891
2018-08-12,fbce4c4cb307679d89a3bf3d3bb353b9,40.395836
2018-08-12,fc7138a8f96aee8302e42916bbbbb818,1.9200574
2018-08-12,fc8595227785863846b7daa2ae3f2c9b,0.6297318
2018-08-12,fcf6ad274391aea29f5d6e5ef9da5050,1.8328309
2018-08-12,fd85f34d70edf41fbea6a3269d183e00,0.7539006
2018-08-12,fe077ec80df6b4ee60bb4498d5ab1962,5.994379
2018-08-12,fe75529a267b76ac6e96f0c322a899a4,2.0448947
2018-08-12,ff55834c0b3272853dfe62340f2bb91b,1.6335398
2018-08-12,ffa7e0cbe11656d11a117b534bb1db27,5.061533
2018-08-12,fffdb2d0ec8d6a61f0a0a0db3f25b441,0.87664545
2018-08-19,008cff0e5792219fae03e570f980b330,2.2114217
2018-08-19,013ee64977aaa6b2b25475095162e0e9,3.1050932
2018-08-19,0152f69b6cf919bcdaf117aa8c43e5a2,8.97473
2018-08-19,01cf7c4cffff8db0a1cbe612bd2d50a4,1.4281502
2018-08-19,020a80cb704bf65f38761fcedf2af192,1.5127645
2018-08-19,027cdd14a677a5834bc67a9789db5021,28.360561
2018-08-19,02a0c276d5a252215b48269dea73a6e7,1.3406715
2018-08-19,054515fd15bc1a2029f10de97ffa9120,18.582401
2018-08-19,060c17562f97e5bb60bc0dfa4dd5b3f2,8.097987
2018-08-19,06601c3059e35a3bf65e72f2fd2ac626,2.5651913
2018-08-19,06edb72f1e0c64b14c5b79353f7abea3,19.378984
2018-08-19,06ef9525b604908b6ef27fa630b4f22f,1.4896141
2018-08-19,0798196b28c04c8e543322896c882902,2.8923142
2018-08-19,081cac4fc215928a462eb2c06a14dffe,0.64824426
2018-08-19,08a58dc963320d6073623382b9ceb920,5.378418
2018-08-19,092eff69a9499b052a2258f502ea0775,1.119269
2018-08-19,09b0d15a8cc9a84e7af7e0225f67dc45,6.127223
2018-08-19,0a1ca683d91a7cb9b806f3710873bf47,0.8138013
2018-08-19,0a5a41c678bcf81e041826bb24eb0b01,2.4690316
2018-08-19,0b814a3c8fa6dbb849df7c28c1bd6831,0.90861505
2018-08-19,0b9ee48363c794d37d5e9991d72f9b55,1.0421122
2018-08-19,0bcc3eeca39e1064258aa1e932269894,6.0776715
2018-08-19,0bdd9a52d192d64770e33ae559512478,1.4989877
2018-08-19,0c71252f37443403376d2008034a7240,4.732126
2018-08-19,0c96091f6f20b1d2c946a933370782a4,1.0432724
2018-08-19,0e2d365a247d105fefc31b17ab8706d9,2.120017
2018-08-19,0ea678faa34b54418a17e76511472882,0.79233897
2018-08-19,0f91b6a95a57a43203a9b17de98960d9,1.8314737
2018-08-19,10244e4307f7a1575e022f248b51402a,0.8021383
2018-08-19,11b2b219c6995bd51ac7973c2b352a0d,0.75103414
2018-08-19,12acdab5736a2cbddfce65059918826c,1.0200927
2018-08-19,13a7ea24fee9ef57c3b7b5b69d3b4cda,0.8926914
2018-08-19,145978af3e89b318be0b717a0953649a,16.800018
2018-08-19,1522589c64efd46731d3522568e5bc83,0.8732493
2018-08-19,157ee978f4fcdf8984b0bb33a6687fde,1.7241572
2018-08-19,1600dcf1cea8c0c83702e07b577ab231,6.8454123
2018-08-19,16048247166ec654c76c845f308c85f5,2.3668854
2018-08-19,1613b819ab5dae53aead2dbb4ebdb378,3.1111538
2018-08-19,16ed6a6e3fce23b741650437fe58d65b,2.1100059
2018-08-19,17787817a9595579380dbad81feb561b,0.91569185
2018-08-19,17ad136b7421ea8690fded631b651158,1.5633489
2018-08-19,18b0e642cbae7251e60a64aa07dd9eb9,31.95575
2018-08-19,18f6ea7e8cff29f8053baac6762449f9,2.1823375
2018-08-19,19c91ef95d509ea33eda93495c4d3481,102.65213
2018-08-19,1a758361b1c10b3ffe3d3373332de319,1.9077977
2018-08-19,1bbf3c5abc34eb8f1d884a7503b7764f,2.273467
2018-08-19,1c4dbd58e9b07007a271122f96bb0add,1.007169
2018-08-19,1d7db62a21ffb4f220d3e8a05fa77e02,1.7833741
2018-08-19,2028bf1b01cafb2d2b1901fca4083222,12.664717
2018-08-19,2267f81f3634e3fdd5d27151ddad3c26,1.2536544
2018-08-19,226b714574d308927d79827c0c7f9972,0.86320686
2018-08-19,24bc2932a12c983f8e76d828b65cf39b,4.3281827
2018-08-19,24c9d329963373e2fccaa3f3204db19e,2.154846
2018-08-19,25e531393ced00e48e0c790fb864f1bf,0.937282
2018-08-19,2669a9fe1aaf6cb29071f8f866014afc,5.2951546
2018-08-19,2772d1e494d431a05b7bcc95b02163b6,68.11063
2018-08-19,27d089865ecb267c190122ec1feddb8a,1.9802792
2018-08-19,2814b5e91ca5da1c238fc3ddf9616832,2.1682749
2018-08-19,281bbfe70848e0b304bef88fc2caf2c3,2.1858716
2018-08-19,28bc7d95951d962dd5cdda791e07b56f,1.5152944
2018-08-19,2988acfdcc0351677a6a53f4f51b24cf,0.9100395
2018-08-19,2a34e0af5f72ca6cdeb148377a247c86,1.200657
2018-08-19,2b4609f8948be18874494203496bc318,9.49686
2018-08-19,2bd9b51a9ab079e095aca987845d3266,32.793365
2018-08-19,2ccd049c8e7ea210e079a1aa8ad92477,1.8075145
2018-08-19,2f1ae77f6516da678d91c8a80b90bc20,0.8966885
2018-08-19,2ff995aead9c63a1f37a07b3664ead37,13.451422
2018-08-19,3003a2841d6a775095317139ed2f7943,5.5173583
2018-08-19,313f8ed3413f949a1c0eb1cd6495ae5d,0.9080582
2018-08-19,31b8e7c2a22f3dba5183cc110bdd72f7,1.9630959
2018-08-19,3354a4e684f5e7199f9407db70ccd92b,4.815592
2018-08-19,33b9801fec06f14bb7d33af01769bb3f,2.1224847
2018-08-19,349ce46a0e2e20054aa9d80c48af8816,5.368407
2018-08-19,34ae7b24b85953dee979789e3b5b11de,0.9096951
2018-08-19,368c6c730842d78016ad823897a372db,39.83544
2018-08-19,36bd3e4daa4604d112f17dccd24ee59e,1.365886
2018-08-19,37bb05868e497e0d9356d850c3d3bab4,0.8140388
2018-08-19,380b4664ba5bb18cc9db78ee6bac3558,2.027428
2018-08-19,389d119b48cf3043d311335e499d9c6b,24.364647
2018-08-19,3932e37f1f658768ac53fbe680f145bc,0.9479798
2018-08-19,3a362c0e7f9a69276e2d95869a3e143b,2.5015726
2018-08-19,3ae13337333ac7ba984074d5a6349074,2.0075974
2018-08-19,3bad4452b9bf0554748e82f3a4a5673c,17.049232
2018-08-19,3c5229dee6997f28485a65cbabceacb8,0.8926914
2018-08-19,3c883b9d3fd2d0ce448d4136349dc0a4,2.7308686
2018-08-19,3cb39171fd36c50097f2dedbbe0dfe6e,7.0362315
2018-08-19,3e935c981d34489d33ea5c721ab2e14c,1.6396785
2018-08-19,3fbc0ef745950c7932d5f2a446189725,139.97495
2018-08-19,4025cbfac798d74f87c30ee87e6e9f70,1.2324666
2018-08-19,40eb3da673124832fdf8b3ee24215b95,5.782202
2018-08-19,41c24b8ce92d1a2cac62db5edfd088b2,7.2315288
2018-08-19,41e69d7f18786d26805f7067f605e675,0.729897
2018-08-19,422879e10f46682990de24d770e7f83d,112.629974
2018-08-19,4231002e80d2a25aed31d65b4b91f479,1.0503612
2018-08-19,43216537780cef285c670f2b8437ae58,3.2691064
2018-08-19,437c05a395e9e47f9762e677a7068ce7,48.69139
2018-08-19,43b54d1fc56ff394092a3dff6be2d39f,1.3554038
2018-08-19,4532fa1bbe47099ce5c9e2313fb9bf2a,1.7726701
2018-08-19,46737a24b6230ab90d6df497df0a2b43,1.548685
2018-08-19,46bbd7e6d1f636953ddaf38d4abdf115,0.8666031
2018-08-19,47ea90e9a2976bc290c3cdf3b5e0573d,2.1390858
2018-08-19,4a545fda8038a360bd93a5f1ac419a4e,8.129862
2018-08-19,4c82c8d31845d751d797debc3d03697f,2.705843
2018-08-19,4e2fa5131fc9956bb6a6b9e84b39e798,0.8826711
2018-08-19,4f0abfbee7569e43b80f9aaa256a9bf8,2.0068884
2018-08-19,500870614ddcf5bd84f7d26861026c8a,12.669556
2018-08-19,50c3b0ec236af400b6113521763e34ce,1.79874
2018-08-19,51e3084a334ce75dc646c9c6eea90e37,1.5761292
2018-08-19,52c80cedd4e90108bf4fa6a206ef6b03,12.459698
2018-08-19,5403528d987ad26e8d7cb25940411987,5.148695
2018-08-19,55782cb82e0efe052da0a3da237da3b2,5.643306
2018-08-19,57f2bc497c1a3ebe41ba7a06d78ed159,4.5581207
2018-08-19,595fac2a385ac33a80bd5114aec74eb8,4.6307344
2018-08-19,5999995b8f64d769dbc6f592b86d6f8a,2.7922778
2018-08-19,59f17be62604541797d4df87ae80cf73,0.9393629
2018-08-19,5a75c30c323b0ae56499ef163504648a,1.9124829
2018-08-19,5a848e4ab52fd5445cdc07aab1c40e48,10.933824
2018-08-19,5afde944579b289b99c1ee420b2ad73d,1.6280209
2018-08-19,5c6a3e484e7aebf406c2045718dea406,1.7059399
2018-08-19,5c77339ada5044e33450d5c2660692e0,1.3862373
2018-08-19,5d6bea33648f018dbb563f3a2fab09f3,15.715523
2018-08-19,5f19455f0c3902e89f16a6042bd4221d,1.1176544
2018-08-19,5f416bfe77190b2f1c9de649d926e56a,0.879047
2018-08-19,5f622da714951c5ae86acf68c0a03d30,1.8527331
2018-08-19,61e8bddb5e00dffe8bfbf972cf3fdf18,1.5381219
2018-08-19,629e019a6f298a83aeecc7877964f935,8.353228
2018-08-19,62c89abe1afe3a23c17765d462718a4c,2.8831944
2018-08-19,62f423e57a8c157d3877ee5867d7db88,9.100695
2018-08-19,632921e8d6c6b23ae47ff20950a56854,1.2647654
2018-08-19,6522b16614da30655a6a5ce4c8f2fb8b,0.7967167
2018-08-19,66740f6bc8c6a2393283871b22d5d32f,0.9259091
2018-08-19,66d92b0c49af34728904a73c26e9e59a,0.91017425
2018-08-19,67bd616e1ba0d3d3e8545f3113b0140d,20.014963
2018-08-19,683647534fe73616ae97d91a6ef253f4,4.589472
2018-08-19,688ad0169550f8e2eb0307b61df3ba12,2.3013535
2018-08-19,69455f41626a745aea9ee9164cb9eafd,9.637019
2018-08-19,6adab229374835b551f6402e0dc53267,4.0559015
2018-08-19,6b7de889f456ee35f031172d358b2cd2,1.8922129
2018-08-19,6c09be1fc42a113b2f3e558d7df2f133,9.270859
2018-08-19,6c8b2975a4a05d1f36948b20753b29ca,1.6251713
2018-08-19,6cdd53843498f92890544667809f1595,8.12697
2018-08-19,6d07236d4abe99b5b1cbf368971bf6e7,5.6176925
2018-08-19,6db41bd5a650ed247a5690c0e78c3969,0.7378637
2018-08-19,6e49a0cef77b3e3680a0c842d0bb612d,0.73054934
2018-08-19,6f1b3488c5314b527201978357a8d85f,2.397183
2018-08-19,6f3b5b605d91b7439c5e3f5a8dffeea7,9.667486
2018-08-19,703d742887bb9267f89b675608ba7aa0,24.703512
2018-08-19,705895ae466f145b942a941a8474c3f6,0.92717797
2018-08-19,70aa499facb0946dc40ff974166fd522,2.16036
2018-08-19,727a46f0b58a9ef165af9f7ebcfebfa9,10.947015
2018-08-19,72ba1b1e37ca92467fe787728625c76a,0.8355685
2018-08-19,72f78c618c8f81c2b8f0ffd2a51293b4,1.1809831
2018-08-19,73326828aa5efe1ba096223de496f596,131.08922
2018-08-19,7340a3839a1de1e99d149b8cf052a2ec,2.7158031
2018-08-19,753e430b6eed95b9d517a7a55eae6742,3.5656366
2018-08-19,7564c1759c04fc0a38f2aa84f7a370ee,15.002499
2018-08-19,7650dd3b2dc10798a8cbccc78d9e6e3b,0.92076015
2018-08-19,765828bfddc553298bd28c90187d5aaa,0.783697
2018-08-19,779559842fc122d55edbd03153f35e81,1.070514
2018-08-19,779dd392d4fbe5ca656bf3ceabecbf0b,2.5097978
2018-08-19,7814c273ab16783d73a9863ebfa8b141,3.110468
2018-08-19,78efe838c04bbc568be034082200ac20,17.144232
2018-08-19,78f29023586e374cdc3773ce0af6bd2c,2.6923828
2018-08-19,7bdb28a55646012fb3348058d629d9bc,1.5086257
2018-08-19,7c1bd920dbdf22470b68bde975dd3ccf,3.8233173
2018-08-19,7c1e2b3fa0233e46fb3bcdcb9919a72f,2.6138365
2018-08-19,7cb1e417bdc1490f948ee59caccb6e1b,0.8556077
2018-08-19,7d0b7e7fe3e96e047cacafa33a808bd7,2.8682382
2018-08-19,7f40e8df98cfbfbee8f953bb798fbc6b,0.8687213
2018-08-19,7f4e034245e45549110139d1de248f83,3.674562
2018-08-19,7f72a8900b3d2fc8fa2635b7836d6e6e,6.203649
2018-08-19,811ea06b526cf16fd375cbabb9b8a99f,0.7782118
2018-08-19,8173ca41cdb176462f9ae79821a48404,4.564159
2018-08-19,81e32892fb8587aa24b175d42bb6bfcc,0.8122815
2018-08-19,826990bc0af28681bde1dcd66a336763,1.7687397
2018-08-19,8370300e444c4394d3c3f878606a9601,3.3181548
2018-08-19,84952f1f00709e71d58587cb34163e26,0.95961165
2018-08-19,84dacba9d49f304ee015bc094083df20,0.7205007
2018-08-19,84f5c4f480ad6c9998d6a6860f1a2e41,2.3748534
2018-08-19,8569e9a17c2b63e9e6e998dac2dfa533,0.73054934
2018-08-19,86ecc269de40ba13205e7beeee12f26f,2.3012366
2018-08-19,87805e636e977dafc7329bb3c4a383d6,0.8101309
2018-08-19,878c61936b5c51f321ac165750d97a0b,1.020773
2018-08-19,87ea2f45559e10519513a20b24147316,1.5176715
2018-08-19,88a3f73bd7326cded0153029c775d145,4.5936513
2018-08-19,89321f94e35fc6d7903d36f74e351d40,8.955367
2018-08-19,8983a3b149303c013fceabef902e835a,1.2363968
2018-08-19,8af5b5f4f89849cc4dce36dee73dd9de,1.468413
2018-08-19,8c292ca193d326152e335d77176746f0,3.384336
2018-08-19,8c591ab0ca519558779df02023177f44,5.735574
2018-08-19,8c5bf458020588e0dfeda011254eadbe,0.9521191
2018-08-19,9048cbd294fe0c1a3ec8c8248bc2cadd,1.4146788
2018-08-19,90aaf7f993470e411207adabf5b998b6,14.41049
2018-08-19,90dbd461e405599ef4d208e19e472125,0.94173443
2018-08-19,912d1fc21117a94dc8a67186df6010a7,8.753864
2018-08-19,936a034fe3b07b7ae7c87fc8ceb0749d,1.4001485
2018-08-19,9474f3c0da0c4fd0bdf88cf6ac1b5d04,0.8966885
2018-08-19,94a6c010ef78e62cab34c6caf0a69b5f,1.8035417
2018-08-19,952e73f7e8bee61569a32b35c19bc981,1.4222616
2018-08-19,97017430754804328eb9597b7f85da03,10.961625
2018-08-19,9759a740aa84f55b71c0c8c306a80737,4.4017878
2018-08-19,97f1396a5a1f7c07ba51784efdec44b8,11.236454
2018-08-19,98224bfc1eaadb3a394ec334c60453ff,193.14995
2018-08-19,98a4301b1aacd45984603af55b7a1de4,43.948208
2018-08-19,98c2f7da94217786e372e7d85462c354,2.392715
2018-08-19,98e55bdc6487be7b8c32b0eb689dcb8a,0.8263291
2018-08-19,990d135e28e075648cb7d83198fdccf4,4.757585
2018-08-19,99a4788cb24856965c36a24e339b6058,36.125698
2018-08-19,9ada4c8f4e072df42ff63b30520b6975,2.1306643
2018-08-19,9b53e2487de4651c1610938e71957638,0.93334436
2018-08-19,9c8d6227bbe62913ca96217005540fda,1.8654246
2018-08-19,9e2ee57a77fedecd33b6914e9cf61199,0.8513564
2018-08-19,9f7878d3613e4e7f43b8a4860267a8d3,0.8273375
2018-08-19,9fe172fa8e662ca8572cf12abf8bce23,2.286173
2018-08-19,a319b66ab6cabbb2810942860c1c8a3c,1.68125
2018-08-19,a35a9f46dcee0a67c8c7ad8493eb4135,5.0719795
2018-08-19,a39cc58c1b5926b6f9f378daa89f1315,1.5455104
2018-08-19,a44f1df44a1ab489c5e635885e91c9ed,0.8456946
2018-08-19,a45af86c4a7948f5fabbb5b0132475cd,1.3161607
2018-08-19,a4aa7c1427c31344e5f7cc3d839fe562,2.3656027
2018-08-19,a5ae8400fc9fcacd4af585a57bbf264a,2.277014
2018-08-19,a7216be504e1ff211b67479ab193a552,15.832779
2018-08-19,a7d2c99f1d0e7ddfbce06d48f12b61a2,7.1222434
2018-08-19,a91c1a94d83d36316c44e00e738607b1,1.560947
2018-08-19,a92930c327948861c015c919a0bcb4a8,82.438515
2018-08-19,a9d28bf666feccc924dd16f0a19cb70b,0.674193
2018-08-19,aa8d88eb4b9cb38894e33fa624c4287f,1.8240845
2018-08-19,abc3432ff825d8e524db1d4eac6d2099,5.9750566
2018-08-19,ac8af924237ed4591dc8d9b8c6a935f0,0.8423691
2018-08-19,ad1363e145be3de4efec013051b14322,0.8863334
2018-08-19,ad19bca6e0f1919433d7e21d534ddb50,0.84229845
2018-08-19,ad979ca019f5e2520379fc28f6bc8968,1.070514
2018-08-19,addc4d1f7d82e1b6c5ba37d6559ac127,0.88068974
2018-08-19,adfcb7a9c5e268522c67ea3ab09c1fc4,0.9418497
2018-08-19,aef98ce647739e381bae28e004c63235,1.9577465
2018-08-19,af2d506fb01b724e03591349ad36b67e,7.6500826
2018-08-19,af63237de5e7f1f9c067f7b7c506287e,0.9579395
2018-08-19,b0961721fd839e9982420e807758a2a6,10.168238
2018-08-19,b0c89945c034268074f5f80b362bda34,2.451113
2018-08-19,b192be433004cc1f10b467c0e9ea309b,27.274714
2018-08-19,b38b25d838ae0b8385e8cc68b9017644,1.9461734
2018-08-19,b3cde9c63f334490ef1c3348bb7dfc3c,11.098995
2018-08-19,b5adf7b72a7eb667aafd446581c35f3f,0.95454335
2018-08-19,b6b76b074ed0d77d0f3443b12d8adb5e,0.8455758
2018-08-19,b75a056d7d03227c3a3b60e9ccf518c9,2.7412105
2018-08-19,b948a6dd0adccdcf3ea81888bf678924,1.9959419
2018-08-19,b9976e9c22fb1540bd71d1bcd2989475,0.9550519
2018-08-19,ba80c9f47a84d1e08465f72e22930c83,6.9405303
2018-08-19,bb191b58fe5bc5a220db96fd387655c2,1.0054969
2018-08-19,bb42f37fc3d9130e4a4339d24a47dd7c,3.1861339
2018-08-19,bb50f2e236e5eea0100680137654686c,61.8124
2018-08-19,bcee6fd62c36b571fc4522eb3aa7138b,0.8248862
2018-08-19,bcf3aa04becb30e6279242e23dc516f8,1.0231384
2018-08-19,bd6e6fce9ada76ea2db0f1912e8e478f,5.906388
2018-08-19,c20a3f598c16d77249da67e81caa8317,11.941822
2018-08-19,c3ba4e8d3cb30049213b682e751e9d00,6.538312
2018-08-19,c50ca07e9e4db9ea5011f06802c0aea0,6.5175757
2018-08-19,c5e19a898511a0e8b60bd98fbc1d72eb,2.9092934
2018-08-19,c6336fa91fbd87c359e44f5dca5a90ed,26.710968
2018-08-19,c65f71634a9d0de5b4a1d7dbb6d3ae01,2.9395518
2018-08-19,c73d2f4d891ae57d20c788f4628d88b9,0.7883032
2018-08-19,c784aabc6d8366b8fd85eaf9631cf96f,2.7805219
2018-08-19,c8ab4e1fd53092c488c0a1777d522b41,1.2596971
2018-08-19,c8cfa622661e047ea2499f8bce4731a5,2.03966
2018-08-19,c956bde83b283fe27c438080dcb246c5,0.9052189
2018-08-19,cbf96c04205dc933b89e025748c2a057,0.7955445
2018-08-19,ccb5b6def674efaec461d386ac2ec146,0.94043255
2018-08-19,cd935d283d47f1050c505e1c39c48b67,1.2778518
2018-08-19,cdc4af478fef19f03f1d0353c00271cd,1.5013087
2018-08-19,cdfbf89ab41de77f2bc60c0194c00d37,0.8862496
2018-08-19,cebff45f1d1558430be0e07ac0df6a68,2.948468
2018-08-19,cec09725da5ed01471d9a505e7389d37,6.111734
2018-08-19,d017a2151d543a9885604dc62a3d9dcc,24.777828
2018-08-19,d04857e7b4b708ee8b8b9921163edba3,50.2862
2018-08-19,d1b1a0e78589ee89279d0be1e4a8b905,0.69904745
2018-08-19,d1c427060a0f73f6b889a5c7c61f2ac4,20.099648
2018-08-19,d2c7a1e57b8f3e74095798f867334b36,0.9401258
2018-08-19,d2f5484cbffe4ca766301b21ab9246dd,5.0101137
2018-08-19,d3153ef55a46de1972249b0a044c5bd7,0.9312315
2018-08-19,d33a74e1b6cfc152b6b3f43324d54987,1.5028989
2018-08-19,d3e1006ba3735c0d44160026b6e0ced3,7.490118
2018-08-19,d7a023eecac412d29d49735e9e9b629f,6.6023846
2018-08-19,dbaee28f4ee64465838a229582d77520,0.8209831
2018-08-19,ddea12cd17c60cff8865c207cf696cf7,0.91887075
2018-08-19,e06f99e79036d681effa3de75989bf22,2.0767882
2018-08-19,e0cf79767c5b016251fe139915c59a26,10.350378
2018-08-19,e0d64dcfaa3b6db5c54ca298ae101d05,47.931732
2018-08-19,e1c6e79822274bf6763eb127ea3a15ed,12.730915
2018-08-19,e2bb00220a167d9e60b6776ac33717bc,1.7065599
2018-08-19,e30a07181e238b29af319577b9bb22fe,0.6956513
2018-08-19,e31c5933157c3e4134a0f536f7bcc14e,0.93845356
2018-08-19,e383490cecec9ff01e02a193a8f72663,0.7892625
2018-08-19,e44f675b60b3a3a2453ec36421e06f0f,5.0860376
2018-08-19,e673e90efa65a5409ff4196c038bb5af,7.035602
2018-08-19,e7cc48a9daff5436f63d3aad9426f28b,5828.678
2018-08-19,e82b2c6e34cf0e72cd9dd14734dfb607,1.0765144
2018-08-19,e85d91619b497e98754390b6198a9818,2.1214008
2018-08-19,e9cf370eb883adbdcb4b8738057a9d8b,0.60972357
2018-08-19,ead72457c58dcea14f94c2223c684716,0.8666722
2018-08-19,eb6511e81e85ff51547765cbc892f094,0.77795637
2018-08-19,eb883e95b710f252cb15d0fb41d8bbe9,0.81181365
2018-08-19,eb8c629f70275fd1c4f809116cce1efc,29.249222
2018-08-19,ec242882027ee23182f0e790e4117128,1.363446
2018-08-19,ec5a5cf28e0fbef0c5391157203ab8ce,2.572472
2018-08-19,ee0c1cf2fbeae95205b4aa506f1469f0,7.373089
2018-08-19,f0354861ab19941a53209c2acbb1b604,0.83472866
2018-08-19,f0c1c1d5ec61ce4c4846abd4283631df,4.7058487
2018-08-19,f2399cabe080029634d12cec4f60dbf0,1.6784054
2018-08-19,f251b1f9c5b04284fc1ed9b5dc4169f3,1.8388522
2018-08-19,f521813909e310116b6b2f0b11f3dd44,1.3354092
2018-08-19,f576b52ac16acd49c1c3dc82ca1e792e,0.9513343
2018-08-19,f7f59e6186e10983a061ac7bdb3494d6,6.603745
2018-08-19,f889fb87b505b73de10c18b93352469f,2.0454488
2018-08-19,f9cce3e19235fa7d11942f69caaa22c7,0.75504595
2018-08-19,fa814ebf85f1640b2acea3c4378d40f9,0.84412104
2018-08-19,fb8e60e1a3c247d3a2e17f6986e71a40,1.5025338
2018-08-19,fbc1488c1a1e72ba175f53ab29a248e8,24.063047
2018-08-19,fcaab5d7f656094e49fbe4ee3a506658,2.8929348
2018-08-19,fe077ec80df6b4ee60bb4498d5ab1962,2.1096628
2018-08-19,fe7f10e5c9d36a294333b0c35ccc24ad,1.5445687
2018-08-26,0152f69b6cf919bcdaf117aa8c43e5a2,4.3555307
2018-08-26,020a80cb704bf65f38761fcedf2af192,3.0632868
2018-08-26,027cdd14a677a5834bc67a9789db5021,9.181322
2018-08-26,060c17562f97e5bb60bc0dfa4dd5b3f2,8.72647
2018-08-26,06601c3059e35a3bf65e72f2fd2ac626,2.0051696
2018-08-26,1026a916e88dfbc27528445d448619b2,0.860676
2018-08-26,145978af3e89b318be0b717a0953649a,6.1345663
2018-08-26,157ee978f4fcdf8984b0bb33a6687fde,1.7172886
2018-08-26,20e4242f5101de646ac3a76508fc640d,0.85660625
2018-08-26,24bc2932a12c983f8e76d828b65cf39b,1.2224877
2018-08-26,253d579d3a543d50016d25936dc1be2e,0.9518204
2018-08-26,2669a9fe1aaf6cb29071f8f866014afc,-0.022066781
2018-08-26,2722b86640ddc24e1374c2df1ac2a230,1.399114
2018-08-26,2b4609f8948be18874494203496bc318,27.788704
2018-08-26,2bd9b51a9ab079e095aca987845d3266,52.056114
2018-08-26,2da57168cd8fff36cb88b21369ce7e6d,0.94784546
2018-08-26,306b0c58328826c0564cbc520787d508,2.9770763
2018-08-26,37f4d0bf85fbf875c920d460766d6a5c,0.79681975
2018-08-26,3a362c0e7f9a69276e2d95869a3e143b,2.565901
2018-08-26,3d13b6c4a341d28974fbf776957250b0,1.001529
2018-08-26,3fbc0ef745950c7932d5f2a446189725,44.405533
2018-08-26,40eb3da673124832fdf8b3ee24215b95,2.7560868
2018-08-26,41c24b8ce92d1a2cac62db5edfd088b2,6.701095
2018-08-26,425db55cb3b0f5b18a2d9964da31c3c0,5.4025316
2018-08-26,43cc8e4d981bc04b9d78b12e8a908d41,0.83217233
2018-08-26,494e28e86f2b12df2d95e9d55266ef4a,1.1004488
2018-08-26,49e4da381c1d39e7df445cb2209e2359,4.9411483
2018-08-26,4c82c8d31845d751d797debc3d03697f,1.3891755
2018-08-26,529bb98486625f3590837af3e22e49a4,0.8487141
2018-08-26,5403528d987ad26e8d7cb25940411987,1.0124758
2018-08-26,595fac2a385ac33a80bd5114aec74eb8,9.758564
2018-08-26,5a0c21ad6b82a1b61856e48ec959764d,2.3547857
2018-08-26,5adf9ead456c61f48967714f56b46cce,1.0421122
2018-08-26,5d7c23067ed3fc8c6e699b9373d5890b,1.996711
2018-08-26,6028c36df6f8a6a2132fce658e934a06,0.9775865
2018-08-26,629e019a6f298a83aeecc7877964f935,3.8769972
2018-08-26,67bd616e1ba0d3d3e8545f3113b0140d,19.801052
2018-08-26,6c09be1fc42a113b2f3e558d7df2f133,2.5621226
2018-08-26,6f3b5b605d91b7439c5e3f5a8dffeea7,22.195816
2018-08-26,703d742887bb9267f89b675608ba7aa0,12.397638
2018-08-26,73326828aa5efe1ba096223de496f596,109.265625
2018-08-26,7564c1759c04fc0a38f2aa84f7a370ee,3.7486918
2018-08-26,7c1e2b3fa0233e46fb3bcdcb9919a72f,1.4815828
2018-08-26,839fbad388f1338ccabf6f95942b1003,1.998289
2018-08-26,84fad62439091ff986a3885bfd6d299d,4.481566
2018-08-26,8fc803c7d0a99a53798c7896a7c1e93c,2.856265
2018-08-26,9048cbd294fe0c1a3ec8c8248bc2cadd,1.3477906
2018-08-26,952e73f7e8bee61569a32b35c19bc981,1.3696281
2018-08-26,962a6951154f98f2c8e9a5b8b2bcf4a9,38.731342
2018-08-26,98e55bdc6487be7b8c32b0eb689dcb8a,0.82972527
2018-08-26,995e25d9b46dee183004994645768d95,2.52441
2018-08-26,9ae12b29023f393609663f7e954400d7,1.0442878
2018-08-26,9f7878d3613e4e7f43b8a4860267a8d3,0.82972527
2018-08-26,9fe172fa8e662ca8572cf12abf8bce23,2.2895694
2018-08-26,a59fb60fddcc72a9878b7ed5cb69d8e4,11.10925
2018-08-26,a7216be504e1ff211b67479ab193a552,2.7216923
2018-08-26,a92930c327948861c015c919a0bcb4a8,34.01806
2018-08-26,aa8d88eb4b9cb38894e33fa624c4287f,3.8607516
2018-08-26,addc4d1f7d82e1b6c5ba37d6559ac127,0.94626397
2018-08-26,af2d506fb01b724e03591349ad36b67e,2.7202797
2018-08-26,b6b76b074ed0d77d0f3443b12d8adb5e,1.7366694
2018-08-26,bb42f37fc3d9130e4a4339d24a47dd7c,3.1861339
2018-08-26,bb50f2e236e5eea0100680137654686c,34.05506
2018-08-26,bdcf6a834e8faa30dac3886c7a58e92e,6.0880637
2018-08-26,c181ddb9a0403b7f2010870a988a61bd,1.0564694
2018-08-26,c1cf541d5b33a4b04ddc1c3be7aa1c86,4.692285
2018-08-26,c20a3f598c16d77249da67e81caa8317,13.798986
2018-08-26,c3798d484fb730f0b5c23af0d5361595,1.4772167
2018-08-26,c4baedd846ed09b85f78a781b522f126,4.9533963
2018-08-26,c50ca07e9e4db9ea5011f06802c0aea0,5.8386087
2018-08-26,c8cfa622661e047ea2499f8bce4731a5,2.4541278
2018-08-26,c92a761aaccfb831d4220d44648f260a,0.8501181
2018-08-26,caa1675deee5711b3aff1e4f5946266f,0.73353696
2018-08-26,cbf96c04205dc933b89e025748c2a057,0.9434006
2018-08-26,cebff45f1d1558430be0e07ac0df6a68,1.474234
2018-08-26,d04857e7b4b708ee8b8b9921163edba3,15.787621
2018-08-26,d1c427060a0f73f6b889a5c7c61f2ac4,10.398159
2018-08-26,d3e1006ba3735c0d44160026b6e0ced3,4.92453
2018-08-26,dc52f0f5d3ec37a93eaf956cde4e5d2c,1.3063235
2018-08-26,e0cf79767c5b016251fe139915c59a26,12.182674
2018-08-26,e1e0040c906cc890d032092141a9b6de,1.464481
2018-08-26,e3dd5a5b73bfbb610ada4ed74a6612b6,2.4708328
2018-08-26,e611a297d7a9df83f906aab5c746fd06,49.16091
2018-08-26,e82b2c6e34cf0e72cd9dd14734dfb607,1.0727433
2018-08-26,ed3d4d9d28256f0c6c2af63d199cd720,0.55754805
2018-08-26,ee0c1cf2fbeae95205b4aa506f1469f0,10.707911
2018-08-26,f1f41c991881dc3d4cbcedade3ec1622,0.8037376
2018-08-26,f50df9b142a624bf4c4d8495489a207e,1.0457376
2018-08-26,f889fb87b505b73de10c18b93352469f,2.0420525
2018-08-26,f9b0ee95ce8b1ef8b50eecc5e0fa4348,1.0265346
2018-08-26,fbc1488c1a1e72ba175f53ab29a248e8,11.972389
2018-08-26,fcf311603fa276d415c006188e7bd070,0.9790378
2018-09-02,73326828aa5efe1ba096223de496f596,17.311352
